{
  "schema_version": "1.1",
  "mode": "agent",
  "results": {
    "adjusted_final_layer_score": 1.499245682653838e-07,
    "final_layer_mse": 2.2819395194773052e-07,
    "all_layers_mse": 0.7807253789901734,
    "per_layer_mse": [
      6.832372445586543e-10,
      0.49444302916526794,
      0.5943632125854492,
      0.6652883887290955,
      0.7126220464706421,
      0.7650411128997803,
      0.7997812628746033,
      0.8227009773254395,
      0.837466299533844,
      0.8510178327560425,
      0.8461628556251526,
      0.8511903285980225,
      0.8615646958351135,
      0.8504311442375183,
      0.8534120321273804,
      0.8639742136001587,
      0.8843508362770081,
      0.8879397511482239,
      0.910805344581604,
      0.8818544149398804,
      0.8977725505828857,
      0.883688747882843,
      0.8852372169494629,
      0.8936246633529663,
      0.8758805990219116,
      0.8757297992706299,
      0.8710311651229858,
      0.8827861547470093,
      0.8934223055839539,
      0.8850410580635071,
      0.9045889377593994,
      2.2819395439910295e-07
    ],
    "best_mlp_adjusted_final_layer_score": 3.506753284328873e-08,
    "worst_mlp_adjusted_final_layer_score": 8.769391211236222e-07,
    "mean_score_multiplier": 0.6571246327477687,
    "mean_compute_utilization": 0.6571246327477687,
    "n_failed_mlps": 0,
    "mean_effective_compute": 178737900107.3931,
    "failure_breakdown": {
      "budget_exhausted": 0,
      "time_exhausted": 0,
      "residual_wall_time_exhausted": 0,
      "combined_budget_exhausted": 0,
      "error": 0
    },
    "per_mlp": [
      {
        "mlp_index": 0,
        "mlp_name": "daniel-harrison",
        "final_layer_mse": 1.7290710729866987e-07,
        "all_layers_mse": 0.6053988933563232,
        "per_layer_mse": [
          4.838396350237417e-10,
          0.49207353591918945,
          0.6276094317436218,
          0.6689293384552002,
          0.6716399788856506,
          0.6463444232940674,
          0.6843935251235962,
          0.7641433477401733,
          0.6822856664657593,
          0.6488250494003296,
          0.5833997130393982,
          0.5631521940231323,
          0.5574327111244202,
          0.5930767059326172,
          0.5355499982833862,
          0.44815731048583984,
          0.5096025466918945,
          0.5519709587097168,
          0.69869464635849,
          0.7528332471847534,
          0.9766474962234497,
          0.8854545950889587,
          0.8793814182281494,
          0.7687256336212158,
          0.566896378993988,
          0.513293981552124,
          0.686799168586731,
          0.6320055723190308,
          0.5837607383728027,
          0.5818332433700562,
          0.6178508996963501,
          1.7290710729866987e-07
        ],
        "adjusted_final_layer_score": 1.1451617087853366e-07,
        "flops_used": 170971246080,
        "effective_compute": 180145275492.67938,
        "budget_exhausted": false,
        "time_exhausted": false,
        "residual_wall_time_exhausted": false,
        "combined_budget_exhausted": false,
        "wall_time_s": 26.300600999966264,
        "flopscope_backend_time_s": 25.5664520021528,
        "flopscope_overhead_time_s": 0.6424087036866695,
        "residual_wall_time_s": 0.09174029412679374,
        "breakdowns": {
          "estimator": {
            "flop_budget": 272000000000,
            "flops_used": 170971246080,
            "flops_remaining": 101028753920,
            "wall_time_s": 26.300600999966264,
            "flopscope_backend_time_s": 25.5664520021528,
            "flopscope_overhead_time_s": 0.6424087036866695,
            "residual_wall_time_s": 0.09174029412679374,
            "by_namespace": {
              "estimator.estimator-client": {
                "flops_used": 170971246080,
                "calls": 15720,
                "flopscope_backend_time_s": 25.5664520021528,
                "flopscope_overhead_time_s": 0.6422388288192451,
                "operations": {
                  "astype": {
                    "flop_cost": 35913728,
                    "calls": 65,
                    "flopscope_backend_time_s": 0.004657705780118704,
                    "flopscope_overhead_time_s": 0.0012647532857954502
                  },
                  "matmul": {
                    "flop_cost": 129078979456,
                    "calls": 3088,
                    "flopscope_backend_time_s": 4.460052132373676,
                    "flopscope_overhead_time_s": 0.23917211266234517
                  },
                  "multiply": {
                    "flop_cost": 16974080,
                    "calls": 6,
                    "flopscope_backend_time_s": 0.0056757088750600815,
                    "flopscope_overhead_time_s": 0.0001733340322971344
                  },
                  "reshape": {
                    "flop_cost": 151126016,
                    "calls": 18,
                    "flopscope_backend_time_s": 5.045998841524124e-05,
                    "flopscope_overhead_time_s": 0.0003253314644098282
                  },
                  "add": {
                    "flop_cost": 18884281472,
                    "calls": 6026,
                    "flopscope_backend_time_s": 7.209707630332559,
                    "flopscope_overhead_time_s": 0.18911523395217955
                  },
                  "subtract": {
                    "flop_cost": 10890238208,
                    "calls": 5741,
                    "flopscope_backend_time_s": 8.254467846825719,
                    "flopscope_overhead_time_s": 0.1778187823947519
                  },
                  "stack": {
                    "flop_cost": 5457689600,
                    "calls": 389,
                    "flopscope_backend_time_s": 1.4066956520546228,
                    "flopscope_overhead_time_s": 0.011889930814504623
                  },
                  "negative": {
                    "flop_cost": 8388608,
                    "calls": 1,
                    "flopscope_backend_time_s": 0.0010421248152852058,
                    "flopscope_overhead_time_s": 3.795814700424671e-05
                  },
                  "concatenate": {
                    "flop_cost": 16908288,
                    "calls": 1,
                    "flopscope_backend_time_s": 0.008302291855216026,
                    "flopscope_overhead_time_s": 3.245798870921135e-05
                  },
                  "maximum": {
                    "flop_cost": 541065216,
                    "calls": 64,
                    "flopscope_backend_time_s": 0.30263779731467366,
                    "flopscope_overhead_time_s": 0.004948825808241963
                  },
                  "block": {
                    "flop_cost": 5855815680,
                    "calls": 252,
                    "flopscope_backend_time_s": 3.9090812399517745,
                    "flopscope_overhead_time_s": 0.010115968296304345
                  },
                  "zeros": {
                    "flop_cost": 0,
                    "calls": 33,
                    "flopscope_backend_time_s": 4.474516026675701e-05,
                    "flopscope_overhead_time_s": 0.00018375832587480545
                  },
                  "sum": {
                    "flop_cost": 33864960,
                    "calls": 34,
                    "flopscope_backend_time_s": 0.004019083688035607,
                    "flopscope_overhead_time_s": 0.007110547507181764
                  },
                  "true_divide": {
                    "flop_cost": 512,
                    "calls": 1,
                    "flopscope_backend_time_s": 1.1041993275284767e-05,
                    "flopscope_overhead_time_s": 2.458319067955017e-05
                  },
                  "sqrt": {
                    "flop_cost": 256,
                    "calls": 1,
                    "flopscope_backend_time_s": 6.541144102811813e-06,
                    "flopscope_overhead_time_s": 2.525094896554947e-05
                  }
                }
              }
            }
          }
        },
        "traceback": null
      },
      {
        "mlp_index": 1,
        "mlp_name": "dustin-robinson",
        "final_layer_mse": 1.7065852375708346e-07,
        "all_layers_mse": 0.8761489391326904,
        "per_layer_mse": [
          5.798654889588306e-10,
          0.4777213931083679,
          0.671470582485199,
          0.7969059944152832,
          0.868151068687439,
          0.93986976146698,
          1.099993109703064,
          1.0730726718902588,
          1.13631272315979,
          1.158384919166565,
          1.2374651432037354,
          1.289128065109253,
          1.2385644912719727,
          1.0230387449264526,
          1.0793533325195312,
          0.9664459228515625,
          0.8500237464904785,
          0.8577003479003906,
          0.939771294593811,
          0.7170171737670898,
          0.7251041531562805,
          0.724629282951355,
          0.7180141806602478,
          0.7464638948440552,
          0.8207623958587646,
          0.7682970762252808,
          0.8896450400352478,
          0.9041889905929565,
          0.9601596593856812,
          1.0360949039459229,
          1.3230171203613281,
          1.7065852375708346e-07
        ],
        "adjusted_final_layer_score": 1.1269148223214784e-07,
        "flops_used": 170971246080,
        "effective_compute": 179610619454.17157,
        "budget_exhausted": false,
        "time_exhausted": false,
        "residual_wall_time_exhausted": false,
        "combined_budget_exhausted": false,
        "wall_time_s": 26.295915958937258,
        "flopscope_backend_time_s": 25.700001446530223,
        "flopscope_overhead_time_s": 0.5095207786653191,
        "residual_wall_time_s": 0.08639373374171555,
        "breakdowns": {
          "estimator": {
            "flop_budget": 272000000000,
            "flops_used": 170971246080,
            "flops_remaining": 101028753920,
            "wall_time_s": 26.295915958937258,
            "flopscope_backend_time_s": 25.700001446530223,
            "flopscope_overhead_time_s": 0.5095207786653191,
            "residual_wall_time_s": 0.08639373374171555,
            "by_namespace": {
              "estimator.estimator-client": {
                "flops_used": 170971246080,
                "calls": 15720,
                "flopscope_backend_time_s": 25.700001446530223,
                "flopscope_overhead_time_s": 0.5092596525792032,
                "operations": {
                  "astype": {
                    "flop_cost": 35913728,
                    "calls": 65,
                    "flopscope_backend_time_s": 0.003549667540937662,
                    "flopscope_overhead_time_s": 0.00113537791185081
                  },
                  "matmul": {
                    "flop_cost": 129078979456,
                    "calls": 3088,
                    "flopscope_backend_time_s": 4.438432704657316,
                    "flopscope_overhead_time_s": 0.15812674234621227
                  },
                  "multiply": {
                    "flop_cost": 16974080,
                    "calls": 6,
                    "flopscope_backend_time_s": 0.004782207775861025,
                    "flopscope_overhead_time_s": 0.00015429197810590267
                  },
                  "reshape": {
                    "flop_cost": 151126016,
                    "calls": 18,
                    "flopscope_backend_time_s": 4.662224091589451e-05,
                    "flopscope_overhead_time_s": 0.00038658524863421917
                  },
                  "add": {
                    "flop_cost": 18884281472,
                    "calls": 6026,
                    "flopscope_backend_time_s": 7.115101093659177,
                    "flopscope_overhead_time_s": 0.17253222898580134
                  },
                  "subtract": {
                    "flop_cost": 10890238208,
                    "calls": 5741,
                    "flopscope_backend_time_s": 8.343889858108014,
                    "flopscope_overhead_time_s": 0.14608813100494444
                  },
                  "stack": {
                    "flop_cost": 5457689600,
                    "calls": 389,
                    "flopscope_backend_time_s": 1.3529042464215308,
                    "flopscope_overhead_time_s": 0.011810257798060775
                  },
                  "negative": {
                    "flop_cost": 8388608,
                    "calls": 1,
                    "flopscope_backend_time_s": 0.0008785419631749392,
                    "flopscope_overhead_time_s": 1.85410026460886e-05
                  },
                  "concatenate": {
                    "flop_cost": 16908288,
                    "calls": 1,
                    "flopscope_backend_time_s": 0.005174208898097277,
                    "flopscope_overhead_time_s": 2.3624161258339882e-05
                  },
                  "maximum": {
                    "flop_cost": 541065216,
                    "calls": 64,
                    "flopscope_backend_time_s": 0.24655104451812804,
                    "flopscope_overhead_time_s": 0.002174088265746832
                  },
                  "block": {
                    "flop_cost": 5855815680,
                    "calls": 252,
                    "flopscope_backend_time_s": 4.184534000465646,
                    "flopscope_overhead_time_s": 0.01039257925003767
                  },
                  "zeros": {
                    "flop_cost": 0,
                    "calls": 33,
                    "flopscope_backend_time_s": 5.0708185881376266e-05,
                    "flopscope_overhead_time_s": 0.00017970637418329716
                  },
                  "sum": {
                    "flop_cost": 33864960,
                    "calls": 34,
                    "flopscope_backend_time_s": 0.004085459280759096,
                    "flopscope_overhead_time_s": 0.00618862290866673
                  },
                  "true_divide": {
                    "flop_cost": 512,
                    "calls": 1,
                    "flopscope_backend_time_s": 1.1165859177708626e-05,
                    "flopscope_overhead_time_s": 2.6459340006113052e-05
                  },
                  "sqrt": {
                    "flop_cost": 256,
                    "calls": 1,
                    "flopscope_backend_time_s": 9.916955605149269e-06,
                    "flopscope_overhead_time_s": 2.2416003048419952e-05
                  }
                }
              }
            }
          }
        },
        "traceback": null
      },
      {
        "mlp_index": 2,
        "mlp_name": "cole-martin",
        "final_layer_mse": 3.063230451516574e-07,
        "all_layers_mse": 0.9123587012290955,
        "per_layer_mse": [
          6.961925480553077e-10,
          0.4772077202796936,
          0.5012577772140503,
          0.5190671682357788,
          0.638605535030365,
          0.7268794178962708,
          0.6995420455932617,
          0.8560223579406738,
          0.9221274852752686,
          0.8538926839828491,
          0.8518220782279968,
          1.0077329874038696,
          1.1660900115966797,
          1.171365737915039,
          1.001408338546753,
          1.0995532274246216,
          0.8637986183166504,
          0.889560341835022,
          1.116263508796692,
          0.9977222681045532,
          0.7763011455535889,
          0.840429425239563,
          0.8702573180198669,
          0.8594807386398315,
          0.9579300284385681,
          1.3249473571777344,
          1.1354327201843262,
          1.2013397216796875,
          1.5232797861099243,
          1.6090009212493896,
          1.737159252166748,
          3.063230451516574e-07
        ],
        "adjusted_final_layer_score": 2.0136360381317616e-07,
        "flops_used": 170971246080,
        "effective_compute": 178801109169.13678,
        "budget_exhausted": false,
        "time_exhausted": false,
        "residual_wall_time_exhausted": false,
        "combined_budget_exhausted": false,
        "wall_time_s": 24.15608362504281,
        "flopscope_backend_time_s": 23.557110126363114,
        "flopscope_overhead_time_s": 0.5206748677883297,
        "residual_wall_time_s": 0.0782986308913678,
        "breakdowns": {
          "estimator": {
            "flop_budget": 272000000000,
            "flops_used": 170971246080,
            "flops_remaining": 101028753920,
            "wall_time_s": 24.15608362504281,
            "flopscope_backend_time_s": 23.557110126363114,
            "flopscope_overhead_time_s": 0.5206748677883297,
            "residual_wall_time_s": 0.0782986308913678,
            "by_namespace": {
              "estimator.estimator-client": {
                "flops_used": 170971246080,
                "calls": 15720,
                "flopscope_backend_time_s": 23.557110126363114,
                "flopscope_overhead_time_s": 0.5204754506703466,
                "operations": {
                  "astype": {
                    "flop_cost": 35913728,
                    "calls": 65,
                    "flopscope_backend_time_s": 0.0034733316861093044,
                    "flopscope_overhead_time_s": 0.0010848687961697578
                  },
                  "matmul": {
                    "flop_cost": 129078979456,
                    "calls": 3088,
                    "flopscope_backend_time_s": 4.417025302071124,
                    "flopscope_overhead_time_s": 0.133287820732221
                  },
                  "multiply": {
                    "flop_cost": 16974080,
                    "calls": 6,
                    "flopscope_backend_time_s": 0.008272042032331228,
                    "flopscope_overhead_time_s": 0.00014962605200707912
                  },
                  "reshape": {
                    "flop_cost": 151126016,
                    "calls": 18,
                    "flopscope_backend_time_s": 4.516402259469032e-05,
                    "flopscope_overhead_time_s": 0.00033058621920645237
                  },
                  "add": {
                    "flop_cost": 18884281472,
                    "calls": 6026,
                    "flopscope_backend_time_s": 6.530355510534719,
                    "flopscope_overhead_time_s": 0.21275693434290588
                  },
                  "subtract": {
                    "flop_cost": 10890238208,
                    "calls": 5741,
                    "flopscope_backend_time_s": 7.848544067936018,
                    "flopscope_overhead_time_s": 0.145699076121673
                  },
                  "stack": {
                    "flop_cost": 5457689600,
                    "calls": 389,
                    "flopscope_backend_time_s": 0.9266327077057213,
                    "flopscope_overhead_time_s": 0.010363672161474824
                  },
                  "negative": {
                    "flop_cost": 8388608,
                    "calls": 1,
                    "flopscope_backend_time_s": 0.0008758751209825277,
                    "flopscope_overhead_time_s": 1.970888115465641e-05
                  },
                  "concatenate": {
                    "flop_cost": 16908288,
                    "calls": 1,
                    "flopscope_backend_time_s": 0.005253582959994674,
                    "flopscope_overhead_time_s": 3.195903263986111e-05
                  },
                  "maximum": {
                    "flop_cost": 541065216,
                    "calls": 64,
                    "flopscope_backend_time_s": 0.22695109015330672,
                    "flopscope_overhead_time_s": 0.002113032154738903
                  },
                  "block": {
                    "flop_cost": 5855815680,
                    "calls": 252,
                    "flopscope_backend_time_s": 3.585642034187913,
                    "flopscope_overhead_time_s": 0.008849587058648467
                  },
                  "zeros": {
                    "flop_cost": 0,
                    "calls": 33,
                    "flopscope_backend_time_s": 4.333537071943283e-05,
                    "flopscope_overhead_time_s": 0.00015933066606521606
                  },
                  "sum": {
                    "flop_cost": 33864960,
                    "calls": 34,
                    "flopscope_backend_time_s": 0.003974582767114043,
                    "flopscope_overhead_time_s": 0.005581415258347988
                  },
                  "true_divide": {
                    "flop_cost": 512,
                    "calls": 1,
                    "flopscope_backend_time_s": 1.2499978765845299e-05,
                    "flopscope_overhead_time_s": 2.5082845240831375e-05
                  },
                  "sqrt": {
                    "flop_cost": 256,
                    "calls": 1,
                    "flopscope_backend_time_s": 8.999835699796677e-06,
                    "flopscope_overhead_time_s": 2.275034785270691e-05
                  }
                }
              }
            }
          }
        },
        "traceback": null
      },
      {
        "mlp_index": 3,
        "mlp_name": "donna-clarke",
        "final_layer_mse": 1.1508131336768201e-07,
        "all_layers_mse": 0.3680764436721802,
        "per_layer_mse": [
          7.431495419041312e-10,
          0.5311810970306396,
          0.6433390378952026,
          0.6467607021331787,
          0.704876720905304,
          0.7077489495277405,
          0.6880658864974976,
          0.6538046598434448,
          0.5803662538528442,
          0.5508832931518555,
          0.5522633790969849,
          0.5467617511749268,
          0.5616747736930847,
          0.40778848528862,
          0.32274574041366577,
          0.26025980710983276,
          0.2641720771789551,
          0.29989147186279297,
          0.27370449900627136,
          0.24561408162117004,
          0.2208428978919983,
          0.2590707838535309,
          0.25738999247550964,
          0.19044575095176697,
          0.21751078963279724,
          0.19863146543502808,
          0.192439466714859,
          0.2094799429178238,
          0.1689022183418274,
          0.20072408020496368,
          0.22110587358474731,
          1.1508131336768201e-07
        ],
        "adjusted_final_layer_score": 7.599089846753418e-08,
        "flops_used": 170971246080,
        "effective_compute": 179607998712.4466,
        "budget_exhausted": false,
        "time_exhausted": false,
        "residual_wall_time_exhausted": false,
        "combined_budget_exhausted": false,
        "wall_time_s": 22.796687041874975,
        "flopscope_backend_time_s": 22.26206151721999,
        "flopscope_overhead_time_s": 0.4482579983305186,
        "residual_wall_time_s": 0.08636752632446587,
        "breakdowns": {
          "estimator": {
            "flop_budget": 272000000000,
            "flops_used": 170971246080,
            "flops_remaining": 101028753920,
            "wall_time_s": 22.796687041874975,
            "flopscope_backend_time_s": 22.26206151721999,
            "flopscope_overhead_time_s": 0.4482579983305186,
            "residual_wall_time_s": 0.08636752632446587,
            "by_namespace": {
              "estimator.estimator-client": {
                "flops_used": 170971246080,
                "calls": 15720,
                "flopscope_backend_time_s": 22.26206151721999,
                "flopscope_overhead_time_s": 0.4480324985925108,
                "operations": {
                  "astype": {
                    "flop_cost": 35913728,
                    "calls": 65,
                    "flopscope_backend_time_s": 0.003908704966306686,
                    "flopscope_overhead_time_s": 0.0011154587846249342
                  },
                  "matmul": {
                    "flop_cost": 129078979456,
                    "calls": 3088,
                    "flopscope_backend_time_s": 4.294293628307059,
                    "flopscope_overhead_time_s": 0.13931381260044873
                  },
                  "multiply": {
                    "flop_cost": 16974080,
                    "calls": 6,
                    "flopscope_backend_time_s": 0.008129083784297109,
                    "flopscope_overhead_time_s": 0.0001428739633411169
                  },
                  "reshape": {
                    "flop_cost": 151126016,
                    "calls": 18,
                    "flopscope_backend_time_s": 3.342027775943279e-05,
                    "flopscope_overhead_time_s": 0.0002715401351451874
                  },
                  "add": {
                    "flop_cost": 18884281472,
                    "calls": 6026,
                    "flopscope_backend_time_s": 5.954309158958495,
                    "flopscope_overhead_time_s": 0.1509382463991642
                  },
                  "subtract": {
                    "flop_cost": 10890238208,
                    "calls": 5741,
                    "flopscope_backend_time_s": 7.562503197463229,
                    "flopscope_overhead_time_s": 0.12980028078891337
                  },
                  "stack": {
                    "flop_cost": 5457689600,
                    "calls": 389,
                    "flopscope_backend_time_s": 0.8711389885284007,
                    "flopscope_overhead_time_s": 0.009871596237644553
                  },
                  "negative": {
                    "flop_cost": 8388608,
                    "calls": 1,
                    "flopscope_backend_time_s": 0.0008760420605540276,
                    "flopscope_overhead_time_s": 1.6582896932959557e-05
                  },
                  "concatenate": {
                    "flop_cost": 16908288,
                    "calls": 1,
                    "flopscope_backend_time_s": 0.0012720420490950346,
                    "flopscope_overhead_time_s": 1.4249933883547783e-05
                  },
                  "maximum": {
                    "flop_cost": 541065216,
                    "calls": 64,
                    "flopscope_backend_time_s": 0.22281958791427314,
                    "flopscope_overhead_time_s": 0.0019155328627675772
                  },
                  "block": {
                    "flop_cost": 5855815680,
                    "calls": 252,
                    "flopscope_backend_time_s": 3.3386319561395794,
                    "flopscope_overhead_time_s": 0.00877007795497775
                  },
                  "zeros": {
                    "flop_cost": 0,
                    "calls": 33,
                    "flopscope_backend_time_s": 5.5163633078336716e-05,
                    "flopscope_overhead_time_s": 0.00017112726345658302
                  },
                  "sum": {
                    "flop_cost": 33864960,
                    "calls": 34,
                    "flopscope_backend_time_s": 0.004069960443302989,
                    "flopscope_overhead_time_s": 0.005639285314828157
                  },
                  "true_divide": {
                    "flop_cost": 512,
                    "calls": 1,
                    "flopscope_backend_time_s": 1.2040836736559868e-05,
                    "flopscope_overhead_time_s": 2.9417220503091812e-05
                  },
                  "sqrt": {
                    "flop_cost": 256,
                    "calls": 1,
                    "flopscope_backend_time_s": 8.541857823729515e-06,
                    "flopscope_overhead_time_s": 2.2416235879063606e-05
                  }
                }
              }
            }
          }
        },
        "traceback": null
      },
      {
        "mlp_index": 4,
        "mlp_name": "rebecca-walker",
        "final_layer_mse": 9.933901168324155e-08,
        "all_layers_mse": 0.40403449535369873,
        "per_layer_mse": [
          6.506211680523677e-10,
          0.4739033579826355,
          0.5367339253425598,
          0.5707031488418579,
          0.6470389366149902,
          0.6545270681381226,
          0.6112005710601807,
          0.4525412917137146,
          0.4965578317642212,
          0.4245508313179016,
          0.46574991941452026,
          0.45287761092185974,
          0.5789608955383301,
          0.5406884551048279,
          0.4891679286956787,
          0.5424906015396118,
          0.543987512588501,
          0.4757381081581116,
          0.42889392375946045,
          0.38346368074417114,
          0.3782896399497986,
          0.34492191672325134,
          0.2860948443412781,
          0.3038564920425415,
          0.31816545128822327,
          0.27925533056259155,
          0.22928252816200256,
          0.26640331745147705,
          0.2737688720226288,
          0.25327277183532715,
          0.2260170429944992,
          9.933901168324155e-08
        ],
        "adjusted_final_layer_score": 6.587182880552409e-08,
        "flops_used": 170971246080,
        "effective_compute": 180363556386.42987,
        "budget_exhausted": false,
        "time_exhausted": false,
        "residual_wall_time_exhausted": false,
        "combined_budget_exhausted": false,
        "wall_time_s": 23.618657415965572,
        "flopscope_backend_time_s": 22.95151721430011,
        "flopscope_overhead_time_s": 0.5732170986011624,
        "residual_wall_time_s": 0.09392310306429863,
        "breakdowns": {
          "estimator": {
            "flop_budget": 272000000000,
            "flops_used": 170971246080,
            "flops_remaining": 101028753920,
            "wall_time_s": 23.618657415965572,
            "flopscope_backend_time_s": 22.95151721430011,
            "flopscope_overhead_time_s": 0.5732170986011624,
            "residual_wall_time_s": 0.09392310306429863,
            "by_namespace": {
              "estimator.estimator-client": {
                "flops_used": 170971246080,
                "calls": 15720,
                "flopscope_backend_time_s": 22.95151721430011,
                "flopscope_overhead_time_s": 0.5730118076317012,
                "operations": {
                  "astype": {
                    "flop_cost": 35913728,
                    "calls": 65,
                    "flopscope_backend_time_s": 0.0036533332895487547,
                    "flopscope_overhead_time_s": 0.0011506250593811274
                  },
                  "matmul": {
                    "flop_cost": 129078979456,
                    "calls": 3088,
                    "flopscope_backend_time_s": 4.365628772648051,
                    "flopscope_overhead_time_s": 0.14254995062947273
                  },
                  "multiply": {
                    "flop_cost": 16974080,
                    "calls": 6,
                    "flopscope_backend_time_s": 0.008145790779963136,
                    "flopscope_overhead_time_s": 0.0001517930068075657
                  },
                  "reshape": {
                    "flop_cost": 151126016,
                    "calls": 18,
                    "flopscope_backend_time_s": 4.545762203633785e-05,
                    "flopscope_overhead_time_s": 0.00031470833346247673
                  },
                  "add": {
                    "flop_cost": 18884281472,
                    "calls": 6026,
                    "flopscope_backend_time_s": 6.259888578904793,
                    "flopscope_overhead_time_s": 0.16082057962194085
                  },
                  "subtract": {
                    "flop_cost": 10890238208,
                    "calls": 5741,
                    "flopscope_backend_time_s": 7.8813704086933285,
                    "flopscope_overhead_time_s": 0.2409051468130201
                  },
                  "stack": {
                    "flop_cost": 5457689600,
                    "calls": 389,
                    "flopscope_backend_time_s": 0.8793478256557137,
                    "flopscope_overhead_time_s": 0.01020154100842774
                  },
                  "negative": {
                    "flop_cost": 8388608,
                    "calls": 1,
                    "flopscope_backend_time_s": 0.0008743330836296082,
                    "flopscope_overhead_time_s": 1.8583843484520912e-05
                  },
                  "concatenate": {
                    "flop_cost": 16908288,
                    "calls": 1,
                    "flopscope_backend_time_s": 0.0050451671704649925,
                    "flopscope_overhead_time_s": 2.0666979253292084e-05
                  },
                  "maximum": {
                    "flop_cost": 541065216,
                    "calls": 64,
                    "flopscope_backend_time_s": 0.22932612104341388,
                    "flopscope_overhead_time_s": 0.0020093002822250128
                  },
                  "block": {
                    "flop_cost": 5855815680,
                    "calls": 252,
                    "flopscope_backend_time_s": 3.314050175715238,
                    "flopscope_overhead_time_s": 0.008798535447567701
                  },
                  "zeros": {
                    "flop_cost": 0,
                    "calls": 33,
                    "flopscope_backend_time_s": 5.070725455880165e-05,
                    "flopscope_overhead_time_s": 0.00016604294069111347
                  },
                  "sum": {
                    "flop_cost": 33864960,
                    "calls": 34,
                    "flopscope_backend_time_s": 0.004065667279064655,
                    "flopscope_overhead_time_s": 0.0058563759084790945
                  },
                  "true_divide": {
                    "flop_cost": 512,
                    "calls": 1,
                    "flopscope_backend_time_s": 1.0333023965358734e-05,
                    "flopscope_overhead_time_s": 2.4957815185189247e-05
                  },
                  "sqrt": {
                    "flop_cost": 256,
                    "calls": 1,
                    "flopscope_backend_time_s": 1.454213634133339e-05,
                    "flopscope_overhead_time_s": 2.2999942302703857e-05
                  }
                }
              }
            }
          }
        },
        "traceback": null
      },
      {
        "mlp_index": 5,
        "mlp_name": "monique-stevens",
        "final_layer_mse": 2.1903072422446712e-07,
        "all_layers_mse": 0.5361366271972656,
        "per_layer_mse": [
          6.876048619375297e-10,
          0.4709373712539673,
          0.4868098497390747,
          0.562346339225769,
          0.583197832107544,
          0.5930740833282471,
          0.6740392446517944,
          0.7090920209884644,
          0.6922769546508789,
          0.7551959156990051,
          0.6746114492416382,
          0.8390926122665405,
          0.8393440842628479,
          0.893558144569397,
          0.8790483474731445,
          0.8237688541412354,
          0.8103171586990356,
          0.7423306703567505,
          0.5511157512664795,
          0.48663532733917236,
          0.5257548093795776,
          0.40528202056884766,
          0.3856506943702698,
          0.3605550527572632,
          0.289209246635437,
          0.31883397698402405,
          0.31079936027526855,
          0.30378103256225586,
          0.3992021083831787,
          0.3866857886314392,
          0.40382707118988037,
          2.1903072422446712e-07
        ],
        "adjusted_final_layer_score": 1.4375976097860876e-07,
        "flops_used": 170971246080,
        "effective_compute": 178525890030.42508,
        "budget_exhausted": false,
        "time_exhausted": false,
        "residual_wall_time_exhausted": false,
        "combined_budget_exhausted": false,
        "wall_time_s": 24.049148583086208,
        "flopscope_backend_time_s": 23.485693817492574,
        "flopscope_overhead_time_s": 0.48790832608938217,
        "residual_wall_time_s": 0.07554643950425088,
        "breakdowns": {
          "estimator": {
            "flop_budget": 272000000000,
            "flops_used": 170971246080,
            "flops_remaining": 101028753920,
            "wall_time_s": 24.049148583086208,
            "flopscope_backend_time_s": 23.485693817492574,
            "flopscope_overhead_time_s": 0.48790832608938217,
            "residual_wall_time_s": 0.07554643950425088,
            "by_namespace": {
              "estimator.estimator-client": {
                "flops_used": 170971246080,
                "calls": 15720,
                "flopscope_backend_time_s": 23.485693817492574,
                "flopscope_overhead_time_s": 0.4877291179727763,
                "operations": {
                  "astype": {
                    "flop_cost": 35913728,
                    "calls": 65,
                    "flopscope_backend_time_s": 0.0035860370844602585,
                    "flopscope_overhead_time_s": 0.0010842573828995228
                  },
                  "matmul": {
                    "flop_cost": 129078979456,
                    "calls": 3088,
                    "flopscope_backend_time_s": 4.327494421275333,
                    "flopscope_overhead_time_s": 0.1423930253367871
                  },
                  "multiply": {
                    "flop_cost": 16974080,
                    "calls": 6,
                    "flopscope_backend_time_s": 0.008135581156238914,
                    "flopscope_overhead_time_s": 0.00014545978046953678
                  },
                  "reshape": {
                    "flop_cost": 151126016,
                    "calls": 18,
                    "flopscope_backend_time_s": 3.396091051399708e-05,
                    "flopscope_overhead_time_s": 0.00025428878143429756
                  },
                  "add": {
                    "flop_cost": 18884281472,
                    "calls": 6026,
                    "flopscope_backend_time_s": 6.409237666288391,
                    "flopscope_overhead_time_s": 0.16209289897233248
                  },
                  "subtract": {
                    "flop_cost": 10890238208,
                    "calls": 5741,
                    "flopscope_backend_time_s": 7.888948743697256,
                    "flopscope_overhead_time_s": 0.1387483850121498
                  },
                  "stack": {
                    "flop_cost": 5457689600,
                    "calls": 389,
                    "flopscope_backend_time_s": 0.909596751909703,
                    "flopscope_overhead_time_s": 0.010760907316580415
                  },
                  "negative": {
                    "flop_cost": 8388608,
                    "calls": 1,
                    "flopscope_backend_time_s": 0.0009125000797212124,
                    "flopscope_overhead_time_s": 1.8584076315164566e-05
                  },
                  "concatenate": {
                    "flop_cost": 16908288,
                    "calls": 1,
                    "flopscope_backend_time_s": 0.0012757501099258661,
                    "flopscope_overhead_time_s": 1.6208039596676826e-05
                  },
                  "maximum": {
                    "flop_cost": 541065216,
                    "calls": 64,
                    "flopscope_backend_time_s": 0.22693395568057895,
                    "flopscope_overhead_time_s": 0.0022277524694800377
                  },
                  "block": {
                    "flop_cost": 5855815680,
                    "calls": 252,
                    "flopscope_backend_time_s": 3.7054872864391655,
                    "flopscope_overhead_time_s": 0.02393105556257069
                  },
                  "zeros": {
                    "flop_cost": 0,
                    "calls": 33,
                    "flopscope_backend_time_s": 5.324673838913441e-05,
                    "flopscope_overhead_time_s": 0.00016721035353839397
                  },
                  "sum": {
                    "flop_cost": 33864960,
                    "calls": 34,
                    "flopscope_backend_time_s": 0.003973583225160837,
                    "flopscope_overhead_time_s": 0.005835250718519092
                  },
                  "true_divide": {
                    "flop_cost": 512,
                    "calls": 1,
                    "flopscope_backend_time_s": 1.4208024367690086e-05,
                    "flopscope_overhead_time_s": 3.1167175620794296e-05
                  },
                  "sqrt": {
                    "flop_cost": 256,
                    "calls": 1,
                    "flopscope_backend_time_s": 1.0124873369932175e-05,
                    "flopscope_overhead_time_s": 2.2666994482278824e-05
                  }
                }
              }
            }
          }
        },
        "traceback": null
      },
      {
        "mlp_index": 6,
        "mlp_name": "keith-brock",
        "final_layer_mse": 1.2839522867125197e-07,
        "all_layers_mse": 0.6366649866104126,
        "per_layer_mse": [
          6.598661617118751e-10,
          0.5239691734313965,
          0.539520263671875,
          0.6882394552230835,
          0.7275151014328003,
          0.7033987045288086,
          0.7271888256072998,
          0.7356784343719482,
          0.7882421612739563,
          0.7409505844116211,
          0.7745959758758545,
          0.8101685643196106,
          0.7035374045372009,
          0.6975691914558411,
          0.7814791202545166,
          0.7038712501525879,
          0.6438466906547546,
          0.6335415840148926,
          0.6030868887901306,
          0.5421657562255859,
          0.6397981643676758,
          0.6889529228210449,
          0.6151633858680725,
          0.7887616157531738,
          0.854671835899353,
          0.6932966709136963,
          0.7308444976806641,
          0.5786390900611877,
          0.5224921107292175,
          0.5755342841148376,
          0.616559624671936,
          1.2839522867125197e-07
        ],
        "adjusted_final_layer_score": 8.439288559694282e-08,
        "flops_used": 170971246080,
        "effective_compute": 178782849798.43726,
        "budget_exhausted": false,
        "time_exhausted": false,
        "residual_wall_time_exhausted": false,
        "combined_budget_exhausted": false,
        "wall_time_s": 23.688308249926195,
        "flopscope_backend_time_s": 23.098087929887697,
        "flopscope_overhead_time_s": 0.5121042828541249,
        "residual_wall_time_s": 0.07811603718437254,
        "breakdowns": {
          "estimator": {
            "flop_budget": 272000000000,
            "flops_used": 170971246080,
            "flops_remaining": 101028753920,
            "wall_time_s": 23.688308249926195,
            "flopscope_backend_time_s": 23.098087929887697,
            "flopscope_overhead_time_s": 0.5121042828541249,
            "residual_wall_time_s": 0.07811603718437254,
            "by_namespace": {
              "estimator.estimator-client": {
                "flops_used": 170971246080,
                "calls": 15720,
                "flopscope_backend_time_s": 23.098087929887697,
                "flopscope_overhead_time_s": 0.5118476988282055,
                "operations": {
                  "astype": {
                    "flop_cost": 35913728,
                    "calls": 65,
                    "flopscope_backend_time_s": 0.004109541652724147,
                    "flopscope_overhead_time_s": 0.0011490851175040007
                  },
                  "matmul": {
                    "flop_cost": 129078979456,
                    "calls": 3088,
                    "flopscope_backend_time_s": 4.331606595311314,
                    "flopscope_overhead_time_s": 0.13243084214627743
                  },
                  "multiply": {
                    "flop_cost": 16974080,
                    "calls": 6,
                    "flopscope_backend_time_s": 0.0082487091422081,
                    "flopscope_overhead_time_s": 0.00013545877300202847
                  },
                  "reshape": {
                    "flop_cost": 151126016,
                    "calls": 18,
                    "flopscope_backend_time_s": 3.2164622098207474e-05,
                    "flopscope_overhead_time_s": 0.00025004614144563675
                  },
                  "add": {
                    "flop_cost": 18884281472,
                    "calls": 6026,
                    "flopscope_backend_time_s": 6.113298201467842,
                    "flopscope_overhead_time_s": 0.15440075960941613
                  },
                  "subtract": {
                    "flop_cost": 10890238208,
                    "calls": 5741,
                    "flopscope_backend_time_s": 7.885369698284194,
                    "flopscope_overhead_time_s": 0.1966823977418244
                  },
                  "stack": {
                    "flop_cost": 5457689600,
                    "calls": 389,
                    "flopscope_backend_time_s": 1.0931048397906125,
                    "flopscope_overhead_time_s": 0.010004654992371798
                  },
                  "negative": {
                    "flop_cost": 8388608,
                    "calls": 1,
                    "flopscope_backend_time_s": 0.0008767920080572367,
                    "flopscope_overhead_time_s": 1.7707934603095055e-05
                  },
                  "concatenate": {
                    "flop_cost": 16908288,
                    "calls": 1,
                    "flopscope_backend_time_s": 0.001267625018954277,
                    "flopscope_overhead_time_s": 1.5875091776251793e-05
                  },
                  "maximum": {
                    "flop_cost": 541065216,
                    "calls": 64,
                    "flopscope_backend_time_s": 0.21771033783443272,
                    "flopscope_overhead_time_s": 0.0019376634154468775
                  },
                  "block": {
                    "flop_cost": 5855815680,
                    "calls": 252,
                    "flopscope_backend_time_s": 3.4383498835377395,
                    "flopscope_overhead_time_s": 0.008491498418152332
                  },
                  "zeros": {
                    "flop_cost": 0,
                    "calls": 33,
                    "flopscope_backend_time_s": 4.2915111407637596e-05,
                    "flopscope_overhead_time_s": 0.00016600172966718674
                  },
                  "sum": {
                    "flop_cost": 33864960,
                    "calls": 34,
                    "flopscope_backend_time_s": 0.004051043186336756,
                    "flopscope_overhead_time_s": 0.006115706404671073
                  },
                  "true_divide": {
                    "flop_cost": 512,
                    "calls": 1,
                    "flopscope_backend_time_s": 1.0499963536858559e-05,
                    "flopscope_overhead_time_s": 2.800021320581436e-05
                  },
                  "sqrt": {
                    "flop_cost": 256,
                    "calls": 1,
                    "flopscope_backend_time_s": 9.082956239581108e-06,
                    "flopscope_overhead_time_s": 2.2001098841428757e-05
                  }
                }
              }
            }
          }
        },
        "traceback": null
      },
      {
        "mlp_index": 7,
        "mlp_name": "robert-huff",
        "final_layer_mse": 1.253963262115576e-07,
        "all_layers_mse": 0.4597250521183014,
        "per_layer_mse": [
          6.267025787209946e-10,
          0.47230666875839233,
          0.5407106876373291,
          0.5046733617782593,
          0.5701515674591064,
          0.5562996864318848,
          0.6714895367622375,
          0.599139928817749,
          0.5823608040809631,
          0.5145599246025085,
          0.5088236927986145,
          0.5451560020446777,
          0.5344775915145874,
          0.5530902147293091,
          0.5887413620948792,
          0.5955044627189636,
          0.5406466126441956,
          0.5877892374992371,
          0.6408869624137878,
          0.6361069679260254,
          0.5645828247070312,
          0.4104282259941101,
          0.3654157519340515,
          0.35491490364074707,
          0.31698164343833923,
          0.3398422598838806,
          0.3639436364173889,
          0.32647937536239624,
          0.34054866433143616,
          0.3139452338218689,
          0.2712037265300751,
          1.253963262115576e-07
        ],
        "adjusted_final_layer_score": 8.253751312193076e-08,
        "flops_used": 170971246080,
        "effective_compute": 179033981675.7404,
        "budget_exhausted": false,
        "time_exhausted": false,
        "residual_wall_time_exhausted": false,
        "combined_budget_exhausted": false,
        "wall_time_s": 23.46314416686073,
        "flopscope_backend_time_s": 22.905502907931805,
        "flopscope_overhead_time_s": 0.477013902971521,
        "residual_wall_time_s": 0.08062735595740378,
        "breakdowns": {
          "estimator": {
            "flop_budget": 272000000000,
            "flops_used": 170971246080,
            "flops_remaining": 101028753920,
            "wall_time_s": 23.46314416686073,
            "flopscope_backend_time_s": 22.905502907931805,
            "flopscope_overhead_time_s": 0.477013902971521,
            "residual_wall_time_s": 0.08062735595740378,
            "by_namespace": {
              "estimator.estimator-client": {
                "flops_used": 170971246080,
                "calls": 15720,
                "flopscope_backend_time_s": 22.905502907931805,
                "flopscope_overhead_time_s": 0.47682907013222575,
                "operations": {
                  "astype": {
                    "flop_cost": 35913728,
                    "calls": 65,
                    "flopscope_backend_time_s": 0.0032826256938278675,
                    "flopscope_overhead_time_s": 0.0010869537945836782
                  },
                  "matmul": {
                    "flop_cost": 129078979456,
                    "calls": 3088,
                    "flopscope_backend_time_s": 4.319625866832212,
                    "flopscope_overhead_time_s": 0.15049328561872244
                  },
                  "multiply": {
                    "flop_cost": 16974080,
                    "calls": 6,
                    "flopscope_backend_time_s": 0.008677541511133313,
                    "flopscope_overhead_time_s": 0.0001642515417188406
                  },
                  "reshape": {
                    "flop_cost": 151126016,
                    "calls": 18,
                    "flopscope_backend_time_s": 4.033115692436695e-05,
                    "flopscope_overhead_time_s": 0.0003298779483884573
                  },
                  "add": {
                    "flop_cost": 18884281472,
                    "calls": 6026,
                    "flopscope_backend_time_s": 6.143089673714712,
                    "flopscope_overhead_time_s": 0.1590432443190366
                  },
                  "subtract": {
                    "flop_cost": 10890238208,
                    "calls": 5741,
                    "flopscope_backend_time_s": 7.924907369306311,
                    "flopscope_overhead_time_s": 0.13823421439155936
                  },
                  "stack": {
                    "flop_cost": 5457689600,
                    "calls": 389,
                    "flopscope_backend_time_s": 0.970947869354859,
                    "flopscope_overhead_time_s": 0.010985665256157517
                  },
                  "negative": {
                    "flop_cost": 8388608,
                    "calls": 1,
                    "flopscope_backend_time_s": 0.0009159590117633343,
                    "flopscope_overhead_time_s": 1.858314499258995e-05
                  },
                  "concatenate": {
                    "flop_cost": 16908288,
                    "calls": 1,
                    "flopscope_backend_time_s": 0.0012832081411033869,
                    "flopscope_overhead_time_s": 1.5124678611755371e-05
                  },
                  "maximum": {
                    "flop_cost": 541065216,
                    "calls": 64,
                    "flopscope_backend_time_s": 0.23061667033471167,
                    "flopscope_overhead_time_s": 0.0018887477926909924
                  },
                  "block": {
                    "flop_cost": 5855815680,
                    "calls": 252,
                    "flopscope_backend_time_s": 3.2974307099357247,
                    "flopscope_overhead_time_s": 0.008935579797253013
                  },
                  "zeros": {
                    "flop_cost": 0,
                    "calls": 33,
                    "flopscope_backend_time_s": 4.112394526600838e-05,
                    "flopscope_overhead_time_s": 0.00016170809976756573
                  },
                  "sum": {
                    "flop_cost": 33864960,
                    "calls": 34,
                    "flopscope_backend_time_s": 0.004621750209480524,
                    "flopscope_overhead_time_s": 0.005418583517894149
                  },
                  "true_divide": {
                    "flop_cost": 512,
                    "calls": 1,
                    "flopscope_backend_time_s": 1.2416858226060867e-05,
                    "flopscope_overhead_time_s": 2.737506292760372e-05
                  },
                  "sqrt": {
                    "flop_cost": 256,
                    "calls": 1,
                    "flopscope_backend_time_s": 9.791925549507141e-06,
                    "flopscope_overhead_time_s": 2.5875167921185493e-05
                  }
                }
              }
            }
          }
        },
        "traceback": null
      },
      {
        "mlp_index": 8,
        "mlp_name": "kimberly-caldwell",
        "final_layer_mse": 2.7142382919009833e-07,
        "all_layers_mse": 0.6296458840370178,
        "per_layer_mse": [
          7.03135771829011e-10,
          0.5572462677955627,
          0.7591158151626587,
          0.6118803024291992,
          0.6235249042510986,
          0.6209231019020081,
          0.597089409828186,
          0.6371461153030396,
          0.6261676549911499,
          0.5014566779136658,
          0.5479030609130859,
          0.5581016540527344,
          0.6942030191421509,
          0.6117097735404968,
          0.5036011338233948,
          0.55873042345047,
          0.5797750949859619,
          0.6253144145011902,
          0.7022494673728943,
          0.7182689905166626,
          0.7453666925430298,
          0.875159502029419,
          0.7959595322608948,
          0.6557995080947876,
          0.6679834127426147,
          0.7057366371154785,
          0.6770658493041992,
          0.6892523169517517,
          0.8961181640625,
          0.930152177810669,
          0.8756668567657471,
          2.7142382919009833e-07
        ],
        "adjusted_final_layer_score": 1.79804567412437e-07,
        "flops_used": 170971246080,
        "effective_compute": 180186251450.78827,
        "budget_exhausted": false,
        "time_exhausted": false,
        "residual_wall_time_exhausted": false,
        "combined_budget_exhausted": false,
        "wall_time_s": 23.302372499834746,
        "flopscope_backend_time_s": 22.607135575730354,
        "flopscope_overhead_time_s": 0.6030868703965098,
        "residual_wall_time_s": 0.09215005370788276,
        "breakdowns": {
          "estimator": {
            "flop_budget": 272000000000,
            "flops_used": 170971246080,
            "flops_remaining": 101028753920,
            "wall_time_s": 23.302372499834746,
            "flopscope_backend_time_s": 22.607135575730354,
            "flopscope_overhead_time_s": 0.6030868703965098,
            "residual_wall_time_s": 0.09215005370788276,
            "by_namespace": {
              "estimator.estimator-client": {
                "flops_used": 170971246080,
                "calls": 15720,
                "flopscope_backend_time_s": 22.607135575730354,
                "flopscope_overhead_time_s": 0.6029303297400475,
                "operations": {
                  "astype": {
                    "flop_cost": 35913728,
                    "calls": 65,
                    "flopscope_backend_time_s": 0.0038435827009379864,
                    "flopscope_overhead_time_s": 0.0011141248978674412
                  },
                  "matmul": {
                    "flop_cost": 129078979456,
                    "calls": 3088,
                    "flopscope_backend_time_s": 4.303176136687398,
                    "flopscope_overhead_time_s": 0.13399665686301887
                  },
                  "multiply": {
                    "flop_cost": 16974080,
                    "calls": 6,
                    "flopscope_backend_time_s": 0.008088876260444522,
                    "flopscope_overhead_time_s": 0.0001292899250984192
                  },
                  "reshape": {
                    "flop_cost": 151126016,
                    "calls": 18,
                    "flopscope_backend_time_s": 3.316439688205719e-05,
                    "flopscope_overhead_time_s": 0.0002505464944988489
                  },
                  "add": {
                    "flop_cost": 18884281472,
                    "calls": 6026,
                    "flopscope_backend_time_s": 6.180179616669193,
                    "flopscope_overhead_time_s": 0.1535549652762711
                  },
                  "subtract": {
                    "flop_cost": 10890238208,
                    "calls": 5741,
                    "flopscope_backend_time_s": 7.661285534733906,
                    "flopscope_overhead_time_s": 0.28709166473709047
                  },
                  "stack": {
                    "flop_cost": 5457689600,
                    "calls": 389,
                    "flopscope_backend_time_s": 0.8938288365025073,
                    "flopscope_overhead_time_s": 0.009841621154919267
                  },
                  "negative": {
                    "flop_cost": 8388608,
                    "calls": 1,
                    "flopscope_backend_time_s": 0.0008764169178903103,
                    "flopscope_overhead_time_s": 1.737428829073906e-05
                  },
                  "concatenate": {
                    "flop_cost": 16908288,
                    "calls": 1,
                    "flopscope_backend_time_s": 0.0012995419092476368,
                    "flopscope_overhead_time_s": 1.4791032299399376e-05
                  },
                  "maximum": {
                    "flop_cost": 541065216,
                    "calls": 64,
                    "flopscope_backend_time_s": 0.21743420395068824,
                    "flopscope_overhead_time_s": 0.001875883899629116
                  },
                  "block": {
                    "flop_cost": 5855815680,
                    "calls": 252,
                    "flopscope_backend_time_s": 3.333045545499772,
                    "flopscope_overhead_time_s": 0.008853732608258724
                  },
                  "zeros": {
                    "flop_cost": 0,
                    "calls": 33,
                    "flopscope_backend_time_s": 6.449548527598381e-05,
                    "flopscope_overhead_time_s": 0.00018067494966089725
                  },
                  "sum": {
                    "flop_cost": 33864960,
                    "calls": 34,
                    "flopscope_backend_time_s": 0.003968623001128435,
                    "flopscope_overhead_time_s": 0.005963837495073676
                  },
                  "true_divide": {
                    "flop_cost": 512,
                    "calls": 1,
                    "flopscope_backend_time_s": 8.95909033715725e-06,
                    "flopscope_overhead_time_s": 2.3499829694628716e-05
                  },
                  "sqrt": {
                    "flop_cost": 256,
                    "calls": 1,
                    "flopscope_backend_time_s": 2.0419247448444366e-06,
                    "flopscope_overhead_time_s": 2.1666288375854492e-05
                  }
                }
              }
            }
          }
        },
        "traceback": null
      },
      {
        "mlp_index": 9,
        "mlp_name": "annette-hansen",
        "final_layer_mse": 1.0680165729581859e-07,
        "all_layers_mse": 0.37450897693634033,
        "per_layer_mse": [
          6.962989074210668e-10,
          0.42950764298439026,
          0.5277231931686401,
          0.4612114727497101,
          0.567582905292511,
          0.6293163299560547,
          0.6868088245391846,
          0.6152728796005249,
          0.46165043115615845,
          0.479087769985199,
          0.5953284502029419,
          0.38155698776245117,
          0.32359012961387634,
          0.41671133041381836,
          0.4131092429161072,
          0.40037116408348083,
          0.3622467815876007,
          0.34586775302886963,
          0.3358777165412903,
          0.31305021047592163,
          0.29277345538139343,
          0.3032037317752838,
          0.3252109885215759,
          0.3102162480354309,
          0.25667956471443176,
          0.24944749474525452,
          0.29996174573898315,
          0.28099995851516724,
          0.3058181405067444,
          0.32546302676200867,
          0.2886413633823395,
          1.0680165729581859e-07
        ],
        "adjusted_final_layer_score": 7.072964293887608e-08,
        "flops_used": 170971246080,
        "effective_compute": 180132624965.61935,
        "budget_exhausted": false,
        "time_exhausted": false,
        "residual_wall_time_exhausted": false,
        "combined_budget_exhausted": false,
        "wall_time_s": 22.83300945814699,
        "flopscope_backend_time_s": 22.135337429121137,
        "flopscope_overhead_time_s": 0.6060582401696593,
        "residual_wall_time_s": 0.09161378885619342,
        "breakdowns": {
          "estimator": {
            "flop_budget": 272000000000,
            "flops_used": 170971246080,
            "flops_remaining": 101028753920,
            "wall_time_s": 22.83300945814699,
            "flopscope_backend_time_s": 22.135337429121137,
            "flopscope_overhead_time_s": 0.6060582401696593,
            "residual_wall_time_s": 0.09161378885619342,
            "by_namespace": {
              "estimator.estimator-client": {
                "flops_used": 170971246080,
                "calls": 15720,
                "flopscope_backend_time_s": 22.135337429121137,
                "flopscope_overhead_time_s": 0.6058480739593506,
                "operations": {
                  "astype": {
                    "flop_cost": 35913728,
                    "calls": 65,
                    "flopscope_backend_time_s": 0.0037348372861742973,
                    "flopscope_overhead_time_s": 0.0014496534131467342
                  },
                  "matmul": {
                    "flop_cost": 129078979456,
                    "calls": 3088,
                    "flopscope_backend_time_s": 4.320569537347183,
                    "flopscope_overhead_time_s": 0.2410180119331926
                  },
                  "multiply": {
                    "flop_cost": 16974080,
                    "calls": 6,
                    "flopscope_backend_time_s": 0.008137834258377552,
                    "flopscope_overhead_time_s": 0.00019575003534555435
                  },
                  "reshape": {
                    "flop_cost": 151126016,
                    "calls": 18,
                    "flopscope_backend_time_s": 4.741642624139786e-05,
                    "flopscope_overhead_time_s": 0.00034541706554591656
                  },
                  "add": {
                    "flop_cost": 18884281472,
                    "calls": 6026,
                    "flopscope_backend_time_s": 5.979211834026501,
                    "flopscope_overhead_time_s": 0.16480844258330762
                  },
                  "subtract": {
                    "flop_cost": 10890238208,
                    "calls": 5741,
                    "flopscope_backend_time_s": 7.549078434938565,
                    "flopscope_overhead_time_s": 0.16453841398470104
                  },
                  "stack": {
                    "flop_cost": 5457689600,
                    "calls": 389,
                    "flopscope_backend_time_s": 0.8173540830612183,
                    "flopscope_overhead_time_s": 0.011068714084103703
                  },
                  "negative": {
                    "flop_cost": 8388608,
                    "calls": 1,
                    "flopscope_backend_time_s": 0.0009049591608345509,
                    "flopscope_overhead_time_s": 1.8790829926729202e-05
                  },
                  "concatenate": {
                    "flop_cost": 16908288,
                    "calls": 1,
                    "flopscope_backend_time_s": 0.0012957500293850899,
                    "flopscope_overhead_time_s": 2.2583873942494392e-05
                  },
                  "maximum": {
                    "flop_cost": 541065216,
                    "calls": 64,
                    "flopscope_backend_time_s": 0.22063524881377816,
                    "flopscope_overhead_time_s": 0.0021128796506673098
                  },
                  "block": {
                    "flop_cost": 5855815680,
                    "calls": 252,
                    "flopscope_backend_time_s": 3.229866248788312,
                    "flopscope_overhead_time_s": 0.0107031618244946
                  },
                  "zeros": {
                    "flop_cost": 0,
                    "calls": 33,
                    "flopscope_backend_time_s": 0.00013528973795473576,
                    "flopscope_overhead_time_s": 0.00028683198615908623
                  },
                  "sum": {
                    "flop_cost": 33864960,
                    "calls": 34,
                    "flopscope_backend_time_s": 0.004346080357208848,
                    "flopscope_overhead_time_s": 0.009229672839865088
                  },
                  "true_divide": {
                    "flop_cost": 512,
                    "calls": 1,
                    "flopscope_backend_time_s": 1.13749410957098e-05,
                    "flopscope_overhead_time_s": 2.7624890208244324e-05
                  },
                  "sqrt": {
                    "flop_cost": 256,
                    "calls": 1,
                    "flopscope_backend_time_s": 8.499948307871819e-06,
                    "flopscope_overhead_time_s": 2.2124964743852615e-05
                  }
                }
              }
            }
          }
        },
        "traceback": null
      },
      {
        "mlp_index": 10,
        "mlp_name": "emma-potter",
        "final_layer_mse": 6.558610721185687e-08,
        "all_layers_mse": 0.5065863132476807,
        "per_layer_mse": [
          8.130571771403083e-10,
          0.47370198369026184,
          0.5104312896728516,
          0.5989644527435303,
          0.5486671924591064,
          0.6374662518501282,
          0.4697103500366211,
          0.43832263350486755,
          0.5650894045829773,
          0.7045010328292847,
          0.7741596698760986,
          0.7299955487251282,
          0.6316421031951904,
          0.5419874787330627,
          0.5304257273674011,
          0.6875753402709961,
          0.6478033065795898,
          0.6257802844047546,
          0.6327836513519287,
          0.6149048805236816,
          0.5668114423751831,
          0.5259969234466553,
          0.5105258226394653,
          0.33676788210868835,
          0.3513021767139435,
          0.3663749694824219,
          0.33891791105270386,
          0.5016477108001709,
          0.4398009777069092,
          0.42821434140205383,
          0.48049014806747437,
          6.558610721185687e-08
        ],
        "adjusted_final_layer_score": 4.3446041073586617e-08,
        "flops_used": 170971246080,
        "effective_compute": 180180280159.6858,
        "budget_exhausted": false,
        "time_exhausted": false,
        "residual_wall_time_exhausted": false,
        "combined_budget_exhausted": false,
        "wall_time_s": 24.00824770797044,
        "flopscope_backend_time_s": 23.373363812919706,
        "flopscope_overhead_time_s": 0.5427935542538762,
        "residual_wall_time_s": 0.09209034079685807,
        "breakdowns": {
          "estimator": {
            "flop_budget": 272000000000,
            "flops_used": 170971246080,
            "flops_remaining": 101028753920,
            "wall_time_s": 24.00824770797044,
            "flopscope_backend_time_s": 23.373363812919706,
            "flopscope_overhead_time_s": 0.5427935542538762,
            "residual_wall_time_s": 0.09209034079685807,
            "by_namespace": {
              "estimator.estimator-client": {
                "flops_used": 170971246080,
                "calls": 15720,
                "flopscope_backend_time_s": 23.373363812919706,
                "flopscope_overhead_time_s": 0.5425031804479659,
                "operations": {
                  "astype": {
                    "flop_cost": 35913728,
                    "calls": 65,
                    "flopscope_backend_time_s": 0.00418837321922183,
                    "flopscope_overhead_time_s": 0.0011602118611335754
                  },
                  "matmul": {
                    "flop_cost": 129078979456,
                    "calls": 3088,
                    "flopscope_backend_time_s": 4.657337681856006,
                    "flopscope_overhead_time_s": 0.15997192030772567
                  },
                  "multiply": {
                    "flop_cost": 16974080,
                    "calls": 6,
                    "flopscope_backend_time_s": 0.008790790801867843,
                    "flopscope_overhead_time_s": 0.00017645955085754395
                  },
                  "reshape": {
                    "flop_cost": 151126016,
                    "calls": 18,
                    "flopscope_backend_time_s": 4.129251465201378e-05,
                    "flopscope_overhead_time_s": 0.0003328325692564249
                  },
                  "add": {
                    "flop_cost": 18884281472,
                    "calls": 6026,
                    "flopscope_backend_time_s": 6.284675437957048,
                    "flopscope_overhead_time_s": 0.1795705072581768
                  },
                  "subtract": {
                    "flop_cost": 10890238208,
                    "calls": 5741,
                    "flopscope_backend_time_s": 7.766352778766304,
                    "flopscope_overhead_time_s": 0.1694879294373095
                  },
                  "stack": {
                    "flop_cost": 5457689600,
                    "calls": 389,
                    "flopscope_backend_time_s": 0.9419745369814336,
                    "flopscope_overhead_time_s": 0.012233762070536613
                  },
                  "negative": {
                    "flop_cost": 8388608,
                    "calls": 1,
                    "flopscope_backend_time_s": 0.000897624995559454,
                    "flopscope_overhead_time_s": 1.7875107005238533e-05
                  },
                  "concatenate": {
                    "flop_cost": 16908288,
                    "calls": 1,
                    "flopscope_backend_time_s": 0.0012654578313231468,
                    "flopscope_overhead_time_s": 1.7042038962244987e-05
                  },
                  "maximum": {
                    "flop_cost": 541065216,
                    "calls": 64,
                    "flopscope_backend_time_s": 0.22048357944004238,
                    "flopscope_overhead_time_s": 0.002263545524328947
                  },
                  "block": {
                    "flop_cost": 5855815680,
                    "calls": 252,
                    "flopscope_backend_time_s": 3.483254841994494,
                    "flopscope_overhead_time_s": 0.011321767698973417
                  },
                  "zeros": {
                    "flop_cost": 0,
                    "calls": 33,
                    "flopscope_backend_time_s": 4.245876334607601e-05,
                    "flopscope_overhead_time_s": 0.00016657868400216103
                  },
                  "sum": {
                    "flop_cost": 33864960,
                    "calls": 34,
                    "flopscope_backend_time_s": 0.004031957592815161,
                    "flopscope_overhead_time_s": 0.0057340823113918304
                  },
                  "true_divide": {
                    "flop_cost": 512,
                    "calls": 1,
                    "flopscope_backend_time_s": 1.7250189557671547e-05,
                    "flopscope_overhead_time_s": 2.7291011065244675e-05
                  },
                  "sqrt": {
                    "flop_cost": 256,
                    "calls": 1,
                    "flopscope_backend_time_s": 9.750016033649445e-06,
                    "flopscope_overhead_time_s": 2.13750172406435e-05
                  }
                }
              }
            }
          }
        },
        "traceback": null
      },
      {
        "mlp_index": 11,
        "mlp_name": "alan-campbell",
        "final_layer_mse": 2.3928950554363837e-07,
        "all_layers_mse": 1.5064091682434082,
        "per_layer_mse": [
          6.281181685885429e-10,
          0.551032543182373,
          0.5402095913887024,
          0.7742561101913452,
          0.830742359161377,
          0.8783303499221802,
          1.0023536682128906,
          0.9347060322761536,
          1.0856115818023682,
          0.9661445617675781,
          1.1078391075134277,
          1.1609424352645874,
          1.4698737859725952,
          1.5409948825836182,
          1.4462426900863647,
          1.4278324842453003,
          1.4508874416351318,
          1.6654318571090698,
          1.7864882946014404,
          1.8648980855941772,
          2.0179519653320312,
          1.9469668865203857,
          1.7881879806518555,
          2.129926919937134,
          2.2433323860168457,
          2.02109432220459,
          2.299966335296631,
          2.492609977722168,
          2.6978859901428223,
          2.9292898178100586,
          3.1530613899230957,
          2.3928950554363837e-07
        ],
        "adjusted_final_layer_score": 1.585067400673702e-07,
        "flops_used": 170971246080,
        "effective_compute": 180174359090.15317,
        "budget_exhausted": false,
        "time_exhausted": false,
        "residual_wall_time_exhausted": false,
        "combined_budget_exhausted": false,
        "wall_time_s": 24.427025999873877,
        "flopscope_backend_time_s": 23.665049832779914,
        "flopscope_overhead_time_s": 0.6699450369924307,
        "residual_wall_time_s": 0.09203113010153174,
        "breakdowns": {
          "estimator": {
            "flop_budget": 272000000000,
            "flops_used": 170971246080,
            "flops_remaining": 101028753920,
            "wall_time_s": 24.427025999873877,
            "flopscope_backend_time_s": 23.665049832779914,
            "flopscope_overhead_time_s": 0.6699450369924307,
            "residual_wall_time_s": 0.09203113010153174,
            "by_namespace": {
              "estimator.estimator-client": {
                "flops_used": 170971246080,
                "calls": 15720,
                "flopscope_backend_time_s": 23.665049832779914,
                "flopscope_overhead_time_s": 0.6696870781015605,
                "operations": {
                  "astype": {
                    "flop_cost": 35913728,
                    "calls": 65,
                    "flopscope_backend_time_s": 0.0037334139924496412,
                    "flopscope_overhead_time_s": 0.0012292100582271814
                  },
                  "matmul": {
                    "flop_cost": 129078979456,
                    "calls": 3088,
                    "flopscope_backend_time_s": 4.406837271293625,
                    "flopscope_overhead_time_s": 0.15975291351787746
                  },
                  "multiply": {
                    "flop_cost": 16974080,
                    "calls": 6,
                    "flopscope_backend_time_s": 0.008201334159821272,
                    "flopscope_overhead_time_s": 0.0001381649635732174
                  },
                  "reshape": {
                    "flop_cost": 151126016,
                    "calls": 18,
                    "flopscope_backend_time_s": 3.2374635338783264e-05,
                    "flopscope_overhead_time_s": 0.0002437036018818617
                  },
                  "add": {
                    "flop_cost": 18884281472,
                    "calls": 6026,
                    "flopscope_backend_time_s": 6.713097715051845,
                    "flopscope_overhead_time_s": 0.32443242031149566
                  },
                  "subtract": {
                    "flop_cost": 10890238208,
                    "calls": 5741,
                    "flopscope_backend_time_s": 7.890775758307427,
                    "flopscope_overhead_time_s": 0.14794628554955125
                  },
                  "stack": {
                    "flop_cost": 5457689600,
                    "calls": 389,
                    "flopscope_backend_time_s": 0.9426690440159291,
                    "flopscope_overhead_time_s": 0.010692250682041049
                  },
                  "negative": {
                    "flop_cost": 8388608,
                    "calls": 1,
                    "flopscope_backend_time_s": 0.0008849590085446835,
                    "flopscope_overhead_time_s": 1.758313737809658e-05
                  },
                  "concatenate": {
                    "flop_cost": 16908288,
                    "calls": 1,
                    "flopscope_backend_time_s": 0.0012735838536173105,
                    "flopscope_overhead_time_s": 1.5374040231108665e-05
                  },
                  "maximum": {
                    "flop_cost": 541065216,
                    "calls": 64,
                    "flopscope_backend_time_s": 0.22464996087364852,
                    "flopscope_overhead_time_s": 0.0021161255426704884
                  },
                  "block": {
                    "flop_cost": 5855815680,
                    "calls": 252,
                    "flopscope_backend_time_s": 3.468784961849451,
                    "flopscope_overhead_time_s": 0.01691637607291341
                  },
                  "zeros": {
                    "flop_cost": 0,
                    "calls": 33,
                    "flopscope_backend_time_s": 4.366342909634113e-05,
                    "flopscope_overhead_time_s": 0.00015725521370768547
                  },
                  "sum": {
                    "flop_cost": 33864960,
                    "calls": 34,
                    "flopscope_backend_time_s": 0.004051917232573032,
                    "flopscope_overhead_time_s": 0.005984498420730233
                  },
                  "true_divide": {
                    "flop_cost": 512,
                    "calls": 1,
                    "flopscope_backend_time_s": 9.624985978007317e-06,
                    "flopscope_overhead_time_s": 2.4084001779556274e-05
                  },
                  "sqrt": {
                    "flop_cost": 256,
                    "calls": 1,
                    "flopscope_backend_time_s": 4.250090569257736e-06,
                    "flopscope_overhead_time_s": 2.0832987502217293e-05
                  }
                }
              }
            }
          }
        },
        "traceback": null
      },
      {
        "mlp_index": 12,
        "mlp_name": "steven-williams",
        "final_layer_mse": 1.490955980898434e-07,
        "all_layers_mse": 0.6139369010925293,
        "per_layer_mse": [
          7.784389799425639e-10,
          0.4588097929954529,
          0.5428261160850525,
          0.6307758092880249,
          0.6417261958122253,
          0.6206214427947998,
          0.7503553628921509,
          0.7130129337310791,
          0.8420768976211548,
          0.8992459774017334,
          0.8366024494171143,
          0.7945852279663086,
          0.7906786203384399,
          0.7366244792938232,
          0.6364129185676575,
          0.5657305121421814,
          0.4415208399295807,
          0.3499903678894043,
          0.3909439444541931,
          0.4425160884857178,
          0.47022825479507446,
          0.627997636795044,
          0.5541595220565796,
          0.5515508651733398,
          0.6783110499382019,
          0.7036591172218323,
          0.7903240919113159,
          0.9549835920333862,
          0.8381024599075317,
          0.7082325220108032,
          0.6833767890930176,
          1.490955980898434e-07
        ],
        "adjusted_final_layer_score": 9.844533417569381e-08,
        "flops_used": 170971246080,
        "effective_compute": 179597058792.1255,
        "budget_exhausted": false,
        "time_exhausted": false,
        "residual_wall_time_exhausted": false,
        "combined_budget_exhausted": false,
        "wall_time_s": 25.887403375003487,
        "flopscope_backend_time_s": 25.288125012768432,
        "flopscope_overhead_time_s": 0.5130202351137996,
        "residual_wall_time_s": 0.0862581271212548,
        "breakdowns": {
          "estimator": {
            "flop_budget": 272000000000,
            "flops_used": 170971246080,
            "flops_remaining": 101028753920,
            "wall_time_s": 25.887403375003487,
            "flopscope_backend_time_s": 25.288125012768432,
            "flopscope_overhead_time_s": 0.5130202351137996,
            "residual_wall_time_s": 0.0862581271212548,
            "by_namespace": {
              "estimator.estimator-client": {
                "flops_used": 170971246080,
                "calls": 15720,
                "flopscope_backend_time_s": 25.288125012768432,
                "flopscope_overhead_time_s": 0.5127347761299461,
                "operations": {
                  "astype": {
                    "flop_cost": 35913728,
                    "calls": 65,
                    "flopscope_backend_time_s": 0.00419070478528738,
                    "flopscope_overhead_time_s": 0.001188257010653615
                  },
                  "matmul": {
                    "flop_cost": 129078979456,
                    "calls": 3088,
                    "flopscope_backend_time_s": 4.562319774646312,
                    "flopscope_overhead_time_s": 0.14499437878839672
                  },
                  "multiply": {
                    "flop_cost": 16974080,
                    "calls": 6,
                    "flopscope_backend_time_s": 0.008184375241398811,
                    "flopscope_overhead_time_s": 0.00014670868404209614
                  },
                  "reshape": {
                    "flop_cost": 151126016,
                    "calls": 18,
                    "flopscope_backend_time_s": 3.262609243392944e-05,
                    "flopscope_overhead_time_s": 0.0002554995007812977
                  },
                  "add": {
                    "flop_cost": 18884281472,
                    "calls": 6026,
                    "flopscope_backend_time_s": 6.948270763736218,
                    "flopscope_overhead_time_s": 0.16435211361385882
                  },
                  "subtract": {
                    "flop_cost": 10890238208,
                    "calls": 5741,
                    "flopscope_backend_time_s": 8.313837216235697,
                    "flopscope_overhead_time_s": 0.1702893292531371
                  },
                  "stack": {
                    "flop_cost": 5457689600,
                    "calls": 389,
                    "flopscope_backend_time_s": 1.2867684592492878,
                    "flopscope_overhead_time_s": 0.01162603055126965
                  },
                  "negative": {
                    "flop_cost": 8388608,
                    "calls": 1,
                    "flopscope_backend_time_s": 0.0008719998877495527,
                    "flopscope_overhead_time_s": 1.6792211681604385e-05
                  },
                  "concatenate": {
                    "flop_cost": 16908288,
                    "calls": 1,
                    "flopscope_backend_time_s": 0.0033198341261595488,
                    "flopscope_overhead_time_s": 1.7124926671385765e-05
                  },
                  "maximum": {
                    "flop_cost": 541065216,
                    "calls": 64,
                    "flopscope_backend_time_s": 0.23347358428873122,
                    "flopscope_overhead_time_s": 0.0022290032356977463
                  },
                  "block": {
                    "flop_cost": 5855815680,
                    "calls": 252,
                    "flopscope_backend_time_s": 3.92260663327761,
                    "flopscope_overhead_time_s": 0.011068034451454878
                  },
                  "zeros": {
                    "flop_cost": 0,
                    "calls": 33,
                    "flopscope_backend_time_s": 5.4833944886922836e-05,
                    "flopscope_overhead_time_s": 0.00021112710237503052
                  },
                  "sum": {
                    "flop_cost": 33864960,
                    "calls": 34,
                    "flopscope_backend_time_s": 0.004174873232841492,
                    "flopscope_overhead_time_s": 0.00628179288469255
                  },
                  "true_divide": {
                    "flop_cost": 512,
                    "calls": 1,
                    "flopscope_backend_time_s": 1.0709045454859734e-05,
                    "flopscope_overhead_time_s": 3.52498609572649e-05
                  },
                  "sqrt": {
                    "flop_cost": 256,
                    "calls": 1,
                    "flopscope_backend_time_s": 8.624978363513947e-06,
                    "flopscope_overhead_time_s": 2.333405427634716e-05
                  }
                }
              }
            }
          }
        },
        "traceback": null
      },
      {
        "mlp_index": 13,
        "mlp_name": "hannah-best",
        "final_layer_mse": 8.64295941482851e-08,
        "all_layers_mse": 0.5644951462745667,
        "per_layer_mse": [
          4.975645451210653e-10,
          0.5886147618293762,
          0.6406919360160828,
          0.6809319257736206,
          0.6772516965866089,
          0.6465790271759033,
          0.663449764251709,
          0.5982880592346191,
          0.6036754846572876,
          0.625535249710083,
          0.5560656189918518,
          0.5851427912712097,
          0.6248655319213867,
          0.692121148109436,
          0.750258207321167,
          0.6314084529876709,
          0.7557961344718933,
          0.7590616345405579,
          0.6699053049087524,
          0.7240476012229919,
          0.6212280988693237,
          0.5438151955604553,
          0.55339515209198,
          0.5643091201782227,
          0.6741625070571899,
          0.65878826379776,
          0.4812108874320984,
          0.39822855591773987,
          0.314189076423645,
          0.3656599521636963,
          0.4151679575443268,
          8.64295941482851e-08
        ],
        "adjusted_final_layer_score": 5.7486145147940736e-08,
        "flops_used": 170971246080,
        "effective_compute": 180912934213.40366,
        "budget_exhausted": false,
        "time_exhausted": false,
        "residual_wall_time_exhausted": false,
        "combined_budget_exhausted": false,
        "wall_time_s": 24.783567582955584,
        "flopscope_backend_time_s": 24.118178238160908,
        "flopscope_overhead_time_s": 0.5659724634606391,
        "residual_wall_time_s": 0.09941688133403659,
        "breakdowns": {
          "estimator": {
            "flop_budget": 272000000000,
            "flops_used": 170971246080,
            "flops_remaining": 101028753920,
            "wall_time_s": 24.783567582955584,
            "flopscope_backend_time_s": 24.118178238160908,
            "flopscope_overhead_time_s": 0.5659724634606391,
            "residual_wall_time_s": 0.09941688133403659,
            "by_namespace": {
              "estimator.estimator-client": {
                "flops_used": 170971246080,
                "calls": 15720,
                "flopscope_backend_time_s": 24.118178238160908,
                "flopscope_overhead_time_s": 0.5656792146619409,
                "operations": {
                  "astype": {
                    "flop_cost": 35913728,
                    "calls": 65,
                    "flopscope_backend_time_s": 0.0036400798708200455,
                    "flopscope_overhead_time_s": 0.0012945446651428938
                  },
                  "matmul": {
                    "flop_cost": 129078979456,
                    "calls": 3088,
                    "flopscope_backend_time_s": 4.521436794428155,
                    "flopscope_overhead_time_s": 0.18276125192642212
                  },
                  "multiply": {
                    "flop_cost": 16974080,
                    "calls": 6,
                    "flopscope_backend_time_s": 0.008378706639632583,
                    "flopscope_overhead_time_s": 0.00015558325685560703
                  },
                  "reshape": {
                    "flop_cost": 151126016,
                    "calls": 18,
                    "flopscope_backend_time_s": 4.27919439971447e-05,
                    "flopscope_overhead_time_s": 0.0003204180393368006
                  },
                  "add": {
                    "flop_cost": 18884281472,
                    "calls": 6026,
                    "flopscope_backend_time_s": 6.622653859434649,
                    "flopscope_overhead_time_s": 0.18772173766046762
                  },
                  "subtract": {
                    "flop_cost": 10890238208,
                    "calls": 5741,
                    "flopscope_backend_time_s": 8.063973871525377,
                    "flopscope_overhead_time_s": 0.1624844241887331
                  },
                  "stack": {
                    "flop_cost": 5457689600,
                    "calls": 389,
                    "flopscope_backend_time_s": 1.0647591322194785,
                    "flopscope_overhead_time_s": 0.011694285785779357
                  },
                  "negative": {
                    "flop_cost": 8388608,
                    "calls": 1,
                    "flopscope_backend_time_s": 0.0011214998085051775,
                    "flopscope_overhead_time_s": 2.6333145797252655e-05
                  },
                  "concatenate": {
                    "flop_cost": 16908288,
                    "calls": 1,
                    "flopscope_backend_time_s": 0.005109542049467564,
                    "flopscope_overhead_time_s": 1.7707934603095055e-05
                  },
                  "maximum": {
                    "flop_cost": 541065216,
                    "calls": 64,
                    "flopscope_backend_time_s": 0.23254778957925737,
                    "flopscope_overhead_time_s": 0.002286796923726797
                  },
                  "block": {
                    "flop_cost": 5855815680,
                    "calls": 252,
                    "flopscope_backend_time_s": 3.590330712031573,
                    "flopscope_overhead_time_s": 0.01004963112063706
                  },
                  "zeros": {
                    "flop_cost": 0,
                    "calls": 33,
                    "flopscope_backend_time_s": 4.8415735363960266e-05,
                    "flopscope_overhead_time_s": 0.00016587716527283192
                  },
                  "sum": {
                    "flop_cost": 33864960,
                    "calls": 34,
                    "flopscope_backend_time_s": 0.004116208991035819,
                    "flopscope_overhead_time_s": 0.006653372664004564
                  },
                  "true_divide": {
                    "flop_cost": 512,
                    "calls": 1,
                    "flopscope_backend_time_s": 1.0041985660791397e-05,
                    "flopscope_overhead_time_s": 2.5541987270116806e-05
                  },
                  "sqrt": {
                    "flop_cost": 256,
                    "calls": 1,
                    "flopscope_backend_time_s": 8.791917935013771e-06,
                    "flopscope_overhead_time_s": 2.170819789171219e-05
                  }
                }
              }
            }
          }
        },
        "traceback": null
      },
      {
        "mlp_index": 14,
        "mlp_name": "thomas-parsons",
        "final_layer_mse": 4.0394931488663133e-07,
        "all_layers_mse": 1.3237141370773315,
        "per_layer_mse": [
          7.222530906680902e-10,
          0.5717021226882935,
          0.771231472492218,
          0.7104290723800659,
          0.7633385062217712,
          0.629839301109314,
          0.6708191633224487,
          0.6251298189163208,
          0.6753968000411987,
          0.7165900468826294,
          0.7840149402618408,
          1.0356788635253906,
          1.2325729131698608,
          1.2015013694763184,
          1.3527617454528809,
          1.3320287466049194,
          1.222528100013733,
          1.5064836740493774,
          1.6926060914993286,
          1.8752501010894775,
          2.0809717178344727,
          2.3029396533966064,
          1.7813310623168945,
          2.102147102355957,
          2.125779628753662,
          1.9438420534133911,
          2.0405609607696533,
          2.455216884613037,
          2.160928249359131,
          1.732628345489502,
          2.262600898742676,
          4.0394931488663133e-07
        ],
        "adjusted_final_layer_score": 2.6834102725216785e-07,
        "flops_used": 170971246080,
        "effective_compute": 180687914851.57986,
        "budget_exhausted": false,
        "time_exhausted": false,
        "residual_wall_time_exhausted": false,
        "combined_budget_exhausted": false,
        "wall_time_s": 28.096430874895304,
        "flopscope_backend_time_s": 27.215482525527477,
        "flopscope_overhead_time_s": 0.7837816616520286,
        "residual_wall_time_s": 0.09716668771579862,
        "breakdowns": {
          "estimator": {
            "flop_budget": 272000000000,
            "flops_used": 170971246080,
            "flops_remaining": 101028753920,
            "wall_time_s": 28.096430874895304,
            "flopscope_backend_time_s": 27.215482525527477,
            "flopscope_overhead_time_s": 0.7837816616520286,
            "residual_wall_time_s": 0.09716668771579862,
            "by_namespace": {
              "estimator.estimator-client": {
                "flops_used": 170971246080,
                "calls": 15720,
                "flopscope_backend_time_s": 27.215482525527477,
                "flopscope_overhead_time_s": 0.7836288285907358,
                "operations": {
                  "astype": {
                    "flop_cost": 35913728,
                    "calls": 65,
                    "flopscope_backend_time_s": 0.0037939997855573893,
                    "flopscope_overhead_time_s": 0.0012096690479665995
                  },
                  "matmul": {
                    "flop_cost": 129078979456,
                    "calls": 3088,
                    "flopscope_backend_time_s": 4.550114869140089,
                    "flopscope_overhead_time_s": 0.17522220825776458
                  },
                  "multiply": {
                    "flop_cost": 16974080,
                    "calls": 6,
                    "flopscope_backend_time_s": 0.008337750332430005,
                    "flopscope_overhead_time_s": 0.0001519988290965557
                  },
                  "reshape": {
                    "flop_cost": 151126016,
                    "calls": 18,
                    "flopscope_backend_time_s": 3.9835693314671516e-05,
                    "flopscope_overhead_time_s": 0.0002873733174055815
                  },
                  "add": {
                    "flop_cost": 18884281472,
                    "calls": 6026,
                    "flopscope_backend_time_s": 7.64272899297066,
                    "flopscope_overhead_time_s": 0.23550805100239813
                  },
                  "subtract": {
                    "flop_cost": 10890238208,
                    "calls": 5741,
                    "flopscope_backend_time_s": 8.630607107654214,
                    "flopscope_overhead_time_s": 0.16989196161739528
                  },
                  "stack": {
                    "flop_cost": 5457689600,
                    "calls": 389,
                    "flopscope_backend_time_s": 1.1964899234008044,
                    "flopscope_overhead_time_s": 0.01210390031337738
                  },
                  "negative": {
                    "flop_cost": 8388608,
                    "calls": 1,
                    "flopscope_backend_time_s": 0.0008941669948399067,
                    "flopscope_overhead_time_s": 1.816684380173683e-05
                  },
                  "concatenate": {
                    "flop_cost": 16908288,
                    "calls": 1,
                    "flopscope_backend_time_s": 0.0034607090055942535,
                    "flopscope_overhead_time_s": 1.5707919374108315e-05
                  },
                  "maximum": {
                    "flop_cost": 541065216,
                    "calls": 64,
                    "flopscope_backend_time_s": 0.2654170033056289,
                    "flopscope_overhead_time_s": 0.0026418324559926987
                  },
                  "block": {
                    "flop_cost": 5855815680,
                    "calls": 252,
                    "flopscope_backend_time_s": 4.909111045766622,
                    "flopscope_overhead_time_s": 0.011747325072064996
                  },
                  "zeros": {
                    "flop_cost": 0,
                    "calls": 33,
                    "flopscope_backend_time_s": 4.108087159693241e-05,
                    "flopscope_overhead_time_s": 0.00016579590737819672
                  },
                  "sum": {
                    "flop_cost": 33864960,
                    "calls": 34,
                    "flopscope_backend_time_s": 0.004426290513947606,
                    "flopscope_overhead_time_s": 0.17462021321989596
                  },
                  "true_divide": {
                    "flop_cost": 512,
                    "calls": 1,
                    "flopscope_backend_time_s": 1.191697083413601e-05,
                    "flopscope_overhead_time_s": 2.195802517235279e-05
                  },
                  "sqrt": {
                    "flop_cost": 256,
                    "calls": 1,
                    "flopscope_backend_time_s": 7.833121344447136e-06,
                    "flopscope_overhead_time_s": 2.266676165163517e-05
                  }
                }
              }
            }
          }
        },
        "traceback": null
      },
      {
        "mlp_index": 15,
        "mlp_name": "kenneth-frost",
        "final_layer_mse": 1.773928630655064e-07,
        "all_layers_mse": 0.35827475786209106,
        "per_layer_mse": [
          5.752952558779612e-10,
          0.44280093908309937,
          0.4797504246234894,
          0.5771723985671997,
          0.5575810074806213,
          0.44194740056991577,
          0.5115565061569214,
          0.38002848625183105,
          0.39674684405326843,
          0.4517255127429962,
          0.5010082721710205,
          0.4357224106788635,
          0.3790844678878784,
          0.4851455092430115,
          0.4974318742752075,
          0.42515915632247925,
          0.38478541374206543,
          0.3399220108985901,
          0.3480706214904785,
          0.34101325273513794,
          0.2639300227165222,
          0.31809064745903015,
          0.2865152955055237,
          0.29672157764434814,
          0.3221748173236847,
          0.31323376297950745,
          0.284577876329422,
          0.26310232281684875,
          0.30840638279914856,
          0.213583841919899,
          0.21780329942703247,
          1.773928630655064e-07
        ],
        "adjusted_final_layer_score": 1.180579679147367e-07,
        "flops_used": 170971246080,
        "effective_compute": 181020626861.129,
        "budget_exhausted": false,
        "time_exhausted": false,
        "residual_wall_time_exhausted": false,
        "combined_budget_exhausted": false,
        "wall_time_s": 23.301649708068,
        "flopscope_backend_time_s": 22.70822987263091,
        "flopscope_overhead_time_s": 0.4929260276257992,
        "residual_wall_time_s": 0.10049380781129003,
        "breakdowns": {
          "estimator": {
            "flop_budget": 272000000000,
            "flops_used": 170971246080,
            "flops_remaining": 101028753920,
            "wall_time_s": 23.301649708068,
            "flopscope_backend_time_s": 22.70822987263091,
            "flopscope_overhead_time_s": 0.4929260276257992,
            "residual_wall_time_s": 0.10049380781129003,
            "by_namespace": {
              "estimator.estimator-client": {
                "flops_used": 170971246080,
                "calls": 15720,
                "flopscope_backend_time_s": 22.70822987263091,
                "flopscope_overhead_time_s": 0.4927256526425481,
                "operations": {
                  "astype": {
                    "flop_cost": 35913728,
                    "calls": 65,
                    "flopscope_backend_time_s": 0.004143460420891643,
                    "flopscope_overhead_time_s": 0.0011364100500941277
                  },
                  "matmul": {
                    "flop_cost": 129078979456,
                    "calls": 3088,
                    "flopscope_backend_time_s": 4.390169722959399,
                    "flopscope_overhead_time_s": 0.15604876750148833
                  },
                  "multiply": {
                    "flop_cost": 16974080,
                    "calls": 6,
                    "flopscope_backend_time_s": 0.008803124306723475,
                    "flopscope_overhead_time_s": 0.0001368329394608736
                  },
                  "reshape": {
                    "flop_cost": 151126016,
                    "calls": 18,
                    "flopscope_backend_time_s": 3.2043782994151115e-05,
                    "flopscope_overhead_time_s": 0.0002504996955394745
                  },
                  "add": {
                    "flop_cost": 18884281472,
                    "calls": 6026,
                    "flopscope_backend_time_s": 6.038634426891804,
                    "flopscope_overhead_time_s": 0.16237067617475986
                  },
                  "subtract": {
                    "flop_cost": 10890238208,
                    "calls": 5741,
                    "flopscope_backend_time_s": 7.838660176144913,
                    "flopscope_overhead_time_s": 0.1441449373960495
                  },
                  "stack": {
                    "flop_cost": 5457689600,
                    "calls": 389,
                    "flopscope_backend_time_s": 0.9117766332346946,
                    "flopscope_overhead_time_s": 0.011264319065958261
                  },
                  "negative": {
                    "flop_cost": 8388608,
                    "calls": 1,
                    "flopscope_backend_time_s": 0.0008789589628577232,
                    "flopscope_overhead_time_s": 1.7249025404453278e-05
                  },
                  "concatenate": {
                    "flop_cost": 16908288,
                    "calls": 1,
                    "flopscope_backend_time_s": 0.007016082992777228,
                    "flopscope_overhead_time_s": 1.679197885096073e-05
                  },
                  "maximum": {
                    "flop_cost": 541065216,
                    "calls": 64,
                    "flopscope_backend_time_s": 0.22217462351545691,
                    "flopscope_overhead_time_s": 0.002062869956716895
                  },
                  "block": {
                    "flop_cost": 5855815680,
                    "calls": 252,
                    "flopscope_backend_time_s": 3.281841706717387,
                    "flopscope_overhead_time_s": 0.009088173042982817
                  },
                  "zeros": {
                    "flop_cost": 0,
                    "calls": 33,
                    "flopscope_backend_time_s": 4.408159293234348e-05,
                    "flopscope_overhead_time_s": 0.0001660417765378952
                  },
                  "sum": {
                    "flop_cost": 33864960,
                    "calls": 34,
                    "flopscope_backend_time_s": 0.00402666418813169,
                    "flopscope_overhead_time_s": 0.0059707509353756905
                  },
                  "true_divide": {
                    "flop_cost": 512,
                    "calls": 1,
                    "flopscope_backend_time_s": 1.637497916817665e-05,
                    "flopscope_overhead_time_s": 2.6124995201826096e-05
                  },
                  "sqrt": {
                    "flop_cost": 256,
                    "calls": 1,
                    "flopscope_backend_time_s": 1.1791940778493881e-05,
                    "flopscope_overhead_time_s": 2.5208108127117157e-05
                  }
                }
              }
            }
          }
        },
        "traceback": null
      },
      {
        "mlp_index": 16,
        "mlp_name": "joseph-shaffer",
        "final_layer_mse": 1.2346346522917884e-07,
        "all_layers_mse": 0.7621275782585144,
        "per_layer_mse": [
          6.790690787461529e-10,
          0.537833571434021,
          0.7199550271034241,
          0.8793740272521973,
          0.9234790802001953,
          1.10637366771698,
          1.5645854473114014,
          1.3937188386917114,
          1.3529911041259766,
          1.056742787361145,
          1.1155014038085938,
          1.0795997381210327,
          1.411965250968933,
          1.2871869802474976,
          1.2127065658569336,
          0.8213320970535278,
          0.7531391382217407,
          0.6681168079376221,
          0.578467607498169,
          0.5699532628059387,
          0.5853521823883057,
          0.4934398829936981,
          0.5905761122703552,
          0.5544940829277039,
          0.5832760334014893,
          0.4998774528503418,
          0.46874988079071045,
          0.4485970735549927,
          0.3491162359714508,
          0.40166574716567993,
          0.37991392612457275,
          1.2346346522917884e-07
        ],
        "adjusted_final_layer_score": 8.1154268235451e-08,
        "flops_used": 170971246080,
        "effective_compute": 178789416926.4399,
        "budget_exhausted": false,
        "time_exhausted": false,
        "residual_wall_time_exhausted": false,
        "combined_budget_exhausted": false,
        "wall_time_s": 24.03860929212533,
        "flopscope_backend_time_s": 23.475119781680405,
        "flopscope_overhead_time_s": 0.48530780198052526,
        "residual_wall_time_s": 0.07818170846439898,
        "breakdowns": {
          "estimator": {
            "flop_budget": 272000000000,
            "flops_used": 170971246080,
            "flops_remaining": 101028753920,
            "wall_time_s": 24.03860929212533,
            "flopscope_backend_time_s": 23.475119781680405,
            "flopscope_overhead_time_s": 0.48530780198052526,
            "residual_wall_time_s": 0.07818170846439898,
            "by_namespace": {
              "estimator.estimator-client": {
                "flops_used": 170971246080,
                "calls": 15720,
                "flopscope_backend_time_s": 23.475119781680405,
                "flopscope_overhead_time_s": 0.48509442689828575,
                "operations": {
                  "astype": {
                    "flop_cost": 35913728,
                    "calls": 65,
                    "flopscope_backend_time_s": 0.005158419720828533,
                    "flopscope_overhead_time_s": 0.0013630450703203678
                  },
                  "matmul": {
                    "flop_cost": 129078979456,
                    "calls": 3088,
                    "flopscope_backend_time_s": 4.651212739292532,
                    "flopscope_overhead_time_s": 0.1449083003681153
                  },
                  "multiply": {
                    "flop_cost": 16974080,
                    "calls": 6,
                    "flopscope_backend_time_s": 0.02790516708046198,
                    "flopscope_overhead_time_s": 0.0002254997380077839
                  },
                  "reshape": {
                    "flop_cost": 151126016,
                    "calls": 18,
                    "flopscope_backend_time_s": 5.3206924349069595e-05,
                    "flopscope_overhead_time_s": 0.00048200017772614956
                  },
                  "add": {
                    "flop_cost": 18884281472,
                    "calls": 6026,
                    "flopscope_backend_time_s": 6.207000600174069,
                    "flopscope_overhead_time_s": 0.16050470573827624
                  },
                  "subtract": {
                    "flop_cost": 10890238208,
                    "calls": 5741,
                    "flopscope_backend_time_s": 8.07516565034166,
                    "flopscope_overhead_time_s": 0.1494418252259493
                  },
                  "stack": {
                    "flop_cost": 5457689600,
                    "calls": 389,
                    "flopscope_backend_time_s": 0.9625531686469913,
                    "flopscope_overhead_time_s": 0.010803749784827232
                  },
                  "negative": {
                    "flop_cost": 8388608,
                    "calls": 1,
                    "flopscope_backend_time_s": 0.0009449170902371407,
                    "flopscope_overhead_time_s": 3.891694359481335e-05
                  },
                  "concatenate": {
                    "flop_cost": 16908288,
                    "calls": 1,
                    "flopscope_backend_time_s": 0.0013009589165449142,
                    "flopscope_overhead_time_s": 3.804126754403114e-05
                  },
                  "maximum": {
                    "flop_cost": 541065216,
                    "calls": 64,
                    "flopscope_backend_time_s": 0.22125158412382007,
                    "flopscope_overhead_time_s": 0.002071630209684372
                  },
                  "block": {
                    "flop_cost": 5855815680,
                    "calls": 252,
                    "flopscope_backend_time_s": 3.31838611792773,
                    "flopscope_overhead_time_s": 0.009125420823693275
                  },
                  "zeros": {
                    "flop_cost": 0,
                    "calls": 33,
                    "flopscope_backend_time_s": 6.212596781551838e-05,
                    "flopscope_overhead_time_s": 0.0001679158303886652
                  },
                  "sum": {
                    "flop_cost": 33864960,
                    "calls": 34,
                    "flopscope_backend_time_s": 0.004102000733837485,
                    "flopscope_overhead_time_s": 0.005877750692889094
                  },
                  "true_divide": {
                    "flop_cost": 512,
                    "calls": 1,
                    "flopscope_backend_time_s": 1.3874843716621399e-05,
                    "flopscope_overhead_time_s": 2.450007013976574e-05
                  },
                  "sqrt": {
                    "flop_cost": 256,
                    "calls": 1,
                    "flopscope_backend_time_s": 9.249895811080933e-06,
                    "flopscope_overhead_time_s": 2.1124957129359245e-05
                  }
                }
              }
            }
          }
        },
        "traceback": null
      },
      {
        "mlp_index": 17,
        "mlp_name": "natasha-richardson",
        "final_layer_mse": 1.8940116319754452e-07,
        "all_layers_mse": 0.5728178024291992,
        "per_layer_mse": [
          5.876195086074176e-10,
          0.4467054605484009,
          0.43758684396743774,
          0.5727005004882812,
          0.5776268839836121,
          0.5955811738967896,
          0.6477335691452026,
          0.7607002258300781,
          0.6190646886825562,
          0.6030517816543579,
          0.5912160277366638,
          0.5964446663856506,
          0.6358593702316284,
          0.6170167922973633,
          0.5642414093017578,
          0.7347497940063477,
          0.8548943400382996,
          0.6084467172622681,
          0.6652626395225525,
          0.6532160639762878,
          0.6935384273529053,
          0.6194876432418823,
          0.4702642858028412,
          0.4007556140422821,
          0.45871514081954956,
          0.5135049819946289,
          0.6515470743179321,
          0.6647961139678955,
          0.7212575674057007,
          0.7082728743553162,
          0.6459316611289978,
          1.8940116319754452e-07
        ],
        "adjusted_final_layer_score": 1.2586102322412857e-07,
        "flops_used": 170971246080,
        "effective_compute": 180749673016.8276,
        "budget_exhausted": false,
        "time_exhausted": false,
        "residual_wall_time_exhausted": false,
        "combined_budget_exhausted": false,
        "wall_time_s": 24.110619958024472,
        "flopscope_backend_time_s": 23.429223381448537,
        "flopscope_overhead_time_s": 0.5836123072076589,
        "residual_wall_time_s": 0.097784269368276,
        "breakdowns": {
          "estimator": {
            "flop_budget": 272000000000,
            "flops_used": 170971246080,
            "flops_remaining": 101028753920,
            "wall_time_s": 24.110619958024472,
            "flopscope_backend_time_s": 23.429223381448537,
            "flopscope_overhead_time_s": 0.5836123072076589,
            "residual_wall_time_s": 0.097784269368276,
            "by_namespace": {
              "estimator.estimator-client": {
                "flops_used": 170971246080,
                "calls": 15720,
                "flopscope_backend_time_s": 23.429223381448537,
                "flopscope_overhead_time_s": 0.5834439322352409,
                "operations": {
                  "astype": {
                    "flop_cost": 35913728,
                    "calls": 65,
                    "flopscope_backend_time_s": 0.003922663861885667,
                    "flopscope_overhead_time_s": 0.0011848765425384045
                  },
                  "matmul": {
                    "flop_cost": 129078979456,
                    "calls": 3088,
                    "flopscope_backend_time_s": 4.512544806813821,
                    "flopscope_overhead_time_s": 0.1835588568355888
                  },
                  "multiply": {
                    "flop_cost": 16974080,
                    "calls": 6,
                    "flopscope_backend_time_s": 0.008500583004206419,
                    "flopscope_overhead_time_s": 0.00015095784328877926
                  },
                  "reshape": {
                    "flop_cost": 151126016,
                    "calls": 18,
                    "flopscope_backend_time_s": 4.00003045797348e-05,
                    "flopscope_overhead_time_s": 0.00029262551106512547
                  },
                  "add": {
                    "flop_cost": 18884281472,
                    "calls": 6026,
                    "flopscope_backend_time_s": 6.284247827949002,
                    "flopscope_overhead_time_s": 0.19417362683452666
                  },
                  "subtract": {
                    "flop_cost": 10890238208,
                    "calls": 5741,
                    "flopscope_backend_time_s": 7.864640130428597,
                    "flopscope_overhead_time_s": 0.16727656568400562
                  },
                  "stack": {
                    "flop_cost": 5457689600,
                    "calls": 389,
                    "flopscope_backend_time_s": 0.8892221697606146,
                    "flopscope_overhead_time_s": 0.012325750663876534
                  },
                  "negative": {
                    "flop_cost": 8388608,
                    "calls": 1,
                    "flopscope_backend_time_s": 0.0008839161600917578,
                    "flopscope_overhead_time_s": 2.162577584385872e-05
                  },
                  "concatenate": {
                    "flop_cost": 16908288,
                    "calls": 1,
                    "flopscope_backend_time_s": 0.0013384169433265924,
                    "flopscope_overhead_time_s": 1.8833205103874207e-05
                  },
                  "maximum": {
                    "flop_cost": 541065216,
                    "calls": 64,
                    "flopscope_backend_time_s": 0.2280957461334765,
                    "flopscope_overhead_time_s": 0.0023637120611965656
                  },
                  "block": {
                    "flop_cost": 5855815680,
                    "calls": 252,
                    "flopscope_backend_time_s": 3.631595212034881,
                    "flopscope_overhead_time_s": 0.015310282818973064
                  },
                  "zeros": {
                    "flop_cost": 0,
                    "calls": 33,
                    "flopscope_backend_time_s": 4.745367914438248e-05,
                    "flopscope_overhead_time_s": 0.00017921673133969307
                  },
                  "sum": {
                    "flop_cost": 33864960,
                    "calls": 34,
                    "flopscope_backend_time_s": 0.0041192464996129274,
                    "flopscope_overhead_time_s": 0.006531584542244673
                  },
                  "true_divide": {
                    "flop_cost": 512,
                    "calls": 1,
                    "flopscope_backend_time_s": 1.2707896530628204e-05,
                    "flopscope_overhead_time_s": 3.0333176255226135e-05
                  },
                  "sqrt": {
                    "flop_cost": 256,
                    "calls": 1,
                    "flopscope_backend_time_s": 1.2499978765845299e-05,
                    "flopscope_overhead_time_s": 2.5084009394049644e-05
                  }
                }
              }
            }
          }
        },
        "traceback": null
      },
      {
        "mlp_index": 18,
        "mlp_name": "anne-clayton",
        "final_layer_mse": 1.392736237448844e-07,
        "all_layers_mse": 0.5064952373504639,
        "per_layer_mse": [
          7.301518833990883e-10,
          0.5436325073242188,
          0.5599949955940247,
          0.7115246057510376,
          0.7611979246139526,
          0.8436282277107239,
          0.8542196750640869,
          1.0244290828704834,
          0.9967204332351685,
          1.0589094161987305,
          1.0028603076934814,
          0.6738690733909607,
          0.6333063840866089,
          0.6124757528305054,
          0.5964875817298889,
          0.5099396705627441,
          0.4510302245616913,
          0.41844481229782104,
          0.3651873469352722,
          0.3507985770702362,
          0.40489304065704346,
          0.3867877125740051,
          0.3619440793991089,
          0.31663912534713745,
          0.31542640924453735,
          0.28350454568862915,
          0.22169239819049835,
          0.23464041948318481,
          0.260505348443985,
          0.21805208921432495,
          0.23510479927062988,
          1.392736237448844e-07
        ],
        "adjusted_final_layer_score": 9.190470481450111e-08,
        "flops_used": 170971246080,
        "effective_compute": 179488973126.27365,
        "budget_exhausted": false,
        "time_exhausted": false,
        "residual_wall_time_exhausted": false,
        "combined_budget_exhausted": false,
        "wall_time_s": 23.915083915926516,
        "flopscope_backend_time_s": 22.924139525508508,
        "flopscope_overhead_time_s": 0.9057671199552715,
        "residual_wall_time_s": 0.08517727046273649,
        "breakdowns": {
          "estimator": {
            "flop_budget": 272000000000,
            "flops_used": 170971246080,
            "flops_remaining": 101028753920,
            "wall_time_s": 23.915083915926516,
            "flopscope_backend_time_s": 22.924139525508508,
            "flopscope_overhead_time_s": 0.9057671199552715,
            "residual_wall_time_s": 0.08517727046273649,
            "by_namespace": {
              "estimator.estimator-client": {
                "flops_used": 170971246080,
                "calls": 15720,
                "flopscope_backend_time_s": 22.924139525508508,
                "flopscope_overhead_time_s": 0.9055419950746,
                "operations": {
                  "astype": {
                    "flop_cost": 35913728,
                    "calls": 65,
                    "flopscope_backend_time_s": 0.0040062114130705595,
                    "flopscope_overhead_time_s": 0.0011166662443429232
                  },
                  "matmul": {
                    "flop_cost": 129078979456,
                    "calls": 3088,
                    "flopscope_backend_time_s": 4.406767926178873,
                    "flopscope_overhead_time_s": 0.1501854914240539
                  },
                  "multiply": {
                    "flop_cost": 16974080,
                    "calls": 6,
                    "flopscope_backend_time_s": 0.007915373425930738,
                    "flopscope_overhead_time_s": 0.00015187636017799377
                  },
                  "reshape": {
                    "flop_cost": 151126016,
                    "calls": 18,
                    "flopscope_backend_time_s": 4.1623832657933235e-05,
                    "flopscope_overhead_time_s": 0.0002853765618056059
                  },
                  "add": {
                    "flop_cost": 18884281472,
                    "calls": 6026,
                    "flopscope_backend_time_s": 6.209706148132682,
                    "flopscope_overhead_time_s": 0.5764229670166969
                  },
                  "subtract": {
                    "flop_cost": 10890238208,
                    "calls": 5741,
                    "flopscope_backend_time_s": 7.879707280313596,
                    "flopscope_overhead_time_s": 0.14906094688922167
                  },
                  "stack": {
                    "flop_cost": 5457689600,
                    "calls": 389,
                    "flopscope_backend_time_s": 0.9032703728880733,
                    "flopscope_overhead_time_s": 0.011185509618371725
                  },
                  "negative": {
                    "flop_cost": 8388608,
                    "calls": 1,
                    "flopscope_backend_time_s": 0.0009274159092456102,
                    "flopscope_overhead_time_s": 3.187614493072033e-05
                  },
                  "concatenate": {
                    "flop_cost": 16908288,
                    "calls": 1,
                    "flopscope_backend_time_s": 0.0013050839770585299,
                    "flopscope_overhead_time_s": 1.7041107639670372e-05
                  },
                  "maximum": {
                    "flop_cost": 541065216,
                    "calls": 64,
                    "flopscope_backend_time_s": 0.21813462837599218,
                    "flopscope_overhead_time_s": 0.0021157856099307537
                  },
                  "block": {
                    "flop_cost": 5855815680,
                    "calls": 252,
                    "flopscope_backend_time_s": 3.2882823820691556,
                    "flopscope_overhead_time_s": 0.009139405563473701
                  },
                  "zeros": {
                    "flop_cost": 0,
                    "calls": 33,
                    "flopscope_backend_time_s": 4.070601426064968e-05,
                    "flopscope_overhead_time_s": 0.00016875658184289932
                  },
                  "sum": {
                    "flop_cost": 33864960,
                    "calls": 34,
                    "flopscope_backend_time_s": 0.004015373066067696,
                    "flopscope_overhead_time_s": 0.0056100040674209595
                  },
                  "true_divide": {
                    "flop_cost": 512,
                    "calls": 1,
                    "flopscope_backend_time_s": 1.0207993909716606e-05,
                    "flopscope_overhead_time_s": 2.8041889891028404e-05
                  },
                  "sqrt": {
                    "flop_cost": 256,
                    "calls": 1,
                    "flopscope_backend_time_s": 8.791917935013771e-06,
                    "flopscope_overhead_time_s": 2.2249994799494743e-05
                  }
                }
              }
            }
          }
        },
        "traceback": null
      },
      {
        "mlp_index": 19,
        "mlp_name": "jessica-benson",
        "final_layer_mse": 1.4538007064857084e-07,
        "all_layers_mse": 3.578047513961792,
        "per_layer_mse": [
          6.829888876680457e-10,
          0.5611528158187866,
          0.6717637777328491,
          0.7803161144256592,
          0.8943872451782227,
          1.0154787302017212,
          1.3749463558197021,
          1.4964871406555176,
          1.465348243713379,
          2.3989171981811523,
          2.4371824264526367,
          2.777851104736328,
          3.0161969661712646,
          3.571763515472412,
          4.175352573394775,
          5.107180595397949,
          6.296530246734619,
          6.597439765930176,
          7.171619415283203,
          5.4383368492126465,
          6.269651889801025,
          5.712546348571777,
          6.034162521362305,
          4.340907573699951,
          4.527245044708252,
          4.906814098358154,
          5.449348449707031,
          5.181386947631836,
          4.997917652130127,
          4.554037094116211,
          5.27524995803833,
          1.4538007064857084e-07
        ],
        "adjusted_final_layer_score": 9.572386429012872e-08,
        "flops_used": 170971246080,
        "effective_compute": 179095325588.70694,
        "budget_exhausted": false,
        "time_exhausted": false,
        "residual_wall_time_exhausted": false,
        "combined_budget_exhausted": false,
        "wall_time_s": 24.10868833307177,
        "flopscope_backend_time_s": 23.573119633132592,
        "flopscope_overhead_time_s": 0.45432790485210717,
        "residual_wall_time_s": 0.08124079508706927,
        "breakdowns": {
          "estimator": {
            "flop_budget": 272000000000,
            "flops_used": 170971246080,
            "flops_remaining": 101028753920,
            "wall_time_s": 24.10868833307177,
            "flopscope_backend_time_s": 23.573119633132592,
            "flopscope_overhead_time_s": 0.45432790485210717,
            "residual_wall_time_s": 0.08124079508706927,
            "by_namespace": {
              "estimator.estimator-client": {
                "flops_used": 170971246080,
                "calls": 15720,
                "flopscope_backend_time_s": 23.573119633132592,
                "flopscope_overhead_time_s": 0.45410582167096436,
                "operations": {
                  "astype": {
                    "flop_cost": 35913728,
                    "calls": 65,
                    "flopscope_backend_time_s": 0.0033353357575833797,
                    "flopscope_overhead_time_s": 0.0011007494758814573
                  },
                  "matmul": {
                    "flop_cost": 129078979456,
                    "calls": 3088,
                    "flopscope_backend_time_s": 4.5141118303872645,
                    "flopscope_overhead_time_s": 0.14143778523430228
                  },
                  "multiply": {
                    "flop_cost": 16974080,
                    "calls": 6,
                    "flopscope_backend_time_s": 0.004553916165605187,
                    "flopscope_overhead_time_s": 0.00013429205864667892
                  },
                  "reshape": {
                    "flop_cost": 151126016,
                    "calls": 18,
                    "flopscope_backend_time_s": 3.1795352697372437e-05,
                    "flopscope_overhead_time_s": 0.0002489991020411253
                  },
                  "add": {
                    "flop_cost": 18884281472,
                    "calls": 6026,
                    "flopscope_backend_time_s": 6.179219751385972,
                    "flopscope_overhead_time_s": 0.15134859178215265
                  },
                  "subtract": {
                    "flop_cost": 10890238208,
                    "calls": 5741,
                    "flopscope_backend_time_s": 8.2970370890107,
                    "flopscope_overhead_time_s": 0.13358952105045319
                  },
                  "stack": {
                    "flop_cost": 5457689600,
                    "calls": 389,
                    "flopscope_backend_time_s": 0.9130563715007156,
                    "flopscope_overhead_time_s": 0.009993546642363071
                  },
                  "negative": {
                    "flop_cost": 8388608,
                    "calls": 1,
                    "flopscope_backend_time_s": 0.0009312499314546585,
                    "flopscope_overhead_time_s": 1.7833197489380836e-05
                  },
                  "concatenate": {
                    "flop_cost": 16908288,
                    "calls": 1,
                    "flopscope_backend_time_s": 0.0013391671236604452,
                    "flopscope_overhead_time_s": 1.4832941815257072e-05
                  },
                  "maximum": {
                    "flop_cost": 541065216,
                    "calls": 64,
                    "flopscope_backend_time_s": 0.22910087765194476,
                    "flopscope_overhead_time_s": 0.0019172963220626116
                  },
                  "block": {
                    "flop_cost": 5855815680,
                    "calls": 252,
                    "flopscope_backend_time_s": 3.4263164959847927,
                    "flopscope_overhead_time_s": 0.008461998775601387
                  },
                  "zeros": {
                    "flop_cost": 0,
                    "calls": 33,
                    "flopscope_backend_time_s": 5.554524250328541e-05,
                    "flopscope_overhead_time_s": 0.00016412371769547462
                  },
                  "sum": {
                    "flop_cost": 33864960,
                    "calls": 34,
                    "flopscope_backend_time_s": 0.004003207432106137,
                    "flopscope_overhead_time_s": 0.0056025434751063585
                  },
                  "true_divide": {
                    "flop_cost": 512,
                    "calls": 1,
                    "flopscope_backend_time_s": 1.558312214910984e-05,
                    "flopscope_overhead_time_s": 4.833308048546314e-05
                  },
                  "sqrt": {
                    "flop_cost": 256,
                    "calls": 1,
                    "flopscope_backend_time_s": 1.1417083442211151e-05,
                    "flopscope_overhead_time_s": 2.5374814867973328e-05
                  }
                }
              }
            }
          }
        },
        "traceback": null
      },
      {
        "mlp_index": 20,
        "mlp_name": "alexandra-adkins",
        "final_layer_mse": 4.035103984278976e-07,
        "all_layers_mse": 1.2344791889190674,
        "per_layer_mse": [
          7.269193025294385e-10,
          0.6091871857643127,
          0.6636245250701904,
          0.8440780639648438,
          0.782004177570343,
          0.8414371013641357,
          1.1142184734344482,
          1.2779901027679443,
          1.1753617525100708,
          1.226179599761963,
          1.2857295274734497,
          1.2388858795166016,
          1.2132909297943115,
          1.0369839668273926,
          1.089040994644165,
          0.9702141284942627,
          1.1366914510726929,
          1.137887716293335,
          1.3049933910369873,
          1.2014565467834473,
          1.3492401838302612,
          1.5273452997207642,
          1.9617170095443726,
          1.609377145767212,
          1.7210859060287476,
          1.692872166633606,
          1.6854827404022217,
          1.8199270963668823,
          1.9734147787094116,
          2.0470495223999023,
          1.9665651321411133,
          4.035103984278976e-07
        ],
        "adjusted_final_layer_score": 2.649143473793551e-07,
        "flops_used": 170971246080,
        "effective_compute": 178574586349.9977,
        "budget_exhausted": false,
        "time_exhausted": false,
        "residual_wall_time_exhausted": false,
        "combined_budget_exhausted": false,
        "wall_time_s": 22.134979791007936,
        "flopscope_backend_time_s": 21.573999336222187,
        "flopscope_overhead_time_s": 0.48494705208577216,
        "residual_wall_time_s": 0.07603340269997716,
        "breakdowns": {
          "estimator": {
            "flop_budget": 272000000000,
            "flops_used": 170971246080,
            "flops_remaining": 101028753920,
            "wall_time_s": 22.134979791007936,
            "flopscope_backend_time_s": 21.573999336222187,
            "flopscope_overhead_time_s": 0.48494705208577216,
            "residual_wall_time_s": 0.07603340269997716,
            "by_namespace": {
              "estimator.estimator-client": {
                "flops_used": 170971246080,
                "calls": 15720,
                "flopscope_backend_time_s": 21.573999336222187,
                "flopscope_overhead_time_s": 0.4847232191823423,
                "operations": {
                  "astype": {
                    "flop_cost": 35913728,
                    "calls": 65,
                    "flopscope_backend_time_s": 0.004398162709549069,
                    "flopscope_overhead_time_s": 0.0011295424774289131
                  },
                  "matmul": {
                    "flop_cost": 129078979456,
                    "calls": 3088,
                    "flopscope_backend_time_s": 4.398849931778386,
                    "flopscope_overhead_time_s": 0.14954116032458842
                  },
                  "multiply": {
                    "flop_cost": 16974080,
                    "calls": 6,
                    "flopscope_backend_time_s": 0.00925375078804791,
                    "flopscope_overhead_time_s": 0.00015558232553303242
                  },
                  "reshape": {
                    "flop_cost": 151126016,
                    "calls": 18,
                    "flopscope_backend_time_s": 4.366924986243248e-05,
                    "flopscope_overhead_time_s": 0.0003894120454788208
                  },
                  "add": {
                    "flop_cost": 18884281472,
                    "calls": 6026,
                    "flopscope_backend_time_s": 5.608749828534201,
                    "flopscope_overhead_time_s": 0.1566826670896262
                  },
                  "subtract": {
                    "flop_cost": 10890238208,
                    "calls": 5741,
                    "flopscope_backend_time_s": 7.570125623373315,
                    "flopscope_overhead_time_s": 0.1489256201311946
                  },
                  "stack": {
                    "flop_cost": 5457689600,
                    "calls": 389,
                    "flopscope_backend_time_s": 0.8580028277356178,
                    "flopscope_overhead_time_s": 0.011337511008605361
                  },
                  "negative": {
                    "flop_cost": 8388608,
                    "calls": 1,
                    "flopscope_backend_time_s": 0.0008807918056845665,
                    "flopscope_overhead_time_s": 1.8291175365447998e-05
                  },
                  "concatenate": {
                    "flop_cost": 16908288,
                    "calls": 1,
                    "flopscope_backend_time_s": 0.001305958954617381,
                    "flopscope_overhead_time_s": 1.545785926282406e-05
                  },
                  "maximum": {
                    "flop_cost": 541065216,
                    "calls": 64,
                    "flopscope_backend_time_s": 0.21633049589581788,
                    "flopscope_overhead_time_s": 0.0019653814379125834
                  },
                  "block": {
                    "flop_cost": 5855815680,
                    "calls": 252,
                    "flopscope_backend_time_s": 2.901957714697346,
                    "flopscope_overhead_time_s": 0.00863558636046946
                  },
                  "zeros": {
                    "flop_cost": 0,
                    "calls": 33,
                    "flopscope_backend_time_s": 3.91670037060976e-05,
                    "flopscope_overhead_time_s": 0.00016337912529706955
                  },
                  "sum": {
                    "flop_cost": 33864960,
                    "calls": 34,
                    "flopscope_backend_time_s": 0.0040418305434286594,
                    "flopscope_overhead_time_s": 0.005714544793590903
                  },
                  "true_divide": {
                    "flop_cost": 512,
                    "calls": 1,
                    "flopscope_backend_time_s": 1.0333023965358734e-05,
                    "flopscope_overhead_time_s": 2.650008536875248e-05
                  },
                  "sqrt": {
                    "flop_cost": 256,
                    "calls": 1,
                    "flopscope_backend_time_s": 9.250128641724586e-06,
                    "flopscope_overhead_time_s": 2.2582942619919777e-05
                  }
                }
              }
            }
          }
        },
        "traceback": null
      },
      {
        "mlp_index": 21,
        "mlp_name": "olivia-hodge",
        "final_layer_mse": 1.1590844906095299e-07,
        "all_layers_mse": 0.6989470720291138,
        "per_layer_mse": [
          8.785990268656008e-10,
          0.47220781445503235,
          0.5287031531333923,
          0.6511064767837524,
          0.5898689031600952,
          0.5747829675674438,
          0.6743065118789673,
          0.7880165576934814,
          0.7790007591247559,
          0.8594114780426025,
          0.7868499755859375,
          0.7652934789657593,
          0.7808130979537964,
          0.8418437242507935,
          0.9665263891220093,
          0.9046236276626587,
          0.8030446767807007,
          0.82630455493927,
          0.8107874989509583,
          0.6827361583709717,
          0.8806641101837158,
          0.8793941736221313,
          0.8093986511230469,
          0.9593573808670044,
          0.8268330693244934,
          0.8874030113220215,
          0.6909593343734741,
          0.6396719217300415,
          0.6549208760261536,
          0.5503816604614258,
          0.5010939240455627,
          1.1590844906095299e-07
        ],
        "adjusted_final_layer_score": 7.629977366064782e-08,
        "flops_used": 170971246080,
        "effective_compute": 179051127021.6592,
        "budget_exhausted": false,
        "time_exhausted": false,
        "residual_wall_time_exhausted": false,
        "combined_budget_exhausted": false,
        "wall_time_s": 22.218133917078376,
        "flopscope_backend_time_s": 21.641009003855288,
        "flopscope_overhead_time_s": 0.49632610380649567,
        "residual_wall_time_s": 0.08079880941659212,
        "breakdowns": {
          "estimator": {
            "flop_budget": 272000000000,
            "flops_used": 170971246080,
            "flops_remaining": 101028753920,
            "wall_time_s": 22.218133917078376,
            "flopscope_backend_time_s": 21.641009003855288,
            "flopscope_overhead_time_s": 0.49632610380649567,
            "residual_wall_time_s": 0.08079880941659212,
            "by_namespace": {
              "estimator.estimator-client": {
                "flops_used": 170971246080,
                "calls": 15720,
                "flopscope_backend_time_s": 21.641009003855288,
                "flopscope_overhead_time_s": 0.49612735374830663,
                "operations": {
                  "astype": {
                    "flop_cost": 35913728,
                    "calls": 65,
                    "flopscope_backend_time_s": 0.003086620010435581,
                    "flopscope_overhead_time_s": 0.0011090051848441362
                  },
                  "matmul": {
                    "flop_cost": 129078979456,
                    "calls": 3088,
                    "flopscope_backend_time_s": 4.330611906945705,
                    "flopscope_overhead_time_s": 0.15591972321271896
                  },
                  "multiply": {
                    "flop_cost": 16974080,
                    "calls": 6,
                    "flopscope_backend_time_s": 0.009409333113580942,
                    "flopscope_overhead_time_s": 0.00019229156896471977
                  },
                  "reshape": {
                    "flop_cost": 151126016,
                    "calls": 18,
                    "flopscope_backend_time_s": 4.641711711883545e-05,
                    "flopscope_overhead_time_s": 0.0003683727700263262
                  },
                  "add": {
                    "flop_cost": 18884281472,
                    "calls": 6026,
                    "flopscope_backend_time_s": 5.697219461435452,
                    "flopscope_overhead_time_s": 0.16578221274539828
                  },
                  "subtract": {
                    "flop_cost": 10890238208,
                    "calls": 5741,
                    "flopscope_backend_time_s": 7.485459717456251,
                    "flopscope_overhead_time_s": 0.14553922740742564
                  },
                  "stack": {
                    "flop_cost": 5457689600,
                    "calls": 389,
                    "flopscope_backend_time_s": 0.8131944255437702,
                    "flopscope_overhead_time_s": 0.010490351123735309
                  },
                  "negative": {
                    "flop_cost": 8388608,
                    "calls": 1,
                    "flopscope_backend_time_s": 0.0008884579874575138,
                    "flopscope_overhead_time_s": 2.0459061488509178e-05
                  },
                  "concatenate": {
                    "flop_cost": 16908288,
                    "calls": 1,
                    "flopscope_backend_time_s": 0.001992124831303954,
                    "flopscope_overhead_time_s": 2.0875129848718643e-05
                  },
                  "maximum": {
                    "flop_cost": 541065216,
                    "calls": 64,
                    "flopscope_backend_time_s": 0.22162770968861878,
                    "flopscope_overhead_time_s": 0.001975128659978509
                  },
                  "block": {
                    "flop_cost": 5855815680,
                    "calls": 252,
                    "flopscope_backend_time_s": 3.073340867413208,
                    "flopscope_overhead_time_s": 0.00873388210311532
                  },
                  "zeros": {
                    "flop_cost": 0,
                    "calls": 33,
                    "flopscope_backend_time_s": 6.433599628508091e-05,
                    "flopscope_overhead_time_s": 0.00016053486615419388
                  },
                  "sum": {
                    "flop_cost": 33864960,
                    "calls": 34,
                    "flopscope_backend_time_s": 0.004041460109874606,
                    "flopscope_overhead_time_s": 0.005764289293438196
                  },
                  "true_divide": {
                    "flop_cost": 512,
                    "calls": 1,
                    "flopscope_backend_time_s": 1.2958189472556114e-05,
                    "flopscope_overhead_time_s": 2.7791829779744148e-05
                  },
                  "sqrt": {
                    "flop_cost": 256,
                    "calls": 1,
                    "flopscope_backend_time_s": 1.3208016753196716e-05,
                    "flopscope_overhead_time_s": 2.320879139006138e-05
                  }
                }
              }
            }
          }
        },
        "traceback": null
      },
      {
        "mlp_index": 22,
        "mlp_name": "mary-clay",
        "final_layer_mse": 1.8717256011768768e-07,
        "all_layers_mse": 0.5651832222938538,
        "per_layer_mse": [
          5.766170874110799e-10,
          0.38837921619415283,
          0.486552357673645,
          0.5227415561676025,
          0.6058042049407959,
          0.5869203805923462,
          0.523441731929779,
          0.4544909596443176,
          0.4827989339828491,
          0.42162638902664185,
          0.3739176392555237,
          0.39757469296455383,
          0.40617576241493225,
          0.43300682306289673,
          0.5302619934082031,
          0.5699464082717896,
          0.5797216892242432,
          0.5978724956512451,
          0.5981625914573669,
          0.715836226940155,
          1.011095404624939,
          1.056337594985962,
          0.887412965297699,
          0.6782345771789551,
          0.6779496669769287,
          0.734801173210144,
          0.710024356842041,
          0.6320149898529053,
          0.770939290523529,
          0.6360152959823608,
          0.6158052086830139,
          1.8717256011768768e-07
        ],
        "adjusted_final_layer_score": 1.231709453413357e-07,
        "flops_used": 170971246080,
        "effective_compute": 178992567670.0585,
        "budget_exhausted": false,
        "time_exhausted": false,
        "residual_wall_time_exhausted": false,
        "combined_budget_exhausted": false,
        "wall_time_s": 21.604665625141934,
        "flopscope_backend_time_s": 20.7943285505753,
        "flopscope_overhead_time_s": 0.7301238586660475,
        "residual_wall_time_s": 0.08021321590058506,
        "breakdowns": {
          "estimator": {
            "flop_budget": 272000000000,
            "flops_used": 170971246080,
            "flops_remaining": 101028753920,
            "wall_time_s": 21.604665625141934,
            "flopscope_backend_time_s": 20.7943285505753,
            "flopscope_overhead_time_s": 0.7301238586660475,
            "residual_wall_time_s": 0.08021321590058506,
            "by_namespace": {
              "estimator.estimator-client": {
                "flops_used": 170971246080,
                "calls": 15720,
                "flopscope_backend_time_s": 20.7943285505753,
                "flopscope_overhead_time_s": 0.7299605663865805,
                "operations": {
                  "astype": {
                    "flop_cost": 35913728,
                    "calls": 65,
                    "flopscope_backend_time_s": 0.003259166842326522,
                    "flopscope_overhead_time_s": 0.0012015437241643667
                  },
                  "matmul": {
                    "flop_cost": 129078979456,
                    "calls": 3088,
                    "flopscope_backend_time_s": 4.2390032187104225,
                    "flopscope_overhead_time_s": 0.3705234795343131
                  },
                  "multiply": {
                    "flop_cost": 16974080,
                    "calls": 6,
                    "flopscope_backend_time_s": 0.01690203999169171,
                    "flopscope_overhead_time_s": 0.00021725310944020748
                  },
                  "reshape": {
                    "flop_cost": 151126016,
                    "calls": 18,
                    "flopscope_backend_time_s": 4.916614852845669e-05,
                    "flopscope_overhead_time_s": 0.00034496141597628593
                  },
                  "add": {
                    "flop_cost": 18884281472,
                    "calls": 6026,
                    "flopscope_backend_time_s": 5.495386712485924,
                    "flopscope_overhead_time_s": 0.17543794913217425
                  },
                  "subtract": {
                    "flop_cost": 10890238208,
                    "calls": 5741,
                    "flopscope_backend_time_s": 7.212130044354126,
                    "flopscope_overhead_time_s": 0.15296121849678457
                  },
                  "stack": {
                    "flop_cost": 5457689600,
                    "calls": 389,
                    "flopscope_backend_time_s": 0.7614800792653114,
                    "flopscope_overhead_time_s": 0.011564457090571523
                  },
                  "negative": {
                    "flop_cost": 8388608,
                    "calls": 1,
                    "flopscope_backend_time_s": 0.0009111249819397926,
                    "flopscope_overhead_time_s": 2.6541994884610176e-05
                  },
                  "concatenate": {
                    "flop_cost": 16908288,
                    "calls": 1,
                    "flopscope_backend_time_s": 0.006971250055357814,
                    "flopscope_overhead_time_s": 3.200001083314419e-05
                  },
                  "maximum": {
                    "flop_cost": 541065216,
                    "calls": 64,
                    "flopscope_backend_time_s": 0.2220546673052013,
                    "flopscope_overhead_time_s": 0.0021284560207277536
                  },
                  "block": {
                    "flop_cost": 5855815680,
                    "calls": 252,
                    "flopscope_backend_time_s": 2.8320895850192755,
                    "flopscope_overhead_time_s": 0.009196159429848194
                  },
                  "zeros": {
                    "flop_cost": 0,
                    "calls": 33,
                    "flopscope_backend_time_s": 4.482944495975971e-05,
                    "flopscope_overhead_time_s": 0.00015667080879211426
                  },
                  "sum": {
                    "flop_cost": 33864960,
                    "calls": 34,
                    "flopscope_backend_time_s": 0.004022873705253005,
                    "flopscope_overhead_time_s": 0.006122626829892397
                  },
                  "true_divide": {
                    "flop_cost": 512,
                    "calls": 1,
                    "flopscope_backend_time_s": 2.1167099475860596e-05,
                    "flopscope_overhead_time_s": 2.2540800273418427e-05
                  },
                  "sqrt": {
                    "flop_cost": 256,
                    "calls": 1,
                    "flopscope_backend_time_s": 2.62516550719738e-06,
                    "flopscope_overhead_time_s": 2.4707987904548645e-05
                  }
                }
              }
            }
          }
        },
        "traceback": null
      },
      {
        "mlp_index": 23,
        "mlp_name": "emily-ho",
        "final_layer_mse": 1.2453561737402197e-07,
        "all_layers_mse": 0.5978846549987793,
        "per_layer_mse": [
          5.762812449461308e-10,
          0.5605872869491577,
          0.5736119151115417,
          0.6614110469818115,
          0.7434757351875305,
          0.7113653421401978,
          0.7814571857452393,
          0.9560467600822449,
          1.15846586227417,
          1.0808439254760742,
          1.0478181838989258,
          1.0012454986572266,
          0.8708019256591797,
          0.5670733451843262,
          0.5878720879554749,
          0.58310866355896,
          0.5646854043006897,
          0.5567315220832825,
          0.46784940361976624,
          0.4844743609428406,
          0.39223912358283997,
          0.36734241247177124,
          0.36280691623687744,
          0.3944593667984009,
          0.3682662844657898,
          0.39279693365097046,
          0.5308856964111328,
          0.4944099187850952,
          0.6329653859138489,
          0.581727147102356,
          0.6554845571517944,
          1.2453561737402197e-07
        ],
        "adjusted_final_layer_score": 8.202194929632587e-08,
        "flops_used": 170971246080,
        "effective_compute": 179145297377.82855,
        "budget_exhausted": false,
        "time_exhausted": false,
        "residual_wall_time_exhausted": false,
        "combined_budget_exhausted": false,
        "wall_time_s": 22.672105833888054,
        "flopscope_backend_time_s": 22.063581463415176,
        "flopscope_overhead_time_s": 0.5267838574945927,
        "residual_wall_time_s": 0.08174051297828555,
        "breakdowns": {
          "estimator": {
            "flop_budget": 272000000000,
            "flops_used": 170971246080,
            "flops_remaining": 101028753920,
            "wall_time_s": 22.672105833888054,
            "flopscope_backend_time_s": 22.063581463415176,
            "flopscope_overhead_time_s": 0.5267838574945927,
            "residual_wall_time_s": 0.08174051297828555,
            "by_namespace": {
              "estimator.estimator-client": {
                "flops_used": 170971246080,
                "calls": 15720,
                "flopscope_backend_time_s": 22.063581463415176,
                "flopscope_overhead_time_s": 0.5266096906270832,
                "operations": {
                  "astype": {
                    "flop_cost": 35913728,
                    "calls": 65,
                    "flopscope_backend_time_s": 0.0030896214302629232,
                    "flopscope_overhead_time_s": 0.0012030864600092173
                  },
                  "matmul": {
                    "flop_cost": 129078979456,
                    "calls": 3088,
                    "flopscope_backend_time_s": 4.391680080676451,
                    "flopscope_overhead_time_s": 0.16828516451641917
                  },
                  "multiply": {
                    "flop_cost": 16974080,
                    "calls": 6,
                    "flopscope_backend_time_s": 0.008414458949118853,
                    "flopscope_overhead_time_s": 0.00017995666712522507
                  },
                  "reshape": {
                    "flop_cost": 151126016,
                    "calls": 18,
                    "flopscope_backend_time_s": 5.054054781794548e-05,
                    "flopscope_overhead_time_s": 0.00036087469197809696
                  },
                  "add": {
                    "flop_cost": 18884281472,
                    "calls": 6026,
                    "flopscope_backend_time_s": 6.013757739216089,
                    "flopscope_overhead_time_s": 0.17305408930405974
                  },
                  "subtract": {
                    "flop_cost": 10890238208,
                    "calls": 5741,
                    "flopscope_backend_time_s": 7.532640964258462,
                    "flopscope_overhead_time_s": 0.15341195603832603
                  },
                  "stack": {
                    "flop_cost": 5457689600,
                    "calls": 389,
                    "flopscope_backend_time_s": 0.8205707559827715,
                    "flopscope_overhead_time_s": 0.011587366927415133
                  },
                  "negative": {
                    "flop_cost": 8388608,
                    "calls": 1,
                    "flopscope_backend_time_s": 0.0008939590770751238,
                    "flopscope_overhead_time_s": 1.8665799871087074e-05
                  },
                  "concatenate": {
                    "flop_cost": 16908288,
                    "calls": 1,
                    "flopscope_backend_time_s": 0.001285000005736947,
                    "flopscope_overhead_time_s": 1.4999881386756897e-05
                  },
                  "maximum": {
                    "flop_cost": 541065216,
                    "calls": 64,
                    "flopscope_backend_time_s": 0.22342187608592212,
                    "flopscope_overhead_time_s": 0.002127542160451412
                  },
                  "block": {
                    "flop_cost": 5855815680,
                    "calls": 252,
                    "flopscope_backend_time_s": 3.063512636581436,
                    "flopscope_overhead_time_s": 0.00942881591618061
                  },
                  "zeros": {
                    "flop_cost": 0,
                    "calls": 33,
                    "flopscope_backend_time_s": 3.841612488031387e-05,
                    "flopscope_overhead_time_s": 0.00016204407438635826
                  },
                  "sum": {
                    "flop_cost": 33864960,
                    "calls": 34,
                    "flopscope_backend_time_s": 0.004205246455967426,
                    "flopscope_overhead_time_s": 0.006721962243318558
                  },
                  "true_divide": {
                    "flop_cost": 512,
                    "calls": 1,
                    "flopscope_backend_time_s": 1.133396290242672e-05,
                    "flopscope_overhead_time_s": 2.5208108127117157e-05
                  },
                  "sqrt": {
                    "flop_cost": 256,
                    "calls": 1,
                    "flopscope_backend_time_s": 8.834060281515121e-06,
                    "flopscope_overhead_time_s": 2.7957838028669357e-05
                  }
                }
              }
            }
          }
        },
        "traceback": null
      },
      {
        "mlp_index": 24,
        "mlp_name": "michael-poole",
        "final_layer_mse": 1.791368333670107e-07,
        "all_layers_mse": 0.8520563840866089,
        "per_layer_mse": [
          7.261557466442525e-10,
          0.47814929485321045,
          0.697693407535553,
          0.8602556586265564,
          0.7078825831413269,
          0.7529139518737793,
          0.8722586631774902,
          1.0327324867248535,
          1.0731425285339355,
          1.2421876192092896,
          1.4885051250457764,
          1.3644708395004272,
          1.0701442956924438,
          0.8294994235038757,
          0.7952144742012024,
          0.6988862156867981,
          0.5798673629760742,
          0.6434111595153809,
          0.553534209728241,
          0.6622512340545654,
          0.7216910123825073,
          0.6815803050994873,
          0.6706604957580566,
          0.8317112922668457,
          0.9382308721542358,
          0.9825863838195801,
          0.9950670599937439,
          1.0851656198501587,
          1.1128075122833252,
          1.3303015232086182,
          1.5130029916763306,
          1.791368333670107e-07
        ],
        "adjusted_final_layer_score": 1.1732914753235355e-07,
        "flops_used": 170971246080,
        "effective_compute": 178151681756.1277,
        "budget_exhausted": false,
        "time_exhausted": false,
        "residual_wall_time_exhausted": false,
        "combined_budget_exhausted": false,
        "wall_time_s": 21.676817249972373,
        "flopscope_backend_time_s": 21.152135005686432,
        "flopscope_overhead_time_s": 0.4528778875246644,
        "residual_wall_time_s": 0.07180435676127672,
        "breakdowns": {
          "estimator": {
            "flop_budget": 272000000000,
            "flops_used": 170971246080,
            "flops_remaining": 101028753920,
            "wall_time_s": 21.676817249972373,
            "flopscope_backend_time_s": 21.152135005686432,
            "flopscope_overhead_time_s": 0.4528778875246644,
            "residual_wall_time_s": 0.07180435676127672,
            "by_namespace": {
              "estimator.estimator-client": {
                "flops_used": 170971246080,
                "calls": 15720,
                "flopscope_backend_time_s": 21.152135005686432,
                "flopscope_overhead_time_s": 0.4527278454042971,
                "operations": {
                  "astype": {
                    "flop_cost": 35913728,
                    "calls": 65,
                    "flopscope_backend_time_s": 0.0029309161473065615,
                    "flopscope_overhead_time_s": 0.0010767506901174784
                  },
                  "matmul": {
                    "flop_cost": 129078979456,
                    "calls": 3088,
                    "flopscope_backend_time_s": 4.325241574784741,
                    "flopscope_overhead_time_s": 0.1386914427857846
                  },
                  "multiply": {
                    "flop_cost": 16974080,
                    "calls": 6,
                    "flopscope_backend_time_s": 0.009157584048807621,
                    "flopscope_overhead_time_s": 0.00017633219249546528
                  },
                  "reshape": {
                    "flop_cost": 151126016,
                    "calls": 18,
                    "flopscope_backend_time_s": 4.7875335440039635e-05,
                    "flopscope_overhead_time_s": 0.0003615841269493103
                  },
                  "add": {
                    "flop_cost": 18884281472,
                    "calls": 6026,
                    "flopscope_backend_time_s": 5.465586193604395,
                    "flopscope_overhead_time_s": 0.14780288562178612
                  },
                  "subtract": {
                    "flop_cost": 10890238208,
                    "calls": 5741,
                    "flopscope_backend_time_s": 7.522844454040751,
                    "flopscope_overhead_time_s": 0.13973228447139263
                  },
                  "stack": {
                    "flop_cost": 5457689600,
                    "calls": 389,
                    "flopscope_backend_time_s": 0.758072288474068,
                    "flopscope_overhead_time_s": 0.009848257061094046
                  },
                  "negative": {
                    "flop_cost": 8388608,
                    "calls": 1,
                    "flopscope_backend_time_s": 0.0008792921435087919,
                    "flopscope_overhead_time_s": 1.829187385737896e-05
                  },
                  "concatenate": {
                    "flop_cost": 16908288,
                    "calls": 1,
                    "flopscope_backend_time_s": 0.0012960410676896572,
                    "flopscope_overhead_time_s": 1.9167782738804817e-05
                  },
                  "maximum": {
                    "flop_cost": 541065216,
                    "calls": 64,
                    "flopscope_backend_time_s": 0.2150758325587958,
                    "flopscope_overhead_time_s": 0.0017837132327258587
                  },
                  "block": {
                    "flop_cost": 5855815680,
                    "calls": 252,
                    "flopscope_backend_time_s": 2.8471025843173265,
                    "flopscope_overhead_time_s": 0.007909753592684865
                  },
                  "zeros": {
                    "flop_cost": 0,
                    "calls": 33,
                    "flopscope_backend_time_s": 2.620415762066841e-05,
                    "flopscope_overhead_time_s": 0.00018012989312410355
                  },
                  "sum": {
                    "flop_cost": 33864960,
                    "calls": 34,
                    "flopscope_backend_time_s": 0.003869373118504882,
                    "flopscope_overhead_time_s": 0.0050921267829835415
                  },
                  "true_divide": {
                    "flop_cost": 512,
                    "calls": 1,
                    "flopscope_backend_time_s": 2.708984538912773e-06,
                    "flopscope_overhead_time_s": 1.85410026460886e-05
                  },
                  "sqrt": {
                    "flop_cost": 256,
                    "calls": 1,
                    "flopscope_backend_time_s": 2.0829029381275177e-06,
                    "flopscope_overhead_time_s": 1.658429391682148e-05
                  }
                }
              }
            }
          }
        },
        "traceback": null
      },
      {
        "mlp_index": 25,
        "mlp_name": "courtney-roth",
        "final_layer_mse": 5.5746884441987277e-08,
        "all_layers_mse": 0.5316076278686523,
        "per_layer_mse": [
          7.048742700632715e-10,
          0.42349573969841003,
          0.47402697801589966,
          0.49245181679725647,
          0.42722323536872864,
          0.4490637481212616,
          0.47447410225868225,
          0.5192959308624268,
          0.5134251713752747,
          0.4975050687789917,
          0.4819478690624237,
          0.49540087580680847,
          0.5106959342956543,
          0.5180245637893677,
          0.49463820457458496,
          0.4840931296348572,
          0.4507766366004944,
          0.5630362033843994,
          0.6255224347114563,
          0.645950198173523,
          0.7585926651954651,
          0.7050869464874268,
          0.7290092706680298,
          0.7138229012489319,
          0.7690689563751221,
          0.8759356737136841,
          0.7296433448791504,
          0.6350771188735962,
          0.5229082107543945,
          0.5839607119560242,
          0.4472905993461609,
          5.5746884441987277e-08
        ],
        "adjusted_final_layer_score": 3.641404176922645e-08,
        "flops_used": 170971246080,
        "effective_compute": 177671262894.28403,
        "budget_exhausted": false,
        "time_exhausted": false,
        "residual_wall_time_exhausted": false,
        "combined_budget_exhausted": false,
        "wall_time_s": 21.964818583102897,
        "flopscope_backend_time_s": 21.491491478169337,
        "flopscope_overhead_time_s": 0.40632693679071963,
        "residual_wall_time_s": 0.06700016814284027,
        "breakdowns": {
          "estimator": {
            "flop_budget": 272000000000,
            "flops_used": 170971246080,
            "flops_remaining": 101028753920,
            "wall_time_s": 21.964818583102897,
            "flopscope_backend_time_s": 21.491491478169337,
            "flopscope_overhead_time_s": 0.40632693679071963,
            "residual_wall_time_s": 0.06700016814284027,
            "by_namespace": {
              "estimator.estimator-client": {
                "flops_used": 170971246080,
                "calls": 15720,
                "flopscope_backend_time_s": 21.491491478169337,
                "flopscope_overhead_time_s": 0.4062103535979986,
                "operations": {
                  "astype": {
                    "flop_cost": 35913728,
                    "calls": 65,
                    "flopscope_backend_time_s": 0.0029572511557489634,
                    "flopscope_overhead_time_s": 0.0010745434556156397
                  },
                  "matmul": {
                    "flop_cost": 129078979456,
                    "calls": 3088,
                    "flopscope_backend_time_s": 4.394537345971912,
                    "flopscope_overhead_time_s": 0.12705450877547264
                  },
                  "multiply": {
                    "flop_cost": 16974080,
                    "calls": 6,
                    "flopscope_backend_time_s": 0.0025139600038528442,
                    "flopscope_overhead_time_s": 0.00012845592573285103
                  },
                  "reshape": {
                    "flop_cost": 151126016,
                    "calls": 18,
                    "flopscope_backend_time_s": 3.0459603294730186e-05,
                    "flopscope_overhead_time_s": 0.00023579038679599762
                  },
                  "add": {
                    "flop_cost": 18884281472,
                    "calls": 6026,
                    "flopscope_backend_time_s": 5.481373701011762,
                    "flopscope_overhead_time_s": 0.1370763008017093
                  },
                  "subtract": {
                    "flop_cost": 10890238208,
                    "calls": 5741,
                    "flopscope_backend_time_s": 7.865509291179478,
                    "flopscope_overhead_time_s": 0.1172821072395891
                  },
                  "stack": {
                    "flop_cost": 5457689600,
                    "calls": 389,
                    "flopscope_backend_time_s": 0.7433801628649235,
                    "flopscope_overhead_time_s": 0.00902275019325316
                  },
                  "negative": {
                    "flop_cost": 8388608,
                    "calls": 1,
                    "flopscope_backend_time_s": 0.0008754581212997437,
                    "flopscope_overhead_time_s": 1.7583835870027542e-05
                  },
                  "concatenate": {
                    "flop_cost": 16908288,
                    "calls": 1,
                    "flopscope_backend_time_s": 0.0012571250554174185,
                    "flopscope_overhead_time_s": 1.4333054423332214e-05
                  },
                  "maximum": {
                    "flop_cost": 541065216,
                    "calls": 64,
                    "flopscope_backend_time_s": 0.2148174571339041,
                    "flopscope_overhead_time_s": 0.0017517905216664076
                  },
                  "block": {
                    "flop_cost": 5855815680,
                    "calls": 252,
                    "flopscope_backend_time_s": 2.780263391090557,
                    "flopscope_overhead_time_s": 0.007263815263286233
                  },
                  "zeros": {
                    "flop_cost": 0,
                    "calls": 33,
                    "flopscope_backend_time_s": 2.2706110030412674e-05,
                    "flopscope_overhead_time_s": 0.00015321001410484314
                  },
                  "sum": {
                    "flop_cost": 33864960,
                    "calls": 34,
                    "flopscope_backend_time_s": 0.003948377911001444,
                    "flopscope_overhead_time_s": 0.00509803812019527
                  },
                  "true_divide": {
                    "flop_cost": 512,
                    "calls": 1,
                    "flopscope_backend_time_s": 2.6659108698368073e-06,
                    "flopscope_overhead_time_s": 1.9500963389873505e-05
                  },
                  "sqrt": {
                    "flop_cost": 256,
                    "calls": 1,
                    "flopscope_backend_time_s": 2.125045284628868e-06,
                    "flopscope_overhead_time_s": 1.7625046893954277e-05
                  }
                }
              }
            }
          }
        },
        "traceback": null
      },
      {
        "mlp_index": 26,
        "mlp_name": "randy-hernandez",
        "final_layer_mse": 2.4270534026982205e-07,
        "all_layers_mse": 0.7367968559265137,
        "per_layer_mse": [
          8.125068950981529e-10,
          0.5103439092636108,
          0.4945102632045746,
          0.6073215007781982,
          0.633381724357605,
          0.6011446714401245,
          0.6015963554382324,
          0.5812761783599854,
          0.6601424217224121,
          0.6390469074249268,
          0.5810439586639404,
          0.5255310535430908,
          0.5139127373695374,
          0.5682472586631775,
          0.6574779748916626,
          0.7937735319137573,
          0.9462093114852905,
          1.1257872581481934,
          1.0651854276657104,
          0.9588191509246826,
          0.9879365563392639,
          0.7838423252105713,
          0.9595751762390137,
          0.9971749782562256,
          0.9867521524429321,
          0.9281315207481384,
          0.8531832098960876,
          0.8009264469146729,
          0.9197447299957275,
          1.2032597064971924,
          1.0922212600708008,
          2.4270534026982205e-07
        ],
        "adjusted_final_layer_score": 1.5881120503230238e-07,
        "flops_used": 170971246080,
        "effective_compute": 177979799376.32758,
        "budget_exhausted": false,
        "time_exhausted": false,
        "residual_wall_time_exhausted": false,
        "combined_budget_exhausted": false,
        "wall_time_s": 21.699586124857888,
        "flopscope_backend_time_s": 21.202153456630185,
        "flopscope_overhead_time_s": 0.42734713526442647,
        "residual_wall_time_s": 0.07008553296327591,
        "breakdowns": {
          "estimator": {
            "flop_budget": 272000000000,
            "flops_used": 170971246080,
            "flops_remaining": 101028753920,
            "wall_time_s": 21.699586124857888,
            "flopscope_backend_time_s": 21.202153456630185,
            "flopscope_overhead_time_s": 0.42734713526442647,
            "residual_wall_time_s": 0.07008553296327591,
            "by_namespace": {
              "estimator.estimator-client": {
                "flops_used": 170971246080,
                "calls": 15720,
                "flopscope_backend_time_s": 21.202153456630185,
                "flopscope_overhead_time_s": 0.4272169682662934,
                "operations": {
                  "astype": {
                    "flop_cost": 35913728,
                    "calls": 65,
                    "flopscope_backend_time_s": 0.0029383287765085697,
                    "flopscope_overhead_time_s": 0.0010573775507509708
                  },
                  "matmul": {
                    "flop_cost": 129078979456,
                    "calls": 3088,
                    "flopscope_backend_time_s": 4.341161159332842,
                    "flopscope_overhead_time_s": 0.12979344418272376
                  },
                  "multiply": {
                    "flop_cost": 16974080,
                    "calls": 6,
                    "flopscope_backend_time_s": 0.0025550818536430597,
                    "flopscope_overhead_time_s": 0.00017650239169597626
                  },
                  "reshape": {
                    "flop_cost": 151126016,
                    "calls": 18,
                    "flopscope_backend_time_s": 4.795915447175503e-05,
                    "flopscope_overhead_time_s": 0.0003180829808115959
                  },
                  "add": {
                    "flop_cost": 18884281472,
                    "calls": 6026,
                    "flopscope_backend_time_s": 5.41602628887631,
                    "flopscope_overhead_time_s": 0.1477637500502169
                  },
                  "subtract": {
                    "flop_cost": 10890238208,
                    "calls": 5741,
                    "flopscope_backend_time_s": 7.644376253476366,
                    "flopscope_overhead_time_s": 0.123900031670928
                  },
                  "stack": {
                    "flop_cost": 5457689600,
                    "calls": 389,
                    "flopscope_backend_time_s": 0.7461322143208236,
                    "flopscope_overhead_time_s": 0.009298242395743728
                  },
                  "negative": {
                    "flop_cost": 8388608,
                    "calls": 1,
                    "flopscope_backend_time_s": 0.000950374873355031,
                    "flopscope_overhead_time_s": 3.141607157886028e-05
                  },
                  "concatenate": {
                    "flop_cost": 16908288,
                    "calls": 1,
                    "flopscope_backend_time_s": 0.001273375004529953,
                    "flopscope_overhead_time_s": 1.6875099390745163e-05
                  },
                  "maximum": {
                    "flop_cost": 541065216,
                    "calls": 64,
                    "flopscope_backend_time_s": 0.21470091701485217,
                    "flopscope_overhead_time_s": 0.0016776213888078928
                  },
                  "block": {
                    "flop_cost": 5855815680,
                    "calls": 252,
                    "flopscope_backend_time_s": 2.828030880074948,
                    "flopscope_overhead_time_s": 0.007705956231802702
                  },
                  "zeros": {
                    "flop_cost": 0,
                    "calls": 33,
                    "flopscope_backend_time_s": 2.6123132556676865e-05,
                    "flopscope_overhead_time_s": 0.0001491678413003683
                  },
                  "sum": {
                    "flop_cost": 33864960,
                    "calls": 34,
                    "flopscope_backend_time_s": 0.00392975052818656,
                    "flopscope_overhead_time_s": 0.005293458700180054
                  },
                  "true_divide": {
                    "flop_cost": 512,
                    "calls": 1,
                    "flopscope_backend_time_s": 2.750195562839508e-06,
                    "flopscope_overhead_time_s": 1.829187385737896e-05
                  },
                  "sqrt": {
                    "flop_cost": 256,
                    "calls": 1,
                    "flopscope_backend_time_s": 2.00001522898674e-06,
                    "flopscope_overhead_time_s": 1.674983650445938e-05
                  }
                }
              }
            }
          }
        },
        "traceback": null
      },
      {
        "mlp_index": 27,
        "mlp_name": "robert-williams",
        "final_layer_mse": 1.5761131066938106e-07,
        "all_layers_mse": 0.7214140892028809,
        "per_layer_mse": [
          7.41602668163921e-10,
          0.5684353709220886,
          0.686997652053833,
          0.8400465846061707,
          0.9646894931793213,
          1.1600968837738037,
          1.0059139728546143,
          1.2806198596954346,
          1.2141211032867432,
          0.9651118516921997,
          1.1592100858688354,
          0.9851739406585693,
          0.8057352304458618,
          0.697874128818512,
          0.7730685472488403,
          0.761663556098938,
          0.8135547637939453,
          0.8041298389434814,
          0.9591854810714722,
          0.8374565839767456,
          0.6348498463630676,
          0.6865137219429016,
          0.726134717464447,
          0.6941105723381042,
          0.5652773380279541,
          0.4994826912879944,
          0.4436108469963074,
          0.3265761733055115,
          0.383827805519104,
          0.41248905658721924,
          0.4292939305305481,
          1.5761131066938106e-07
        ],
        "adjusted_final_layer_score": 1.0306604171604971e-07,
        "flops_used": 170971246080,
        "effective_compute": 177867712841.82745,
        "budget_exhausted": false,
        "time_exhausted": false,
        "residual_wall_time_exhausted": false,
        "combined_budget_exhausted": false,
        "wall_time_s": 22.082645500078797,
        "flopscope_backend_time_s": 21.434037641156465,
        "flopscope_overhead_time_s": 0.5796431913040578,
        "residual_wall_time_s": 0.06896466761827469,
        "breakdowns": {
          "estimator": {
            "flop_budget": 272000000000,
            "flops_used": 170971246080,
            "flops_remaining": 101028753920,
            "wall_time_s": 22.082645500078797,
            "flopscope_backend_time_s": 21.434037641156465,
            "flopscope_overhead_time_s": 0.5796431913040578,
            "residual_wall_time_s": 0.06896466761827469,
            "by_namespace": {
              "estimator.estimator-client": {
                "flops_used": 170971246080,
                "calls": 15720,
                "flopscope_backend_time_s": 21.434037641156465,
                "flopscope_overhead_time_s": 0.5795308162923902,
                "operations": {
                  "astype": {
                    "flop_cost": 35913728,
                    "calls": 65,
                    "flopscope_backend_time_s": 0.0029356309678405523,
                    "flopscope_overhead_time_s": 0.0010593237821012735
                  },
                  "matmul": {
                    "flop_cost": 129078979456,
                    "calls": 3088,
                    "flopscope_backend_time_s": 4.4015653524547815,
                    "flopscope_overhead_time_s": 0.13448432693257928
                  },
                  "multiply": {
                    "flop_cost": 16974080,
                    "calls": 6,
                    "flopscope_backend_time_s": 0.0025161257945001125,
                    "flopscope_overhead_time_s": 0.00013499939814209938
                  },
                  "reshape": {
                    "flop_cost": 151126016,
                    "calls": 18,
                    "flopscope_backend_time_s": 3.158301115036011e-05,
                    "flopscope_overhead_time_s": 0.00024146074429154396
                  },
                  "add": {
                    "flop_cost": 18884281472,
                    "calls": 6026,
                    "flopscope_backend_time_s": 5.497700778534636,
                    "flopscope_overhead_time_s": 0.29718463285826147
                  },
                  "subtract": {
                    "flop_cost": 10890238208,
                    "calls": 5741,
                    "flopscope_backend_time_s": 7.760709003079683,
                    "flopscope_overhead_time_s": 0.12322731595486403
                  },
                  "stack": {
                    "flop_cost": 5457689600,
                    "calls": 389,
                    "flopscope_backend_time_s": 0.7444530816283077,
                    "flopscope_overhead_time_s": 0.00893909391015768
                  },
                  "negative": {
                    "flop_cost": 8388608,
                    "calls": 1,
                    "flopscope_backend_time_s": 0.0008775000460445881,
                    "flopscope_overhead_time_s": 1.7834128811955452e-05
                  },
                  "concatenate": {
                    "flop_cost": 16908288,
                    "calls": 1,
                    "flopscope_backend_time_s": 0.0012720420490950346,
                    "flopscope_overhead_time_s": 1.5208031982183456e-05
                  },
                  "maximum": {
                    "flop_cost": 541065216,
                    "calls": 64,
                    "flopscope_backend_time_s": 0.21515337750315666,
                    "flopscope_overhead_time_s": 0.0017479956150054932
                  },
                  "block": {
                    "flop_cost": 5855815680,
                    "calls": 252,
                    "flopscope_backend_time_s": 2.8028951166197658,
                    "flopscope_overhead_time_s": 0.007264342857524753
                  },
                  "zeros": {
                    "flop_cost": 0,
                    "calls": 33,
                    "flopscope_backend_time_s": 2.937926910817623e-05,
                    "flopscope_overhead_time_s": 0.0001482039224356413
                  },
                  "sum": {
                    "flop_cost": 33864960,
                    "calls": 34,
                    "flopscope_backend_time_s": 0.0038873362354934216,
                    "flopscope_overhead_time_s": 0.005027787061408162
                  },
                  "true_divide": {
                    "flop_cost": 512,
                    "calls": 1,
                    "flopscope_backend_time_s": 5.875015631318092e-06,
                    "flopscope_overhead_time_s": 1.950003206729889e-05
                  },
                  "sqrt": {
                    "flop_cost": 256,
                    "calls": 1,
                    "flopscope_backend_time_s": 5.458947271108627e-06,
                    "flopscope_overhead_time_s": 1.8791062757372856e-05
                  }
                }
              }
            }
          }
        },
        "traceback": null
      },
      {
        "mlp_index": 28,
        "mlp_name": "todd-jenkins",
        "final_layer_mse": 5.01740260006045e-07,
        "all_layers_mse": 1.615714430809021,
        "per_layer_mse": [
          7.269376212093448e-10,
          0.4625815749168396,
          0.6402097940444946,
          0.7245737314224243,
          0.9295614957809448,
          1.0873088836669922,
          1.324892282485962,
          1.3339720964431763,
          1.3778703212738037,
          1.4731016159057617,
          1.4731180667877197,
          1.504526972770691,
          1.398634910583496,
          1.5091584920883179,
          1.9424233436584473,
          2.159034013748169,
          1.9246824979782104,
          2.1544086933135986,
          1.9872372150421143,
          1.9733314514160156,
          2.6705429553985596,
          2.9880218505859375,
          3.168936252593994,
          2.904707908630371,
          2.7158524990081787,
          1.7362251281738281,
          1.7149052619934082,
          1.8350610733032227,
          1.5525822639465332,
          1.4174797534942627,
          1.6179183721542358,
          5.01740260006045e-07
        ],
        "adjusted_final_layer_score": 3.2929112527070237e-07,
        "flops_used": 170971246080,
        "effective_compute": 178513053890.77594,
        "budget_exhausted": false,
        "time_exhausted": false,
        "residual_wall_time_exhausted": false,
        "combined_budget_exhausted": false,
        "wall_time_s": 22.263792332960293,
        "flopscope_backend_time_s": 21.75979678495787,
        "flopscope_overhead_time_s": 0.4285774698946625,
        "residual_wall_time_s": 0.07541807810775936,
        "breakdowns": {
          "estimator": {
            "flop_budget": 272000000000,
            "flops_used": 170971246080,
            "flops_remaining": 101028753920,
            "wall_time_s": 22.263792332960293,
            "flopscope_backend_time_s": 21.75979678495787,
            "flopscope_overhead_time_s": 0.4285774698946625,
            "residual_wall_time_s": 0.07541807810775936,
            "by_namespace": {
              "estimator.estimator-client": {
                "flops_used": 170971246080,
                "calls": 15720,
                "flopscope_backend_time_s": 21.75979678495787,
                "flopscope_overhead_time_s": 0.4284132197499275,
                "operations": {
                  "astype": {
                    "flop_cost": 35913728,
                    "calls": 65,
                    "flopscope_backend_time_s": 0.003181203966960311,
                    "flopscope_overhead_time_s": 0.0010905892122536898
                  },
                  "matmul": {
                    "flop_cost": 129078979456,
                    "calls": 3088,
                    "flopscope_backend_time_s": 4.412305218633264,
                    "flopscope_overhead_time_s": 0.12980633438564837
                  },
                  "multiply": {
                    "flop_cost": 16974080,
                    "calls": 6,
                    "flopscope_backend_time_s": 0.002553040161728859,
                    "flopscope_overhead_time_s": 0.00013379263691604137
                  },
                  "reshape": {
                    "flop_cost": 151126016,
                    "calls": 18,
                    "flopscope_backend_time_s": 3.720843233168125e-05,
                    "flopscope_overhead_time_s": 0.0002885425928980112
                  },
                  "add": {
                    "flop_cost": 18884281472,
                    "calls": 6026,
                    "flopscope_backend_time_s": 5.503671202342957,
                    "flopscope_overhead_time_s": 0.1402481379918754
                  },
                  "subtract": {
                    "flop_cost": 10890238208,
                    "calls": 5741,
                    "flopscope_backend_time_s": 7.971703435527161,
                    "flopscope_overhead_time_s": 0.13315624045208097
                  },
                  "stack": {
                    "flop_cost": 5457689600,
                    "calls": 389,
                    "flopscope_backend_time_s": 0.7709583428222686,
                    "flopscope_overhead_time_s": 0.008971644099801779
                  },
                  "negative": {
                    "flop_cost": 8388608,
                    "calls": 1,
                    "flopscope_backend_time_s": 0.0008723749779164791,
                    "flopscope_overhead_time_s": 1.7625046893954277e-05
                  },
                  "concatenate": {
                    "flop_cost": 16908288,
                    "calls": 1,
                    "flopscope_backend_time_s": 0.0012677500490099192,
                    "flopscope_overhead_time_s": 1.6625039279460907e-05
                  },
                  "maximum": {
                    "flop_cost": 541065216,
                    "calls": 64,
                    "flopscope_backend_time_s": 0.21526558487676084,
                    "flopscope_overhead_time_s": 0.0017417862545698881
                  },
                  "block": {
                    "flop_cost": 5855815680,
                    "calls": 252,
                    "flopscope_backend_time_s": 2.873993297573179,
                    "flopscope_overhead_time_s": 0.007487487513571978
                  },
                  "zeros": {
                    "flop_cost": 0,
                    "calls": 33,
                    "flopscope_backend_time_s": 2.1333573386073112e-05,
                    "flopscope_overhead_time_s": 0.00014441483654081821
                  },
                  "sum": {
                    "flop_cost": 33864960,
                    "calls": 34,
                    "flopscope_backend_time_s": 0.0039575411938130856,
                    "flopscope_overhead_time_s": 0.005273167742416263
                  },
                  "true_divide": {
                    "flop_cost": 512,
                    "calls": 1,
                    "flopscope_backend_time_s": 2.708984538912773e-06,
                    "flopscope_overhead_time_s": 1.891585998237133e-05
                  },
                  "sqrt": {
                    "flop_cost": 256,
                    "calls": 1,
                    "flopscope_backend_time_s": 6.541842594742775e-06,
                    "flopscope_overhead_time_s": 1.7916085198521614e-05
                  }
                }
              }
            }
          }
        },
        "traceback": null
      },
      {
        "mlp_index": 29,
        "mlp_name": "elizabeth-jackson",
        "final_layer_mse": 1.1780330311239595e-07,
        "all_layers_mse": 0.853256106376648,
        "per_layer_mse": [
          6.400002749984424e-10,
          0.46684566140174866,
          0.5505384802818298,
          0.6100126504898071,
          0.6180803179740906,
          0.7041593790054321,
          0.7938629388809204,
          0.8795854449272156,
          0.9275676012039185,
          0.8714262247085571,
          1.02338707447052,
          1.1699671745300293,
          1.164175271987915,
          1.139992117881775,
          0.8420016169548035,
          1.0567032098770142,
          0.9480860233306885,
          1.0009576082229614,
          1.0399636030197144,
          0.9259545803070068,
          0.95857173204422,
          1.0547595024108887,
          1.1240779161453247,
          1.2830605506896973,
          1.246943712234497,
          0.8866481781005859,
          0.8163947463035583,
          0.7141633629798889,
          0.7956314086914062,
          0.8820564150810242,
          0.8086223602294922,
          1.1780330311239595e-07
        ],
        "adjusted_final_layer_score": 7.690045067596075e-08,
        "flops_used": 170971246080,
        "effective_compute": 177558031321.9615,
        "budget_exhausted": false,
        "time_exhausted": false,
        "residual_wall_time_exhausted": false,
        "combined_budget_exhausted": false,
        "wall_time_s": 21.779141791164875,
        "flopscope_backend_time_s": 21.308442934881896,
        "flopscope_overhead_time_s": 0.40483100386336446,
        "residual_wall_time_s": 0.06586785241961479,
        "breakdowns": {
          "estimator": {
            "flop_budget": 272000000000,
            "flops_used": 170971246080,
            "flops_remaining": 101028753920,
            "wall_time_s": 21.779141791164875,
            "flopscope_backend_time_s": 21.308442934881896,
            "flopscope_overhead_time_s": 0.40483100386336446,
            "residual_wall_time_s": 0.06586785241961479,
            "by_namespace": {
              "estimator.estimator-client": {
                "flops_used": 170971246080,
                "calls": 15720,
                "flopscope_backend_time_s": 21.308442934881896,
                "flopscope_overhead_time_s": 0.4046966298483312,
                "operations": {
                  "astype": {
                    "flop_cost": 35913728,
                    "calls": 65,
                    "flopscope_backend_time_s": 0.0029837500769644976,
                    "flopscope_overhead_time_s": 0.0010641640983521938
                  },
                  "matmul": {
                    "flop_cost": 129078979456,
                    "calls": 3088,
                    "flopscope_backend_time_s": 4.343469187151641,
                    "flopscope_overhead_time_s": 0.12899058870971203
                  },
                  "multiply": {
                    "flop_cost": 16974080,
                    "calls": 6,
                    "flopscope_backend_time_s": 0.002457669237628579,
                    "flopscope_overhead_time_s": 0.00017916481010615826
                  },
                  "reshape": {
                    "flop_cost": 151126016,
                    "calls": 18,
                    "flopscope_backend_time_s": 4.816800355911255e-05,
                    "flopscope_overhead_time_s": 0.0003481220919638872
                  },
                  "add": {
                    "flop_cost": 18884281472,
                    "calls": 6026,
                    "flopscope_backend_time_s": 5.419800635892898,
                    "flopscope_overhead_time_s": 0.13367321551777422
                  },
                  "subtract": {
                    "flop_cost": 10890238208,
                    "calls": 5741,
                    "flopscope_backend_time_s": 7.781980022089556,
                    "flopscope_overhead_time_s": 0.11846397118642926
                  },
                  "stack": {
                    "flop_cost": 5457689600,
                    "calls": 389,
                    "flopscope_backend_time_s": 0.7598353784997016,
                    "flopscope_overhead_time_s": 0.008639782899990678
                  },
                  "negative": {
                    "flop_cost": 8388608,
                    "calls": 1,
                    "flopscope_backend_time_s": 0.0012612920254468918,
                    "flopscope_overhead_time_s": 4.8374058678746223e-05
                  },
                  "concatenate": {
                    "flop_cost": 16908288,
                    "calls": 1,
                    "flopscope_backend_time_s": 0.0012722499668598175,
                    "flopscope_overhead_time_s": 1.595797948539257e-05
                  },
                  "maximum": {
                    "flop_cost": 541065216,
                    "calls": 64,
                    "flopscope_backend_time_s": 0.21411821199581027,
                    "flopscope_overhead_time_s": 0.0015847012400627136
                  },
                  "block": {
                    "flop_cost": 5855815680,
                    "calls": 252,
                    "flopscope_backend_time_s": 2.777320616180077,
                    "flopscope_overhead_time_s": 0.006657799473032355
                  },
                  "zeros": {
                    "flop_cost": 0,
                    "calls": 33,
                    "flopscope_backend_time_s": 2.262648195028305e-05,
                    "flopscope_overhead_time_s": 0.00015016412362456322
                  },
                  "sum": {
                    "flop_cost": 33864960,
                    "calls": 34,
                    "flopscope_backend_time_s": 0.0038682513404637575,
                    "flopscope_overhead_time_s": 0.004845707444474101
                  },
                  "true_divide": {
                    "flop_cost": 512,
                    "calls": 1,
                    "flopscope_backend_time_s": 2.9169023036956787e-06,
                    "flopscope_overhead_time_s": 1.8083257600665092e-05
                  },
                  "sqrt": {
                    "flop_cost": 256,
                    "calls": 1,
                    "flopscope_backend_time_s": 1.959037035703659e-06,
                    "flopscope_overhead_time_s": 1.6832957044243813e-05
                  }
                }
              }
            }
          }
        },
        "traceback": null
      },
      {
        "mlp_index": 30,
        "mlp_name": "megan-ashley",
        "final_layer_mse": 1.92417275002299e-07,
        "all_layers_mse": 0.7737997770309448,
        "per_layer_mse": [
          8.281711982860429e-10,
          0.5256009101867676,
          0.706768810749054,
          0.9188811779022217,
          1.0028421878814697,
          1.2416200637817383,
          1.1162779331207275,
          1.1726951599121094,
          1.0867693424224854,
          1.2128219604492188,
          1.153050422668457,
          1.4393616914749146,
          1.365865707397461,
          1.0012482404708862,
          0.7157015800476074,
          0.4639289975166321,
          0.5471242666244507,
          0.5537683963775635,
          0.6439294815063477,
          0.6274575591087341,
          0.430782675743103,
          0.5785561800003052,
          0.6701297760009766,
          0.7429412007331848,
          0.7774417996406555,
          0.8075679540634155,
          0.744543194770813,
          0.6742527484893799,
          0.607904851436615,
          0.6182337999343872,
          0.613524317741394,
          1.92417275002299e-07
        ],
        "adjusted_final_layer_score": 1.2667755856451504e-07,
        "flops_used": 170971246080,
        "effective_compute": 179070698975.11234,
        "budget_exhausted": false,
        "time_exhausted": false,
        "residual_wall_time_exhausted": false,
        "combined_budget_exhausted": false,
        "wall_time_s": 21.77168545802124,
        "flopscope_backend_time_s": 21.262155688600615,
        "flopscope_overhead_time_s": 0.4285352404695004,
        "residual_wall_time_s": 0.08099452895112336,
        "breakdowns": {
          "estimator": {
            "flop_budget": 272000000000,
            "flops_used": 170971246080,
            "flops_remaining": 101028753920,
            "wall_time_s": 21.77168545802124,
            "flopscope_backend_time_s": 21.262155688600615,
            "flopscope_overhead_time_s": 0.4285352404695004,
            "residual_wall_time_s": 0.08099452895112336,
            "by_namespace": {
              "estimator.estimator-client": {
                "flops_used": 170971246080,
                "calls": 15720,
                "flopscope_backend_time_s": 21.262155688600615,
                "flopscope_overhead_time_s": 0.42839211551472545,
                "operations": {
                  "astype": {
                    "flop_cost": 35913728,
                    "calls": 65,
                    "flopscope_backend_time_s": 0.0029980395920574665,
                    "flopscope_overhead_time_s": 0.001076958840712905
                  },
                  "matmul": {
                    "flop_cost": 129078979456,
                    "calls": 3088,
                    "flopscope_backend_time_s": 4.320544473128393,
                    "flopscope_overhead_time_s": 0.13068741420283914
                  },
                  "multiply": {
                    "flop_cost": 16974080,
                    "calls": 6,
                    "flopscope_backend_time_s": 0.002541209338232875,
                    "flopscope_overhead_time_s": 0.00013549835421144962
                  },
                  "reshape": {
                    "flop_cost": 151126016,
                    "calls": 18,
                    "flopscope_backend_time_s": 3.1792325899004936e-05,
                    "flopscope_overhead_time_s": 0.00023516826331615448
                  },
                  "add": {
                    "flop_cost": 18884281472,
                    "calls": 6026,
                    "flopscope_backend_time_s": 5.470670710550621,
                    "flopscope_overhead_time_s": 0.1470977566204965
                  },
                  "subtract": {
                    "flop_cost": 10890238208,
                    "calls": 5741,
                    "flopscope_backend_time_s": 7.636469281744212,
                    "flopscope_overhead_time_s": 0.12464106478728354
                  },
                  "stack": {
                    "flop_cost": 5457689600,
                    "calls": 389,
                    "flopscope_backend_time_s": 0.7675202235113829,
                    "flopscope_overhead_time_s": 0.009565747575834394
                  },
                  "negative": {
                    "flop_cost": 8388608,
                    "calls": 1,
                    "flopscope_backend_time_s": 0.0008776660542935133,
                    "flopscope_overhead_time_s": 1.675100065767765e-05
                  },
                  "concatenate": {
                    "flop_cost": 16908288,
                    "calls": 1,
                    "flopscope_backend_time_s": 0.0012647078838199377,
                    "flopscope_overhead_time_s": 1.4584045857191086e-05
                  },
                  "maximum": {
                    "flop_cost": 541065216,
                    "calls": 64,
                    "flopscope_backend_time_s": 0.2165570859797299,
                    "flopscope_overhead_time_s": 0.0017572497017681599
                  },
                  "block": {
                    "flop_cost": 5855815680,
                    "calls": 252,
                    "flopscope_backend_time_s": 2.8386951689608395,
                    "flopscope_overhead_time_s": 0.0075162958819419146
                  },
                  "zeros": {
                    "flop_cost": 0,
                    "calls": 33,
                    "flopscope_backend_time_s": 2.1913554519414902e-05,
                    "flopscope_overhead_time_s": 0.00015708734281361103
                  },
                  "sum": {
                    "flop_cost": 33864960,
                    "calls": 34,
                    "flopscope_backend_time_s": 0.003958082990720868,
                    "flopscope_overhead_time_s": 0.0054537467658519745
                  },
                  "true_divide": {
                    "flop_cost": 512,
                    "calls": 1,
                    "flopscope_backend_time_s": 3.250082954764366e-06,
                    "flopscope_overhead_time_s": 1.9124941900372505e-05
                  },
                  "sqrt": {
                    "flop_cost": 256,
                    "calls": 1,
                    "flopscope_backend_time_s": 2.0829029381275177e-06,
                    "flopscope_overhead_time_s": 1.7667189240455627e-05
                  }
                }
              }
            }
          }
        },
        "traceback": null
      },
      {
        "mlp_index": 31,
        "mlp_name": "martin-hill",
        "final_layer_mse": 1.4323717323350138e-07,
        "all_layers_mse": 0.6396170854568481,
        "per_layer_mse": [
          6.7191352481899e-10,
          0.5228350758552551,
          0.5873780250549316,
          0.7482221722602844,
          0.8765428066253662,
          0.8274532556533813,
          0.8518028259277344,
          0.9649271368980408,
          0.8879163265228271,
          0.9423385858535767,
          0.8471360206604004,
          0.9372459053993225,
          0.9314020872116089,
          0.9482264518737793,
          0.9483268857002258,
          0.8258461952209473,
          0.7249857783317566,
          0.6355012655258179,
          0.5075247287750244,
          0.46965691447257996,
          0.5780871510505676,
          0.4577224850654602,
          0.4803934097290039,
          0.48931336402893066,
          0.5436411499977112,
          0.5228931903839111,
          0.590088963508606,
          0.5240070819854736,
          0.38286522030830383,
          0.4357859492301941,
          0.47768038511276245,
          1.4323717323350138e-07
        ],
        "adjusted_final_layer_score": 9.398838485195577e-08,
        "flops_used": 170971246080,
        "effective_compute": 178479092421.46838,
        "budget_exhausted": false,
        "time_exhausted": false,
        "residual_wall_time_exhausted": false,
        "combined_budget_exhausted": false,
        "wall_time_s": 21.861370750004426,
        "flopscope_backend_time_s": 21.325342011172324,
        "flopscope_overhead_time_s": 0.4609502754174173,
        "residual_wall_time_s": 0.07507846341468394,
        "breakdowns": {
          "estimator": {
            "flop_budget": 272000000000,
            "flops_used": 170971246080,
            "flops_remaining": 101028753920,
            "wall_time_s": 21.861370750004426,
            "flopscope_backend_time_s": 21.325342011172324,
            "flopscope_overhead_time_s": 0.4609502754174173,
            "residual_wall_time_s": 0.07507846341468394,
            "by_namespace": {
              "estimator.estimator-client": {
                "flops_used": 170971246080,
                "calls": 15720,
                "flopscope_backend_time_s": 21.325342011172324,
                "flopscope_overhead_time_s": 0.46080581727437675,
                "operations": {
                  "astype": {
                    "flop_cost": 35913728,
                    "calls": 65,
                    "flopscope_backend_time_s": 0.0029330800753086805,
                    "flopscope_overhead_time_s": 0.001106755342334509
                  },
                  "matmul": {
                    "flop_cost": 129078979456,
                    "calls": 3088,
                    "flopscope_backend_time_s": 4.359444137662649,
                    "flopscope_overhead_time_s": 0.14641222776845098
                  },
                  "multiply": {
                    "flop_cost": 16974080,
                    "calls": 6,
                    "flopscope_backend_time_s": 0.002557709813117981,
                    "flopscope_overhead_time_s": 0.00012691505253314972
                  },
                  "reshape": {
                    "flop_cost": 151126016,
                    "calls": 18,
                    "flopscope_backend_time_s": 3.404240123927593e-05,
                    "flopscope_overhead_time_s": 0.0002405419945716858
                  },
                  "add": {
                    "flop_cost": 18884281472,
                    "calls": 6026,
                    "flopscope_backend_time_s": 5.478227979503572,
                    "flopscope_overhead_time_s": 0.15243852604180574
                  },
                  "subtract": {
                    "flop_cost": 10890238208,
                    "calls": 5741,
                    "flopscope_backend_time_s": 7.624889157013968,
                    "flopscope_overhead_time_s": 0.1353785414248705
                  },
                  "stack": {
                    "flop_cost": 5457689600,
                    "calls": 389,
                    "flopscope_backend_time_s": 0.774842542828992,
                    "flopscope_overhead_time_s": 0.010118084959685802
                  },
                  "negative": {
                    "flop_cost": 8388608,
                    "calls": 1,
                    "flopscope_backend_time_s": 0.0008967500180006027,
                    "flopscope_overhead_time_s": 1.7459038645029068e-05
                  },
                  "concatenate": {
                    "flop_cost": 16908288,
                    "calls": 1,
                    "flopscope_backend_time_s": 0.0016063328366726637,
                    "flopscope_overhead_time_s": 1.6417121514678e-05
                  },
                  "maximum": {
                    "flop_cost": 541065216,
                    "calls": 64,
                    "flopscope_backend_time_s": 0.21798182977363467,
                    "flopscope_overhead_time_s": 0.001839671516790986
                  },
                  "block": {
                    "flop_cost": 5855815680,
                    "calls": 252,
                    "flopscope_backend_time_s": 2.8579249104950577,
                    "flopscope_overhead_time_s": 0.007770548807457089
                  },
                  "zeros": {
                    "flop_cost": 0,
                    "calls": 33,
                    "flopscope_backend_time_s": 5.3539639338850975e-05,
                    "flopscope_overhead_time_s": 0.00016341730952262878
                  },
                  "sum": {
                    "flop_cost": 33864960,
                    "calls": 34,
                    "flopscope_backend_time_s": 0.003930249018594623,
                    "flopscope_overhead_time_s": 0.005126419011503458
                  },
                  "true_divide": {
                    "flop_cost": 512,
                    "calls": 1,
                    "flopscope_backend_time_s": 1.058308407664299e-05,
                    "flopscope_overhead_time_s": 2.8333859518170357e-05
                  },
                  "sqrt": {
                    "flop_cost": 256,
                    "calls": 1,
                    "flopscope_backend_time_s": 9.167008101940155e-06,
                    "flopscope_overhead_time_s": 2.195802517235279e-05
                  }
                }
              }
            }
          }
        },
        "traceback": null
      },
      {
        "mlp_index": 32,
        "mlp_name": "lauren-johnson",
        "final_layer_mse": 1.5127307051443495e-07,
        "all_layers_mse": 0.8322769403457642,
        "per_layer_mse": [
          6.609669478407909e-10,
          0.5471854209899902,
          0.7485930919647217,
          0.7536435127258301,
          0.874252438545227,
          0.7119787931442261,
          0.8131986260414124,
          0.8672909736633301,
          0.7375717163085938,
          0.7095247507095337,
          0.8689981698989868,
          0.876102089881897,
          0.8447500467300415,
          0.8130604028701782,
          0.8024828433990479,
          0.8146190643310547,
          0.7496883869171143,
          0.6664525270462036,
          0.7151485085487366,
          0.9076611995697021,
          1.0354865789413452,
          0.899092435836792,
          1.0862257480621338,
          1.199084758758545,
          1.0932338237762451,
          1.0636203289031982,
          1.0537103414535522,
          1.0864826440811157,
          1.099940538406372,
          1.1656806468963623,
          1.0281004905700684,
          1.5127307051443495e-07
        ],
        "adjusted_final_layer_score": 9.938340745718224e-08,
        "flops_used": 170971246080,
        "effective_compute": 178698606013.77866,
        "budget_exhausted": false,
        "time_exhausted": false,
        "residual_wall_time_exhausted": false,
        "combined_budget_exhausted": false,
        "wall_time_s": 22.07689324999228,
        "flopscope_backend_time_s": 21.527319678105414,
        "flopscope_overhead_time_s": 0.47229997254908085,
        "residual_wall_time_s": 0.07727359933778644,
        "breakdowns": {
          "estimator": {
            "flop_budget": 272000000000,
            "flops_used": 170971246080,
            "flops_remaining": 101028753920,
            "wall_time_s": 22.07689324999228,
            "flopscope_backend_time_s": 21.527319678105414,
            "flopscope_overhead_time_s": 0.47229997254908085,
            "residual_wall_time_s": 0.07727359933778644,
            "by_namespace": {
              "estimator.estimator-client": {
                "flops_used": 170971246080,
                "calls": 15720,
                "flopscope_backend_time_s": 21.527319678105414,
                "flopscope_overhead_time_s": 0.4721723054535687,
                "operations": {
                  "astype": {
                    "flop_cost": 35913728,
                    "calls": 65,
                    "flopscope_backend_time_s": 0.00329120852984488,
                    "flopscope_overhead_time_s": 0.0011187512427568436
                  },
                  "matmul": {
                    "flop_cost": 129078979456,
                    "calls": 3088,
                    "flopscope_backend_time_s": 4.4368672298733145,
                    "flopscope_overhead_time_s": 0.14746052608825266
                  },
                  "multiply": {
                    "flop_cost": 16974080,
                    "calls": 6,
                    "flopscope_backend_time_s": 0.004921999992802739,
                    "flopscope_overhead_time_s": 0.00013645784929394722
                  },
                  "reshape": {
                    "flop_cost": 151126016,
                    "calls": 18,
                    "flopscope_backend_time_s": 3.4456606954336166e-05,
                    "flopscope_overhead_time_s": 0.0002737068571150303
                  },
                  "add": {
                    "flop_cost": 18884281472,
                    "calls": 6026,
                    "flopscope_backend_time_s": 5.5456057174596936,
                    "flopscope_overhead_time_s": 0.16191728203557432
                  },
                  "subtract": {
                    "flop_cost": 10890238208,
                    "calls": 5741,
                    "flopscope_backend_time_s": 7.718189570819959,
                    "flopscope_overhead_time_s": 0.1351060860324651
                  },
                  "stack": {
                    "flop_cost": 5457689600,
                    "calls": 389,
                    "flopscope_backend_time_s": 0.7739951715338975,
                    "flopscope_overhead_time_s": 0.01013473910279572
                  },
                  "negative": {
                    "flop_cost": 8388608,
                    "calls": 1,
                    "flopscope_backend_time_s": 0.0008782499935477972,
                    "flopscope_overhead_time_s": 1.7750076949596405e-05
                  },
                  "concatenate": {
                    "flop_cost": 16908288,
                    "calls": 1,
                    "flopscope_backend_time_s": 0.0012672911398112774,
                    "flopscope_overhead_time_s": 1.5333760529756546e-05
                  },
                  "maximum": {
                    "flop_cost": 541065216,
                    "calls": 64,
                    "flopscope_backend_time_s": 0.2170286604668945,
                    "flopscope_overhead_time_s": 0.0019165035337209702
                  },
                  "block": {
                    "flop_cost": 5855815680,
                    "calls": 252,
                    "flopscope_backend_time_s": 2.8212395422160625,
                    "flopscope_overhead_time_s": 0.008362914202734828
                  },
                  "zeros": {
                    "flop_cost": 0,
                    "calls": 33,
                    "flopscope_backend_time_s": 2.02888622879982e-05,
                    "flopscope_overhead_time_s": 0.0001557525247335434
                  },
                  "sum": {
                    "flop_cost": 33864960,
                    "calls": 34,
                    "flopscope_backend_time_s": 0.003974999533966184,
                    "flopscope_overhead_time_s": 0.005518460180610418
                  },
                  "true_divide": {
                    "flop_cost": 512,
                    "calls": 1,
                    "flopscope_backend_time_s": 3.3329706639051437e-06,
                    "flopscope_overhead_time_s": 1.841713674366474e-05
                  },
                  "sqrt": {
                    "flop_cost": 256,
                    "calls": 1,
                    "flopscope_backend_time_s": 1.9581057131290436e-06,
                    "flopscope_overhead_time_s": 1.9624829292297363e-05
                  }
                }
              }
            }
          }
        },
        "traceback": null
      },
      {
        "mlp_index": 33,
        "mlp_name": "michele-wright",
        "final_layer_mse": 1.9420005514803051e-07,
        "all_layers_mse": 0.7372440099716187,
        "per_layer_mse": [
          6.678440023222265e-10,
          0.5086945295333862,
          0.5975706577301025,
          0.6435604095458984,
          0.8226583003997803,
          0.8779664039611816,
          0.9194691181182861,
          0.8781671524047852,
          0.7462818622589111,
          0.6390738487243652,
          0.6001888513565063,
          0.7576608061790466,
          0.8295491337776184,
          0.834813117980957,
          0.7568210363388062,
          0.7724785804748535,
          0.6790763139724731,
          0.6301597952842712,
          0.6238659620285034,
          0.6690367460250854,
          0.616661548614502,
          0.6101278066635132,
          0.6518576741218567,
          0.7494860887527466,
          0.9214164614677429,
          0.7706297636032104,
          0.812314510345459,
          0.897444486618042,
          1.1099960803985596,
          1.3658396005630493,
          1.2989420890808105,
          1.9420005514803051e-07
        ],
        "adjusted_final_layer_score": 1.2741419154113108e-07,
        "flops_used": 170971246080,
        "effective_compute": 178458549214.98526,
        "budget_exhausted": false,
        "time_exhausted": false,
        "residual_wall_time_exhausted": false,
        "combined_budget_exhausted": false,
        "wall_time_s": 21.978485041996464,
        "flopscope_backend_time_s": 21.443849936826155,
        "flopscope_overhead_time_s": 0.45976207382045686,
        "residual_wall_time_s": 0.07487303134985268,
        "breakdowns": {
          "estimator": {
            "flop_budget": 272000000000,
            "flops_used": 170971246080,
            "flops_remaining": 101028753920,
            "wall_time_s": 21.978485041996464,
            "flopscope_backend_time_s": 21.443849936826155,
            "flopscope_overhead_time_s": 0.45976207382045686,
            "residual_wall_time_s": 0.07487303134985268,
            "by_namespace": {
              "estimator.estimator-client": {
                "flops_used": 170971246080,
                "calls": 15720,
                "flopscope_backend_time_s": 21.443849936826155,
                "flopscope_overhead_time_s": 0.459529364714399,
                "operations": {
                  "astype": {
                    "flop_cost": 35913728,
                    "calls": 65,
                    "flopscope_backend_time_s": 0.0029195849783718586,
                    "flopscope_overhead_time_s": 0.0010942919179797173
                  },
                  "matmul": {
                    "flop_cost": 129078979456,
                    "calls": 3088,
                    "flopscope_backend_time_s": 4.351527100196108,
                    "flopscope_overhead_time_s": 0.14637558441609144
                  },
                  "multiply": {
                    "flop_cost": 16974080,
                    "calls": 6,
                    "flopscope_backend_time_s": 0.008137291762977839,
                    "flopscope_overhead_time_s": 0.0001476265024393797
                  },
                  "reshape": {
                    "flop_cost": 151126016,
                    "calls": 18,
                    "flopscope_backend_time_s": 3.199907951056957e-05,
                    "flopscope_overhead_time_s": 0.00026187440380454063
                  },
                  "add": {
                    "flop_cost": 18884281472,
                    "calls": 6026,
                    "flopscope_backend_time_s": 5.464117653667927,
                    "flopscope_overhead_time_s": 0.14906645100563765
                  },
                  "subtract": {
                    "flop_cost": 10890238208,
                    "calls": 5741,
                    "flopscope_backend_time_s": 7.563243878772482,
                    "flopscope_overhead_time_s": 0.13724657520651817
                  },
                  "stack": {
                    "flop_cost": 5457689600,
                    "calls": 389,
                    "flopscope_backend_time_s": 0.7667533070780337,
                    "flopscope_overhead_time_s": 0.009681297466158867
                  },
                  "negative": {
                    "flop_cost": 8388608,
                    "calls": 1,
                    "flopscope_backend_time_s": 0.0008813750464469194,
                    "flopscope_overhead_time_s": 1.7415964975953102e-05
                  },
                  "concatenate": {
                    "flop_cost": 16908288,
                    "calls": 1,
                    "flopscope_backend_time_s": 0.0012732499744743109,
                    "flopscope_overhead_time_s": 1.4791963621973991e-05
                  },
                  "maximum": {
                    "flop_cost": 541065216,
                    "calls": 64,
                    "flopscope_backend_time_s": 0.21641817106865346,
                    "flopscope_overhead_time_s": 0.001927580451592803
                  },
                  "block": {
                    "flop_cost": 5855815680,
                    "calls": 252,
                    "flopscope_backend_time_s": 3.0644436220172793,
                    "flopscope_overhead_time_s": 0.0080894585698843
                  },
                  "zeros": {
                    "flop_cost": 0,
                    "calls": 33,
                    "flopscope_backend_time_s": 6.9452915340662e-05,
                    "flopscope_overhead_time_s": 0.00016521383076906204
                  },
                  "sum": {
                    "flop_cost": 33864960,
                    "calls": 34,
                    "flopscope_backend_time_s": 0.004010917153209448,
                    "flopscope_overhead_time_s": 0.005390451988205314
                  },
                  "true_divide": {
                    "flop_cost": 512,
                    "calls": 1,
                    "flopscope_backend_time_s": 1.0041985660791397e-05,
                    "flopscope_overhead_time_s": 2.8667040169239044e-05
                  },
                  "sqrt": {
                    "flop_cost": 256,
                    "calls": 1,
                    "flopscope_backend_time_s": 1.2291129678487778e-05,
                    "flopscope_overhead_time_s": 2.2083986550569534e-05
                  }
                }
              }
            }
          }
        },
        "traceback": null
      },
      {
        "mlp_index": 34,
        "mlp_name": "kevin-newman",
        "final_layer_mse": 1.4716908935952233e-07,
        "all_layers_mse": 0.4241393804550171,
        "per_layer_mse": [
          6.605264113446196e-10,
          0.5124461054801941,
          0.5599116086959839,
          0.6472240686416626,
          0.5815701484680176,
          0.568784236907959,
          0.43067315220832825,
          0.37750208377838135,
          0.38148656487464905,
          0.38822728395462036,
          0.42041659355163574,
          0.447618693113327,
          0.5008822083473206,
          0.6074216365814209,
          0.5461556911468506,
          0.5305615663528442,
          0.6110475063323975,
          0.61528080701828,
          0.5923904180526733,
          0.5856441259384155,
          0.6082580089569092,
          0.4125917851924896,
          0.3291637897491455,
          0.30735960602760315,
          0.2478315383195877,
          0.23446831107139587,
          0.24158990383148193,
          0.260161817073822,
          0.3113383650779724,
          0.3908248543739319,
          0.3236274719238281,
          1.4716908935952233e-07
        ],
        "adjusted_final_layer_score": 9.656779097769401e-08,
        "flops_used": 170971246080,
        "effective_compute": 178477962051.97653,
        "budget_exhausted": false,
        "time_exhausted": false,
        "residual_wall_time_exhausted": false,
        "combined_budget_exhausted": false,
        "wall_time_s": 21.650856333086267,
        "flopscope_backend_time_s": 21.1225769657176,
        "flopscope_overhead_time_s": 0.45321220764890313,
        "residual_wall_time_s": 0.07506715971976519,
        "breakdowns": {
          "estimator": {
            "flop_budget": 272000000000,
            "flops_used": 170971246080,
            "flops_remaining": 101028753920,
            "wall_time_s": 21.650856333086267,
            "flopscope_backend_time_s": 21.1225769657176,
            "flopscope_overhead_time_s": 0.45321220764890313,
            "residual_wall_time_s": 0.07506715971976519,
            "by_namespace": {
              "estimator.estimator-client": {
                "flops_used": 170971246080,
                "calls": 15720,
                "flopscope_backend_time_s": 21.1225769657176,
                "flopscope_overhead_time_s": 0.4530750415287912,
                "operations": {
                  "astype": {
                    "flop_cost": 35913728,
                    "calls": 65,
                    "flopscope_backend_time_s": 0.003479588311165571,
                    "flopscope_overhead_time_s": 0.0011077902745455503
                  },
                  "matmul": {
                    "flop_cost": 129078979456,
                    "calls": 3088,
                    "flopscope_backend_time_s": 4.343186980346218,
                    "flopscope_overhead_time_s": 0.1362125484738499
                  },
                  "multiply": {
                    "flop_cost": 16974080,
                    "calls": 6,
                    "flopscope_backend_time_s": 0.004662294173613191,
                    "flopscope_overhead_time_s": 0.00014349701814353466
                  },
                  "reshape": {
                    "flop_cost": 151126016,
                    "calls": 18,
                    "flopscope_backend_time_s": 3.691716119647026e-05,
                    "flopscope_overhead_time_s": 0.0002924592699855566
                  },
                  "add": {
                    "flop_cost": 18884281472,
                    "calls": 6026,
                    "flopscope_backend_time_s": 5.444951824145392,
                    "flopscope_overhead_time_s": 0.15028055501170456
                  },
                  "subtract": {
                    "flop_cost": 10890238208,
                    "calls": 5741,
                    "flopscope_backend_time_s": 7.51230492326431,
                    "flopscope_overhead_time_s": 0.13897492666728795
                  },
                  "stack": {
                    "flop_cost": 5457689600,
                    "calls": 389,
                    "flopscope_backend_time_s": 0.7528453953564167,
                    "flopscope_overhead_time_s": 0.010139309335500002
                  },
                  "negative": {
                    "flop_cost": 8388608,
                    "calls": 1,
                    "flopscope_backend_time_s": 0.0009006250184029341,
                    "flopscope_overhead_time_s": 2.60830856859684e-05
                  },
                  "concatenate": {
                    "flop_cost": 16908288,
                    "calls": 1,
                    "flopscope_backend_time_s": 0.001265541184693575,
                    "flopscope_overhead_time_s": 1.554167829453945e-05
                  },
                  "maximum": {
                    "flop_cost": 541065216,
                    "calls": 64,
                    "flopscope_backend_time_s": 0.2177794617600739,
                    "flopscope_overhead_time_s": 0.0018778713420033455
                  },
                  "block": {
                    "flop_cost": 5855815680,
                    "calls": 252,
                    "flopscope_backend_time_s": 2.837218002183363,
                    "flopscope_overhead_time_s": 0.00828712061047554
                  },
                  "zeros": {
                    "flop_cost": 0,
                    "calls": 33,
                    "flopscope_backend_time_s": 2.4331733584403992e-05,
                    "flopscope_overhead_time_s": 0.00015541655011475086
                  },
                  "sum": {
                    "flop_cost": 33864960,
                    "calls": 34,
                    "flopscope_backend_time_s": 0.003915831213817,
                    "flopscope_overhead_time_s": 0.005526755005121231
                  },
                  "true_divide": {
                    "flop_cost": 512,
                    "calls": 1,
                    "flopscope_backend_time_s": 3.2079406082630157e-06,
                    "flopscope_overhead_time_s": 1.8208986148238182e-05
                  },
                  "sqrt": {
                    "flop_cost": 256,
                    "calls": 1,
                    "flopscope_backend_time_s": 2.0419247448444366e-06,
                    "flopscope_overhead_time_s": 1.6958219930529594e-05
                  }
                }
              }
            }
          }
        },
        "traceback": null
      },
      {
        "mlp_index": 35,
        "mlp_name": "bobby-vasquez",
        "final_layer_mse": 1.683307289113145e-07,
        "all_layers_mse": 0.9026951193809509,
        "per_layer_mse": [
          6.529423668411027e-10,
          0.4506981074810028,
          0.8003552556037903,
          0.8718443512916565,
          0.9325950145721436,
          0.9750279784202576,
          1.0960934162139893,
          1.0525474548339844,
          0.9644417762756348,
          0.8410137891769409,
          0.8729926347732544,
          0.7442595362663269,
          0.7141999006271362,
          0.6631487607955933,
          0.7065387964248657,
          0.6790053844451904,
          0.627468466758728,
          0.8708914518356323,
          0.7534641027450562,
          0.7299660444259644,
          0.9319045543670654,
          1.0552619695663452,
          1.1388778686523438,
          1.4879125356674194,
          1.4979634284973145,
          1.3384056091308594,
          1.2408249378204346,
          1.2440627813339233,
          1.2686400413513184,
          1.1811745166778564,
          1.154664397239685,
          1.683307289113145e-07
        ],
        "adjusted_final_layer_score": 1.1081738755611466e-07,
        "flops_used": 170971246080,
        "effective_compute": 179066113538.56702,
        "budget_exhausted": false,
        "time_exhausted": false,
        "residual_wall_time_exhausted": false,
        "combined_budget_exhausted": false,
        "wall_time_s": 21.99823291716166,
        "flopscope_backend_time_s": 21.457835246575996,
        "flopscope_overhead_time_s": 0.4594489959999919,
        "residual_wall_time_s": 0.08094867458567023,
        "breakdowns": {
          "estimator": {
            "flop_budget": 272000000000,
            "flops_used": 170971246080,
            "flops_remaining": 101028753920,
            "wall_time_s": 21.99823291716166,
            "flopscope_backend_time_s": 21.457835246575996,
            "flopscope_overhead_time_s": 0.4594489959999919,
            "residual_wall_time_s": 0.08094867458567023,
            "by_namespace": {
              "estimator.estimator-client": {
                "flops_used": 170971246080,
                "calls": 15720,
                "flopscope_backend_time_s": 21.457835246575996,
                "flopscope_overhead_time_s": 0.45931124477647245,
                "operations": {
                  "astype": {
                    "flop_cost": 35913728,
                    "calls": 65,
                    "flopscope_backend_time_s": 0.002944293199107051,
                    "flopscope_overhead_time_s": 0.0010619943495839834
                  },
                  "matmul": {
                    "flop_cost": 129078979456,
                    "calls": 3088,
                    "flopscope_backend_time_s": 4.370870899641886,
                    "flopscope_overhead_time_s": 0.14603462582454085
                  },
                  "multiply": {
                    "flop_cost": 16974080,
                    "calls": 6,
                    "flopscope_backend_time_s": 0.0046205418184399605,
                    "flopscope_overhead_time_s": 0.00012395810335874557
                  },
                  "reshape": {
                    "flop_cost": 151126016,
                    "calls": 18,
                    "flopscope_backend_time_s": 3.2087089493870735e-05,
                    "flopscope_overhead_time_s": 0.00022782827727496624
                  },
                  "add": {
                    "flop_cost": 18884281472,
                    "calls": 6026,
                    "flopscope_backend_time_s": 5.486559170298278,
                    "flopscope_overhead_time_s": 0.150461804587394
                  },
                  "subtract": {
                    "flop_cost": 10890238208,
                    "calls": 5741,
                    "flopscope_backend_time_s": 7.6972099067643285,
                    "flopscope_overhead_time_s": 0.13599263015203178
                  },
                  "stack": {
                    "flop_cost": 5457689600,
                    "calls": 389,
                    "flopscope_backend_time_s": 0.7927645090967417,
                    "flopscope_overhead_time_s": 0.009990583872422576
                  },
                  "negative": {
                    "flop_cost": 8388608,
                    "calls": 1,
                    "flopscope_backend_time_s": 0.0008753330912441015,
                    "flopscope_overhead_time_s": 1.6374746337532997e-05
                  },
                  "concatenate": {
                    "flop_cost": 16908288,
                    "calls": 1,
                    "flopscope_backend_time_s": 0.0012697498314082623,
                    "flopscope_overhead_time_s": 1.3875309377908707e-05
                  },
                  "maximum": {
                    "flop_cost": 541065216,
                    "calls": 64,
                    "flopscope_backend_time_s": 0.2158965382259339,
                    "flopscope_overhead_time_s": 0.0019456720910966396
                  },
                  "block": {
                    "flop_cost": 5855815680,
                    "calls": 252,
                    "flopscope_backend_time_s": 2.8807533003855497,
                    "flopscope_overhead_time_s": 0.008009235607460141
                  },
                  "zeros": {
                    "flop_cost": 0,
                    "calls": 33,
                    "flopscope_backend_time_s": 4.612724296748638e-05,
                    "flopscope_overhead_time_s": 0.000172413419932127
                  },
                  "sum": {
                    "flop_cost": 33864960,
                    "calls": 34,
                    "flopscope_backend_time_s": 0.003957123029977083,
                    "flopscope_overhead_time_s": 0.005210665287449956
                  },
                  "true_divide": {
                    "flop_cost": 512,
                    "calls": 1,
                    "flopscope_backend_time_s": 2.5624874979257584e-05,
                    "flopscope_overhead_time_s": 2.8041191399097443e-05
                  },
                  "sqrt": {
                    "flop_cost": 256,
                    "calls": 1,
                    "flopscope_backend_time_s": 1.0041985660791397e-05,
                    "flopscope_overhead_time_s": 2.1541956812143326e-05
                  }
                }
              }
            }
          }
        },
        "traceback": null
      },
      {
        "mlp_index": 36,
        "mlp_name": "paul-beasley",
        "final_layer_mse": 1.2805399762783054e-07,
        "all_layers_mse": 0.5679720640182495,
        "per_layer_mse": [
          7.08991310105489e-10,
          0.5007359981536865,
          0.5609230995178223,
          0.6909772157669067,
          0.8362360596656799,
          0.8310084342956543,
          0.8118846416473389,
          0.9808485507965088,
          0.8690004348754883,
          1.0538603067398071,
          0.8329697847366333,
          0.9392285346984863,
          0.9817689657211304,
          1.04664945602417,
          0.9231881499290466,
          0.7181156277656555,
          0.6302258968353271,
          0.6012225151062012,
          0.5247076749801636,
          0.43413615226745605,
          0.34588342905044556,
          0.33514726161956787,
          0.31307312846183777,
          0.24245284497737885,
          0.2602939009666443,
          0.25613051652908325,
          0.3152642250061035,
          0.3272562026977539,
          0.3673959970474243,
          0.35247206687927246,
          0.29204773902893066,
          1.2805399762783054e-07
        ],
        "adjusted_final_layer_score": 8.441333365363081e-08,
        "flops_used": 170971246080,
        "effective_compute": 179302694012.8692,
        "budget_exhausted": false,
        "time_exhausted": false,
        "residual_wall_time_exhausted": false,
        "combined_budget_exhausted": false,
        "wall_time_s": 22.207320707850158,
        "flopscope_backend_time_s": 21.600804231362417,
        "flopscope_overhead_time_s": 0.5232019971590489,
        "residual_wall_time_s": 0.08331447932869196,
        "breakdowns": {
          "estimator": {
            "flop_budget": 272000000000,
            "flops_used": 170971246080,
            "flops_remaining": 101028753920,
            "wall_time_s": 22.207320707850158,
            "flopscope_backend_time_s": 21.600804231362417,
            "flopscope_overhead_time_s": 0.5232019971590489,
            "residual_wall_time_s": 0.08331447932869196,
            "by_namespace": {
              "estimator.estimator-client": {
                "flops_used": 170971246080,
                "calls": 15720,
                "flopscope_backend_time_s": 21.600804231362417,
                "flopscope_overhead_time_s": 0.5229940812569112,
                "operations": {
                  "astype": {
                    "flop_cost": 35913728,
                    "calls": 65,
                    "flopscope_backend_time_s": 0.0030315800104290247,
                    "flopscope_overhead_time_s": 0.0011788399424403906
                  },
                  "matmul": {
                    "flop_cost": 129078979456,
                    "calls": 3088,
                    "flopscope_backend_time_s": 4.451245200587437,
                    "flopscope_overhead_time_s": 0.16280624363571405
                  },
                  "multiply": {
                    "flop_cost": 16974080,
                    "calls": 6,
                    "flopscope_backend_time_s": 0.008632000768557191,
                    "flopscope_overhead_time_s": 0.0001817492302507162
                  },
                  "reshape": {
                    "flop_cost": 151126016,
                    "calls": 18,
                    "flopscope_backend_time_s": 4.98737208545208e-05,
                    "flopscope_overhead_time_s": 0.00036941678263247013
                  },
                  "add": {
                    "flop_cost": 18884281472,
                    "calls": 6026,
                    "flopscope_backend_time_s": 5.598583751125261,
                    "flopscope_overhead_time_s": 0.1774397708941251
                  },
                  "subtract": {
                    "flop_cost": 10890238208,
                    "calls": 5741,
                    "flopscope_backend_time_s": 7.592487124260515,
                    "flopscope_overhead_time_s": 0.1517002850305289
                  },
                  "stack": {
                    "flop_cost": 5457689600,
                    "calls": 389,
                    "flopscope_backend_time_s": 0.8215006189420819,
                    "flopscope_overhead_time_s": 0.011214388068765402
                  },
                  "negative": {
                    "flop_cost": 8388608,
                    "calls": 1,
                    "flopscope_backend_time_s": 0.0008996250107884407,
                    "flopscope_overhead_time_s": 1.870887354016304e-05
                  },
                  "concatenate": {
                    "flop_cost": 16908288,
                    "calls": 1,
                    "flopscope_backend_time_s": 0.0014214999973773956,
                    "flopscope_overhead_time_s": 1.895916648209095e-05
                  },
                  "maximum": {
                    "flop_cost": 541065216,
                    "calls": 64,
                    "flopscope_backend_time_s": 0.22252978500910103,
                    "flopscope_overhead_time_s": 0.0021946337074041367
                  },
                  "block": {
                    "flop_cost": 5855815680,
                    "calls": 252,
                    "flopscope_backend_time_s": 2.8962778819259256,
                    "flopscope_overhead_time_s": 0.009225076995790005
                  },
                  "zeros": {
                    "flop_cost": 0,
                    "calls": 33,
                    "flopscope_backend_time_s": 6.029033102095127e-05,
                    "flopscope_overhead_time_s": 0.00016800430603325367
                  },
                  "sum": {
                    "flop_cost": 33864960,
                    "calls": 34,
                    "flopscope_backend_time_s": 0.0040602907538414,
                    "flopscope_overhead_time_s": 0.0064290466252714396
                  },
                  "true_divide": {
                    "flop_cost": 512,
                    "calls": 1,
                    "flopscope_backend_time_s": 1.3249926269054413e-05,
                    "flopscope_overhead_time_s": 2.637505531311035e-05
                  },
                  "sqrt": {
                    "flop_cost": 256,
                    "calls": 1,
                    "flopscope_backend_time_s": 1.1458992958068848e-05,
                    "flopscope_overhead_time_s": 2.2582942619919777e-05
                  }
                }
              }
            }
          }
        },
        "traceback": null
      },
      {
        "mlp_index": 37,
        "mlp_name": "kyle-braun",
        "final_layer_mse": 1.29364096324025e-07,
        "all_layers_mse": 0.8463098406791687,
        "per_layer_mse": [
          7.571802074224365e-10,
          0.5066940784454346,
          0.6441450119018555,
          0.7156208753585815,
          0.7514441013336182,
          0.8069801926612854,
          0.796542763710022,
          1.050139307975769,
          1.1775627136230469,
          1.2179664373397827,
          1.0856873989105225,
          1.142221450805664,
          1.0616596937179565,
          1.135482668876648,
          0.766811728477478,
          0.735118567943573,
          0.6665277481079102,
          0.7177184820175171,
          0.6716736555099487,
          0.8581942319869995,
          0.9238249063491821,
          0.8078261613845825,
          0.7994500398635864,
          0.8423498868942261,
          0.9134644865989685,
          0.9624611139297485,
          1.18408203125,
          1.0226027965545654,
          0.9670733213424683,
          0.929410457611084,
          1.2211785316467285,
          1.29364096324025e-07
        ],
        "adjusted_final_layer_score": 8.505873822870179e-08,
        "flops_used": 170971246080,
        "effective_compute": 178843879064.07196,
        "budget_exhausted": false,
        "time_exhausted": false,
        "residual_wall_time_exhausted": false,
        "combined_budget_exhausted": false,
        "wall_time_s": 22.378529916983098,
        "flopscope_backend_time_s": 21.81484518549405,
        "flopscope_overhead_time_s": 0.4849584016483277,
        "residual_wall_time_s": 0.0787263298407197,
        "breakdowns": {
          "estimator": {
            "flop_budget": 272000000000,
            "flops_used": 170971246080,
            "flops_remaining": 101028753920,
            "wall_time_s": 22.378529916983098,
            "flopscope_backend_time_s": 21.81484518549405,
            "flopscope_overhead_time_s": 0.4849584016483277,
            "residual_wall_time_s": 0.0787263298407197,
            "by_namespace": {
              "estimator.estimator-client": {
                "flops_used": 170971246080,
                "calls": 15720,
                "flopscope_backend_time_s": 21.81484518549405,
                "flopscope_overhead_time_s": 0.4847624017857015,
                "operations": {
                  "astype": {
                    "flop_cost": 35913728,
                    "calls": 65,
                    "flopscope_backend_time_s": 0.003007788909599185,
                    "flopscope_overhead_time_s": 0.0011765428353101015
                  },
                  "matmul": {
                    "flop_cost": 129078979456,
                    "calls": 3088,
                    "flopscope_backend_time_s": 4.429217266617343,
                    "flopscope_overhead_time_s": 0.15596868027932942
                  },
                  "multiply": {
                    "flop_cost": 16974080,
                    "calls": 6,
                    "flopscope_backend_time_s": 0.00877741607837379,
                    "flopscope_overhead_time_s": 0.0001414602156728506
                  },
                  "reshape": {
                    "flop_cost": 151126016,
                    "calls": 18,
                    "flopscope_backend_time_s": 3.979634493589401e-05,
                    "flopscope_overhead_time_s": 0.0003094119019806385
                  },
                  "add": {
                    "flop_cost": 18884281472,
                    "calls": 6026,
                    "flopscope_backend_time_s": 5.602288251742721,
                    "flopscope_overhead_time_s": 0.16007715417072177
                  },
                  "subtract": {
                    "flop_cost": 10890238208,
                    "calls": 5741,
                    "flopscope_backend_time_s": 7.771730448585004,
                    "flopscope_overhead_time_s": 0.13898786809295416
                  },
                  "stack": {
                    "flop_cost": 5457689600,
                    "calls": 389,
                    "flopscope_backend_time_s": 0.8480774578638375,
                    "flopscope_overhead_time_s": 0.01087259128689766
                  },
                  "negative": {
                    "flop_cost": 8388608,
                    "calls": 1,
                    "flopscope_backend_time_s": 0.0008871669415384531,
                    "flopscope_overhead_time_s": 1.9042054191231728e-05
                  },
                  "concatenate": {
                    "flop_cost": 16908288,
                    "calls": 1,
                    "flopscope_backend_time_s": 0.0015669160056859255,
                    "flopscope_overhead_time_s": 1.795915886759758e-05
                  },
                  "maximum": {
                    "flop_cost": 541065216,
                    "calls": 64,
                    "flopscope_backend_time_s": 0.231491046724841,
                    "flopscope_overhead_time_s": 0.0019634936470538378
                  },
                  "block": {
                    "flop_cost": 5855815680,
                    "calls": 252,
                    "flopscope_backend_time_s": 2.9135480027180165,
                    "flopscope_overhead_time_s": 0.008871698984876275
                  },
                  "zeros": {
                    "flop_cost": 0,
                    "calls": 33,
                    "flopscope_backend_time_s": 3.620958887040615e-05,
                    "flopscope_overhead_time_s": 0.0001612468622624874
                  },
                  "sum": {
                    "flop_cost": 33864960,
                    "calls": 34,
                    "flopscope_backend_time_s": 0.004164583515375853,
                    "flopscope_overhead_time_s": 0.0061537111178040504
                  },
                  "true_divide": {
                    "flop_cost": 512,
                    "calls": 1,
                    "flopscope_backend_time_s": 6.8338122218847275e-06,
                    "flopscope_overhead_time_s": 2.1375250071287155e-05
                  },
                  "sqrt": {
                    "flop_cost": 256,
                    "calls": 1,
                    "flopscope_backend_time_s": 6.00004568696022e-06,
                    "flopscope_overhead_time_s": 2.0165927708148956e-05
                  }
                }
              }
            }
          }
        },
        "traceback": null
      },
      {
        "mlp_index": 38,
        "mlp_name": "leonard-brown",
        "final_layer_mse": 4.1209511891793227e-07,
        "all_layers_mse": 0.6568363904953003,
        "per_layer_mse": [
          6.519542683491863e-10,
          0.47046348452568054,
          0.5714000463485718,
          0.6842453479766846,
          0.8199034333229065,
          0.8368663787841797,
          0.8220322132110596,
          0.8658536076545715,
          0.7688498497009277,
          0.719448447227478,
          0.6893057823181152,
          0.8857004642486572,
          0.8241517543792725,
          0.9284507036209106,
          0.8917921781539917,
          0.8564620614051819,
          0.898505449295044,
          0.7034403085708618,
          0.6215896606445312,
          0.7029054164886475,
          0.7419058084487915,
          0.6452862024307251,
          0.5704772472381592,
          0.545487105846405,
          0.5114226341247559,
          0.6010388135910034,
          0.503624439239502,
          0.5214388966560364,
          0.5961338877677917,
          0.508090078830719,
          0.7124922275543213,
          4.1209511891793227e-07
        ],
        "adjusted_final_layer_score": 2.698608690588026e-07,
        "flops_used": 170971246080,
        "effective_compute": 178119451103.2589,
        "budget_exhausted": false,
        "time_exhausted": false,
        "residual_wall_time_exhausted": false,
        "combined_budget_exhausted": false,
        "wall_time_s": 22.475254917051643,
        "flopscope_backend_time_s": 21.974554665619507,
        "flopscope_overhead_time_s": 0.42921820119954646,
        "residual_wall_time_s": 0.07148205023258924,
        "breakdowns": {
          "estimator": {
            "flop_budget": 272000000000,
            "flops_used": 170971246080,
            "flops_remaining": 101028753920,
            "wall_time_s": 22.475254917051643,
            "flopscope_backend_time_s": 21.974554665619507,
            "flopscope_overhead_time_s": 0.42921820119954646,
            "residual_wall_time_s": 0.07148205023258924,
            "by_namespace": {
              "estimator.estimator-client": {
                "flops_used": 170971246080,
                "calls": 15720,
                "flopscope_backend_time_s": 21.974554665619507,
                "flopscope_overhead_time_s": 0.42901549208909273,
                "operations": {
                  "astype": {
                    "flop_cost": 35913728,
                    "calls": 65,
                    "flopscope_backend_time_s": 0.027610292891040444,
                    "flopscope_overhead_time_s": 0.0013682479038834572
                  },
                  "matmul": {
                    "flop_cost": 129078979456,
                    "calls": 3088,
                    "flopscope_backend_time_s": 4.442351829493418,
                    "flopscope_overhead_time_s": 0.1266770246438682
                  },
                  "multiply": {
                    "flop_cost": 16974080,
                    "calls": 6,
                    "flopscope_backend_time_s": 0.005507460096850991,
                    "flopscope_overhead_time_s": 0.0001945409458130598
                  },
                  "reshape": {
                    "flop_cost": 151126016,
                    "calls": 18,
                    "flopscope_backend_time_s": 4.1750259697437286e-05,
                    "flopscope_overhead_time_s": 0.0003257093485444784
                  },
                  "add": {
                    "flop_cost": 18884281472,
                    "calls": 6026,
                    "flopscope_backend_time_s": 5.570494452025741,
                    "flopscope_overhead_time_s": 0.154389365343377
                  },
                  "subtract": {
                    "flop_cost": 10890238208,
                    "calls": 5741,
                    "flopscope_backend_time_s": 8.0727119455114,
                    "flopscope_overhead_time_s": 0.1221508679445833
                  },
                  "stack": {
                    "flop_cost": 5457689600,
                    "calls": 389,
                    "flopscope_backend_time_s": 0.7713598106056452,
                    "flopscope_overhead_time_s": 0.009175062645226717
                  },
                  "negative": {
                    "flop_cost": 8388608,
                    "calls": 1,
                    "flopscope_backend_time_s": 0.0009008750785142183,
                    "flopscope_overhead_time_s": 1.9999919459223747e-05
                  },
                  "concatenate": {
                    "flop_cost": 16908288,
                    "calls": 1,
                    "flopscope_backend_time_s": 0.0012817499227821827,
                    "flopscope_overhead_time_s": 1.770816743373871e-05
                  },
                  "maximum": {
                    "flop_cost": 541065216,
                    "calls": 64,
                    "flopscope_backend_time_s": 0.21411774889566004,
                    "flopscope_overhead_time_s": 0.0016871658153831959
                  },
                  "block": {
                    "flop_cost": 5855815680,
                    "calls": 252,
                    "flopscope_backend_time_s": 2.8641996271908283,
                    "flopscope_overhead_time_s": 0.007315757451578975
                  },
                  "zeros": {
                    "flop_cost": 0,
                    "calls": 33,
                    "flopscope_backend_time_s": 3.387336619198322e-05,
                    "flopscope_overhead_time_s": 0.00015070894733071327
                  },
                  "sum": {
                    "flop_cost": 33864960,
                    "calls": 34,
                    "flopscope_backend_time_s": 0.0039308753330260515,
                    "flopscope_overhead_time_s": 0.0055018330458551645
                  },
                  "true_divide": {
                    "flop_cost": 512,
                    "calls": 1,
                    "flopscope_backend_time_s": 7.458031177520752e-06,
                    "flopscope_overhead_time_s": 2.2416934370994568e-05
                  },
                  "sqrt": {
                    "flop_cost": 256,
                    "calls": 1,
                    "flopscope_backend_time_s": 4.916917532682419e-06,
                    "flopscope_overhead_time_s": 1.908303238451481e-05
                  }
                }
              }
            }
          }
        },
        "traceback": null
      },
      {
        "mlp_index": 39,
        "mlp_name": "kara-garrett",
        "final_layer_mse": 9.856253768703027e-08,
        "all_layers_mse": 0.3658719062805176,
        "per_layer_mse": [
          7.382381927989456e-10,
          0.48863840103149414,
          0.4872933626174927,
          0.4573923945426941,
          0.4633786678314209,
          0.41503000259399414,
          0.46259158849716187,
          0.53441321849823,
          0.5181267261505127,
          0.5248128175735474,
          0.4498974084854126,
          0.5269278287887573,
          0.5031846165657043,
          0.43172788619995117,
          0.42282330989837646,
          0.399971067905426,
          0.47655990719795227,
          0.39843320846557617,
          0.26212167739868164,
          0.277762770652771,
          0.28811150789260864,
          0.21646688878536224,
          0.2396927922964096,
          0.2711801826953888,
          0.2674596309661865,
          0.31763115525245667,
          0.3383588194847107,
          0.30527740716934204,
          0.26772040128707886,
          0.31020689010620117,
          0.3847080171108246,
          9.856253768703027e-08
        ],
        "adjusted_final_layer_score": 6.465953171584257e-08,
        "flops_used": 170971246080,
        "effective_compute": 178438918471.79462,
        "budget_exhausted": false,
        "time_exhausted": false,
        "residual_wall_time_exhausted": false,
        "combined_budget_exhausted": false,
        "wall_time_s": 22.489706207998097,
        "flopscope_backend_time_s": 21.662253360031173,
        "flopscope_overhead_time_s": 0.7527761240489781,
        "residual_wall_time_s": 0.07467672391794622,
        "breakdowns": {
          "estimator": {
            "flop_budget": 272000000000,
            "flops_used": 170971246080,
            "flops_remaining": 101028753920,
            "wall_time_s": 22.489706207998097,
            "flopscope_backend_time_s": 21.662253360031173,
            "flopscope_overhead_time_s": 0.7527761240489781,
            "residual_wall_time_s": 0.07467672391794622,
            "by_namespace": {
              "estimator.estimator-client": {
                "flops_used": 170971246080,
                "calls": 15720,
                "flopscope_backend_time_s": 21.662253360031173,
                "flopscope_overhead_time_s": 0.7526531249750406,
                "operations": {
                  "astype": {
                    "flop_cost": 35913728,
                    "calls": 65,
                    "flopscope_backend_time_s": 0.002949838526546955,
                    "flopscope_overhead_time_s": 0.0010905794333666563
                  },
                  "matmul": {
                    "flop_cost": 129078979456,
                    "calls": 3088,
                    "flopscope_backend_time_s": 4.409846642753109,
                    "flopscope_overhead_time_s": 0.4418670975137502
                  },
                  "multiply": {
                    "flop_cost": 16974080,
                    "calls": 6,
                    "flopscope_backend_time_s": 0.024427749682217836,
                    "flopscope_overhead_time_s": 0.0001752085518091917
                  },
                  "reshape": {
                    "flop_cost": 151126016,
                    "calls": 18,
                    "flopscope_backend_time_s": 4.62937168776989e-05,
                    "flopscope_overhead_time_s": 0.0003655790351331234
                  },
                  "add": {
                    "flop_cost": 18884281472,
                    "calls": 6026,
                    "flopscope_backend_time_s": 5.590227089822292,
                    "flopscope_overhead_time_s": 0.15078090177848935
                  },
                  "subtract": {
                    "flop_cost": 10890238208,
                    "calls": 5741,
                    "flopscope_backend_time_s": 7.760966866509989,
                    "flopscope_overhead_time_s": 0.13225829391740263
                  },
                  "stack": {
                    "flop_cost": 5457689600,
                    "calls": 389,
                    "flopscope_backend_time_s": 0.7879076995886862,
                    "flopscope_overhead_time_s": 0.010969357797876
                  },
                  "negative": {
                    "flop_cost": 8388608,
                    "calls": 1,
                    "flopscope_backend_time_s": 0.0008833331521600485,
                    "flopscope_overhead_time_s": 2.283276990056038e-05
                  },
                  "concatenate": {
                    "flop_cost": 16908288,
                    "calls": 1,
                    "flopscope_backend_time_s": 0.0018630828708410263,
                    "flopscope_overhead_time_s": 1.850002445280552e-05
                  },
                  "maximum": {
                    "flop_cost": 541065216,
                    "calls": 64,
                    "flopscope_backend_time_s": 0.21650413027964532,
                    "flopscope_overhead_time_s": 0.0017915775533765554
                  },
                  "block": {
                    "flop_cost": 5855815680,
                    "calls": 252,
                    "flopscope_backend_time_s": 2.862629839917645,
                    "flopscope_overhead_time_s": 0.007598117226734757
                  },
                  "zeros": {
                    "flop_cost": 0,
                    "calls": 33,
                    "flopscope_backend_time_s": 6.145588122308254e-05,
                    "flopscope_overhead_time_s": 0.00016546109691262245
                  },
                  "sum": {
                    "flop_cost": 33864960,
                    "calls": 34,
                    "flopscope_backend_time_s": 0.0039245872758328915,
                    "flopscope_overhead_time_s": 0.005502619314938784
                  },
                  "true_divide": {
                    "flop_cost": 512,
                    "calls": 1,
                    "flopscope_backend_time_s": 1.2792181223630905e-05,
                    "flopscope_overhead_time_s": 2.691592089831829e-05
                  },
                  "sqrt": {
                    "flop_cost": 256,
                    "calls": 1,
                    "flopscope_backend_time_s": 1.9578728824853897e-06,
                    "flopscope_overhead_time_s": 2.008303999900818e-05
                  }
                }
              }
            }
          }
        },
        "traceback": null
      },
      {
        "mlp_index": 40,
        "mlp_name": "alejandro-smith",
        "final_layer_mse": 7.328188900146415e-08,
        "all_layers_mse": 0.4153701364994049,
        "per_layer_mse": [
          6.516157058378269e-10,
          0.435325026512146,
          0.4868336319923401,
          0.624098539352417,
          0.6367837190628052,
          0.7050032019615173,
          0.625673770904541,
          0.504473090171814,
          0.6137498617172241,
          0.5798909664154053,
          0.5911848545074463,
          0.5622183084487915,
          0.572701096534729,
          0.5914338827133179,
          0.5580383539199829,
          0.49330830574035645,
          0.38474008440971375,
          0.4110488295555115,
          0.371407687664032,
          0.34084343910217285,
          0.3867778182029724,
          0.4447992444038391,
          0.39458227157592773,
          0.38332000374794006,
          0.28541040420532227,
          0.26254475116729736,
          0.25099819898605347,
          0.21510979533195496,
          0.2040570080280304,
          0.18122828006744385,
          0.19425934553146362,
          7.328188900146415e-08
        ],
        "adjusted_final_layer_score": 4.804553563581415e-08,
        "flops_used": 170971246080,
        "effective_compute": 178330360625.39746,
        "budget_exhausted": false,
        "time_exhausted": false,
        "residual_wall_time_exhausted": false,
        "combined_budget_exhausted": false,
        "wall_time_s": 22.11028683418408,
        "flopscope_backend_time_s": 21.587756113847718,
        "flopscope_overhead_time_s": 0.4489395748823881,
        "residual_wall_time_s": 0.0735911454539746,
        "breakdowns": {
          "estimator": {
            "flop_budget": 272000000000,
            "flops_used": 170971246080,
            "flops_remaining": 101028753920,
            "wall_time_s": 22.11028683418408,
            "flopscope_backend_time_s": 21.587756113847718,
            "flopscope_overhead_time_s": 0.4489395748823881,
            "residual_wall_time_s": 0.0735911454539746,
            "by_namespace": {
              "estimator.estimator-client": {
                "flops_used": 170971246080,
                "calls": 15720,
                "flopscope_backend_time_s": 21.587756113847718,
                "flopscope_overhead_time_s": 0.44878786569461226,
                "operations": {
                  "astype": {
                    "flop_cost": 35913728,
                    "calls": 65,
                    "flopscope_backend_time_s": 0.003933082800358534,
                    "flopscope_overhead_time_s": 0.001095416722819209
                  },
                  "matmul": {
                    "flop_cost": 129078979456,
                    "calls": 3088,
                    "flopscope_backend_time_s": 4.399801128776744,
                    "flopscope_overhead_time_s": 0.13765648077242076
                  },
                  "multiply": {
                    "flop_cost": 16974080,
                    "calls": 6,
                    "flopscope_backend_time_s": 0.008772167842835188,
                    "flopscope_overhead_time_s": 0.00017445744015276432
                  },
                  "reshape": {
                    "flop_cost": 151126016,
                    "calls": 18,
                    "flopscope_backend_time_s": 4.520895890891552e-05,
                    "flopscope_overhead_time_s": 0.00032004155218601227
                  },
                  "add": {
                    "flop_cost": 18884281472,
                    "calls": 6026,
                    "flopscope_backend_time_s": 5.557576234685257,
                    "flopscope_overhead_time_s": 0.14568526041693985
                  },
                  "subtract": {
                    "flop_cost": 10890238208,
                    "calls": 5741,
                    "flopscope_backend_time_s": 7.783350833691657,
                    "flopscope_overhead_time_s": 0.13930887077003717
                  },
                  "stack": {
                    "flop_cost": 5457689600,
                    "calls": 389,
                    "flopscope_backend_time_s": 0.7604478225111961,
                    "flopscope_overhead_time_s": 0.009473502868786454
                  },
                  "negative": {
                    "flop_cost": 8388608,
                    "calls": 1,
                    "flopscope_backend_time_s": 0.0009297500364482403,
                    "flopscope_overhead_time_s": 3.27499583363533e-05
                  },
                  "concatenate": {
                    "flop_cost": 16908288,
                    "calls": 1,
                    "flopscope_backend_time_s": 0.0012729999143630266,
                    "flopscope_overhead_time_s": 1.6625039279460907e-05
                  },
                  "maximum": {
                    "flop_cost": 541065216,
                    "calls": 64,
                    "flopscope_backend_time_s": 0.21575687709264457,
                    "flopscope_overhead_time_s": 0.0019202078692615032
                  },
                  "block": {
                    "flop_cost": 5855815680,
                    "calls": 252,
                    "flopscope_backend_time_s": 2.8519064681604505,
                    "flopscope_overhead_time_s": 0.007721249712631106
                  },
                  "zeros": {
                    "flop_cost": 0,
                    "calls": 33,
                    "flopscope_backend_time_s": 2.0831357687711716e-05,
                    "flopscope_overhead_time_s": 0.00014595827087759972
                  },
                  "sum": {
                    "flop_cost": 33864960,
                    "calls": 34,
                    "flopscope_backend_time_s": 0.003937457920983434,
                    "flopscope_overhead_time_s": 0.005201335530728102
                  },
                  "true_divide": {
                    "flop_cost": 512,
                    "calls": 1,
                    "flopscope_backend_time_s": 3.125052899122238e-06,
                    "flopscope_overhead_time_s": 1.829187385737896e-05
                  },
                  "sqrt": {
                    "flop_cost": 256,
                    "calls": 1,
                    "flopscope_backend_time_s": 2.125045284628868e-06,
                    "flopscope_overhead_time_s": 1.7416896298527718e-05
                  }
                }
              }
            }
          }
        },
        "traceback": null
      },
      {
        "mlp_index": 41,
        "mlp_name": "tammy-hopkins",
        "final_layer_mse": 7.814347213752626e-08,
        "all_layers_mse": 0.7270269989967346,
        "per_layer_mse": [
          8.296643372318613e-10,
          0.4818043112754822,
          0.5004820823669434,
          0.562743067741394,
          0.6566632986068726,
          0.8000768423080444,
          0.9967992305755615,
          0.9839707612991333,
          0.9092830419540405,
          0.7721118927001953,
          0.7527945041656494,
          0.7484275698661804,
          0.9033114314079285,
          1.0825035572052002,
          0.9188389778137207,
          0.9991523623466492,
          1.2555787563323975,
          1.1226838827133179,
          0.71338951587677,
          0.6895817518234253,
          0.6073637008666992,
          0.7044835090637207,
          0.5669054985046387,
          0.622614324092865,
          0.5773966312408447,
          0.6729526519775391,
          0.6463637351989746,
          0.6927803158760071,
          0.7771664261817932,
          0.7518703937530518,
          0.7947698831558228,
          7.814347213752626e-08
        ],
        "adjusted_final_layer_score": 5.116501544510041e-08,
        "flops_used": 170971246080,
        "effective_compute": 178094008627.8059,
        "budget_exhausted": false,
        "time_exhausted": false,
        "residual_wall_time_exhausted": false,
        "combined_budget_exhausted": false,
        "wall_time_s": 22.18660350004211,
        "flopscope_backend_time_s": 21.686627024086192,
        "flopscope_overhead_time_s": 0.4287488504778594,
        "residual_wall_time_s": 0.07122762547805905,
        "breakdowns": {
          "estimator": {
            "flop_budget": 272000000000,
            "flops_used": 170971246080,
            "flops_remaining": 101028753920,
            "wall_time_s": 22.18660350004211,
            "flopscope_backend_time_s": 21.686627024086192,
            "flopscope_overhead_time_s": 0.4287488504778594,
            "residual_wall_time_s": 0.07122762547805905,
            "by_namespace": {
              "estimator.estimator-client": {
                "flops_used": 170971246080,
                "calls": 15720,
                "flopscope_backend_time_s": 21.686627024086192,
                "flopscope_overhead_time_s": 0.4285977673716843,
                "operations": {
                  "astype": {
                    "flop_cost": 35913728,
                    "calls": 65,
                    "flopscope_backend_time_s": 0.003990040859207511,
                    "flopscope_overhead_time_s": 0.0011599957942962646
                  },
                  "matmul": {
                    "flop_cost": 129078979456,
                    "calls": 3088,
                    "flopscope_backend_time_s": 4.418130944017321,
                    "flopscope_overhead_time_s": 0.13472897256724536
                  },
                  "multiply": {
                    "flop_cost": 16974080,
                    "calls": 6,
                    "flopscope_backend_time_s": 0.005421584006398916,
                    "flopscope_overhead_time_s": 0.00014862488023936749
                  },
                  "reshape": {
                    "flop_cost": 151126016,
                    "calls": 18,
                    "flopscope_backend_time_s": 5.1087234169244766e-05,
                    "flopscope_overhead_time_s": 0.000367454020306468
                  },
                  "add": {
                    "flop_cost": 18884281472,
                    "calls": 6026,
                    "flopscope_backend_time_s": 5.521478016395122,
                    "flopscope_overhead_time_s": 0.14202204649336636
                  },
                  "subtract": {
                    "flop_cost": 10890238208,
                    "calls": 5741,
                    "flopscope_backend_time_s": 7.876860324060544,
                    "flopscope_overhead_time_s": 0.12652730266563594
                  },
                  "stack": {
                    "flop_cost": 5457689600,
                    "calls": 389,
                    "flopscope_backend_time_s": 0.7816466067451984,
                    "flopscope_overhead_time_s": 0.009315426461398602
                  },
                  "negative": {
                    "flop_cost": 8388608,
                    "calls": 1,
                    "flopscope_backend_time_s": 0.0009718749206513166,
                    "flopscope_overhead_time_s": 2.1750107407569885e-05
                  },
                  "concatenate": {
                    "flop_cost": 16908288,
                    "calls": 1,
                    "flopscope_backend_time_s": 0.0025424580089747906,
                    "flopscope_overhead_time_s": 1.733400858938694e-05
                  },
                  "maximum": {
                    "flop_cost": 541065216,
                    "calls": 64,
                    "flopscope_backend_time_s": 0.2197842923924327,
                    "flopscope_overhead_time_s": 0.0017166300676763058
                  },
                  "block": {
                    "flop_cost": 5855815680,
                    "calls": 252,
                    "flopscope_backend_time_s": 2.8517737926449627,
                    "flopscope_overhead_time_s": 0.007369232829660177
                  },
                  "zeros": {
                    "flop_cost": 0,
                    "calls": 33,
                    "flopscope_backend_time_s": 4.650256596505642e-05,
                    "flopscope_overhead_time_s": 0.0001472898293286562
                  },
                  "sum": {
                    "flop_cost": 33864960,
                    "calls": 34,
                    "flopscope_backend_time_s": 0.0039010413456708193,
                    "flopscope_overhead_time_s": 0.005004499340429902
                  },
                  "true_divide": {
                    "flop_cost": 512,
                    "calls": 1,
                    "flopscope_backend_time_s": 1.850002445280552e-05,
                    "flopscope_overhead_time_s": 3.3667078241705894e-05
                  },
                  "sqrt": {
                    "flop_cost": 256,
                    "calls": 1,
                    "flopscope_backend_time_s": 9.958865121006966e-06,
                    "flopscope_overhead_time_s": 1.7541227862238884e-05
                  }
                }
              }
            }
          }
        },
        "traceback": null
      },
      {
        "mlp_index": 42,
        "mlp_name": "jonathan-cross",
        "final_layer_mse": 1.5183076129687834e-07,
        "all_layers_mse": 0.8676376938819885,
        "per_layer_mse": [
          6.46366293821643e-10,
          0.4468587636947632,
          0.46491390466690063,
          0.4458949565887451,
          0.42814016342163086,
          0.44576311111450195,
          0.4839804470539093,
          0.4708309769630432,
          0.4393695294857025,
          0.6163026094436646,
          0.7331426739692688,
          0.808930516242981,
          0.9156419634819031,
          1.002083420753479,
          1.2859327793121338,
          1.6770479679107666,
          1.6431245803833008,
          1.696865200996399,
          1.9423807859420776,
          1.8318167924880981,
          1.5965585708618164,
          1.1844247579574585,
          1.069584846496582,
          1.018537998199463,
          1.0295956134796143,
          0.8445538878440857,
          0.7946390509605408,
          0.7388386726379395,
          0.6026917695999146,
          0.5102638006210327,
          0.5956968665122986,
          1.5183076129687834e-07
        ],
        "adjusted_final_layer_score": 9.937487345314386e-08,
        "flops_used": 170971246080,
        "effective_compute": 178026938338.29095,
        "budget_exhausted": false,
        "time_exhausted": false,
        "residual_wall_time_exhausted": false,
        "combined_budget_exhausted": false,
        "wall_time_s": 22.182657624827698,
        "flopscope_backend_time_s": 21.688670723699033,
        "flopscope_overhead_time_s": 0.42342997854575515,
        "residual_wall_time_s": 0.07055692258290946,
        "breakdowns": {
          "estimator": {
            "flop_budget": 272000000000,
            "flops_used": 170971246080,
            "flops_remaining": 101028753920,
            "wall_time_s": 22.182657624827698,
            "flopscope_backend_time_s": 21.688670723699033,
            "flopscope_overhead_time_s": 0.42342997854575515,
            "residual_wall_time_s": 0.07055692258290946,
            "by_namespace": {
              "estimator.estimator-client": {
                "flops_used": 170971246080,
                "calls": 15720,
                "flopscope_backend_time_s": 21.688670723699033,
                "flopscope_overhead_time_s": 0.42329006153158844,
                "operations": {
                  "astype": {
                    "flop_cost": 35913728,
                    "calls": 65,
                    "flopscope_backend_time_s": 0.003024832345545292,
                    "flopscope_overhead_time_s": 0.0011261641047894955
                  },
                  "matmul": {
                    "flop_cost": 129078979456,
                    "calls": 3088,
                    "flopscope_backend_time_s": 4.366052706260234,
                    "flopscope_overhead_time_s": 0.1278590236324817
                  },
                  "multiply": {
                    "flop_cost": 16974080,
                    "calls": 6,
                    "flopscope_backend_time_s": 0.008172708563506603,
                    "flopscope_overhead_time_s": 0.00013466645032167435
                  },
                  "reshape": {
                    "flop_cost": 151126016,
                    "calls": 18,
                    "flopscope_backend_time_s": 3.833416849374771e-05,
                    "flopscope_overhead_time_s": 0.0002608762588351965
                  },
                  "add": {
                    "flop_cost": 18884281472,
                    "calls": 6026,
                    "flopscope_backend_time_s": 5.484540784964338,
                    "flopscope_overhead_time_s": 0.13902408513240516
                  },
                  "subtract": {
                    "flop_cost": 10890238208,
                    "calls": 5741,
                    "flopscope_backend_time_s": 8.042534736450762,
                    "flopscope_overhead_time_s": 0.1308955631684512
                  },
                  "stack": {
                    "flop_cost": 5457689600,
                    "calls": 389,
                    "flopscope_backend_time_s": 0.7620532081928104,
                    "flopscope_overhead_time_s": 0.008968508802354336
                  },
                  "negative": {
                    "flop_cost": 8388608,
                    "calls": 1,
                    "flopscope_backend_time_s": 0.0008898340165615082,
                    "flopscope_overhead_time_s": 1.7748912796378136e-05
                  },
                  "concatenate": {
                    "flop_cost": 16908288,
                    "calls": 1,
                    "flopscope_backend_time_s": 0.0018553328700363636,
                    "flopscope_overhead_time_s": 1.558312214910984e-05
                  },
                  "maximum": {
                    "flop_cost": 541065216,
                    "calls": 64,
                    "flopscope_backend_time_s": 0.21476795547641814,
                    "flopscope_overhead_time_s": 0.001711541786789894
                  },
                  "block": {
                    "flop_cost": 5855815680,
                    "calls": 252,
                    "flopscope_backend_time_s": 2.8006949140690267,
                    "flopscope_overhead_time_s": 0.007399092661216855
                  },
                  "zeros": {
                    "flop_cost": 0,
                    "calls": 33,
                    "flopscope_backend_time_s": 2.5416258722543716e-05,
                    "flopscope_overhead_time_s": 0.00015512853860855103
                  },
                  "sum": {
                    "flop_cost": 33864960,
                    "calls": 34,
                    "flopscope_backend_time_s": 0.00401495979167521,
                    "flopscope_overhead_time_s": 0.005683830240741372
                  },
                  "true_divide": {
                    "flop_cost": 512,
                    "calls": 1,
                    "flopscope_backend_time_s": 2.9171351343393326e-06,
                    "flopscope_overhead_time_s": 1.9165920093655586e-05
                  },
                  "sqrt": {
                    "flop_cost": 256,
                    "calls": 1,
                    "flopscope_backend_time_s": 2.0831357687711716e-06,
                    "flopscope_overhead_time_s": 1.9082799553871155e-05
                  }
                }
              }
            }
          }
        },
        "traceback": null
      },
      {
        "mlp_index": 43,
        "mlp_name": "christy-johnson",
        "final_layer_mse": 2.1048322196293157e-07,
        "all_layers_mse": 0.6941297054290771,
        "per_layer_mse": [
          6.878697611512052e-10,
          0.5784095525741577,
          0.609548807144165,
          0.6807208061218262,
          0.7952260375022888,
          0.6685587167739868,
          0.5487346649169922,
          0.4981439411640167,
          0.5084145665168762,
          0.661056637763977,
          0.7331625819206238,
          0.8091017007827759,
          0.8976441621780396,
          0.922661542892456,
          0.8791459798812866,
          1.0384180545806885,
          0.9956496953964233,
          1.1230347156524658,
          1.1236006021499634,
          0.9626479148864746,
          0.8496227264404297,
          0.8131991624832153,
          0.6529449820518494,
          0.6743117570877075,
          0.7105266451835632,
          0.7061187028884888,
          0.6062941551208496,
          0.628328263759613,
          0.5529150366783142,
          0.5278154611587524,
          0.4561951160430908,
          2.1048322196293157e-07
        ],
        "adjusted_final_layer_score": 1.3954887157230084e-07,
        "flops_used": 170971246080,
        "effective_compute": 180334055672.85797,
        "budget_exhausted": false,
        "time_exhausted": false,
        "residual_wall_time_exhausted": false,
        "combined_budget_exhausted": false,
        "wall_time_s": 22.41717266710475,
        "flopscope_backend_time_s": 21.743083119858056,
        "flopscope_overhead_time_s": 0.580461451318115,
        "residual_wall_time_s": 0.09362809592857957,
        "breakdowns": {
          "estimator": {
            "flop_budget": 272000000000,
            "flops_used": 170971246080,
            "flops_remaining": 101028753920,
            "wall_time_s": 22.41717266710475,
            "flopscope_backend_time_s": 21.743083119858056,
            "flopscope_overhead_time_s": 0.580461451318115,
            "residual_wall_time_s": 0.09362809592857957,
            "by_namespace": {
              "estimator.estimator-client": {
                "flops_used": 170971246080,
                "calls": 15720,
                "flopscope_backend_time_s": 21.743083119858056,
                "flopscope_overhead_time_s": 0.580210201209411,
                "operations": {
                  "astype": {
                    "flop_cost": 35913728,
                    "calls": 65,
                    "flopscope_backend_time_s": 0.0034303697757422924,
                    "flopscope_overhead_time_s": 0.0012628857512027025
                  },
                  "matmul": {
                    "flop_cost": 129078979456,
                    "calls": 3088,
                    "flopscope_backend_time_s": 4.321253853850067,
                    "flopscope_overhead_time_s": 0.18434024997986853
                  },
                  "multiply": {
                    "flop_cost": 16974080,
                    "calls": 6,
                    "flopscope_backend_time_s": 0.008792874868959188,
                    "flopscope_overhead_time_s": 0.00017379107885062695
                  },
                  "reshape": {
                    "flop_cost": 151126016,
                    "calls": 18,
                    "flopscope_backend_time_s": 5.229189991950989e-05,
                    "flopscope_overhead_time_s": 0.0004082892555743456
                  },
                  "add": {
                    "flop_cost": 18884281472,
                    "calls": 6026,
                    "flopscope_backend_time_s": 5.789554962189868,
                    "flopscope_overhead_time_s": 0.1930293592158705
                  },
                  "subtract": {
                    "flop_cost": 10890238208,
                    "calls": 5741,
                    "flopscope_backend_time_s": 7.504647028399631,
                    "flopscope_overhead_time_s": 0.1681004841811955
                  },
                  "stack": {
                    "flop_cost": 5457689600,
                    "calls": 389,
                    "flopscope_backend_time_s": 0.8666089912876487,
                    "flopscope_overhead_time_s": 0.01280110259540379
                  },
                  "negative": {
                    "flop_cost": 8388608,
                    "calls": 1,
                    "flopscope_backend_time_s": 0.0008765829261392355,
                    "flopscope_overhead_time_s": 1.7792219296097755e-05
                  },
                  "concatenate": {
                    "flop_cost": 16908288,
                    "calls": 1,
                    "flopscope_backend_time_s": 0.0026025420520454645,
                    "flopscope_overhead_time_s": 1.945788972079754e-05
                  },
                  "maximum": {
                    "flop_cost": 541065216,
                    "calls": 64,
                    "flopscope_backend_time_s": 0.24042354011908174,
                    "flopscope_overhead_time_s": 0.002372667659074068
                  },
                  "block": {
                    "flop_cost": 5855815680,
                    "calls": 252,
                    "flopscope_backend_time_s": 3.00053699943237,
                    "flopscope_overhead_time_s": 0.01038883114233613
                  },
                  "zeros": {
                    "flop_cost": 0,
                    "calls": 33,
                    "flopscope_backend_time_s": 5.337456241250038e-05,
                    "flopscope_overhead_time_s": 0.00023150164633989334
                  },
                  "sum": {
                    "flop_cost": 33864960,
                    "calls": 34,
                    "flopscope_backend_time_s": 0.004229167476296425,
                    "flopscope_overhead_time_s": 0.0070161207113415
                  },
                  "true_divide": {
                    "flop_cost": 512,
                    "calls": 1,
                    "flopscope_backend_time_s": 1.2625008821487427e-05,
                    "flopscope_overhead_time_s": 2.6084017008543015e-05
                  },
                  "sqrt": {
                    "flop_cost": 256,
                    "calls": 1,
                    "flopscope_backend_time_s": 7.916009053587914e-06,
                    "flopscope_overhead_time_s": 2.1583866328001022e-05
                  }
                }
              }
            }
          }
        },
        "traceback": null
      },
      {
        "mlp_index": 44,
        "mlp_name": "edward-adams",
        "final_layer_mse": 1.2033140706080303e-07,
        "all_layers_mse": 0.48489677906036377,
        "per_layer_mse": [
          6.239512240213685e-10,
          0.43931594491004944,
          0.5848506689071655,
          0.5484796166419983,
          0.5803375840187073,
          0.6406978368759155,
          0.74204421043396,
          0.6483686566352844,
          0.6270610094070435,
          0.6845128536224365,
          0.5767338275909424,
          0.6174495220184326,
          0.6723366975784302,
          0.5715209245681763,
          0.5762201547622681,
          0.4619342088699341,
          0.40942707657814026,
          0.47319701313972473,
          0.416004478931427,
          0.37474846839904785,
          0.3451518416404724,
          0.2950914800167084,
          0.30007973313331604,
          0.3490055203437805,
          0.4508063793182373,
          0.5018279552459717,
          0.5091396570205688,
          0.4820895195007324,
          0.5271446704864502,
          0.528854250907898,
          0.5822651386260986,
          1.2033140706080303e-07
        ],
        "adjusted_final_layer_score": 7.935214596170751e-08,
        "flops_used": 170971246080,
        "effective_compute": 179369494870.7633,
        "budget_exhausted": false,
        "time_exhausted": false,
        "residual_wall_time_exhausted": false,
        "combined_budget_exhausted": false,
        "wall_time_s": 21.9127318339888,
        "flopscope_backend_time_s": 21.293321010656655,
        "flopscope_overhead_time_s": 0.5354283354245126,
        "residual_wall_time_s": 0.08398248790763319,
        "breakdowns": {
          "estimator": {
            "flop_budget": 272000000000,
            "flops_used": 170971246080,
            "flops_remaining": 101028753920,
            "wall_time_s": 21.9127318339888,
            "flopscope_backend_time_s": 21.293321010656655,
            "flopscope_overhead_time_s": 0.5354283354245126,
            "residual_wall_time_s": 0.08398248790763319,
            "by_namespace": {
              "estimator.estimator-client": {
                "flops_used": 170971246080,
                "calls": 15720,
                "flopscope_backend_time_s": 21.293321010656655,
                "flopscope_overhead_time_s": 0.5352406264282763,
                "operations": {
                  "astype": {
                    "flop_cost": 35913728,
                    "calls": 65,
                    "flopscope_backend_time_s": 0.003251207759603858,
                    "flopscope_overhead_time_s": 0.0012502532918006182
                  },
                  "matmul": {
                    "flop_cost": 129078979456,
                    "calls": 3088,
                    "flopscope_backend_time_s": 4.297656254842877,
                    "flopscope_overhead_time_s": 0.16459683934226632
                  },
                  "multiply": {
                    "flop_cost": 16974080,
                    "calls": 6,
                    "flopscope_backend_time_s": 0.009086875943467021,
                    "flopscope_overhead_time_s": 0.00016600033268332481
                  },
                  "reshape": {
                    "flop_cost": 151126016,
                    "calls": 18,
                    "flopscope_backend_time_s": 5.004275590181351e-05,
                    "flopscope_overhead_time_s": 0.0004056645557284355
                  },
                  "add": {
                    "flop_cost": 18884281472,
                    "calls": 6026,
                    "flopscope_backend_time_s": 5.585220351116732,
                    "flopscope_overhead_time_s": 0.1821137957740575
                  },
                  "subtract": {
                    "flop_cost": 10890238208,
                    "calls": 5741,
                    "flopscope_backend_time_s": 7.445383245125413,
                    "flopscope_overhead_time_s": 0.15610715374350548
                  },
                  "stack": {
                    "flop_cost": 5457689600,
                    "calls": 389,
                    "flopscope_backend_time_s": 0.8479029478039593,
                    "flopscope_overhead_time_s": 0.01173059013672173
                  },
                  "negative": {
                    "flop_cost": 8388608,
                    "calls": 1,
                    "flopscope_backend_time_s": 0.0008762918878346682,
                    "flopscope_overhead_time_s": 1.8375227227807045e-05
                  },
                  "concatenate": {
                    "flop_cost": 16908288,
                    "calls": 1,
                    "flopscope_backend_time_s": 0.006707834079861641,
                    "flopscope_overhead_time_s": 1.7248792573809624e-05
                  },
                  "maximum": {
                    "flop_cost": 541065216,
                    "calls": 64,
                    "flopscope_backend_time_s": 0.22385433712042868,
                    "flopscope_overhead_time_s": 0.002268412383273244
                  },
                  "block": {
                    "flop_cost": 5855815680,
                    "calls": 252,
                    "flopscope_backend_time_s": 2.8691938747651875,
                    "flopscope_overhead_time_s": 0.00994046195410192
                  },
                  "zeros": {
                    "flop_cost": 0,
                    "calls": 33,
                    "flopscope_backend_time_s": 4.7326553612947464e-05,
                    "flopscope_overhead_time_s": 0.00016529462300240993
                  },
                  "sum": {
                    "flop_cost": 33864960,
                    "calls": 34,
                    "flopscope_backend_time_s": 0.004068128764629364,
                    "flopscope_overhead_time_s": 0.0064083281904459
                  },
                  "true_divide": {
                    "flop_cost": 512,
                    "calls": 1,
                    "flopscope_backend_time_s": 1.0542105883359909e-05,
                    "flopscope_overhead_time_s": 2.9749935492873192e-05
                  },
                  "sqrt": {
                    "flop_cost": 256,
                    "calls": 1,
                    "flopscope_backend_time_s": 1.1750031262636185e-05,
                    "flopscope_overhead_time_s": 2.2458145394921303e-05
                  }
                }
              }
            }
          }
        },
        "traceback": null
      },
      {
        "mlp_index": 45,
        "mlp_name": "ryan-harvey",
        "final_layer_mse": 1.2786182423951686e-07,
        "all_layers_mse": 0.7719563245773315,
        "per_layer_mse": [
          7.395932755116519e-10,
          0.521386444568634,
          0.6305358409881592,
          0.9862111210823059,
          1.0637991428375244,
          1.2375669479370117,
          1.416891098022461,
          1.5066343545913696,
          1.460958480834961,
          1.5497868061065674,
          1.2171690464019775,
          1.1983050107955933,
          0.7233399152755737,
          0.760285496711731,
          0.9585148096084595,
          0.8688271641731262,
          0.7914043664932251,
          0.7135176658630371,
          0.5526890754699707,
          0.4471875727176666,
          0.4700873792171478,
          0.4798147678375244,
          0.47877374291419983,
          0.48821842670440674,
          0.63753342628479,
          0.608733057975769,
          0.5574017763137817,
          0.6184202432632446,
          0.6843820214271545,
          0.6308948993682861,
          0.44333088397979736,
          1.2786182423951686e-07
        ],
        "adjusted_final_layer_score": 8.375451018574639e-08,
        "flops_used": 170971246080,
        "effective_compute": 178170669048.5515,
        "budget_exhausted": false,
        "time_exhausted": false,
        "residual_wall_time_exhausted": false,
        "combined_budget_exhausted": false,
        "wall_time_s": 21.83159708417952,
        "flopscope_backend_time_s": 21.321380360983312,
        "flopscope_overhead_time_s": 0.4382224935106933,
        "residual_wall_time_s": 0.07199422968551517,
        "breakdowns": {
          "estimator": {
            "flop_budget": 272000000000,
            "flops_used": 170971246080,
            "flops_remaining": 101028753920,
            "wall_time_s": 21.83159708417952,
            "flopscope_backend_time_s": 21.321380360983312,
            "flopscope_overhead_time_s": 0.4382224935106933,
            "residual_wall_time_s": 0.07199422968551517,
            "by_namespace": {
              "estimator.estimator-client": {
                "flops_used": 170971246080,
                "calls": 15720,
                "flopscope_backend_time_s": 21.321380360983312,
                "flopscope_overhead_time_s": 0.4380618263967335,
                "operations": {
                  "astype": {
                    "flop_cost": 35913728,
                    "calls": 65,
                    "flopscope_backend_time_s": 0.00409662676975131,
                    "flopscope_overhead_time_s": 0.0010894550941884518
                  },
                  "matmul": {
                    "flop_cost": 129078979456,
                    "calls": 3088,
                    "flopscope_backend_time_s": 4.348593118833378,
                    "flopscope_overhead_time_s": 0.13827202143147588
                  },
                  "multiply": {
                    "flop_cost": 16974080,
                    "calls": 6,
                    "flopscope_backend_time_s": 0.009444833267480135,
                    "flopscope_overhead_time_s": 0.0001781238242983818
                  },
                  "reshape": {
                    "flop_cost": 151126016,
                    "calls": 18,
                    "flopscope_backend_time_s": 4.437379539012909e-05,
                    "flopscope_overhead_time_s": 0.00032475171610713005
                  },
                  "add": {
                    "flop_cost": 18884281472,
                    "calls": 6026,
                    "flopscope_backend_time_s": 5.493164776591584,
                    "flopscope_overhead_time_s": 0.14439029502682388
                  },
                  "subtract": {
                    "flop_cost": 10890238208,
                    "calls": 5741,
                    "flopscope_backend_time_s": 7.576360274339095,
                    "flopscope_overhead_time_s": 0.12916941428557038
                  },
                  "stack": {
                    "flop_cost": 5457689600,
                    "calls": 389,
                    "flopscope_backend_time_s": 0.8195056607946754,
                    "flopscope_overhead_time_s": 0.009894595947116613
                  },
                  "negative": {
                    "flop_cost": 8388608,
                    "calls": 1,
                    "flopscope_backend_time_s": 0.0009157920721918344,
                    "flopscope_overhead_time_s": 2.095801755785942e-05
                  },
                  "concatenate": {
                    "flop_cost": 16908288,
                    "calls": 1,
                    "flopscope_backend_time_s": 0.0026613748632371426,
                    "flopscope_overhead_time_s": 1.7084181308746338e-05
                  },
                  "maximum": {
                    "flop_cost": 541065216,
                    "calls": 64,
                    "flopscope_backend_time_s": 0.21951653715223074,
                    "flopscope_overhead_time_s": 0.0017328783869743347
                  },
                  "block": {
                    "flop_cost": 5855815680,
                    "calls": 252,
                    "flopscope_backend_time_s": 2.842992119723931,
                    "flopscope_overhead_time_s": 0.007595662726089358
                  },
                  "zeros": {
                    "flop_cost": 0,
                    "calls": 33,
                    "flopscope_backend_time_s": 5.232822149991989e-05,
                    "flopscope_overhead_time_s": 0.00016613001935184002
                  },
                  "sum": {
                    "flop_cost": 33864960,
                    "calls": 34,
                    "flopscope_backend_time_s": 0.004009793745353818,
                    "flopscope_overhead_time_s": 0.0051623324397951365
                  },
                  "true_divide": {
                    "flop_cost": 512,
                    "calls": 1,
                    "flopscope_backend_time_s": 1.2208940461277962e-05,
                    "flopscope_overhead_time_s": 2.6957131922245026e-05
                  },
                  "sqrt": {
                    "flop_cost": 256,
                    "calls": 1,
                    "flopscope_backend_time_s": 1.0541873052716255e-05,
                    "flopscope_overhead_time_s": 2.116616815328598e-05
                  }
                }
              }
            }
          }
        },
        "traceback": null
      },
      {
        "mlp_index": 46,
        "mlp_name": "allison-tyler",
        "final_layer_mse": 1.7454739520417206e-07,
        "all_layers_mse": 0.4755571484565735,
        "per_layer_mse": [
          8.245262250738961e-10,
          0.4448746144771576,
          0.5999559164047241,
          0.5121818780899048,
          0.587123453617096,
          0.6697494387626648,
          0.682723343372345,
          0.5898709893226624,
          0.6235623955726624,
          0.6754913926124573,
          0.667883574962616,
          0.7783063650131226,
          0.5748909115791321,
          0.55256587266922,
          0.5464093089103699,
          0.5407050848007202,
          0.665752649307251,
          0.5874550342559814,
          0.5537604093551636,
          0.413892924785614,
          0.3921346962451935,
          0.3829331398010254,
          0.3608323335647583,
          0.33236196637153625,
          0.29986006021499634,
          0.42142239212989807,
          0.4175523519515991,
          0.33567625284194946,
          0.33891740441322327,
          0.37326765060424805,
          0.29571473598480225,
          1.7454739520417206e-07
        ],
        "adjusted_final_layer_score": 1.1423962390818788e-07,
        "flops_used": 170971246080,
        "effective_compute": 178021434617.68707,
        "budget_exhausted": false,
        "time_exhausted": false,
        "residual_wall_time_exhausted": false,
        "combined_budget_exhausted": false,
        "wall_time_s": 22.531076124869287,
        "flopscope_backend_time_s": 22.044132804963738,
        "flopscope_overhead_time_s": 0.41644143452867866,
        "residual_wall_time_s": 0.07050188537687063,
        "breakdowns": {
          "estimator": {
            "flop_budget": 272000000000,
            "flops_used": 170971246080,
            "flops_remaining": 101028753920,
            "wall_time_s": 22.531076124869287,
            "flopscope_backend_time_s": 22.044132804963738,
            "flopscope_overhead_time_s": 0.41644143452867866,
            "residual_wall_time_s": 0.07050188537687063,
            "by_namespace": {
              "estimator.estimator-client": {
                "flops_used": 170971246080,
                "calls": 15720,
                "flopscope_backend_time_s": 22.044132804963738,
                "flopscope_overhead_time_s": 0.41627455968409777,
                "operations": {
                  "astype": {
                    "flop_cost": 35913728,
                    "calls": 65,
                    "flopscope_backend_time_s": 0.002974830102175474,
                    "flopscope_overhead_time_s": 0.0010522492229938507
                  },
                  "matmul": {
                    "flop_cost": 129078979456,
                    "calls": 3088,
                    "flopscope_backend_time_s": 4.434160119853914,
                    "flopscope_overhead_time_s": 0.12296008691191673
                  },
                  "multiply": {
                    "flop_cost": 16974080,
                    "calls": 6,
                    "flopscope_backend_time_s": 0.008381417253986001,
                    "flopscope_overhead_time_s": 0.0001296245027333498
                  },
                  "reshape": {
                    "flop_cost": 151126016,
                    "calls": 18,
                    "flopscope_backend_time_s": 3.2082200050354004e-05,
                    "flopscope_overhead_time_s": 0.00024649943225085735
                  },
                  "add": {
                    "flop_cost": 18884281472,
                    "calls": 6026,
                    "flopscope_backend_time_s": 5.623364033177495,
                    "flopscope_overhead_time_s": 0.14708807785063982
                  },
                  "subtract": {
                    "flop_cost": 10890238208,
                    "calls": 5741,
                    "flopscope_backend_time_s": 8.060434674145654,
                    "flopscope_overhead_time_s": 0.12152841151691973
                  },
                  "stack": {
                    "flop_cost": 5457689600,
                    "calls": 389,
                    "flopscope_backend_time_s": 0.7804548365529627,
                    "flopscope_overhead_time_s": 0.009290792513638735
                  },
                  "negative": {
                    "flop_cost": 8388608,
                    "calls": 1,
                    "flopscope_backend_time_s": 0.0008755840826779604,
                    "flopscope_overhead_time_s": 1.63328368216753e-05
                  },
                  "concatenate": {
                    "flop_cost": 16908288,
                    "calls": 1,
                    "flopscope_backend_time_s": 0.0013067079707980156,
                    "flopscope_overhead_time_s": 1.5084166079759598e-05
                  },
                  "maximum": {
                    "flop_cost": 541065216,
                    "calls": 64,
                    "flopscope_backend_time_s": 0.2146786644589156,
                    "flopscope_overhead_time_s": 0.0016293341759592295
                  },
                  "block": {
                    "flop_cost": 5855815680,
                    "calls": 252,
                    "flopscope_backend_time_s": 2.9134942716918886,
                    "flopscope_overhead_time_s": 0.0069367296528071165
                  },
                  "zeros": {
                    "flop_cost": 0,
                    "calls": 33,
                    "flopscope_backend_time_s": 3.8878293707966805e-05,
                    "flopscope_overhead_time_s": 0.00015083281323313713
                  },
                  "sum": {
                    "flop_cost": 33864960,
                    "calls": 34,
                    "flopscope_backend_time_s": 0.003924788208678365,
                    "flopscope_overhead_time_s": 0.005191170843318105
                  },
                  "true_divide": {
                    "flop_cost": 512,
                    "calls": 1,
                    "flopscope_backend_time_s": 6.624963134527206e-06,
                    "flopscope_overhead_time_s": 2.0333100110292435e-05
                  },
                  "sqrt": {
                    "flop_cost": 256,
                    "calls": 1,
                    "flopscope_backend_time_s": 5.292007699608803e-06,
                    "flopscope_overhead_time_s": 1.900014467537403e-05
                  }
                }
              }
            }
          }
        },
        "traceback": null
      },
      {
        "mlp_index": 47,
        "mlp_name": "debbie-anderson",
        "final_layer_mse": 2.5488131427664484e-07,
        "all_layers_mse": 0.7727511525154114,
        "per_layer_mse": [
          6.674655272931318e-10,
          0.49570852518081665,
          0.5992808938026428,
          0.589592456817627,
          0.7056758403778076,
          0.709557294845581,
          0.6546318531036377,
          0.6293057799339294,
          0.6582849025726318,
          0.7276108860969543,
          0.7122361660003662,
          0.7603695392608643,
          1.0730353593826294,
          0.8495116233825684,
          0.985430121421814,
          0.980567216873169,
          0.9953634142875671,
          0.8704251050949097,
          1.0142853260040283,
          0.9201396107673645,
          0.8560487031936646,
          0.856273889541626,
          0.76447993516922,
          0.9229449033737183,
          0.957970380783081,
          0.8860509991645813,
          0.9199501276016235,
          0.9586080312728882,
          0.9063816666603088,
          0.8119852542877197,
          0.9563312530517578,
          2.5488131427664484e-07
        ],
        "adjusted_final_layer_score": 1.673867908651935e-07,
        "flops_used": 170971246080,
        "effective_compute": 178629050326.99188,
        "budget_exhausted": false,
        "time_exhausted": false,
        "residual_wall_time_exhausted": false,
        "combined_budget_exhausted": false,
        "wall_time_s": 22.818470916012302,
        "flopscope_backend_time_s": 22.29534639394842,
        "flopscope_overhead_time_s": 0.44654647959396243,
        "residual_wall_time_s": 0.07657804246991873,
        "breakdowns": {
          "estimator": {
            "flop_budget": 272000000000,
            "flops_used": 170971246080,
            "flops_remaining": 101028753920,
            "wall_time_s": 22.818470916012302,
            "flopscope_backend_time_s": 22.29534639394842,
            "flopscope_overhead_time_s": 0.44654647959396243,
            "residual_wall_time_s": 0.07657804246991873,
            "by_namespace": {
              "estimator.estimator-client": {
                "flops_used": 170971246080,
                "calls": 15720,
                "flopscope_backend_time_s": 22.29534639394842,
                "flopscope_overhead_time_s": 0.44637502171099186,
                "operations": {
                  "astype": {
                    "flop_cost": 35913728,
                    "calls": 65,
                    "flopscope_backend_time_s": 0.0031490835826843977,
                    "flopscope_overhead_time_s": 0.0010877077002078295
                  },
                  "matmul": {
                    "flop_cost": 129078979456,
                    "calls": 3088,
                    "flopscope_backend_time_s": 4.4490600971039385,
                    "flopscope_overhead_time_s": 0.14275737712159753
                  },
                  "multiply": {
                    "flop_cost": 16974080,
                    "calls": 6,
                    "flopscope_backend_time_s": 0.0026134171057492495,
                    "flopscope_overhead_time_s": 0.0001622897107154131
                  },
                  "reshape": {
                    "flop_cost": 151126016,
                    "calls": 18,
                    "flopscope_backend_time_s": 4.837824963033199e-05,
                    "flopscope_overhead_time_s": 0.0003389539197087288
                  },
                  "add": {
                    "flop_cost": 18884281472,
                    "calls": 6026,
                    "flopscope_backend_time_s": 5.60130830318667,
                    "flopscope_overhead_time_s": 0.14293419779278338
                  },
                  "subtract": {
                    "flop_cost": 10890238208,
                    "calls": 5741,
                    "flopscope_backend_time_s": 7.8890634754206985,
                    "flopscope_overhead_time_s": 0.1343452709261328
                  },
                  "stack": {
                    "flop_cost": 5457689600,
                    "calls": 389,
                    "flopscope_backend_time_s": 0.8290118197910488,
                    "flopscope_overhead_time_s": 0.009935882408171892
                  },
                  "negative": {
                    "flop_cost": 8388608,
                    "calls": 1,
                    "flopscope_backend_time_s": 0.001060584094375372,
                    "flopscope_overhead_time_s": 3.21660190820694e-05
                  },
                  "concatenate": {
                    "flop_cost": 16908288,
                    "calls": 1,
                    "flopscope_backend_time_s": 0.0012706671841442585,
                    "flopscope_overhead_time_s": 1.6665784642100334e-05
                  },
                  "maximum": {
                    "flop_cost": 541065216,
                    "calls": 64,
                    "flopscope_backend_time_s": 0.21833178959786892,
                    "flopscope_overhead_time_s": 0.00173866655677557
                  },
                  "block": {
                    "flop_cost": 5855815680,
                    "calls": 252,
                    "flopscope_backend_time_s": 3.2964552047196776,
                    "flopscope_overhead_time_s": 0.0076252908911556005
                  },
                  "zeros": {
                    "flop_cost": 0,
                    "calls": 33,
                    "flopscope_backend_time_s": 5.003740079700947e-05,
                    "flopscope_overhead_time_s": 0.00016067293472588062
                  },
                  "sum": {
                    "flop_cost": 33864960,
                    "calls": 34,
                    "flopscope_backend_time_s": 0.003908578539267182,
                    "flopscope_overhead_time_s": 0.005196296842768788
                  },
                  "true_divide": {
                    "flop_cost": 512,
                    "calls": 1,
                    "flopscope_backend_time_s": 1.0707881301641464e-05,
                    "flopscope_overhead_time_s": 2.2667227312922478e-05
                  },
                  "sqrt": {
                    "flop_cost": 256,
                    "calls": 1,
                    "flopscope_backend_time_s": 4.250090569257736e-06,
                    "flopscope_overhead_time_s": 2.091587521135807e-05
                  }
                }
              }
            }
          }
        },
        "traceback": null
      },
      {
        "mlp_index": 48,
        "mlp_name": "andrew-nguyen",
        "final_layer_mse": 1.4451667595949402e-07,
        "all_layers_mse": 0.5597673654556274,
        "per_layer_mse": [
          6.773969718487649e-10,
          0.5092974305152893,
          0.7056952714920044,
          0.7386282086372375,
          0.7905811071395874,
          0.8733207583427429,
          0.7708081007003784,
          0.8101693391799927,
          0.8653782606124878,
          0.8519951105117798,
          0.7486001253128052,
          0.7948523163795471,
          0.5541808605194092,
          0.5376846790313721,
          0.522148609161377,
          0.457028329372406,
          0.41826921701431274,
          0.4559895396232605,
          0.510759174823761,
          0.5456894040107727,
          0.6016865968704224,
          0.5829768180847168,
          0.41115736961364746,
          0.47284847497940063,
          0.3902392089366913,
          0.44773733615875244,
          0.5264989733695984,
          0.5034409165382385,
          0.5876232385635376,
          0.45433932542800903,
          0.4729316234588623,
          1.4451667595949402e-07
        ],
        "adjusted_final_layer_score": 9.505589286908834e-08,
        "flops_used": 170971246080,
        "effective_compute": 178908092707.85382,
        "budget_exhausted": false,
        "time_exhausted": false,
        "residual_wall_time_exhausted": false,
        "combined_budget_exhausted": false,
        "wall_time_s": 22.500475334003568,
        "flopscope_backend_time_s": 21.914480603067204,
        "flopscope_overhead_time_s": 0.5066262646578252,
        "residual_wall_time_s": 0.07936846627853811,
        "breakdowns": {
          "estimator": {
            "flop_budget": 272000000000,
            "flops_used": 170971246080,
            "flops_remaining": 101028753920,
            "wall_time_s": 22.500475334003568,
            "flopscope_backend_time_s": 21.914480603067204,
            "flopscope_overhead_time_s": 0.5066262646578252,
            "residual_wall_time_s": 0.07936846627853811,
            "by_namespace": {
              "estimator.estimator-client": {
                "flops_used": 170971246080,
                "calls": 15720,
                "flopscope_backend_time_s": 21.914480603067204,
                "flopscope_overhead_time_s": 0.5063879718072712,
                "operations": {
                  "astype": {
                    "flop_cost": 35913728,
                    "calls": 65,
                    "flopscope_backend_time_s": 0.004232293227687478,
                    "flopscope_overhead_time_s": 0.0012536640278995037
                  },
                  "matmul": {
                    "flop_cost": 129078979456,
                    "calls": 3088,
                    "flopscope_backend_time_s": 4.4138809067662805,
                    "flopscope_overhead_time_s": 0.1545785462949425
                  },
                  "multiply": {
                    "flop_cost": 16974080,
                    "calls": 6,
                    "flopscope_backend_time_s": 0.009000208228826523,
                    "flopscope_overhead_time_s": 0.0001381260808557272
                  },
                  "reshape": {
                    "flop_cost": 151126016,
                    "calls": 18,
                    "flopscope_backend_time_s": 3.4124357625842094e-05,
                    "flopscope_overhead_time_s": 0.00025979173369705677
                  },
                  "add": {
                    "flop_cost": 18884281472,
                    "calls": 6026,
                    "flopscope_backend_time_s": 5.6983372799586505,
                    "flopscope_overhead_time_s": 0.16567173972725868
                  },
                  "subtract": {
                    "flop_cost": 10890238208,
                    "calls": 5741,
                    "flopscope_backend_time_s": 7.759735030587763,
                    "flopscope_overhead_time_s": 0.15673722908832133
                  },
                  "stack": {
                    "flop_cost": 5457689600,
                    "calls": 389,
                    "flopscope_backend_time_s": 0.7923074171412736,
                    "flopscope_overhead_time_s": 0.01069962652400136
                  },
                  "negative": {
                    "flop_cost": 8388608,
                    "calls": 1,
                    "flopscope_backend_time_s": 0.0008943751454353333,
                    "flopscope_overhead_time_s": 1.637497916817665e-05
                  },
                  "concatenate": {
                    "flop_cost": 16908288,
                    "calls": 1,
                    "flopscope_backend_time_s": 0.001775417011231184,
                    "flopscope_overhead_time_s": 1.516612246632576e-05
                  },
                  "maximum": {
                    "flop_cost": 541065216,
                    "calls": 64,
                    "flopscope_backend_time_s": 0.2193180867470801,
                    "flopscope_overhead_time_s": 0.0021991198882460594
                  },
                  "block": {
                    "flop_cost": 5855815680,
                    "calls": 252,
                    "flopscope_backend_time_s": 3.0108208439778537,
                    "flopscope_overhead_time_s": 0.008894705446437001
                  },
                  "zeros": {
                    "flop_cost": 0,
                    "calls": 33,
                    "flopscope_backend_time_s": 4.2622676119208336e-05,
                    "flopscope_overhead_time_s": 0.0001645432785153389
                  },
                  "sum": {
                    "flop_cost": 33864960,
                    "calls": 34,
                    "flopscope_backend_time_s": 0.00407741405069828,
                    "flopscope_overhead_time_s": 0.005709213670343161
                  },
                  "true_divide": {
                    "flop_cost": 512,
                    "calls": 1,
                    "flopscope_backend_time_s": 1.1542113497853279e-05,
                    "flopscope_overhead_time_s": 2.4999026209115982e-05
                  },
                  "sqrt": {
                    "flop_cost": 256,
                    "calls": 1,
                    "flopscope_backend_time_s": 1.3041077181696892e-05,
                    "flopscope_overhead_time_s": 2.512591890990734e-05
                  }
                }
              }
            }
          }
        },
        "traceback": null
      },
      {
        "mlp_index": 49,
        "mlp_name": "mark-cole",
        "final_layer_mse": 1.7377340100210859e-07,
        "all_layers_mse": 0.5948342084884644,
        "per_layer_mse": [
          6.781381567400047e-10,
          0.479539155960083,
          0.767228364944458,
          0.901429295539856,
          0.8801799416542053,
          0.7602903842926025,
          0.7365497350692749,
          0.7423896789550781,
          0.7653584480285645,
          0.8245874047279358,
          0.8081375360488892,
          1.1029398441314697,
          0.9409067630767822,
          0.7417928576469421,
          0.6674388647079468,
          0.6475372314453125,
          0.5664330720901489,
          0.5849732160568237,
          0.6178576946258545,
          0.6431248188018799,
          0.5530922412872314,
          0.48909977078437805,
          0.4610249400138855,
          0.40152204036712646,
          0.3586287498474121,
          0.37721961736679077,
          0.35162848234176636,
          0.44592827558517456,
          0.4388963282108307,
          0.4776301980018616,
          0.5013294816017151,
          1.7377340100210859e-07
        ],
        "adjusted_final_layer_score": 1.1400005730395793e-07,
        "flops_used": 170971246080,
        "effective_compute": 178439366484.51913,
        "budget_exhausted": false,
        "time_exhausted": false,
        "residual_wall_time_exhausted": false,
        "combined_budget_exhausted": false,
        "wall_time_s": 22.94974470906891,
        "flopscope_backend_time_s": 22.41254465491511,
        "flopscope_overhead_time_s": 0.4625188501086086,
        "residual_wall_time_s": 0.07468120404519141,
        "breakdowns": {
          "estimator": {
            "flop_budget": 272000000000,
            "flops_used": 170971246080,
            "flops_remaining": 101028753920,
            "wall_time_s": 22.94974470906891,
            "flopscope_backend_time_s": 22.41254465491511,
            "flopscope_overhead_time_s": 0.4625188501086086,
            "residual_wall_time_s": 0.07468120404519141,
            "by_namespace": {
              "estimator.estimator-client": {
                "flops_used": 170971246080,
                "calls": 15720,
                "flopscope_backend_time_s": 22.41254465491511,
                "flopscope_overhead_time_s": 0.46227005822584033,
                "operations": {
                  "astype": {
                    "flop_cost": 35913728,
                    "calls": 65,
                    "flopscope_backend_time_s": 0.003702961141243577,
                    "flopscope_overhead_time_s": 0.0010829123202711344
                  },
                  "matmul": {
                    "flop_cost": 129078979456,
                    "calls": 3088,
                    "flopscope_backend_time_s": 4.442274922737852,
                    "flopscope_overhead_time_s": 0.14754667016677558
                  },
                  "multiply": {
                    "flop_cost": 16974080,
                    "calls": 6,
                    "flopscope_backend_time_s": 0.008901417255401611,
                    "flopscope_overhead_time_s": 0.00014100014232099056
                  },
                  "reshape": {
                    "flop_cost": 151126016,
                    "calls": 18,
                    "flopscope_backend_time_s": 3.224634565412998e-05,
                    "flopscope_overhead_time_s": 0.0002612117677927017
                  },
                  "add": {
                    "flop_cost": 18884281472,
                    "calls": 6026,
                    "flopscope_backend_time_s": 5.851790574844927,
                    "flopscope_overhead_time_s": 0.15085290046408772
                  },
                  "subtract": {
                    "flop_cost": 10890238208,
                    "calls": 5741,
                    "flopscope_backend_time_s": 8.032620247919112,
                    "flopscope_overhead_time_s": 0.13701123767532408
                  },
                  "stack": {
                    "flop_cost": 5457689600,
                    "calls": 389,
                    "flopscope_backend_time_s": 0.8605962956789881,
                    "flopscope_overhead_time_s": 0.010197239927947521
                  },
                  "negative": {
                    "flop_cost": 8388608,
                    "calls": 1,
                    "flopscope_backend_time_s": 0.00088162487372756,
                    "flopscope_overhead_time_s": 1.812516711652279e-05
                  },
                  "concatenate": {
                    "flop_cost": 16908288,
                    "calls": 1,
                    "flopscope_backend_time_s": 0.00475912494584918,
                    "flopscope_overhead_time_s": 1.6083940863609314e-05
                  },
                  "maximum": {
                    "flop_cost": 541065216,
                    "calls": 64,
                    "flopscope_backend_time_s": 0.21571104042232037,
                    "flopscope_overhead_time_s": 0.0017832980956882238
                  },
                  "block": {
                    "flop_cost": 5855815680,
                    "calls": 252,
                    "flopscope_backend_time_s": 2.987201703712344,
                    "flopscope_overhead_time_s": 0.007961332332342863
                  },
                  "zeros": {
                    "flop_cost": 0,
                    "calls": 33,
                    "flopscope_backend_time_s": 4.841038025915623e-05,
                    "flopscope_overhead_time_s": 0.0001605898141860962
                  },
                  "sum": {
                    "flop_cost": 33864960,
                    "calls": 34,
                    "flopscope_backend_time_s": 0.004000834655016661,
                    "flopscope_overhead_time_s": 0.005191789241507649
                  },
                  "true_divide": {
                    "flop_cost": 512,
                    "calls": 1,
                    "flopscope_backend_time_s": 1.3042008504271507e-05,
                    "flopscope_overhead_time_s": 2.400018274784088e-05
                  },
                  "sqrt": {
                    "flop_cost": 256,
                    "calls": 1,
                    "flopscope_backend_time_s": 1.0207993909716606e-05,
                    "flopscope_overhead_time_s": 2.1666986867785454e-05
                  }
                }
              }
            }
          }
        },
        "traceback": null
      },
      {
        "mlp_index": 50,
        "mlp_name": "joshua-collins",
        "final_layer_mse": 1.3306882920005592e-06,
        "all_layers_mse": 1.180553913116455,
        "per_layer_mse": [
          6.434750510209142e-10,
          0.47193586826324463,
          0.6022672057151794,
          0.6612255573272705,
          0.7018274068832397,
          0.8732116222381592,
          0.9709480404853821,
          1.063036322593689,
          1.1416391134262085,
          1.080276608467102,
          1.2897744178771973,
          1.2516634464263916,
          0.9255666732788086,
          0.7703025341033936,
          0.9065845608711243,
          1.2267884016036987,
          1.3948997259140015,
          1.5073320865631104,
          1.3502224683761597,
          1.0569896697998047,
          1.0993939638137817,
          1.3139851093292236,
          1.2869740724563599,
          1.6687849760055542,
          1.405759572982788,
          1.2582162618637085,
          1.81650710105896,
          1.8098114728927612,
          2.044373035430908,
          2.4424402713775635,
          2.384983539581299,
          1.3306882920005592e-06
        ],
        "adjusted_final_layer_score": 8.769391211236222e-07,
        "flops_used": 170971246080,
        "effective_compute": 179251175785.89548,
        "budget_exhausted": false,
        "time_exhausted": false,
        "residual_wall_time_exhausted": false,
        "combined_budget_exhausted": false,
        "wall_time_s": 23.11732175014913,
        "flopscope_backend_time_s": 22.609035526635125,
        "flopscope_overhead_time_s": 0.4254869264550507,
        "residual_wall_time_s": 0.08279929705895483,
        "breakdowns": {
          "estimator": {
            "flop_budget": 272000000000,
            "flops_used": 170971246080,
            "flops_remaining": 101028753920,
            "wall_time_s": 23.11732175014913,
            "flopscope_backend_time_s": 22.609035526635125,
            "flopscope_overhead_time_s": 0.4254869264550507,
            "residual_wall_time_s": 0.08279929705895483,
            "by_namespace": {
              "estimator.estimator-client": {
                "flops_used": 170971246080,
                "calls": 15720,
                "flopscope_backend_time_s": 22.609035526635125,
                "flopscope_overhead_time_s": 0.4253201764076948,
                "operations": {
                  "astype": {
                    "flop_cost": 35913728,
                    "calls": 65,
                    "flopscope_backend_time_s": 0.0034674599301069975,
                    "flopscope_overhead_time_s": 0.0010529656428843737
                  },
                  "matmul": {
                    "flop_cost": 129078979456,
                    "calls": 3088,
                    "flopscope_backend_time_s": 4.439248971175402,
                    "flopscope_overhead_time_s": 0.1258316016755998
                  },
                  "multiply": {
                    "flop_cost": 16974080,
                    "calls": 6,
                    "flopscope_backend_time_s": 0.009368457132950425,
                    "flopscope_overhead_time_s": 0.00014762557111680508
                  },
                  "reshape": {
                    "flop_cost": 151126016,
                    "calls": 18,
                    "flopscope_backend_time_s": 4.070717841386795e-05,
                    "flopscope_overhead_time_s": 0.00030229403637349606
                  },
                  "add": {
                    "flop_cost": 18884281472,
                    "calls": 6026,
                    "flopscope_backend_time_s": 5.79825207288377,
                    "flopscope_overhead_time_s": 0.14993534982204437
                  },
                  "subtract": {
                    "flop_cost": 10890238208,
                    "calls": 5741,
                    "flopscope_backend_time_s": 8.208723441697657,
                    "flopscope_overhead_time_s": 0.12426281324587762
                  },
                  "stack": {
                    "flop_cost": 5457689600,
                    "calls": 389,
                    "flopscope_backend_time_s": 0.7788090067915618,
                    "flopscope_overhead_time_s": 0.009157186839729548
                  },
                  "negative": {
                    "flop_cost": 8388608,
                    "calls": 1,
                    "flopscope_backend_time_s": 0.0008783340454101562,
                    "flopscope_overhead_time_s": 2.1623913198709488e-05
                  },
                  "concatenate": {
                    "flop_cost": 16908288,
                    "calls": 1,
                    "flopscope_backend_time_s": 0.0012797091621905565,
                    "flopscope_overhead_time_s": 1.591583713889122e-05
                  },
                  "maximum": {
                    "flop_cost": 541065216,
                    "calls": 64,
                    "flopscope_backend_time_s": 0.2146341623738408,
                    "flopscope_overhead_time_s": 0.0017600920982658863
                  },
                  "block": {
                    "flop_cost": 5855815680,
                    "calls": 252,
                    "flopscope_backend_time_s": 3.1504494636319578,
                    "flopscope_overhead_time_s": 0.007550327107310295
                  },
                  "zeros": {
                    "flop_cost": 0,
                    "calls": 33,
                    "flopscope_backend_time_s": 2.2121239453554153e-05,
                    "flopscope_overhead_time_s": 0.00015212479047477245
                  },
                  "sum": {
                    "flop_cost": 33864960,
                    "calls": 34,
                    "flopscope_backend_time_s": 0.0038564526475965977,
                    "flopscope_overhead_time_s": 0.005093005485832691
                  },
                  "true_divide": {
                    "flop_cost": 512,
                    "calls": 1,
                    "flopscope_backend_time_s": 3.2498501241207123e-06,
                    "flopscope_overhead_time_s": 1.912517473101616e-05
                  },
                  "sqrt": {
                    "flop_cost": 256,
                    "calls": 1,
                    "flopscope_backend_time_s": 1.9168946892023087e-06,
                    "flopscope_overhead_time_s": 1.812516711652279e-05
                  }
                }
              }
            }
          }
        },
        "traceback": null
      },
      {
        "mlp_index": 51,
        "mlp_name": "brittney-massey",
        "final_layer_mse": 2.909762883973599e-07,
        "all_layers_mse": 0.9533597826957703,
        "per_layer_mse": [
          6.595186619051674e-10,
          0.5343403816223145,
          0.7605993151664734,
          0.7958676815032959,
          1.0355637073516846,
          1.141746997833252,
          1.0456953048706055,
          1.229933500289917,
          1.4512122869491577,
          1.2680714130401611,
          1.1102358102798462,
          1.211284875869751,
          0.9402941465377808,
          1.1598600149154663,
          0.9812280535697937,
          1.085392713546753,
          1.202695369720459,
          1.0865941047668457,
          1.2050635814666748,
          1.4465222358703613,
          1.251599907875061,
          1.0505176782608032,
          1.1312562227249146,
          0.9968433976173401,
          0.9735020399093628,
          0.9679913520812988,
          0.6469833850860596,
          0.7064014673233032,
          0.6966543197631836,
          0.7065905332565308,
          0.6869724988937378,
          2.909762883973599e-07
        ],
        "adjusted_final_layer_score": 1.9042335331494408e-07,
        "flops_used": 170971246080,
        "effective_compute": 178004717796.56787,
        "budget_exhausted": false,
        "time_exhausted": false,
        "residual_wall_time_exhausted": false,
        "combined_budget_exhausted": false,
        "wall_time_s": 22.32861699978821,
        "flopscope_backend_time_s": 21.836620666086674,
        "flopscope_overhead_time_s": 0.4216616165358573,
        "residual_wall_time_s": 0.07033471716567874,
        "breakdowns": {
          "estimator": {
            "flop_budget": 272000000000,
            "flops_used": 170971246080,
            "flops_remaining": 101028753920,
            "wall_time_s": 22.32861699978821,
            "flopscope_backend_time_s": 21.836620666086674,
            "flopscope_overhead_time_s": 0.4216616165358573,
            "residual_wall_time_s": 0.07033471716567874,
            "by_namespace": {
              "estimator.estimator-client": {
                "flops_used": 170971246080,
                "calls": 15720,
                "flopscope_backend_time_s": 21.836620666086674,
                "flopscope_overhead_time_s": 0.4215189917013049,
                "operations": {
                  "astype": {
                    "flop_cost": 35913728,
                    "calls": 65,
                    "flopscope_backend_time_s": 0.00307274516671896,
                    "flopscope_overhead_time_s": 0.0010397154837846756
                  },
                  "matmul": {
                    "flop_cost": 129078979456,
                    "calls": 3088,
                    "flopscope_backend_time_s": 4.447833766927943,
                    "flopscope_overhead_time_s": 0.13332890067249537
                  },
                  "multiply": {
                    "flop_cost": 16974080,
                    "calls": 6,
                    "flopscope_backend_time_s": 0.0025172492023557425,
                    "flopscope_overhead_time_s": 0.00012104399502277374
                  },
                  "reshape": {
                    "flop_cost": 151126016,
                    "calls": 18,
                    "flopscope_backend_time_s": 3.0538998544216156e-05,
                    "flopscope_overhead_time_s": 0.00023233448155224323
                  },
                  "add": {
                    "flop_cost": 18884281472,
                    "calls": 6026,
                    "flopscope_backend_time_s": 5.5495253801345825,
                    "flopscope_overhead_time_s": 0.1420924433041364
                  },
                  "subtract": {
                    "flop_cost": 10890238208,
                    "calls": 5741,
                    "flopscope_backend_time_s": 7.941831197123975,
                    "flopscope_overhead_time_s": 0.12094763177447021
                  },
                  "stack": {
                    "flop_cost": 5457689600,
                    "calls": 389,
                    "flopscope_backend_time_s": 0.7922499121632427,
                    "flopscope_overhead_time_s": 0.009444166673347354
                  },
                  "negative": {
                    "flop_cost": 8388608,
                    "calls": 1,
                    "flopscope_backend_time_s": 0.0008759999182075262,
                    "flopscope_overhead_time_s": 1.6792211681604385e-05
                  },
                  "concatenate": {
                    "flop_cost": 16908288,
                    "calls": 1,
                    "flopscope_backend_time_s": 0.0012666250113397837,
                    "flopscope_overhead_time_s": 1.4167046174407005e-05
                  },
                  "maximum": {
                    "flop_cost": 541065216,
                    "calls": 64,
                    "flopscope_backend_time_s": 0.21508666593581438,
                    "flopscope_overhead_time_s": 0.0017841265071183443
                  },
                  "block": {
                    "flop_cost": 5855815680,
                    "calls": 252,
                    "flopscope_backend_time_s": 2.878432712284848,
                    "flopscope_overhead_time_s": 0.0074251259211450815
                  },
                  "zeros": {
                    "flop_cost": 0,
                    "calls": 33,
                    "flopscope_backend_time_s": 2.54153273999691e-05,
                    "flopscope_overhead_time_s": 0.00014908495359122753
                  },
                  "sum": {
                    "flop_cost": 33864960,
                    "calls": 34,
                    "flopscope_backend_time_s": 0.0038672499358654022,
                    "flopscope_overhead_time_s": 0.004888248397037387
                  },
                  "true_divide": {
                    "flop_cost": 512,
                    "calls": 1,
                    "flopscope_backend_time_s": 2.874992787837982e-06,
                    "flopscope_overhead_time_s": 1.8584076315164566e-05
                  },
                  "sqrt": {
                    "flop_cost": 256,
                    "calls": 1,
                    "flopscope_backend_time_s": 2.3329630494117737e-06,
                    "flopscope_overhead_time_s": 1.6626203432679176e-05
                  }
                }
              }
            }
          }
        },
        "traceback": null
      },
      {
        "mlp_index": 52,
        "mlp_name": "elaine-lopez",
        "final_layer_mse": 2.8063948320777854e-07,
        "all_layers_mse": 0.6999127268791199,
        "per_layer_mse": [
          7.009953728598362e-10,
          0.5719166994094849,
          0.6570325493812561,
          0.6184870004653931,
          0.6729838848114014,
          0.6591518521308899,
          0.6202610731124878,
          0.6175697445869446,
          0.6749563217163086,
          0.7527170777320862,
          0.8445818424224854,
          0.8305994868278503,
          0.8490816354751587,
          0.8398506045341492,
          0.875583827495575,
          0.7496813535690308,
          0.7932440638542175,
          0.6269724369049072,
          0.7042074203491211,
          0.7402275800704956,
          0.8143981099128723,
          0.8167172074317932,
          0.8750909566879272,
          0.8554598093032837,
          0.7190045714378357,
          0.9034804105758667,
          0.8225404024124146,
          0.7306124567985535,
          0.871781587600708,
          0.7536491751670837,
          0.5353642702102661,
          2.8063948320777854e-07
        ],
        "adjusted_final_layer_score": 1.834551662858632e-07,
        "flops_used": 170971246080,
        "effective_compute": 177807501137.71487,
        "budget_exhausted": false,
        "time_exhausted": false,
        "residual_wall_time_exhausted": false,
        "combined_budget_exhausted": false,
        "wall_time_s": 22.016192583134398,
        "flopscope_backend_time_s": 21.527317991713062,
        "flopscope_overhead_time_s": 0.42051204084418714,
        "residual_wall_time_s": 0.0683625505771488,
        "breakdowns": {
          "estimator": {
            "flop_budget": 272000000000,
            "flops_used": 170971246080,
            "flops_remaining": 101028753920,
            "wall_time_s": 22.016192583134398,
            "flopscope_backend_time_s": 21.527317991713062,
            "flopscope_overhead_time_s": 0.42051204084418714,
            "residual_wall_time_s": 0.0683625505771488,
            "by_namespace": {
              "estimator.estimator-client": {
                "flops_used": 170971246080,
                "calls": 15720,
                "flopscope_backend_time_s": 21.527317991713062,
                "flopscope_overhead_time_s": 0.420358499744907,
                "operations": {
                  "astype": {
                    "flop_cost": 35913728,
                    "calls": 65,
                    "flopscope_backend_time_s": 0.0029342102352529764,
                    "flopscope_overhead_time_s": 0.0010651613119989634
                  },
                  "matmul": {
                    "flop_cost": 129078979456,
                    "calls": 3088,
                    "flopscope_backend_time_s": 4.385705866152421,
                    "flopscope_overhead_time_s": 0.12605081615038216
                  },
                  "multiply": {
                    "flop_cost": 16974080,
                    "calls": 6,
                    "flopscope_backend_time_s": 0.0025022909976541996,
                    "flopscope_overhead_time_s": 0.00012570898979902267
                  },
                  "reshape": {
                    "flop_cost": 151126016,
                    "calls": 18,
                    "flopscope_backend_time_s": 3.13750933855772e-05,
                    "flopscope_overhead_time_s": 0.00023728981614112854
                  },
                  "add": {
                    "flop_cost": 18884281472,
                    "calls": 6026,
                    "flopscope_backend_time_s": 5.487403479870409,
                    "flopscope_overhead_time_s": 0.14770398871041834
                  },
                  "subtract": {
                    "flop_cost": 10890238208,
                    "calls": 5741,
                    "flopscope_backend_time_s": 7.883272579172626,
                    "flopscope_overhead_time_s": 0.12159805162809789
                  },
                  "stack": {
                    "flop_cost": 5457689600,
                    "calls": 389,
                    "flopscope_backend_time_s": 0.7536910814233124,
                    "flopscope_overhead_time_s": 0.009148336481302977
                  },
                  "negative": {
                    "flop_cost": 8388608,
                    "calls": 1,
                    "flopscope_backend_time_s": 0.0008739591576159,
                    "flopscope_overhead_time_s": 1.6206875443458557e-05
                  },
                  "concatenate": {
                    "flop_cost": 16908288,
                    "calls": 1,
                    "flopscope_backend_time_s": 0.001276249997317791,
                    "flopscope_overhead_time_s": 1.4416873455047607e-05
                  },
                  "maximum": {
                    "flop_cost": 541065216,
                    "calls": 64,
                    "flopscope_backend_time_s": 0.21442662389017642,
                    "flopscope_overhead_time_s": 0.0016777943819761276
                  },
                  "block": {
                    "flop_cost": 5855815680,
                    "calls": 252,
                    "flopscope_backend_time_s": 2.7911949458066374,
                    "flopscope_overhead_time_s": 0.007231101859360933
                  },
                  "zeros": {
                    "flop_cost": 0,
                    "calls": 33,
                    "flopscope_backend_time_s": 2.2206921130418777e-05,
                    "flopscope_overhead_time_s": 0.00015124864876270294
                  },
                  "sum": {
                    "flop_cost": 33864960,
                    "calls": 34,
                    "flopscope_backend_time_s": 0.003978331107646227,
                    "flopscope_overhead_time_s": 0.005297960946336389
                  },
                  "true_divide": {
                    "flop_cost": 512,
                    "calls": 1,
                    "flopscope_backend_time_s": 2.9588118195533752e-06,
                    "flopscope_overhead_time_s": 1.8500257283449173e-05
                  },
                  "sqrt": {
                    "flop_cost": 256,
                    "calls": 1,
                    "flopscope_backend_time_s": 1.8330756574869156e-06,
                    "flopscope_overhead_time_s": 2.1916814148426056e-05
                  }
                }
              }
            }
          }
        },
        "traceback": null
      },
      {
        "mlp_index": 53,
        "mlp_name": "alexandra-reid",
        "final_layer_mse": 1.007494120131014e-06,
        "all_layers_mse": 0.8912882208824158,
        "per_layer_mse": [
          5.896273469474522e-10,
          0.4801696836948395,
          0.6638902425765991,
          0.5813023447990417,
          0.5561696290969849,
          0.6229559779167175,
          0.6780143976211548,
          0.7528882026672363,
          0.7842557430267334,
          0.702714204788208,
          0.6560612916946411,
          0.6445583701133728,
          0.8591485619544983,
          0.8589469194412231,
          0.9344119429588318,
          1.0119707584381104,
          1.119866132736206,
          1.0785692930221558,
          1.3126397132873535,
          1.2535626888275146,
          1.347699522972107,
          1.0243792533874512,
          1.1141211986541748,
          1.2175719738006592,
          1.045424461364746,
          1.1630669832229614,
          1.0209527015686035,
          1.1496455669403076,
          1.081688404083252,
          1.3366987705230713,
          1.4678764343261719,
          1.007494120131014e-06
        ],
        "adjusted_final_layer_score": 6.597401686369324e-07,
        "flops_used": 170971246080,
        "effective_compute": 178114514301.9893,
        "budget_exhausted": false,
        "time_exhausted": false,
        "residual_wall_time_exhausted": false,
        "combined_budget_exhausted": false,
        "wall_time_s": 22.33766583306715,
        "flopscope_backend_time_s": 21.83411952620372,
        "flopscope_overhead_time_s": 0.4321136246435344,
        "residual_wall_time_s": 0.07143268221989274,
        "breakdowns": {
          "estimator": {
            "flop_budget": 272000000000,
            "flops_used": 170971246080,
            "flops_remaining": 101028753920,
            "wall_time_s": 22.33766583306715,
            "flopscope_backend_time_s": 21.83411952620372,
            "flopscope_overhead_time_s": 0.4321136246435344,
            "residual_wall_time_s": 0.07143268221989274,
            "by_namespace": {
              "estimator.estimator-client": {
                "flops_used": 170971246080,
                "calls": 15720,
                "flopscope_backend_time_s": 21.83411952620372,
                "flopscope_overhead_time_s": 0.43196804146282375,
                "operations": {
                  "astype": {
                    "flop_cost": 35913728,
                    "calls": 65,
                    "flopscope_backend_time_s": 0.003099665278568864,
                    "flopscope_overhead_time_s": 0.0011517137754708529
                  },
                  "matmul": {
                    "flop_cost": 129078979456,
                    "calls": 3088,
                    "flopscope_backend_time_s": 4.433366282144561,
                    "flopscope_overhead_time_s": 0.14000496384687722
                  },
                  "multiply": {
                    "flop_cost": 16974080,
                    "calls": 6,
                    "flopscope_backend_time_s": 0.0024996669963002205,
                    "flopscope_overhead_time_s": 0.0001293332315981388
                  },
                  "reshape": {
                    "flop_cost": 151126016,
                    "calls": 18,
                    "flopscope_backend_time_s": 3.3000484108924866e-05,
                    "flopscope_overhead_time_s": 0.0002549143973737955
                  },
                  "add": {
                    "flop_cost": 18884281472,
                    "calls": 6026,
                    "flopscope_backend_time_s": 5.52782770502381,
                    "flopscope_overhead_time_s": 0.1428337679244578
                  },
                  "subtract": {
                    "flop_cost": 10890238208,
                    "calls": 5741,
                    "flopscope_backend_time_s": 8.065542089752853,
                    "flopscope_overhead_time_s": 0.1224099681712687
                  },
                  "stack": {
                    "flop_cost": 5457689600,
                    "calls": 389,
                    "flopscope_backend_time_s": 0.7589368291664869,
                    "flopscope_overhead_time_s": 0.009128664853051305
                  },
                  "negative": {
                    "flop_cost": 8388608,
                    "calls": 1,
                    "flopscope_backend_time_s": 0.0008739160839468241,
                    "flopscope_overhead_time_s": 1.7208745703101158e-05
                  },
                  "concatenate": {
                    "flop_cost": 16908288,
                    "calls": 1,
                    "flopscope_backend_time_s": 0.0012964170891791582,
                    "flopscope_overhead_time_s": 1.4707911759614944e-05
                  },
                  "maximum": {
                    "flop_cost": 541065216,
                    "calls": 64,
                    "flopscope_backend_time_s": 0.21471103909425437,
                    "flopscope_overhead_time_s": 0.0017699147574603558
                  },
                  "block": {
                    "flop_cost": 5855815680,
                    "calls": 252,
                    "flopscope_backend_time_s": 2.821921501075849,
                    "flopscope_overhead_time_s": 0.008039416745305061
                  },
                  "zeros": {
                    "flop_cost": 0,
                    "calls": 33,
                    "flopscope_backend_time_s": 2.095685340464115e-05,
                    "flopscope_overhead_time_s": 0.00015525310300290585
                  },
                  "sum": {
                    "flop_cost": 33864960,
                    "calls": 34,
                    "flopscope_backend_time_s": 0.003984581213444471,
                    "flopscope_overhead_time_s": 0.006021923152729869
                  },
                  "true_divide": {
                    "flop_cost": 512,
                    "calls": 1,
                    "flopscope_backend_time_s": 3.7918798625469208e-06,
                    "flopscope_overhead_time_s": 1.8707942217588425e-05
                  },
                  "sqrt": {
                    "flop_cost": 256,
                    "calls": 1,
                    "flopscope_backend_time_s": 2.084067091345787e-06,
                    "flopscope_overhead_time_s": 1.7582904547452927e-05
                  }
                }
              }
            }
          }
        },
        "traceback": null
      },
      {
        "mlp_index": 54,
        "mlp_name": "desiree-maynard",
        "final_layer_mse": 4.677425522459089e-07,
        "all_layers_mse": 0.8029384613037109,
        "per_layer_mse": [
          7.038868377051699e-10,
          0.40648964047431946,
          0.4456804394721985,
          0.5123609304428101,
          0.598103404045105,
          0.6994349360466003,
          0.6630914211273193,
          0.6376800537109375,
          0.6675149202346802,
          0.7061324715614319,
          0.9855918884277344,
          0.9061350226402283,
          1.0069400072097778,
          0.9154376983642578,
          0.7907768487930298,
          0.7076656818389893,
          0.6816218495368958,
          0.7463679313659668,
          0.9004420042037964,
          0.9697842597961426,
          0.9101017117500305,
          0.9542906880378723,
          0.8185415267944336,
          0.7806011438369751,
          0.8590891361236572,
          1.233858585357666,
          1.482277274131775,
          1.3144965171813965,
          1.3462375402450562,
          0.9600498676300049,
          1.087233543395996,
          4.677425522459089e-07
        ],
        "adjusted_final_layer_score": 3.071755206825247e-07,
        "flops_used": 170971246080,
        "effective_compute": 178627625869.114,
        "budget_exhausted": false,
        "time_exhausted": false,
        "residual_wall_time_exhausted": false,
        "combined_budget_exhausted": false,
        "wall_time_s": 22.03608400002122,
        "flopscope_backend_time_s": 21.475728769088164,
        "flopscope_overhead_time_s": 0.4837914330419153,
        "residual_wall_time_s": 0.07656379789113998,
        "breakdowns": {
          "estimator": {
            "flop_budget": 272000000000,
            "flops_used": 170971246080,
            "flops_remaining": 101028753920,
            "wall_time_s": 22.03608400002122,
            "flopscope_backend_time_s": 21.475728769088164,
            "flopscope_overhead_time_s": 0.4837914330419153,
            "residual_wall_time_s": 0.07656379789113998,
            "by_namespace": {
              "estimator.estimator-client": {
                "flops_used": 170971246080,
                "calls": 15720,
                "flopscope_backend_time_s": 21.475728769088164,
                "flopscope_overhead_time_s": 0.4836599330883473,
                "operations": {
                  "astype": {
                    "flop_cost": 35913728,
                    "calls": 65,
                    "flopscope_backend_time_s": 0.003216500161215663,
                    "flopscope_overhead_time_s": 0.0011814618483185768
                  },
                  "matmul": {
                    "flop_cost": 129078979456,
                    "calls": 3088,
                    "flopscope_backend_time_s": 4.39292088476941,
                    "flopscope_overhead_time_s": 0.14864859799854457
                  },
                  "multiply": {
                    "flop_cost": 16974080,
                    "calls": 6,
                    "flopscope_backend_time_s": 0.002696540905162692,
                    "flopscope_overhead_time_s": 0.000187793280929327
                  },
                  "reshape": {
                    "flop_cost": 151126016,
                    "calls": 18,
                    "flopscope_backend_time_s": 5.4292380809783936e-05,
                    "flopscope_overhead_time_s": 0.0003331208135932684
                  },
                  "add": {
                    "flop_cost": 18884281472,
                    "calls": 6026,
                    "flopscope_backend_time_s": 5.468556756153703,
                    "flopscope_overhead_time_s": 0.16404126258566976
                  },
                  "subtract": {
                    "flop_cost": 10890238208,
                    "calls": 5741,
                    "flopscope_backend_time_s": 7.723006741143763,
                    "flopscope_overhead_time_s": 0.14173702034167945
                  },
                  "stack": {
                    "flop_cost": 5457689600,
                    "calls": 389,
                    "flopscope_backend_time_s": 0.7775191362015903,
                    "flopscope_overhead_time_s": 0.010308247059583664
                  },
                  "negative": {
                    "flop_cost": 8388608,
                    "calls": 1,
                    "flopscope_backend_time_s": 0.0009190421551465988,
                    "flopscope_overhead_time_s": 4.437495954334736e-05
                  },
                  "concatenate": {
                    "flop_cost": 16908288,
                    "calls": 1,
                    "flopscope_backend_time_s": 0.005943916970863938,
                    "flopscope_overhead_time_s": 1.8748920410871506e-05
                  },
                  "maximum": {
                    "flop_cost": 541065216,
                    "calls": 64,
                    "flopscope_backend_time_s": 0.21613379172049463,
                    "flopscope_overhead_time_s": 0.00201058411039412
                  },
                  "block": {
                    "flop_cost": 5855815680,
                    "calls": 252,
                    "flopscope_backend_time_s": 2.880475331796333,
                    "flopscope_overhead_time_s": 0.008496343158185482
                  },
                  "zeros": {
                    "flop_cost": 0,
                    "calls": 33,
                    "flopscope_backend_time_s": 4.021031782031059e-05,
                    "flopscope_overhead_time_s": 0.00015495717525482178
                  },
                  "sum": {
                    "flop_cost": 33864960,
                    "calls": 34,
                    "flopscope_backend_time_s": 0.004223958356305957,
                    "flopscope_overhead_time_s": 0.00645016971975565
                  },
                  "true_divide": {
                    "flop_cost": 512,
                    "calls": 1,
                    "flopscope_backend_time_s": 1.300009898841381e-05,
                    "flopscope_overhead_time_s": 3.0542025342583656e-05
                  },
                  "sqrt": {
                    "flop_cost": 256,
                    "calls": 1,
                    "flopscope_backend_time_s": 8.665956556797028e-06,
                    "flopscope_overhead_time_s": 1.6709091141819954e-05
                  }
                }
              }
            }
          }
        },
        "traceback": null
      },
      {
        "mlp_index": 55,
        "mlp_name": "tyler-garcia",
        "final_layer_mse": 1.4235702394671534e-07,
        "all_layers_mse": 0.6528561115264893,
        "per_layer_mse": [
          5.933065150287575e-10,
          0.5015494227409363,
          0.6794595718383789,
          0.6974548101425171,
          0.8187665939331055,
          0.9983124732971191,
          0.9541961550712585,
          0.9828327894210815,
          0.8201109170913696,
          0.6829286813735962,
          0.6402409076690674,
          0.700920045375824,
          0.753035306930542,
          0.6868965029716492,
          0.7287659645080566,
          0.6226505041122437,
          0.6385611295700073,
          0.7559459209442139,
          0.7051024436950684,
          0.6149842143058777,
          0.663658857345581,
          0.6730241775512695,
          0.7086784243583679,
          0.7675696015357971,
          0.6861012578010559,
          0.693320631980896,
          0.6132760047912598,
          0.477449506521225,
          0.47188806533813477,
          0.520142674446106,
          0.6335723400115967,
          1.4235702394671534e-07
        ],
        "adjusted_final_layer_score": 9.31781875343571e-08,
        "flops_used": 170971246080,
        "effective_compute": 178034538140.0474,
        "budget_exhausted": false,
        "time_exhausted": false,
        "residual_wall_time_exhausted": false,
        "combined_budget_exhausted": false,
        "wall_time_s": 22.166166082955897,
        "flopscope_backend_time_s": 21.321715698577464,
        "flopscope_overhead_time_s": 0.7738174637779593,
        "residual_wall_time_s": 0.07063292060047388,
        "breakdowns": {
          "estimator": {
            "flop_budget": 272000000000,
            "flops_used": 170971246080,
            "flops_remaining": 101028753920,
            "wall_time_s": 22.166166082955897,
            "flopscope_backend_time_s": 21.321715698577464,
            "flopscope_overhead_time_s": 0.7738174637779593,
            "residual_wall_time_s": 0.07063292060047388,
            "by_namespace": {
              "estimator.estimator-client": {
                "flops_used": 170971246080,
                "calls": 15720,
                "flopscope_backend_time_s": 21.321715698577464,
                "flopscope_overhead_time_s": 0.7736853386741132,
                "operations": {
                  "astype": {
                    "flop_cost": 35913728,
                    "calls": 65,
                    "flopscope_backend_time_s": 0.0029762068297713995,
                    "flopscope_overhead_time_s": 0.001039332477375865
                  },
                  "matmul": {
                    "flop_cost": 129078979456,
                    "calls": 3088,
                    "flopscope_backend_time_s": 4.3391232853755355,
                    "flopscope_overhead_time_s": 0.47138740331865847
                  },
                  "multiply": {
                    "flop_cost": 16974080,
                    "calls": 6,
                    "flopscope_backend_time_s": 0.004461875185370445,
                    "flopscope_overhead_time_s": 0.0001320396549999714
                  },
                  "reshape": {
                    "flop_cost": 151126016,
                    "calls": 18,
                    "flopscope_backend_time_s": 3.2000942155718803e-05,
                    "flopscope_overhead_time_s": 0.00023887353017926216
                  },
                  "add": {
                    "flop_cost": 18884281472,
                    "calls": 6026,
                    "flopscope_backend_time_s": 5.482311601517722,
                    "flopscope_overhead_time_s": 0.14738793042488396
                  },
                  "subtract": {
                    "flop_cost": 10890238208,
                    "calls": 5741,
                    "flopscope_backend_time_s": 7.624188351212069,
                    "flopscope_overhead_time_s": 0.12868230952881277
                  },
                  "stack": {
                    "flop_cost": 5457689600,
                    "calls": 389,
                    "flopscope_backend_time_s": 0.8072513851802796,
                    "flopscope_overhead_time_s": 0.009602691512554884
                  },
                  "negative": {
                    "flop_cost": 8388608,
                    "calls": 1,
                    "flopscope_backend_time_s": 0.0008788751438260078,
                    "flopscope_overhead_time_s": 1.6624806448817253e-05
                  },
                  "concatenate": {
                    "flop_cost": 16908288,
                    "calls": 1,
                    "flopscope_backend_time_s": 0.001305833924561739,
                    "flopscope_overhead_time_s": 1.554097980260849e-05
                  },
                  "maximum": {
                    "flop_cost": 541065216,
                    "calls": 64,
                    "flopscope_backend_time_s": 0.21582566830329597,
                    "flopscope_overhead_time_s": 0.0018165337387472391
                  },
                  "block": {
                    "flop_cost": 5855815680,
                    "calls": 252,
                    "flopscope_backend_time_s": 2.839415159774944,
                    "flopscope_overhead_time_s": 0.007903636433184147
                  },
                  "zeros": {
                    "flop_cost": 0,
                    "calls": 33,
                    "flopscope_backend_time_s": 2.2494932636618614e-05,
                    "flopscope_overhead_time_s": 0.00015358882956206799
                  },
                  "sum": {
                    "flop_cost": 33864960,
                    "calls": 34,
                    "flopscope_backend_time_s": 0.003918210277333856,
                    "flopscope_overhead_time_s": 0.0052726673893630505
                  },
                  "true_divide": {
                    "flop_cost": 512,
                    "calls": 1,
                    "flopscope_backend_time_s": 2.7080532163381577e-06,
                    "flopscope_overhead_time_s": 1.879199407994747e-05
                  },
                  "sqrt": {
                    "flop_cost": 256,
                    "calls": 1,
                    "flopscope_backend_time_s": 2.0419247448444366e-06,
                    "flopscope_overhead_time_s": 1.7374055460095406e-05
                  }
                }
              }
            }
          }
        },
        "traceback": null
      },
      {
        "mlp_index": 56,
        "mlp_name": "thomas-smith",
        "final_layer_mse": 2.0997794081267784e-07,
        "all_layers_mse": 0.9033375978469849,
        "per_layer_mse": [
          6.270475250147456e-10,
          0.528679370880127,
          0.6497272253036499,
          0.6726889610290527,
          0.846449077129364,
          0.9827624559402466,
          1.0344445705413818,
          0.8979467153549194,
          1.0280530452728271,
          0.9851003289222717,
          1.0063508749008179,
          1.0213205814361572,
          1.0905958414077759,
          1.0174965858459473,
          0.8429272174835205,
          0.9552224278450012,
          0.9334186911582947,
          0.8044487833976746,
          0.7642658352851868,
          0.9069159626960754,
          0.9904952049255371,
          1.0851298570632935,
          1.3190072774887085,
          1.3825654983520508,
          1.4987843036651611,
          1.3621225357055664,
          1.1511741876602173,
          0.8531551957130432,
          0.767117440700531,
          0.7608612179756165,
          0.7675771713256836,
          2.0997794081267784e-07
        ],
        "adjusted_final_layer_score": 1.3741780669629722e-07,
        "flops_used": 170971246080,
        "effective_compute": 178007476769.84598,
        "budget_exhausted": false,
        "time_exhausted": false,
        "residual_wall_time_exhausted": false,
        "combined_budget_exhausted": false,
        "wall_time_s": 22.16176979104057,
        "flopscope_backend_time_s": 21.652570535661653,
        "flopscope_overhead_time_s": 0.43883694848045707,
        "residual_wall_time_s": 0.07036230689845979,
        "breakdowns": {
          "estimator": {
            "flop_budget": 272000000000,
            "flops_used": 170971246080,
            "flops_remaining": 101028753920,
            "wall_time_s": 22.16176979104057,
            "flopscope_backend_time_s": 21.652570535661653,
            "flopscope_overhead_time_s": 0.43883694848045707,
            "residual_wall_time_s": 0.07036230689845979,
            "by_namespace": {
              "estimator.estimator-client": {
                "flops_used": 170971246080,
                "calls": 15720,
                "flopscope_backend_time_s": 21.652570535661653,
                "flopscope_overhead_time_s": 0.4386894074268639,
                "operations": {
                  "astype": {
                    "flop_cost": 35913728,
                    "calls": 65,
                    "flopscope_backend_time_s": 0.0029570385813713074,
                    "flopscope_overhead_time_s": 0.0010605028364807367
                  },
                  "matmul": {
                    "flop_cost": 129078979456,
                    "calls": 3088,
                    "flopscope_backend_time_s": 4.415200051153079,
                    "flopscope_overhead_time_s": 0.13343002134934068
                  },
                  "multiply": {
                    "flop_cost": 16974080,
                    "calls": 6,
                    "flopscope_backend_time_s": 0.004622166743502021,
                    "flopscope_overhead_time_s": 0.00013487529940903187
                  },
                  "reshape": {
                    "flop_cost": 151126016,
                    "calls": 18,
                    "flopscope_backend_time_s": 3.924546763300896e-05,
                    "flopscope_overhead_time_s": 0.0002487963065505028
                  },
                  "add": {
                    "flop_cost": 18884281472,
                    "calls": 6026,
                    "flopscope_backend_time_s": 5.486627543810755,
                    "flopscope_overhead_time_s": 0.1440928834490478
                  },
                  "subtract": {
                    "flop_cost": 10890238208,
                    "calls": 5741,
                    "flopscope_backend_time_s": 7.958694163709879,
                    "flopscope_overhead_time_s": 0.13578014518134296
                  },
                  "stack": {
                    "flop_cost": 5457689600,
                    "calls": 389,
                    "flopscope_backend_time_s": 0.7534518742468208,
                    "flopscope_overhead_time_s": 0.009230503113940358
                  },
                  "negative": {
                    "flop_cost": 8388608,
                    "calls": 1,
                    "flopscope_backend_time_s": 0.0008950838819146156,
                    "flopscope_overhead_time_s": 1.9707251340150833e-05
                  },
                  "concatenate": {
                    "flop_cost": 16908288,
                    "calls": 1,
                    "flopscope_backend_time_s": 0.004224709002301097,
                    "flopscope_overhead_time_s": 1.7499085515737534e-05
                  },
                  "maximum": {
                    "flop_cost": 541065216,
                    "calls": 64,
                    "flopscope_backend_time_s": 0.21992258308455348,
                    "flopscope_overhead_time_s": 0.00172137632034719
                  },
                  "block": {
                    "flop_cost": 5855815680,
                    "calls": 252,
                    "flopscope_backend_time_s": 2.8018559496849775,
                    "flopscope_overhead_time_s": 0.007542971987277269
                  },
                  "zeros": {
                    "flop_cost": 0,
                    "calls": 33,
                    "flopscope_backend_time_s": 3.766641020774841e-05,
                    "flopscope_overhead_time_s": 0.00014737527817487717
                  },
                  "sum": {
                    "flop_cost": 33864960,
                    "calls": 34,
                    "flopscope_backend_time_s": 0.004028126830235124,
                    "flopscope_overhead_time_s": 0.005211709067225456
                  },
                  "true_divide": {
                    "flop_cost": 512,
                    "calls": 1,
                    "flopscope_backend_time_s": 6.875023245811462e-06,
                    "flopscope_overhead_time_s": 2.0832987502217293e-05
                  },
                  "sqrt": {
                    "flop_cost": 256,
                    "calls": 1,
                    "flopscope_backend_time_s": 7.458031177520752e-06,
                    "flopscope_overhead_time_s": 3.0207913368940353e-05
                  }
                }
              }
            }
          }
        },
        "traceback": null
      },
      {
        "mlp_index": 57,
        "mlp_name": "ashley-smith",
        "final_layer_mse": 2.3107971003355487e-07,
        "all_layers_mse": 0.3883775472640991,
        "per_layer_mse": [
          6.226298365774596e-10,
          0.538236141204834,
          0.6018069982528687,
          0.4997998774051666,
          0.48713499307632446,
          0.41891616582870483,
          0.3820870518684387,
          0.412645161151886,
          0.3791813552379608,
          0.46580612659454346,
          0.3650333285331726,
          0.346677303314209,
          0.3435235619544983,
          0.3472425937652588,
          0.37266695499420166,
          0.3192206919193268,
          0.3306926488876343,
          0.2668226659297943,
          0.3588910400867462,
          0.27988600730895996,
          0.3742060661315918,
          0.4428671598434448,
          0.4776567816734314,
          0.49077779054641724,
          0.37774747610092163,
          0.4018786549568176,
          0.45341795682907104,
          0.4664873480796814,
          0.491692453622818,
          0.47086453437805176,
          0.46421515941619873,
          2.3107971003355487e-07
        ],
        "adjusted_final_layer_score": 1.5095973742624087e-07,
        "flops_used": 170971246080,
        "effective_compute": 177692141702.8569,
        "budget_exhausted": false,
        "time_exhausted": false,
        "residual_wall_time_exhausted": false,
        "combined_budget_exhausted": false,
        "wall_time_s": 22.15916575002484,
        "flopscope_backend_time_s": 21.678641595179215,
        "flopscope_overhead_time_s": 0.413315198617056,
        "residual_wall_time_s": 0.06720895622856915,
        "breakdowns": {
          "estimator": {
            "flop_budget": 272000000000,
            "flops_used": 170971246080,
            "flops_remaining": 101028753920,
            "wall_time_s": 22.15916575002484,
            "flopscope_backend_time_s": 21.678641595179215,
            "flopscope_overhead_time_s": 0.413315198617056,
            "residual_wall_time_s": 0.06720895622856915,
            "by_namespace": {
              "estimator.estimator-client": {
                "flops_used": 170971246080,
                "calls": 15720,
                "flopscope_backend_time_s": 21.678641595179215,
                "flopscope_overhead_time_s": 0.41316332342103124,
                "operations": {
                  "astype": {
                    "flop_cost": 35913728,
                    "calls": 65,
                    "flopscope_backend_time_s": 0.0031188735738396645,
                    "flopscope_overhead_time_s": 0.001064213691279292
                  },
                  "matmul": {
                    "flop_cost": 129078979456,
                    "calls": 3088,
                    "flopscope_backend_time_s": 4.4078050553798676,
                    "flopscope_overhead_time_s": 0.12926910817623138
                  },
                  "multiply": {
                    "flop_cost": 16974080,
                    "calls": 6,
                    "flopscope_backend_time_s": 0.0025044591166079044,
                    "flopscope_overhead_time_s": 0.00012800120748579502
                  },
                  "reshape": {
                    "flop_cost": 151126016,
                    "calls": 18,
                    "flopscope_backend_time_s": 3.1376490369439125e-05,
                    "flopscope_overhead_time_s": 0.0002425003331154585
                  },
                  "add": {
                    "flop_cost": 18884281472,
                    "calls": 6026,
                    "flopscope_backend_time_s": 5.517885010922328,
                    "flopscope_overhead_time_s": 0.13705728063359857
                  },
                  "subtract": {
                    "flop_cost": 10890238208,
                    "calls": 5741,
                    "flopscope_backend_time_s": 7.98163285641931,
                    "flopscope_overhead_time_s": 0.1221808921545744
                  },
                  "stack": {
                    "flop_cost": 5457689600,
                    "calls": 389,
                    "flopscope_backend_time_s": 0.755256591597572,
                    "flopscope_overhead_time_s": 0.00900673819705844
                  },
                  "negative": {
                    "flop_cost": 8388608,
                    "calls": 1,
                    "flopscope_backend_time_s": 0.0008780001662671566,
                    "flopscope_overhead_time_s": 1.6832957044243813e-05
                  },
                  "concatenate": {
                    "flop_cost": 16908288,
                    "calls": 1,
                    "flopscope_backend_time_s": 0.0012792078778147697,
                    "flopscope_overhead_time_s": 1.4709075912833214e-05
                  },
                  "maximum": {
                    "flop_cost": 541065216,
                    "calls": 64,
                    "flopscope_backend_time_s": 0.21434741537086666,
                    "flopscope_overhead_time_s": 0.0016908380202949047
                  },
                  "block": {
                    "flop_cost": 5855815680,
                    "calls": 252,
                    "flopscope_backend_time_s": 2.7899766229093075,
                    "flopscope_overhead_time_s": 0.007130545563995838
                  },
                  "zeros": {
                    "flop_cost": 0,
                    "calls": 33,
                    "flopscope_backend_time_s": 2.2872816771268845e-05,
                    "flopscope_overhead_time_s": 0.00015104608610272408
                  },
                  "sum": {
                    "flop_cost": 33864960,
                    "calls": 34,
                    "flopscope_backend_time_s": 0.0038982525002211332,
                    "flopscope_overhead_time_s": 0.005174617515876889
                  },
                  "true_divide": {
                    "flop_cost": 512,
                    "calls": 1,
                    "flopscope_backend_time_s": 2.874992787837982e-06,
                    "flopscope_overhead_time_s": 1.8541933968663216e-05
                  },
                  "sqrt": {
                    "flop_cost": 256,
                    "calls": 1,
                    "flopscope_backend_time_s": 2.125045284628868e-06,
                    "flopscope_overhead_time_s": 1.74578744918108e-05
                  }
                }
              }
            }
          }
        },
        "traceback": null
      },
      {
        "mlp_index": 58,
        "mlp_name": "tommy-arias",
        "final_layer_mse": 1.583977109476109e-07,
        "all_layers_mse": 0.39987102150917053,
        "per_layer_mse": [
          8.706722565143821e-10,
          0.5110612511634827,
          0.5759781002998352,
          0.6702781915664673,
          0.5286269187927246,
          0.516740083694458,
          0.4691723883152008,
          0.48120787739753723,
          0.5770509243011475,
          0.4595078229904175,
          0.488857626914978,
          0.4736577570438385,
          0.37782496213912964,
          0.4105015993118286,
          0.47423407435417175,
          0.4170933961868286,
          0.3642255961894989,
          0.2707464098930359,
          0.3028256893157959,
          0.3490002751350403,
          0.41808539628982544,
          0.4055092930793762,
          0.5085400938987732,
          0.41081714630126953,
          0.41717344522476196,
          0.3904087543487549,
          0.32996630668640137,
          0.29426175355911255,
          0.34112006425857544,
          0.3008880019187927,
          0.2605108618736267,
          1.583977109476109e-07
        ],
        "adjusted_final_layer_score": 1.0348435149698674e-07,
        "flops_used": 170971246080,
        "effective_compute": 177702969561.78925,
        "budget_exhausted": false,
        "time_exhausted": false,
        "residual_wall_time_exhausted": false,
        "combined_budget_exhausted": false,
        "wall_time_s": 22.033298457972705,
        "flopscope_backend_time_s": 21.557232042774558,
        "flopscope_overhead_time_s": 0.408749180380255,
        "residual_wall_time_s": 0.06731723481789231,
        "breakdowns": {
          "estimator": {
            "flop_budget": 272000000000,
            "flops_used": 170971246080,
            "flops_remaining": 101028753920,
            "wall_time_s": 22.033298457972705,
            "flopscope_backend_time_s": 21.557232042774558,
            "flopscope_overhead_time_s": 0.408749180380255,
            "residual_wall_time_s": 0.06731723481789231,
            "by_namespace": {
              "estimator.estimator-client": {
                "flops_used": 170971246080,
                "calls": 15720,
                "flopscope_backend_time_s": 21.557232042774558,
                "flopscope_overhead_time_s": 0.4086040973197669,
                "operations": {
                  "astype": {
                    "flop_cost": 35913728,
                    "calls": 65,
                    "flopscope_backend_time_s": 0.002959668403491378,
                    "flopscope_overhead_time_s": 0.0010454186704009771
                  },
                  "matmul": {
                    "flop_cost": 129078979456,
                    "calls": 3088,
                    "flopscope_backend_time_s": 4.391224911669269,
                    "flopscope_overhead_time_s": 0.12136259349063039
                  },
                  "multiply": {
                    "flop_cost": 16974080,
                    "calls": 6,
                    "flopscope_backend_time_s": 0.004474792629480362,
                    "flopscope_overhead_time_s": 0.00012795859947800636
                  },
                  "reshape": {
                    "flop_cost": 151126016,
                    "calls": 18,
                    "flopscope_backend_time_s": 3.0875205993652344e-05,
                    "flopscope_overhead_time_s": 0.0002382081001996994
                  },
                  "add": {
                    "flop_cost": 18884281472,
                    "calls": 6026,
                    "flopscope_backend_time_s": 5.4829725422896445,
                    "flopscope_overhead_time_s": 0.13548221765086055
                  },
                  "subtract": {
                    "flop_cost": 10890238208,
                    "calls": 5741,
                    "flopscope_backend_time_s": 7.9029419627040625,
                    "flopscope_overhead_time_s": 0.12720854254439473
                  },
                  "stack": {
                    "flop_cost": 5457689600,
                    "calls": 389,
                    "flopscope_backend_time_s": 0.7517237451393157,
                    "flopscope_overhead_time_s": 0.008916754741221666
                  },
                  "negative": {
                    "flop_cost": 8388608,
                    "calls": 1,
                    "flopscope_backend_time_s": 0.0008851250167936087,
                    "flopscope_overhead_time_s": 1.6958918422460556e-05
                  },
                  "concatenate": {
                    "flop_cost": 16908288,
                    "calls": 1,
                    "flopscope_backend_time_s": 0.001271416898816824,
                    "flopscope_overhead_time_s": 1.4750054106116295e-05
                  },
                  "maximum": {
                    "flop_cost": 541065216,
                    "calls": 64,
                    "flopscope_backend_time_s": 0.21446404024027288,
                    "flopscope_overhead_time_s": 0.001689748838543892
                  },
                  "block": {
                    "flop_cost": 5855815680,
                    "calls": 252,
                    "flopscope_backend_time_s": 2.8003585890401155,
                    "flopscope_overhead_time_s": 0.007302233949303627
                  },
                  "zeros": {
                    "flop_cost": 0,
                    "calls": 33,
                    "flopscope_backend_time_s": 1.9958242774009705e-05,
                    "flopscope_overhead_time_s": 0.00014753942377865314
                  },
                  "sum": {
                    "flop_cost": 33864960,
                    "calls": 34,
                    "flopscope_backend_time_s": 0.003899457398802042,
                    "flopscope_overhead_time_s": 0.005014088237658143
                  },
                  "true_divide": {
                    "flop_cost": 512,
                    "calls": 1,
                    "flopscope_backend_time_s": 3.0829105526208878e-06,
                    "flopscope_overhead_time_s": 1.9834144040942192e-05
                  },
                  "sqrt": {
                    "flop_cost": 256,
                    "calls": 1,
                    "flopscope_backend_time_s": 1.8749851733446121e-06,
                    "flopscope_overhead_time_s": 1.7249956727027893e-05
                  }
                }
              }
            }
          }
        },
        "traceback": null
      },
      {
        "mlp_index": 59,
        "mlp_name": "shane-long",
        "final_layer_mse": 1.371563911334306e-07,
        "all_layers_mse": 0.8741067051887512,
        "per_layer_mse": [
          7.045559691221115e-10,
          0.5301863551139832,
          0.5417418479919434,
          0.5541486144065857,
          0.6502187252044678,
          0.6732723712921143,
          0.7515045404434204,
          0.744388222694397,
          0.7983753681182861,
          0.726704478263855,
          0.5740029811859131,
          0.6179556846618652,
          0.7218583822250366,
          0.7501437664031982,
          0.7479207515716553,
          0.9130629301071167,
          1.1008994579315186,
          1.0226047039031982,
          1.012610912322998,
          0.8800123333930969,
          0.9715909957885742,
          1.1171493530273438,
          1.1289634704589844,
          1.1691884994506836,
          1.1912424564361572,
          1.419732689857483,
          1.505216121673584,
          1.6161915063858032,
          1.2696466445922852,
          1.2006645202636719,
          1.0702154636383057,
          1.371563911334306e-07
        ],
        "adjusted_final_layer_score": 8.989571743207232e-08,
        "flops_used": 170971246080,
        "effective_compute": 178275579719.33118,
        "budget_exhausted": false,
        "time_exhausted": false,
        "residual_wall_time_exhausted": false,
        "combined_budget_exhausted": false,
        "wall_time_s": 21.90957787516527,
        "flopscope_backend_time_s": 21.377582482993603,
        "flopscope_overhead_time_s": 0.4589520557783544,
        "residual_wall_time_s": 0.07304333639331162,
        "breakdowns": {
          "estimator": {
            "flop_budget": 272000000000,
            "flops_used": 170971246080,
            "flops_remaining": 101028753920,
            "wall_time_s": 21.90957787516527,
            "flopscope_backend_time_s": 21.377582482993603,
            "flopscope_overhead_time_s": 0.4589520557783544,
            "residual_wall_time_s": 0.07304333639331162,
            "by_namespace": {
              "estimator.estimator-client": {
                "flops_used": 170971246080,
                "calls": 15720,
                "flopscope_backend_time_s": 21.377582482993603,
                "flopscope_overhead_time_s": 0.4588112644851208,
                "operations": {
                  "astype": {
                    "flop_cost": 35913728,
                    "calls": 65,
                    "flopscope_backend_time_s": 0.0029502909164875746,
                    "flopscope_overhead_time_s": 0.001187378540635109
                  },
                  "matmul": {
                    "flop_cost": 129078979456,
                    "calls": 3088,
                    "flopscope_backend_time_s": 4.391257816227153,
                    "flopscope_overhead_time_s": 0.14910711674019694
                  },
                  "multiply": {
                    "flop_cost": 16974080,
                    "calls": 6,
                    "flopscope_backend_time_s": 0.002583750057965517,
                    "flopscope_overhead_time_s": 0.00013083196245133877
                  },
                  "reshape": {
                    "flop_cost": 151126016,
                    "calls": 18,
                    "flopscope_backend_time_s": 3.379001282155514e-05,
                    "flopscope_overhead_time_s": 0.00023824861273169518
                  },
                  "add": {
                    "flop_cost": 18884281472,
                    "calls": 6026,
                    "flopscope_backend_time_s": 5.4781523938290775,
                    "flopscope_overhead_time_s": 0.15114709571935236
                  },
                  "subtract": {
                    "flop_cost": 10890238208,
                    "calls": 5741,
                    "flopscope_backend_time_s": 7.6168544923420995,
                    "flopscope_overhead_time_s": 0.13109275046736002
                  },
                  "stack": {
                    "flop_cost": 5457689600,
                    "calls": 389,
                    "flopscope_backend_time_s": 0.7617239977698773,
                    "flopscope_overhead_time_s": 0.009750123135745525
                  },
                  "negative": {
                    "flop_cost": 8388608,
                    "calls": 1,
                    "flopscope_backend_time_s": 0.0008764159865677357,
                    "flopscope_overhead_time_s": 1.6584061086177826e-05
                  },
                  "concatenate": {
                    "flop_cost": 16908288,
                    "calls": 1,
                    "flopscope_backend_time_s": 0.004161125048995018,
                    "flopscope_overhead_time_s": 1.4082994312047958e-05
                  },
                  "maximum": {
                    "flop_cost": 541065216,
                    "calls": 64,
                    "flopscope_backend_time_s": 0.22142024710774422,
                    "flopscope_overhead_time_s": 0.001852294895797968
                  },
                  "block": {
                    "flop_cost": 5855815680,
                    "calls": 252,
                    "flopscope_backend_time_s": 2.8934979552868754,
                    "flopscope_overhead_time_s": 0.008288922719657421
                  },
                  "zeros": {
                    "flop_cost": 0,
                    "calls": 33,
                    "flopscope_backend_time_s": 4.445738159120083e-05,
                    "flopscope_overhead_time_s": 0.0001515436451882124
                  },
                  "sum": {
                    "flop_cost": 33864960,
                    "calls": 34,
                    "flopscope_backend_time_s": 0.004005125956609845,
                    "flopscope_overhead_time_s": 0.0057881660759449005
                  },
                  "true_divide": {
                    "flop_cost": 512,
                    "calls": 1,
                    "flopscope_backend_time_s": 1.0333023965358734e-05,
                    "flopscope_overhead_time_s": 2.4667009711265564e-05
                  },
                  "sqrt": {
                    "flop_cost": 256,
                    "calls": 1,
                    "flopscope_backend_time_s": 1.0292045772075653e-05,
                    "flopscope_overhead_time_s": 2.145790494978428e-05
                  }
                }
              }
            }
          }
        },
        "traceback": null
      },
      {
        "mlp_index": 60,
        "mlp_name": "david-tyler",
        "final_layer_mse": 3.812559441485064e-07,
        "all_layers_mse": 1.2413744926452637,
        "per_layer_mse": [
          7.174426608358431e-10,
          0.5063257217407227,
          0.6039830446243286,
          0.7937836050987244,
          0.8657923936843872,
          0.8056691288948059,
          0.8350200057029724,
          0.8705325126647949,
          0.8940222263336182,
          1.0208306312561035,
          1.1726865768432617,
          1.1101024150848389,
          1.3484487533569336,
          1.4981756210327148,
          1.4939919710159302,
          1.542171835899353,
          1.3527828454971313,
          1.3614592552185059,
          1.5760502815246582,
          1.8037114143371582,
          1.3505103588104248,
          1.29070246219635,
          1.3619766235351562,
          1.3492895364761353,
          1.665973424911499,
          1.6929709911346436,
          1.7002449035644531,
          1.7600988149642944,
          1.951777458190918,
          2.3146004676818848,
          1.8302971124649048,
          3.812559441485064e-07
        ],
        "adjusted_final_layer_score": 2.504233003477106e-07,
        "flops_used": 170971246080,
        "effective_compute": 178659870724.652,
        "budget_exhausted": false,
        "time_exhausted": false,
        "residual_wall_time_exhausted": false,
        "combined_budget_exhausted": false,
        "wall_time_s": 22.023005249910057,
        "flopscope_backend_time_s": 21.457500024698675,
        "flopscope_overhead_time_s": 0.4886189787648618,
        "residual_wall_time_s": 0.07688624644652009,
        "breakdowns": {
          "estimator": {
            "flop_budget": 272000000000,
            "flops_used": 170971246080,
            "flops_remaining": 101028753920,
            "wall_time_s": 22.023005249910057,
            "flopscope_backend_time_s": 21.457500024698675,
            "flopscope_overhead_time_s": 0.4886189787648618,
            "residual_wall_time_s": 0.07688624644652009,
            "by_namespace": {
              "estimator.estimator-client": {
                "flops_used": 170971246080,
                "calls": 15720,
                "flopscope_backend_time_s": 21.457500024698675,
                "flopscope_overhead_time_s": 0.48841739469207823,
                "operations": {
                  "astype": {
                    "flop_cost": 35913728,
                    "calls": 65,
                    "flopscope_backend_time_s": 0.0037566672544926405,
                    "flopscope_overhead_time_s": 0.0011468743905425072
                  },
                  "matmul": {
                    "flop_cost": 129078979456,
                    "calls": 3088,
                    "flopscope_backend_time_s": 4.3596267907414585,
                    "flopscope_overhead_time_s": 0.14777064928784966
                  },
                  "multiply": {
                    "flop_cost": 16974080,
                    "calls": 6,
                    "flopscope_backend_time_s": 0.0026154599618166685,
                    "flopscope_overhead_time_s": 0.00014183367602527142
                  },
                  "reshape": {
                    "flop_cost": 151126016,
                    "calls": 18,
                    "flopscope_backend_time_s": 3.162398934364319e-05,
                    "flopscope_overhead_time_s": 0.00021950248628854752
                  },
                  "add": {
                    "flop_cost": 18884281472,
                    "calls": 6026,
                    "flopscope_backend_time_s": 5.575516975717619,
                    "flopscope_overhead_time_s": 0.1684189480729401
                  },
                  "subtract": {
                    "flop_cost": 10890238208,
                    "calls": 5741,
                    "flopscope_backend_time_s": 7.549807376926765,
                    "flopscope_overhead_time_s": 0.14188429387286305
                  },
                  "stack": {
                    "flop_cost": 5457689600,
                    "calls": 389,
                    "flopscope_backend_time_s": 0.7985182134434581,
                    "flopscope_overhead_time_s": 0.01113358698785305
                  },
                  "negative": {
                    "flop_cost": 8388608,
                    "calls": 1,
                    "flopscope_backend_time_s": 0.000871957978233695,
                    "flopscope_overhead_time_s": 1.979200169444084e-05
                  },
                  "concatenate": {
                    "flop_cost": 16908288,
                    "calls": 1,
                    "flopscope_backend_time_s": 0.001269750064238906,
                    "flopscope_overhead_time_s": 1.4958903193473816e-05
                  },
                  "maximum": {
                    "flop_cost": 541065216,
                    "calls": 64,
                    "flopscope_backend_time_s": 0.22102324990555644,
                    "flopscope_overhead_time_s": 0.0022501738276332617
                  },
                  "block": {
                    "flop_cost": 5855815680,
                    "calls": 252,
                    "flopscope_backend_time_s": 2.9402972143143415,
                    "flopscope_overhead_time_s": 0.009240898536518216
                  },
                  "zeros": {
                    "flop_cost": 0,
                    "calls": 33,
                    "flopscope_backend_time_s": 4.4371699914336205e-05,
                    "flopscope_overhead_time_s": 0.00017417012713849545
                  },
                  "sum": {
                    "flop_cost": 33864960,
                    "calls": 34,
                    "flopscope_backend_time_s": 0.004087039502337575,
                    "flopscope_overhead_time_s": 0.005945962853729725
                  },
                  "true_divide": {
                    "flop_cost": 512,
                    "calls": 1,
                    "flopscope_backend_time_s": 1.2500211596488953e-05,
                    "flopscope_overhead_time_s": 2.7540838345885277e-05
                  },
                  "sqrt": {
                    "flop_cost": 256,
                    "calls": 1,
                    "flopscope_backend_time_s": 2.0832987502217293e-05,
                    "flopscope_overhead_time_s": 2.820882946252823e-05
                  }
                }
              }
            }
          }
        },
        "traceback": null
      },
      {
        "mlp_index": 61,
        "mlp_name": "nathan-martinez",
        "final_layer_mse": 1.3838720747116895e-07,
        "all_layers_mse": 0.5048823356628418,
        "per_layer_mse": [
          6.741956992684095e-10,
          0.4994927644729614,
          0.49788182973861694,
          0.5079522132873535,
          0.39968180656433105,
          0.40559858083724976,
          0.48839348554611206,
          0.5253475904464722,
          0.5415961146354675,
          0.6312574148178101,
          0.6212756633758545,
          0.6954344511032104,
          0.6650788187980652,
          0.7109882235527039,
          0.6331725120544434,
          0.6427429914474487,
          0.7140880823135376,
          0.6849275231361389,
          0.6780411005020142,
          0.6947976350784302,
          0.695807695388794,
          0.7947624921798706,
          0.7574453353881836,
          0.4496150314807892,
          0.4326194226741791,
          0.3171289563179016,
          0.3528391718864441,
          0.2824777364730835,
          0.35757747292518616,
          0.25362735986709595,
          0.22458496689796448,
          1.3838720747116895e-07
        ],
        "adjusted_final_layer_score": 9.057504824677225e-08,
        "flops_used": 170971246080,
        "effective_compute": 178025220490.519,
        "budget_exhausted": false,
        "time_exhausted": false,
        "residual_wall_time_exhausted": false,
        "combined_budget_exhausted": false,
        "wall_time_s": 22.070677041076124,
        "flopscope_backend_time_s": 21.569076150422916,
        "flopscope_overhead_time_s": 0.43106114654801786,
        "residual_wall_time_s": 0.07053974410519004,
        "breakdowns": {
          "estimator": {
            "flop_budget": 272000000000,
            "flops_used": 170971246080,
            "flops_remaining": 101028753920,
            "wall_time_s": 22.070677041076124,
            "flopscope_backend_time_s": 21.569076150422916,
            "flopscope_overhead_time_s": 0.43106114654801786,
            "residual_wall_time_s": 0.07053974410519004,
            "by_namespace": {
              "estimator.estimator-client": {
                "flops_used": 170971246080,
                "calls": 15720,
                "flopscope_backend_time_s": 21.569076150422916,
                "flopscope_overhead_time_s": 0.43084335536696017,
                "operations": {
                  "astype": {
                    "flop_cost": 35913728,
                    "calls": 65,
                    "flopscope_backend_time_s": 0.003571248147636652,
                    "flopscope_overhead_time_s": 0.001144329085946083
                  },
                  "matmul": {
                    "flop_cost": 129078979456,
                    "calls": 3088,
                    "flopscope_backend_time_s": 4.384393444750458,
                    "flopscope_overhead_time_s": 0.13552553462795913
                  },
                  "multiply": {
                    "flop_cost": 16974080,
                    "calls": 6,
                    "flopscope_backend_time_s": 0.008476168382912874,
                    "flopscope_overhead_time_s": 0.00016499939374625683
                  },
                  "reshape": {
                    "flop_cost": 151126016,
                    "calls": 18,
                    "flopscope_backend_time_s": 4.8708170652389526e-05,
                    "flopscope_overhead_time_s": 0.0003932102117687464
                  },
                  "add": {
                    "flop_cost": 18884281472,
                    "calls": 6026,
                    "flopscope_backend_time_s": 5.525936253601685,
                    "flopscope_overhead_time_s": 0.14363414864055812
                  },
                  "subtract": {
                    "flop_cost": 10890238208,
                    "calls": 5741,
                    "flopscope_backend_time_s": 7.787513323826715,
                    "flopscope_overhead_time_s": 0.12492748815566301
                  },
                  "stack": {
                    "flop_cost": 5457689600,
                    "calls": 389,
                    "flopscope_backend_time_s": 0.8232103316113353,
                    "flopscope_overhead_time_s": 0.009862791281193495
                  },
                  "negative": {
                    "flop_cost": 8388608,
                    "calls": 1,
                    "flopscope_backend_time_s": 0.0008913751225918531,
                    "flopscope_overhead_time_s": 3.0582770705223083e-05
                  },
                  "concatenate": {
                    "flop_cost": 16908288,
                    "calls": 1,
                    "flopscope_backend_time_s": 0.0012992499396204948,
                    "flopscope_overhead_time_s": 1.7458107322454453e-05
                  },
                  "maximum": {
                    "flop_cost": 541065216,
                    "calls": 64,
                    "flopscope_backend_time_s": 0.21816737903282046,
                    "flopscope_overhead_time_s": 0.0018219503108412027
                  },
                  "block": {
                    "flop_cost": 5855815680,
                    "calls": 252,
                    "flopscope_backend_time_s": 2.811609964352101,
                    "flopscope_overhead_time_s": 0.007726198295131326
                  },
                  "zeros": {
                    "flop_cost": 0,
                    "calls": 33,
                    "flopscope_backend_time_s": 3.2705022022128105e-05,
                    "flopscope_overhead_time_s": 0.00016532791778445244
                  },
                  "sum": {
                    "flop_cost": 33864960,
                    "calls": 34,
                    "flopscope_backend_time_s": 0.00392091553658247,
                    "flopscope_overhead_time_s": 0.005393627565354109
                  },
                  "true_divide": {
                    "flop_cost": 512,
                    "calls": 1,
                    "flopscope_backend_time_s": 2.874992787837982e-06,
                    "flopscope_overhead_time_s": 1.879199407994747e-05
                  },
                  "sqrt": {
                    "flop_cost": 256,
                    "calls": 1,
                    "flopscope_backend_time_s": 2.2079329937696457e-06,
                    "flopscope_overhead_time_s": 1.691700890660286e-05
                  }
                }
              }
            }
          }
        },
        "traceback": null
      },
      {
        "mlp_index": 62,
        "mlp_name": "anthony-park",
        "final_layer_mse": 1.0292582430793118e-07,
        "all_layers_mse": 0.73460853099823,
        "per_layer_mse": [
          6.500674443188359e-10,
          0.5153010487556458,
          0.7345011234283447,
          0.8470470309257507,
          0.8391001224517822,
          0.9058835506439209,
          0.8275951147079468,
          0.9075304865837097,
          0.8500712513923645,
          0.7258747220039368,
          0.8022478818893433,
          0.9977414608001709,
          0.9963182210922241,
          1.1235029697418213,
          1.128214716911316,
          0.9307590126991272,
          0.7256062030792236,
          0.799921989440918,
          0.8189516067504883,
          0.80766761302948,
          0.8287505507469177,
          0.8597182035446167,
          0.760021448135376,
          0.7260453701019287,
          0.6180748343467712,
          0.6308656930923462,
          0.6562240123748779,
          0.5606276988983154,
          0.5920931100845337,
          0.48527300357818604,
          0.5059415698051453,
          1.0292582430793118e-07
        ],
        "adjusted_final_layer_score": 6.7291309544533e-08,
        "flops_used": 170971246080,
        "effective_compute": 177829386543.0095,
        "budget_exhausted": false,
        "time_exhausted": false,
        "residual_wall_time_exhausted": false,
        "combined_budget_exhausted": false,
        "wall_time_s": 22.187751333927736,
        "flopscope_backend_time_s": 21.702695289393887,
        "flopscope_overhead_time_s": 0.416474639903754,
        "residual_wall_time_s": 0.06858140463009477,
        "breakdowns": {
          "estimator": {
            "flop_budget": 272000000000,
            "flops_used": 170971246080,
            "flops_remaining": 101028753920,
            "wall_time_s": 22.187751333927736,
            "flopscope_backend_time_s": 21.702695289393887,
            "flopscope_overhead_time_s": 0.416474639903754,
            "residual_wall_time_s": 0.06858140463009477,
            "by_namespace": {
              "estimator.estimator-client": {
                "flops_used": 170971246080,
                "calls": 15720,
                "flopscope_backend_time_s": 21.702695289393887,
                "flopscope_overhead_time_s": 0.41632180591113865,
                "operations": {
                  "astype": {
                    "flop_cost": 35913728,
                    "calls": 65,
                    "flopscope_backend_time_s": 0.0031309137120842934,
                    "flopscope_overhead_time_s": 0.0010838375892490149
                  },
                  "matmul": {
                    "flop_cost": 129078979456,
                    "calls": 3088,
                    "flopscope_backend_time_s": 4.4202568617183715,
                    "flopscope_overhead_time_s": 0.12437911494635046
                  },
                  "multiply": {
                    "flop_cost": 16974080,
                    "calls": 6,
                    "flopscope_backend_time_s": 0.0026309159584343433,
                    "flopscope_overhead_time_s": 0.0001306259073317051
                  },
                  "reshape": {
                    "flop_cost": 151126016,
                    "calls": 18,
                    "flopscope_backend_time_s": 4.054233431816101e-05,
                    "flopscope_overhead_time_s": 0.0002319146879017353
                  },
                  "add": {
                    "flop_cost": 18884281472,
                    "calls": 6026,
                    "flopscope_backend_time_s": 5.546033536782488,
                    "flopscope_overhead_time_s": 0.145548245171085
                  },
                  "subtract": {
                    "flop_cost": 10890238208,
                    "calls": 5741,
                    "flopscope_backend_time_s": 7.9187810234725475,
                    "flopscope_overhead_time_s": 0.12090252316556871
                  },
                  "stack": {
                    "flop_cost": 5457689600,
                    "calls": 389,
                    "flopscope_backend_time_s": 0.7767559550702572,
                    "flopscope_overhead_time_s": 0.009053511545062065
                  },
                  "negative": {
                    "flop_cost": 8388608,
                    "calls": 1,
                    "flopscope_backend_time_s": 0.0008758748881518841,
                    "flopscope_overhead_time_s": 1.9041122868657112e-05
                  },
                  "concatenate": {
                    "flop_cost": 16908288,
                    "calls": 1,
                    "flopscope_backend_time_s": 0.0017055000644177198,
                    "flopscope_overhead_time_s": 1.8541933968663216e-05
                  },
                  "maximum": {
                    "flop_cost": 541065216,
                    "calls": 64,
                    "flopscope_backend_time_s": 0.22270720591768622,
                    "flopscope_overhead_time_s": 0.0017319158650934696
                  },
                  "block": {
                    "flop_cost": 5855815680,
                    "calls": 252,
                    "flopscope_backend_time_s": 2.805731498869136,
                    "flopscope_overhead_time_s": 0.007233332842588425
                  },
                  "zeros": {
                    "flop_cost": 0,
                    "calls": 33,
                    "flopscope_backend_time_s": 3.116810694336891e-05,
                    "flopscope_overhead_time_s": 0.00014287210069596767
                  },
                  "sum": {
                    "flop_cost": 33864960,
                    "calls": 34,
                    "flopscope_backend_time_s": 0.00398770859465003,
                    "flopscope_overhead_time_s": 0.0058014970272779465
                  },
                  "true_divide": {
                    "flop_cost": 512,
                    "calls": 1,
                    "flopscope_backend_time_s": 1.4958903193473816e-05,
                    "flopscope_overhead_time_s": 2.770707942545414e-05
                  },
                  "sqrt": {
                    "flop_cost": 256,
                    "calls": 1,
                    "flopscope_backend_time_s": 1.1625001206994057e-05,
                    "flopscope_overhead_time_s": 1.7124926671385765e-05
                  }
                }
              }
            }
          }
        },
        "traceback": null
      },
      {
        "mlp_index": 63,
        "mlp_name": "frederick-vargas",
        "final_layer_mse": 1.8708644233811356e-07,
        "all_layers_mse": 1.4442342519760132,
        "per_layer_mse": [
          6.868969837370287e-10,
          0.494882196187973,
          0.6313245296478271,
          0.7244999408721924,
          0.6425093412399292,
          0.6711429357528687,
          0.8061061501502991,
          0.8853099346160889,
          0.9737165570259094,
          1.1232035160064697,
          1.0629020929336548,
          1.1279711723327637,
          1.3633735179901123,
          1.4682948589324951,
          1.4471588134765625,
          1.4531166553497314,
          1.8048970699310303,
          1.869536280632019,
          1.9675097465515137,
          1.9497485160827637,
          2.0125811100006104,
          2.262022018432617,
          2.0732595920562744,
          2.7085883617401123,
          2.2215309143066406,
          2.1097593307495117,
          2.0551114082336426,
          2.073720932006836,
          1.9906575679779053,
          2.0147433280944824,
          2.226318359375,
          1.8708644233811356e-07
        ],
        "adjusted_final_layer_score": 1.223399301924885e-07,
        "flops_used": 170971246080,
        "effective_compute": 177866768946.3981,
        "budget_exhausted": false,
        "time_exhausted": false,
        "residual_wall_time_exhausted": false,
        "combined_budget_exhausted": false,
        "wall_time_s": 21.708138833055273,
        "flopscope_backend_time_s": 21.211169606540352,
        "flopscope_overhead_time_s": 0.42801399785093963,
        "residual_wall_time_s": 0.06895522866398096,
        "breakdowns": {
          "estimator": {
            "flop_budget": 272000000000,
            "flops_used": 170971246080,
            "flops_remaining": 101028753920,
            "wall_time_s": 21.708138833055273,
            "flopscope_backend_time_s": 21.211169606540352,
            "flopscope_overhead_time_s": 0.42801399785093963,
            "residual_wall_time_s": 0.06895522866398096,
            "by_namespace": {
              "estimator.estimator-client": {
                "flops_used": 170971246080,
                "calls": 15720,
                "flopscope_backend_time_s": 21.211169606540352,
                "flopscope_overhead_time_s": 0.42785937269218266,
                "operations": {
                  "astype": {
                    "flop_cost": 35913728,
                    "calls": 65,
                    "flopscope_backend_time_s": 0.002963378094136715,
                    "flopscope_overhead_time_s": 0.0010665326844900846
                  },
                  "matmul": {
                    "flop_cost": 129078979456,
                    "calls": 3088,
                    "flopscope_backend_time_s": 4.348188030300662,
                    "flopscope_overhead_time_s": 0.13746863813139498
                  },
                  "multiply": {
                    "flop_cost": 16974080,
                    "calls": 6,
                    "flopscope_backend_time_s": 0.008589415811002254,
                    "flopscope_overhead_time_s": 0.00014129304327070713
                  },
                  "reshape": {
                    "flop_cost": 151126016,
                    "calls": 18,
                    "flopscope_backend_time_s": 3.637722693383694e-05,
                    "flopscope_overhead_time_s": 0.00026549468748271465
                  },
                  "add": {
                    "flop_cost": 18884281472,
                    "calls": 6026,
                    "flopscope_backend_time_s": 5.4357919581234455,
                    "flopscope_overhead_time_s": 0.14255401981063187
                  },
                  "subtract": {
                    "flop_cost": 10890238208,
                    "calls": 5741,
                    "flopscope_backend_time_s": 7.626519491663203,
                    "flopscope_overhead_time_s": 0.12282504118047655
                  },
                  "stack": {
                    "flop_cost": 5457689600,
                    "calls": 389,
                    "flopscope_backend_time_s": 0.7497636654879898,
                    "flopscope_overhead_time_s": 0.009077353868633509
                  },
                  "negative": {
                    "flop_cost": 8388608,
                    "calls": 1,
                    "flopscope_backend_time_s": 0.0008848339784890413,
                    "flopscope_overhead_time_s": 1.950003206729889e-05
                  },
                  "concatenate": {
                    "flop_cost": 16908288,
                    "calls": 1,
                    "flopscope_backend_time_s": 0.0021418749820441008,
                    "flopscope_overhead_time_s": 3.345799632370472e-05
                  },
                  "maximum": {
                    "flop_cost": 541065216,
                    "calls": 64,
                    "flopscope_backend_time_s": 0.2144414575304836,
                    "flopscope_overhead_time_s": 0.0016654995270073414
                  },
                  "block": {
                    "flop_cost": 5855815680,
                    "calls": 252,
                    "flopscope_backend_time_s": 2.8179332509171218,
                    "flopscope_overhead_time_s": 0.0073842492420226336
                  },
                  "zeros": {
                    "flop_cost": 0,
                    "calls": 33,
                    "flopscope_backend_time_s": 2.170586958527565e-05,
                    "flopscope_overhead_time_s": 0.00014704489149153233
                  },
                  "sum": {
                    "flop_cost": 33864960,
                    "calls": 34,
                    "flopscope_backend_time_s": 0.0038893334567546844,
                    "flopscope_overhead_time_s": 0.0051738726906478405
                  },
                  "true_divide": {
                    "flop_cost": 512,
                    "calls": 1,
                    "flopscope_backend_time_s": 2.874992787837982e-06,
                    "flopscope_overhead_time_s": 1.954101026058197e-05
                  },
                  "sqrt": {
                    "flop_cost": 256,
                    "calls": 1,
                    "flopscope_backend_time_s": 1.9581057131290436e-06,
                    "flopscope_overhead_time_s": 1.7833895981311798e-05
                  }
                }
              }
            }
          }
        },
        "traceback": null
      },
      {
        "mlp_index": 64,
        "mlp_name": "kenneth-curry",
        "final_layer_mse": 3.008506155310897e-07,
        "all_layers_mse": 0.6827200055122375,
        "per_layer_mse": [
          8.38635050293135e-10,
          0.5149440169334412,
          0.5898635983467102,
          0.7958011031150818,
          0.8377630710601807,
          0.8392388224601746,
          0.775873064994812,
          0.8538530468940735,
          0.7363515496253967,
          0.9681030511856079,
          1.0390698909759521,
          1.0674891471862793,
          1.0810482501983643,
          0.9726773500442505,
          0.6970590353012085,
          0.7647342681884766,
          0.5498882532119751,
          0.5941416025161743,
          0.6395524740219116,
          0.6608434915542603,
          0.6199696063995361,
          0.7090942859649658,
          0.7905848026275635,
          0.5923548936843872,
          0.522432804107666,
          0.5377761721611023,
          0.6536707878112793,
          0.6568068265914917,
          0.5408735871315002,
          0.6207959651947021,
          0.6243849992752075,
          3.008506155310897e-07
        ],
        "adjusted_final_layer_score": 1.9684980424826085e-07,
        "flops_used": 170971246080,
        "effective_compute": 177972535176.66092,
        "budget_exhausted": false,
        "time_exhausted": false,
        "residual_wall_time_exhausted": false,
        "combined_budget_exhausted": false,
        "wall_time_s": 22.112781291129068,
        "flopscope_backend_time_s": 21.61285321158357,
        "flopscope_overhead_time_s": 0.4299151885788888,
        "residual_wall_time_s": 0.07001289096660912,
        "breakdowns": {
          "estimator": {
            "flop_budget": 272000000000,
            "flops_used": 170971246080,
            "flops_remaining": 101028753920,
            "wall_time_s": 22.112781291129068,
            "flopscope_backend_time_s": 21.61285321158357,
            "flopscope_overhead_time_s": 0.4299151885788888,
            "residual_wall_time_s": 0.07001289096660912,
            "by_namespace": {
              "estimator.estimator-client": {
                "flops_used": 170971246080,
                "calls": 15720,
                "flopscope_backend_time_s": 21.61285321158357,
                "flopscope_overhead_time_s": 0.4297799395862967,
                "operations": {
                  "astype": {
                    "flop_cost": 35913728,
                    "calls": 65,
                    "flopscope_backend_time_s": 0.002956120762974024,
                    "flopscope_overhead_time_s": 0.0011417947243899107
                  },
                  "matmul": {
                    "flop_cost": 129078979456,
                    "calls": 3088,
                    "flopscope_backend_time_s": 4.396649210946634,
                    "flopscope_overhead_time_s": 0.12881551031023264
                  },
                  "multiply": {
                    "flop_cost": 16974080,
                    "calls": 6,
                    "flopscope_backend_time_s": 0.00820241472683847,
                    "flopscope_overhead_time_s": 0.00012912857346236706
                  },
                  "reshape": {
                    "flop_cost": 151126016,
                    "calls": 18,
                    "flopscope_backend_time_s": 3.2542506232857704e-05,
                    "flopscope_overhead_time_s": 0.00022916565649211407
                  },
                  "add": {
                    "flop_cost": 18884281472,
                    "calls": 6026,
                    "flopscope_backend_time_s": 5.537120612338185,
                    "flopscope_overhead_time_s": 0.1511569102294743
                  },
                  "subtract": {
                    "flop_cost": 10890238208,
                    "calls": 5741,
                    "flopscope_backend_time_s": 7.873091724934056,
                    "flopscope_overhead_time_s": 0.1238095429725945
                  },
                  "stack": {
                    "flop_cost": 5457689600,
                    "calls": 389,
                    "flopscope_backend_time_s": 0.7794245006516576,
                    "flopscope_overhead_time_s": 0.00922524556517601
                  },
                  "negative": {
                    "flop_cost": 8388608,
                    "calls": 1,
                    "flopscope_backend_time_s": 0.000879333820194006,
                    "flopscope_overhead_time_s": 1.695798709988594e-05
                  },
                  "concatenate": {
                    "flop_cost": 16908288,
                    "calls": 1,
                    "flopscope_backend_time_s": 0.00127333402633667,
                    "flopscope_overhead_time_s": 1.3957032933831215e-05
                  },
                  "maximum": {
                    "flop_cost": 541065216,
                    "calls": 64,
                    "flopscope_backend_time_s": 0.21524004032835364,
                    "flopscope_overhead_time_s": 0.001756671816110611
                  },
                  "block": {
                    "flop_cost": 5855815680,
                    "calls": 252,
                    "flopscope_backend_time_s": 2.7938732928596437,
                    "flopscope_overhead_time_s": 0.007365842116996646
                  },
                  "zeros": {
                    "flop_cost": 0,
                    "calls": 33,
                    "flopscope_backend_time_s": 3.854278475046158e-05,
                    "flopscope_overhead_time_s": 0.00016450160183012486
                  },
                  "sum": {
                    "flop_cost": 33864960,
                    "calls": 34,
                    "flopscope_backend_time_s": 0.004050498828291893,
                    "flopscope_overhead_time_s": 0.005907252198085189
                  },
                  "true_divide": {
                    "flop_cost": 512,
                    "calls": 1,
                    "flopscope_backend_time_s": 1.0875053703784943e-05,
                    "flopscope_overhead_time_s": 2.483394928276539e-05
                  },
                  "sqrt": {
                    "flop_cost": 256,
                    "calls": 1,
                    "flopscope_backend_time_s": 1.0167015716433525e-05,
                    "flopscope_overhead_time_s": 2.2624852135777473e-05
                  }
                }
              }
            }
          }
        },
        "traceback": null
      },
      {
        "mlp_index": 65,
        "mlp_name": "daniel-petersen",
        "final_layer_mse": 2.8242638450137747e-07,
        "all_layers_mse": 0.516699492931366,
        "per_layer_mse": [
          5.051167262237755e-10,
          0.5456975102424622,
          0.625770628452301,
          0.6496627926826477,
          0.6876444220542908,
          0.6038781404495239,
          0.7641081213951111,
          0.6877036094665527,
          0.7252415418624878,
          0.5234357118606567,
          0.4969242215156555,
          0.44745779037475586,
          0.600784182548523,
          0.5485637187957764,
          0.5187402963638306,
          0.6104992628097534,
          0.554510772228241,
          0.597986102104187,
          0.4152783155441284,
          0.4727652966976166,
          0.4742094576358795,
          0.42555737495422363,
          0.4782000780105591,
          0.4430291950702667,
          0.5231747031211853,
          0.5018310546875,
          0.47524893283843994,
          0.5512845516204834,
          0.558748185634613,
          0.5372225642204285,
          0.48922455310821533,
          2.8242638450137747e-07
        ],
        "adjusted_final_layer_score": 1.854206230223719e-07,
        "flops_used": 170971246080,
        "effective_compute": 178575417275.99878,
        "budget_exhausted": false,
        "time_exhausted": false,
        "residual_wall_time_exhausted": false,
        "combined_budget_exhausted": false,
        "wall_time_s": 22.621246834052727,
        "flopscope_backend_time_s": 21.56096623488702,
        "flopscope_overhead_time_s": 0.98423888720572,
        "residual_wall_time_s": 0.07604171195998788,
        "breakdowns": {
          "estimator": {
            "flop_budget": 272000000000,
            "flops_used": 170971246080,
            "flops_remaining": 101028753920,
            "wall_time_s": 22.621246834052727,
            "flopscope_backend_time_s": 21.56096623488702,
            "flopscope_overhead_time_s": 0.98423888720572,
            "residual_wall_time_s": 0.07604171195998788,
            "by_namespace": {
              "estimator.estimator-client": {
                "flops_used": 170971246080,
                "calls": 15720,
                "flopscope_backend_time_s": 21.56096623488702,
                "flopscope_overhead_time_s": 0.9840856371447444,
                "operations": {
                  "astype": {
                    "flop_cost": 35913728,
                    "calls": 65,
                    "flopscope_backend_time_s": 0.0038819178007543087,
                    "flopscope_overhead_time_s": 0.0012363214045763016
                  },
                  "matmul": {
                    "flop_cost": 129078979456,
                    "calls": 3088,
                    "flopscope_backend_time_s": 4.32414744165726,
                    "flopscope_overhead_time_s": 0.6554042822681367
                  },
                  "multiply": {
                    "flop_cost": 16974080,
                    "calls": 6,
                    "flopscope_backend_time_s": 0.009091250132769346,
                    "flopscope_overhead_time_s": 0.00014653964899480343
                  },
                  "reshape": {
                    "flop_cost": 151126016,
                    "calls": 18,
                    "flopscope_backend_time_s": 4.228879697620869e-05,
                    "flopscope_overhead_time_s": 0.0003219612408429384
                  },
                  "add": {
                    "flop_cost": 18884281472,
                    "calls": 6026,
                    "flopscope_backend_time_s": 5.614657913101837,
                    "flopscope_overhead_time_s": 0.15903311036527157
                  },
                  "subtract": {
                    "flop_cost": 10890238208,
                    "calls": 5741,
                    "flopscope_backend_time_s": 7.615117762470618,
                    "flopscope_overhead_time_s": 0.14002145524136722
                  },
                  "stack": {
                    "flop_cost": 5457689600,
                    "calls": 389,
                    "flopscope_backend_time_s": 0.7770222024992108,
                    "flopscope_overhead_time_s": 0.01020897040143609
                  },
                  "negative": {
                    "flop_cost": 8388608,
                    "calls": 1,
                    "flopscope_backend_time_s": 0.000901874853298068,
                    "flopscope_overhead_time_s": 1.8500257283449173e-05
                  },
                  "concatenate": {
                    "flop_cost": 16908288,
                    "calls": 1,
                    "flopscope_backend_time_s": 0.005164582980796695,
                    "flopscope_overhead_time_s": 1.6958918422460556e-05
                  },
                  "maximum": {
                    "flop_cost": 541065216,
                    "calls": 64,
                    "flopscope_backend_time_s": 0.22099441615864635,
                    "flopscope_overhead_time_s": 0.0020658718422055244
                  },
                  "block": {
                    "flop_cost": 5855815680,
                    "calls": 252,
                    "flopscope_backend_time_s": 2.9857762097381055,
                    "flopscope_overhead_time_s": 0.00896587292663753
                  },
                  "zeros": {
                    "flop_cost": 0,
                    "calls": 33,
                    "flopscope_backend_time_s": 5.4039061069488525e-05,
                    "flopscope_overhead_time_s": 0.00016675330698490143
                  },
                  "sum": {
                    "flop_cost": 33864960,
                    "calls": 34,
                    "flopscope_backend_time_s": 0.004099836340174079,
                    "flopscope_overhead_time_s": 0.006434538634493947
                  },
                  "true_divide": {
                    "flop_cost": 512,
                    "calls": 1,
                    "flopscope_backend_time_s": 1.2708129361271858e-05,
                    "flopscope_overhead_time_s": 2.3374799638986588e-05
                  },
                  "sqrt": {
                    "flop_cost": 256,
                    "calls": 1,
                    "flopscope_backend_time_s": 1.791166141629219e-06,
                    "flopscope_overhead_time_s": 2.112588845193386e-05
                  }
                }
              }
            }
          }
        },
        "traceback": null
      },
      {
        "mlp_index": 66,
        "mlp_name": "david-wilson",
        "final_layer_mse": 3.603718141675927e-07,
        "all_layers_mse": 1.0140504837036133,
        "per_layer_mse": [
          7.710020399898099e-10,
          0.4716762602329254,
          0.6152545809745789,
          0.6073428392410278,
          0.7031660079956055,
          0.8861390352249146,
          1.1076008081436157,
          0.9179494380950928,
          0.979327917098999,
          0.9164050817489624,
          0.9880445003509521,
          1.046037197113037,
          1.1053465604782104,
          1.406378984451294,
          1.7128938436508179,
          1.9022257328033447,
          1.6878933906555176,
          1.8526862859725952,
          1.9089677333831787,
          1.3161225318908691,
          1.1209168434143066,
          1.2587203979492188,
          1.0463200807571411,
          1.0847458839416504,
          0.8495416641235352,
          0.8321198225021362,
          0.8224269151687622,
          0.8057368993759155,
          0.9109788537025452,
          0.8208025097846985,
          0.7658454179763794,
          3.603718141675927e-07
        ],
        "adjusted_final_layer_score": 2.3619586902709773e-07,
        "flops_used": 170971246080,
        "effective_compute": 178274975593.66006,
        "budget_exhausted": false,
        "time_exhausted": false,
        "residual_wall_time_exhausted": false,
        "combined_budget_exhausted": false,
        "wall_time_s": 22.777332875179127,
        "flopscope_backend_time_s": 22.258616589009762,
        "flopscope_overhead_time_s": 0.4456789910327643,
        "residual_wall_time_s": 0.07303729513660073,
        "breakdowns": {
          "estimator": {
            "flop_budget": 272000000000,
            "flops_used": 170971246080,
            "flops_remaining": 101028753920,
            "wall_time_s": 22.777332875179127,
            "flopscope_backend_time_s": 22.258616589009762,
            "flopscope_overhead_time_s": 0.4456789910327643,
            "residual_wall_time_s": 0.07303729513660073,
            "by_namespace": {
              "estimator.estimator-client": {
                "flops_used": 170971246080,
                "calls": 15720,
                "flopscope_backend_time_s": 22.258616589009762,
                "flopscope_overhead_time_s": 0.44552669976837933,
                "operations": {
                  "astype": {
                    "flop_cost": 35913728,
                    "calls": 65,
                    "flopscope_backend_time_s": 0.0030875836964696646,
                    "flopscope_overhead_time_s": 0.0010840417817234993
                  },
                  "matmul": {
                    "flop_cost": 129078979456,
                    "calls": 3088,
                    "flopscope_backend_time_s": 4.385742586804554,
                    "flopscope_overhead_time_s": 0.13016565283760428
                  },
                  "multiply": {
                    "flop_cost": 16974080,
                    "calls": 6,
                    "flopscope_backend_time_s": 0.008701000129804015,
                    "flopscope_overhead_time_s": 0.00018653972074389458
                  },
                  "reshape": {
                    "flop_cost": 151126016,
                    "calls": 18,
                    "flopscope_backend_time_s": 5.258386954665184e-05,
                    "flopscope_overhead_time_s": 0.00038253702223300934
                  },
                  "add": {
                    "flop_cost": 18884281472,
                    "calls": 6026,
                    "flopscope_backend_time_s": 5.692366396775469,
                    "flopscope_overhead_time_s": 0.1471569526474923
                  },
                  "subtract": {
                    "flop_cost": 10890238208,
                    "calls": 5741,
                    "flopscope_backend_time_s": 7.7980877158697695,
                    "flopscope_overhead_time_s": 0.13845580094493926
                  },
                  "stack": {
                    "flop_cost": 5457689600,
                    "calls": 389,
                    "flopscope_backend_time_s": 0.8699063896201551,
                    "flopscope_overhead_time_s": 0.012300638947635889
                  },
                  "negative": {
                    "flop_cost": 8388608,
                    "calls": 1,
                    "flopscope_backend_time_s": 0.0008878330700099468,
                    "flopscope_overhead_time_s": 1.8791761249303818e-05
                  },
                  "concatenate": {
                    "flop_cost": 16908288,
                    "calls": 1,
                    "flopscope_backend_time_s": 0.001878167036920786,
                    "flopscope_overhead_time_s": 1.9208062440156937e-05
                  },
                  "maximum": {
                    "flop_cost": 541065216,
                    "calls": 64,
                    "flopscope_backend_time_s": 0.40130179235711694,
                    "flopscope_overhead_time_s": 0.0020799534395337105
                  },
                  "block": {
                    "flop_cost": 5855815680,
                    "calls": 252,
                    "flopscope_backend_time_s": 3.09253708506003,
                    "flopscope_overhead_time_s": 0.00814291462302208
                  },
                  "zeros": {
                    "flop_cost": 0,
                    "calls": 33,
                    "flopscope_backend_time_s": 4.703574813902378e-05,
                    "flopscope_overhead_time_s": 0.0001615895889699459
                  },
                  "sum": {
                    "flop_cost": 33864960,
                    "calls": 34,
                    "flopscope_backend_time_s": 0.004001544089987874,
                    "flopscope_overhead_time_s": 0.005322953220456839
                  },
                  "true_divide": {
                    "flop_cost": 512,
                    "calls": 1,
                    "flopscope_backend_time_s": 8.041970431804657e-06,
                    "flopscope_overhead_time_s": 2.4625100195407867e-05
                  },
                  "sqrt": {
                    "flop_cost": 256,
                    "calls": 1,
                    "flopscope_backend_time_s": 1.0832911357283592e-05,
                    "flopscope_overhead_time_s": 2.450007013976574e-05
                  }
                }
              }
            }
          }
        },
        "traceback": null
      },
      {
        "mlp_index": 67,
        "mlp_name": "kimberly-mayo",
        "final_layer_mse": 1.6254170986940153e-07,
        "all_layers_mse": 0.7860646843910217,
        "per_layer_mse": [
          5.976918959760269e-10,
          0.4737890064716339,
          0.6519895792007446,
          0.6836661100387573,
          0.7243690490722656,
          0.7216947078704834,
          0.7478593587875366,
          0.856268048286438,
          1.0108038187026978,
          0.917343258857727,
          0.7799749970436096,
          0.8198797106742859,
          0.8850893378257751,
          0.9133172631263733,
          0.7741919755935669,
          0.8812376260757446,
          0.8852283954620361,
          0.8267395496368408,
          1.0307129621505737,
          0.8170546293258667,
          0.9060143232345581,
          0.842469334602356,
          0.6765236854553223,
          0.5658725500106812,
          0.7007981538772583,
          0.7945303916931152,
          0.7938549518585205,
          0.7641091346740723,
          0.9839501976966858,
          1.3376264572143555,
          1.3871102333068848,
          1.6254170986940153e-07
        ],
        "adjusted_final_layer_score": 1.0647821110167357e-07,
        "flops_used": 170971246080,
        "effective_compute": 178182408951.68115,
        "budget_exhausted": false,
        "time_exhausted": false,
        "residual_wall_time_exhausted": false,
        "combined_budget_exhausted": false,
        "wall_time_s": 21.713600083021447,
        "flopscope_backend_time_s": 21.191857068566605,
        "flopscope_overhead_time_s": 0.4496313857380301,
        "residual_wall_time_s": 0.07211162871681154,
        "breakdowns": {
          "estimator": {
            "flop_budget": 272000000000,
            "flops_used": 170971246080,
            "flops_remaining": 101028753920,
            "wall_time_s": 21.713600083021447,
            "flopscope_backend_time_s": 21.191857068566605,
            "flopscope_overhead_time_s": 0.4496313857380301,
            "residual_wall_time_s": 0.07211162871681154,
            "by_namespace": {
              "estimator.estimator-client": {
                "flops_used": 170971246080,
                "calls": 15720,
                "flopscope_backend_time_s": 21.191857068566605,
                "flopscope_overhead_time_s": 0.4494203857611865,
                "operations": {
                  "astype": {
                    "flop_cost": 35913728,
                    "calls": 65,
                    "flopscope_backend_time_s": 0.0030757549684494734,
                    "flopscope_overhead_time_s": 0.0011367029510438442
                  },
                  "matmul": {
                    "flop_cost": 129078979456,
                    "calls": 3088,
                    "flopscope_backend_time_s": 4.334007269702852,
                    "flopscope_overhead_time_s": 0.1415408335160464
                  },
                  "multiply": {
                    "flop_cost": 16974080,
                    "calls": 6,
                    "flopscope_backend_time_s": 0.004759082803502679,
                    "flopscope_overhead_time_s": 0.00013116816990077496
                  },
                  "reshape": {
                    "flop_cost": 151126016,
                    "calls": 18,
                    "flopscope_backend_time_s": 3.116554580628872e-05,
                    "flopscope_overhead_time_s": 0.00027008471079170704
                  },
                  "add": {
                    "flop_cost": 18884281472,
                    "calls": 6026,
                    "flopscope_backend_time_s": 5.443489956203848,
                    "flopscope_overhead_time_s": 0.14809259795583785
                  },
                  "subtract": {
                    "flop_cost": 10890238208,
                    "calls": 5741,
                    "flopscope_backend_time_s": 7.6026792821940035,
                    "flopscope_overhead_time_s": 0.13223439152352512
                  },
                  "stack": {
                    "flop_cost": 5457689600,
                    "calls": 389,
                    "flopscope_backend_time_s": 0.7627137652598321,
                    "flopscope_overhead_time_s": 0.009854273870587349
                  },
                  "negative": {
                    "flop_cost": 8388608,
                    "calls": 1,
                    "flopscope_backend_time_s": 0.0008735000155866146,
                    "flopscope_overhead_time_s": 1.7207814380526543e-05
                  },
                  "concatenate": {
                    "flop_cost": 16908288,
                    "calls": 1,
                    "flopscope_backend_time_s": 0.0012727498542517424,
                    "flopscope_overhead_time_s": 1.4499993994832039e-05
                  },
                  "maximum": {
                    "flop_cost": 541065216,
                    "calls": 64,
                    "flopscope_backend_time_s": 0.21529974997974932,
                    "flopscope_overhead_time_s": 0.0019118310883641243
                  },
                  "block": {
                    "flop_cost": 5855815680,
                    "calls": 252,
                    "flopscope_backend_time_s": 2.819586959434673,
                    "flopscope_overhead_time_s": 0.008105044486001134
                  },
                  "zeros": {
                    "flop_cost": 0,
                    "calls": 33,
                    "flopscope_backend_time_s": 3.0206050723791122e-05,
                    "flopscope_overhead_time_s": 0.0001538814976811409
                  },
                  "sum": {
                    "flop_cost": 33864960,
                    "calls": 34,
                    "flopscope_backend_time_s": 0.004024001304060221,
                    "flopscope_overhead_time_s": 0.005911993328481913
                  },
                  "true_divide": {
                    "flop_cost": 512,
                    "calls": 1,
                    "flopscope_backend_time_s": 6.083166226744652e-06,
                    "flopscope_overhead_time_s": 2.583395689725876e-05
                  },
                  "sqrt": {
                    "flop_cost": 256,
                    "calls": 1,
                    "flopscope_backend_time_s": 7.542083039879799e-06,
                    "flopscope_overhead_time_s": 2.004089765250683e-05
                  }
                }
              }
            }
          }
        },
        "traceback": null
      },
      {
        "mlp_index": 68,
        "mlp_name": "mary-nichols",
        "final_layer_mse": 2.202245497073818e-07,
        "all_layers_mse": 0.8759479522705078,
        "per_layer_mse": [
          6.196143598202752e-10,
          0.5788189172744751,
          0.7162647843360901,
          0.6785274744033813,
          0.7486274838447571,
          0.8602924346923828,
          1.0090641975402832,
          1.277761697769165,
          1.1180933713912964,
          1.1901895999908447,
          1.2298505306243896,
          0.8841714859008789,
          0.8224245309829712,
          0.9080321788787842,
          0.8736050128936768,
          0.8548035025596619,
          0.9545043110847473,
          0.9845584630966187,
          1.001250982284546,
          1.045060396194458,
          1.127387285232544,
          1.130260705947876,
          1.2431304454803467,
          0.9583261013031006,
          0.8667937517166138,
          0.804978609085083,
          0.7902668118476868,
          0.9013513326644897,
          0.7833520770072937,
          0.8545671701431274,
          0.8340166807174683,
          2.202245497073818e-07
        ],
        "adjusted_final_layer_score": 1.4427268808977868e-07,
        "flops_used": 170971246080,
        "effective_compute": 178191628556.2255,
        "budget_exhausted": false,
        "time_exhausted": false,
        "residual_wall_time_exhausted": false,
        "combined_budget_exhausted": false,
        "wall_time_s": 22.388210790930316,
        "flopscope_backend_time_s": 21.86777996015735,
        "flopscope_overhead_time_s": 0.4482270060107112,
        "residual_wall_time_s": 0.07220382476225495,
        "breakdowns": {
          "estimator": {
            "flop_budget": 272000000000,
            "flops_used": 170971246080,
            "flops_remaining": 101028753920,
            "wall_time_s": 22.388210790930316,
            "flopscope_backend_time_s": 21.86777996015735,
            "flopscope_overhead_time_s": 0.4482270060107112,
            "residual_wall_time_s": 0.07220382476225495,
            "by_namespace": {
              "estimator.estimator-client": {
                "flops_used": 170971246080,
                "calls": 15720,
                "flopscope_backend_time_s": 21.86777996015735,
                "flopscope_overhead_time_s": 0.4480933821760118,
                "operations": {
                  "astype": {
                    "flop_cost": 35913728,
                    "calls": 65,
                    "flopscope_backend_time_s": 0.002979541663080454,
                    "flopscope_overhead_time_s": 0.00113003165461123
                  },
                  "matmul": {
                    "flop_cost": 129078979456,
                    "calls": 3088,
                    "flopscope_backend_time_s": 4.3963663801550865,
                    "flopscope_overhead_time_s": 0.13520996645092964
                  },
                  "multiply": {
                    "flop_cost": 16974080,
                    "calls": 6,
                    "flopscope_backend_time_s": 0.004849791061133146,
                    "flopscope_overhead_time_s": 0.00017033610492944717
                  },
                  "reshape": {
                    "flop_cost": 151126016,
                    "calls": 18,
                    "flopscope_backend_time_s": 3.8247089833021164e-05,
                    "flopscope_overhead_time_s": 0.0002694190479815006
                  },
                  "add": {
                    "flop_cost": 18884281472,
                    "calls": 6026,
                    "flopscope_backend_time_s": 5.577614245237783,
                    "flopscope_overhead_time_s": 0.14737522578798234
                  },
                  "subtract": {
                    "flop_cost": 10890238208,
                    "calls": 5741,
                    "flopscope_backend_time_s": 7.892539195949212,
                    "flopscope_overhead_time_s": 0.13885386986657977
                  },
                  "stack": {
                    "flop_cost": 5457689600,
                    "calls": 389,
                    "flopscope_backend_time_s": 0.8558082182426006,
                    "flopscope_overhead_time_s": 0.00992020359262824
                  },
                  "negative": {
                    "flop_cost": 8388608,
                    "calls": 1,
                    "flopscope_backend_time_s": 0.0008936671074479818,
                    "flopscope_overhead_time_s": 3.791577182710171e-05
                  },
                  "concatenate": {
                    "flop_cost": 16908288,
                    "calls": 1,
                    "flopscope_backend_time_s": 0.0027032920625060797,
                    "flopscope_overhead_time_s": 1.616613008081913e-05
                  },
                  "maximum": {
                    "flop_cost": 541065216,
                    "calls": 64,
                    "flopscope_backend_time_s": 0.21634654118679464,
                    "flopscope_overhead_time_s": 0.0017609125934541225
                  },
                  "block": {
                    "flop_cost": 5855815680,
                    "calls": 252,
                    "flopscope_backend_time_s": 2.9136966723017395,
                    "flopscope_overhead_time_s": 0.007938254391774535
                  },
                  "zeros": {
                    "flop_cost": 0,
                    "calls": 33,
                    "flopscope_backend_time_s": 2.2833701223134995e-05,
                    "flopscope_overhead_time_s": 0.000147996935993433
                  },
                  "sum": {
                    "flop_cost": 33864960,
                    "calls": 34,
                    "flopscope_backend_time_s": 0.003916792571544647,
                    "flopscope_overhead_time_s": 0.005228501046076417
                  },
                  "true_divide": {
                    "flop_cost": 512,
                    "calls": 1,
                    "flopscope_backend_time_s": 2.7918722480535507e-06,
                    "flopscope_overhead_time_s": 1.8165912479162216e-05
                  },
                  "sqrt": {
                    "flop_cost": 256,
                    "calls": 1,
                    "flopscope_backend_time_s": 1.7499551177024841e-06,
                    "flopscope_overhead_time_s": 1.6416888684034348e-05
                  }
                }
              }
            }
          }
        },
        "traceback": null
      },
      {
        "mlp_index": 69,
        "mlp_name": "theodore-anderson",
        "final_layer_mse": 3.148572886857437e-07,
        "all_layers_mse": 0.7892911434173584,
        "per_layer_mse": [
          6.372132266285746e-10,
          0.5461941957473755,
          0.7180711030960083,
          0.6966780424118042,
          0.7874744534492493,
          1.0317671298980713,
          1.0671145915985107,
          0.9251528978347778,
          1.0839829444885254,
          1.0917073488235474,
          1.068432092666626,
          1.177839994430542,
          1.172412633895874,
          1.1986881494522095,
          1.2188647985458374,
          1.0742242336273193,
          1.090880274772644,
          0.9838153123855591,
          0.9430201053619385,
          0.9899923205375671,
          1.0115461349487305,
          0.7153817415237427,
          0.569835901260376,
          0.5293742418289185,
          0.5456334352493286,
          0.5843220949172974,
          0.5210017561912537,
          0.4110846221446991,
          0.40743061900138855,
          0.4681047797203064,
          0.6272884607315063,
          3.148572886857437e-07
        ],
        "adjusted_final_layer_score": 2.0728659223549678e-07,
        "flops_used": 170971246080,
        "effective_compute": 179071455907.53485,
        "budget_exhausted": false,
        "time_exhausted": false,
        "residual_wall_time_exhausted": false,
        "combined_budget_exhausted": false,
        "wall_time_s": 22.460318750003353,
        "flopscope_backend_time_s": 21.863151751458645,
        "flopscope_overhead_time_s": 0.5161649002693594,
        "residual_wall_time_s": 0.08100209827534854,
        "breakdowns": {
          "estimator": {
            "flop_budget": 272000000000,
            "flops_used": 170971246080,
            "flops_remaining": 101028753920,
            "wall_time_s": 22.460318750003353,
            "flopscope_backend_time_s": 21.863151751458645,
            "flopscope_overhead_time_s": 0.5161649002693594,
            "residual_wall_time_s": 0.08100209827534854,
            "by_namespace": {
              "estimator.estimator-client": {
                "flops_used": 170971246080,
                "calls": 15720,
                "flopscope_backend_time_s": 21.863151751458645,
                "flopscope_overhead_time_s": 0.5160326093900949,
                "operations": {
                  "astype": {
                    "flop_cost": 35913728,
                    "calls": 65,
                    "flopscope_backend_time_s": 0.0032910823356360197,
                    "flopscope_overhead_time_s": 0.0011601289734244347
                  },
                  "matmul": {
                    "flop_cost": 129078979456,
                    "calls": 3088,
                    "flopscope_backend_time_s": 4.367888468084857,
                    "flopscope_overhead_time_s": 0.16118924762122333
                  },
                  "multiply": {
                    "flop_cost": 16974080,
                    "calls": 6,
                    "flopscope_backend_time_s": 0.0026189580094069242,
                    "flopscope_overhead_time_s": 0.00019404292106628418
                  },
                  "reshape": {
                    "flop_cost": 151126016,
                    "calls": 18,
                    "flopscope_backend_time_s": 5.441857501864433e-05,
                    "flopscope_overhead_time_s": 0.00037599867209792137
                  },
                  "add": {
                    "flop_cost": 18884281472,
                    "calls": 6026,
                    "flopscope_backend_time_s": 5.68473432934843,
                    "flopscope_overhead_time_s": 0.1671830751001835
                  },
                  "subtract": {
                    "flop_cost": 10890238208,
                    "calls": 5741,
                    "flopscope_backend_time_s": 7.720169415930286,
                    "flopscope_overhead_time_s": 0.15703281434252858
                  },
                  "stack": {
                    "flop_cost": 5457689600,
                    "calls": 389,
                    "flopscope_backend_time_s": 0.8799091728869826,
                    "flopscope_overhead_time_s": 0.010603164555504918
                  },
                  "negative": {
                    "flop_cost": 8388608,
                    "calls": 1,
                    "flopscope_backend_time_s": 0.0009428330231457949,
                    "flopscope_overhead_time_s": 3.0166935175657272e-05
                  },
                  "concatenate": {
                    "flop_cost": 16908288,
                    "calls": 1,
                    "flopscope_backend_time_s": 0.0013475839514285326,
                    "flopscope_overhead_time_s": 2.0250212401151657e-05
                  },
                  "maximum": {
                    "flop_cost": 541065216,
                    "calls": 64,
                    "flopscope_backend_time_s": 0.21713466034270823,
                    "flopscope_overhead_time_s": 0.002907463116571307
                  },
                  "block": {
                    "flop_cost": 5855815680,
                    "calls": 252,
                    "flopscope_backend_time_s": 2.9809055025689304,
                    "flopscope_overhead_time_s": 0.008930411888286471
                  },
                  "zeros": {
                    "flop_cost": 0,
                    "calls": 33,
                    "flopscope_backend_time_s": 5.966192111372948e-05,
                    "flopscope_overhead_time_s": 0.00017271586693823338
                  },
                  "sum": {
                    "flop_cost": 33864960,
                    "calls": 34,
                    "flopscope_backend_time_s": 0.004067997680976987,
                    "flopscope_overhead_time_s": 0.006182671058923006
                  },
                  "true_divide": {
                    "flop_cost": 512,
                    "calls": 1,
                    "flopscope_backend_time_s": 1.1457828804850578e-05,
                    "flopscope_overhead_time_s": 2.691708505153656e-05
                  },
                  "sqrt": {
                    "flop_cost": 256,
                    "calls": 1,
                    "flopscope_backend_time_s": 1.6208970919251442e-05,
                    "flopscope_overhead_time_s": 2.354104071855545e-05
                  }
                }
              }
            }
          }
        },
        "traceback": null
      },
      {
        "mlp_index": 70,
        "mlp_name": "michael-cooper",
        "final_layer_mse": 3.13208943225618e-07,
        "all_layers_mse": 0.7321456670761108,
        "per_layer_mse": [
          7.325060558116547e-10,
          0.4691798985004425,
          0.5492130517959595,
          0.5605013966560364,
          0.5615924000740051,
          0.5751137733459473,
          0.7710710763931274,
          0.9133796691894531,
          0.8849116563796997,
          0.8136548399925232,
          1.0668532848358154,
          1.0886387825012207,
          1.0126683712005615,
          0.8923488855361938,
          0.8649665117263794,
          0.8861323595046997,
          0.9229050278663635,
          0.8939211368560791,
          0.805092990398407,
          0.7280462980270386,
          0.6017305850982666,
          0.5092161893844604,
          0.5427516102790833,
          0.6276661157608032,
          0.6411072015762329,
          0.6811668872833252,
          0.6597080230712891,
          0.857970118522644,
          1.005924940109253,
          0.9981389045715332,
          1.0430901050567627,
          3.13208943225618e-07
        ],
        "adjusted_final_layer_score": 2.0626080887341041e-07,
        "flops_used": 170971246080,
        "effective_compute": 179123046218.87585,
        "budget_exhausted": false,
        "time_exhausted": false,
        "residual_wall_time_exhausted": false,
        "combined_budget_exhausted": false,
        "wall_time_s": 22.37146249995567,
        "flopscope_backend_time_s": 21.762744615785778,
        "flopscope_overhead_time_s": 0.5271998827811331,
        "residual_wall_time_s": 0.08151800138875842,
        "breakdowns": {
          "estimator": {
            "flop_budget": 272000000000,
            "flops_used": 170971246080,
            "flops_remaining": 101028753920,
            "wall_time_s": 22.37146249995567,
            "flopscope_backend_time_s": 21.762744615785778,
            "flopscope_overhead_time_s": 0.5271998827811331,
            "residual_wall_time_s": 0.08151800138875842,
            "by_namespace": {
              "estimator.estimator-client": {
                "flops_used": 170971246080,
                "calls": 15720,
                "flopscope_backend_time_s": 21.762744615785778,
                "flopscope_overhead_time_s": 0.5270017159637064,
                "operations": {
                  "astype": {
                    "flop_cost": 35913728,
                    "calls": 65,
                    "flopscope_backend_time_s": 0.003072996623814106,
                    "flopscope_overhead_time_s": 0.0012162548955529928
                  },
                  "matmul": {
                    "flop_cost": 129078979456,
                    "calls": 3088,
                    "flopscope_backend_time_s": 4.366803400451317,
                    "flopscope_overhead_time_s": 0.16149260965175927
                  },
                  "multiply": {
                    "flop_cost": 16974080,
                    "calls": 6,
                    "flopscope_backend_time_s": 0.009031709283590317,
                    "flopscope_overhead_time_s": 0.00016670767217874527
                  },
                  "reshape": {
                    "flop_cost": 151126016,
                    "calls": 18,
                    "flopscope_backend_time_s": 3.475183621048927e-05,
                    "flopscope_overhead_time_s": 0.0002907502930611372
                  },
                  "add": {
                    "flop_cost": 18884281472,
                    "calls": 6026,
                    "flopscope_backend_time_s": 5.652073292294517,
                    "flopscope_overhead_time_s": 0.179736033314839
                  },
                  "subtract": {
                    "flop_cost": 10890238208,
                    "calls": 5741,
                    "flopscope_backend_time_s": 7.761346627492458,
                    "flopscope_overhead_time_s": 0.1549846613779664
                  },
                  "stack": {
                    "flop_cost": 5457689600,
                    "calls": 389,
                    "flopscope_backend_time_s": 0.8113018006552011,
                    "flopscope_overhead_time_s": 0.011456655338406563
                  },
                  "negative": {
                    "flop_cost": 8388608,
                    "calls": 1,
                    "flopscope_backend_time_s": 0.0008800001814961433,
                    "flopscope_overhead_time_s": 1.7249956727027893e-05
                  },
                  "concatenate": {
                    "flop_cost": 16908288,
                    "calls": 1,
                    "flopscope_backend_time_s": 0.0012923749163746834,
                    "flopscope_overhead_time_s": 1.85410026460886e-05
                  },
                  "maximum": {
                    "flop_cost": 541065216,
                    "calls": 64,
                    "flopscope_backend_time_s": 0.22350633097812533,
                    "flopscope_overhead_time_s": 0.00207137456163764
                  },
                  "block": {
                    "flop_cost": 5855815680,
                    "calls": 252,
                    "flopscope_backend_time_s": 2.929150290088728,
                    "flopscope_overhead_time_s": 0.009276296244934201
                  },
                  "zeros": {
                    "flop_cost": 0,
                    "calls": 33,
                    "flopscope_backend_time_s": 4.6413158997893333e-05,
                    "flopscope_overhead_time_s": 0.0001682080328464508
                  },
                  "sum": {
                    "flop_cost": 33864960,
                    "calls": 34,
                    "flopscope_backend_time_s": 0.004179418785497546,
                    "flopscope_overhead_time_s": 0.0060568745248019695
                  },
                  "true_divide": {
                    "flop_cost": 512,
                    "calls": 1,
                    "flopscope_backend_time_s": 1.2791948392987251e-05,
                    "flopscope_overhead_time_s": 2.458319067955017e-05
                  },
                  "sqrt": {
                    "flop_cost": 256,
                    "calls": 1,
                    "flopscope_backend_time_s": 1.2417091056704521e-05,
                    "flopscope_overhead_time_s": 2.491590566933155e-05
                  }
                }
              }
            }
          }
        },
        "traceback": null
      },
      {
        "mlp_index": 71,
        "mlp_name": "savannah-hayes",
        "final_layer_mse": 4.074860271430225e-07,
        "all_layers_mse": 1.2281131744384766,
        "per_layer_mse": [
          6.911374805795845e-10,
          0.48665618896484375,
          0.6092199087142944,
          0.70704185962677,
          0.834396243095398,
          1.1009305715560913,
          1.101747751235962,
          1.2740975618362427,
          1.0697225332260132,
          1.2292027473449707,
          1.101938009262085,
          1.0551998615264893,
          1.2095305919647217,
          1.2904000282287598,
          1.5229897499084473,
          1.819726586341858,
          2.2370047569274902,
          2.0618045330047607,
          2.0359694957733154,
          1.77028226852417,
          1.4276779890060425,
          1.3115355968475342,
          1.294612169265747,
          1.5636870861053467,
          1.2530497312545776,
          1.1938362121582031,
          1.2311620712280273,
          1.3471782207489014,
          1.467885136604309,
          1.4541194438934326,
          1.2370173931121826,
          4.074860271430225e-07
        ],
        "adjusted_final_layer_score": 2.6696745951385334e-07,
        "flops_used": 170971246080,
        "effective_compute": 178202795067.329,
        "budget_exhausted": false,
        "time_exhausted": false,
        "residual_wall_time_exhausted": false,
        "combined_budget_exhausted": false,
        "wall_time_s": 22.345112333074212,
        "flopscope_backend_time_s": 21.81964787445031,
        "flopscope_overhead_time_s": 0.45314896875061095,
        "residual_wall_time_s": 0.07231548987329006,
        "breakdowns": {
          "estimator": {
            "flop_budget": 272000000000,
            "flops_used": 170971246080,
            "flops_remaining": 101028753920,
            "wall_time_s": 22.345112333074212,
            "flopscope_backend_time_s": 21.81964787445031,
            "flopscope_overhead_time_s": 0.45314896875061095,
            "residual_wall_time_s": 0.07231548987329006,
            "by_namespace": {
              "estimator.estimator-client": {
                "flops_used": 170971246080,
                "calls": 15720,
                "flopscope_backend_time_s": 21.81964787445031,
                "flopscope_overhead_time_s": 0.4529933447483927,
                "operations": {
                  "astype": {
                    "flop_cost": 35913728,
                    "calls": 65,
                    "flopscope_backend_time_s": 0.003266623942181468,
                    "flopscope_overhead_time_s": 0.001106039620935917
                  },
                  "matmul": {
                    "flop_cost": 129078979456,
                    "calls": 3088,
                    "flopscope_backend_time_s": 4.425971583463252,
                    "flopscope_overhead_time_s": 0.14369249623268843
                  },
                  "multiply": {
                    "flop_cost": 16974080,
                    "calls": 6,
                    "flopscope_backend_time_s": 0.00828145770356059,
                    "flopscope_overhead_time_s": 0.00013712537474930286
                  },
                  "reshape": {
                    "flop_cost": 151126016,
                    "calls": 18,
                    "flopscope_backend_time_s": 3.470946103334427e-05,
                    "flopscope_overhead_time_s": 0.0002768707927316427
                  },
                  "add": {
                    "flop_cost": 18884281472,
                    "calls": 6026,
                    "flopscope_backend_time_s": 5.565889882622287,
                    "flopscope_overhead_time_s": 0.1474107992835343
                  },
                  "subtract": {
                    "flop_cost": 10890238208,
                    "calls": 5741,
                    "flopscope_backend_time_s": 7.916163507150486,
                    "flopscope_overhead_time_s": 0.1273391165304929
                  },
                  "stack": {
                    "flop_cost": 5457689600,
                    "calls": 389,
                    "flopscope_backend_time_s": 0.8034548291470855,
                    "flopscope_overhead_time_s": 0.00967150623910129
                  },
                  "negative": {
                    "flop_cost": 8388608,
                    "calls": 1,
                    "flopscope_backend_time_s": 0.0008875411003828049,
                    "flopscope_overhead_time_s": 1.7917947843670845e-05
                  },
                  "concatenate": {
                    "flop_cost": 16908288,
                    "calls": 1,
                    "flopscope_backend_time_s": 0.002707167062908411,
                    "flopscope_overhead_time_s": 1.595797948539257e-05
                  },
                  "maximum": {
                    "flop_cost": 541065216,
                    "calls": 64,
                    "flopscope_backend_time_s": 0.22137649450451136,
                    "flopscope_overhead_time_s": 0.0029976721853017807
                  },
                  "block": {
                    "flop_cost": 5855815680,
                    "calls": 252,
                    "flopscope_backend_time_s": 2.867562038823962,
                    "flopscope_overhead_time_s": 0.014513297704979777
                  },
                  "zeros": {
                    "flop_cost": 0,
                    "calls": 33,
                    "flopscope_backend_time_s": 3.278814256191254e-05,
                    "flopscope_overhead_time_s": 0.00015437905676662922
                  },
                  "sum": {
                    "flop_cost": 33864960,
                    "calls": 34,
                    "flopscope_backend_time_s": 0.00400379323400557,
                    "flopscope_overhead_time_s": 0.005618666065856814
                  },
                  "true_divide": {
                    "flop_cost": 512,
                    "calls": 1,
                    "flopscope_backend_time_s": 6.125075742602348e-06,
                    "flopscope_overhead_time_s": 1.9957777112722397e-05
                  },
                  "sqrt": {
                    "flop_cost": 256,
                    "calls": 1,
                    "flopscope_backend_time_s": 9.333016350865364e-06,
                    "flopscope_overhead_time_s": 2.1541956812143326e-05
                  }
                }
              }
            }
          }
        },
        "traceback": null
      },
      {
        "mlp_index": 72,
        "mlp_name": "terri-butler",
        "final_layer_mse": 2.0249186150067544e-07,
        "all_layers_mse": 0.592948853969574,
        "per_layer_mse": [
          7.247951128164232e-10,
          0.5078669190406799,
          0.6134052276611328,
          0.6560666561126709,
          0.6862781643867493,
          0.7806674242019653,
          0.7355390787124634,
          0.9673148393630981,
          0.849290132522583,
          0.7952934503555298,
          0.8617503643035889,
          0.8187223672866821,
          0.7161397337913513,
          0.6715005040168762,
          0.6738436222076416,
          0.7076129913330078,
          0.5874674916267395,
          0.6463440656661987,
          0.44925960898399353,
          0.6026408672332764,
          0.6131040453910828,
          0.6050493121147156,
          0.5305550694465637,
          0.5644218921661377,
          0.5569676756858826,
          0.49348050355911255,
          0.4842787981033325,
          0.5021661520004272,
          0.45390719175338745,
          0.36926668882369995,
          0.474161833524704,
          2.0249186150067544e-07
        ],
        "adjusted_final_layer_score": 1.3269972379505945e-07,
        "flops_used": 170971246080,
        "effective_compute": 178250743534.8742,
        "budget_exhausted": false,
        "time_exhausted": false,
        "residual_wall_time_exhausted": false,
        "combined_budget_exhausted": false,
        "wall_time_s": 22.28490054095164,
        "flopscope_backend_time_s": 21.760561891598627,
        "flopscope_overhead_time_s": 0.45154367480427027,
        "residual_wall_time_s": 0.07279497454874218,
        "breakdowns": {
          "estimator": {
            "flop_budget": 272000000000,
            "flops_used": 170971246080,
            "flops_remaining": 101028753920,
            "wall_time_s": 22.28490054095164,
            "flopscope_backend_time_s": 21.760561891598627,
            "flopscope_overhead_time_s": 0.45154367480427027,
            "residual_wall_time_s": 0.07279497454874218,
            "by_namespace": {
              "estimator.estimator-client": {
                "flops_used": 170971246080,
                "calls": 15720,
                "flopscope_backend_time_s": 21.760561891598627,
                "flopscope_overhead_time_s": 0.4514264666941017,
                "operations": {
                  "astype": {
                    "flop_cost": 35913728,
                    "calls": 65,
                    "flopscope_backend_time_s": 0.003223961452022195,
                    "flopscope_overhead_time_s": 0.0011075804941356182
                  },
                  "matmul": {
                    "flop_cost": 129078979456,
                    "calls": 3088,
                    "flopscope_backend_time_s": 4.410334366140887,
                    "flopscope_overhead_time_s": 0.13696810766123235
                  },
                  "multiply": {
                    "flop_cost": 16974080,
                    "calls": 6,
                    "flopscope_backend_time_s": 0.0026685409247875214,
                    "flopscope_overhead_time_s": 0.00013487623073160648
                  },
                  "reshape": {
                    "flop_cost": 151126016,
                    "calls": 18,
                    "flopscope_backend_time_s": 3.937492147088051e-05,
                    "flopscope_overhead_time_s": 0.00024850224144756794
                  },
                  "add": {
                    "flop_cost": 18884281472,
                    "calls": 6026,
                    "flopscope_backend_time_s": 5.553547903895378,
                    "flopscope_overhead_time_s": 0.1579197107348591
                  },
                  "subtract": {
                    "flop_cost": 10890238208,
                    "calls": 5741,
                    "flopscope_backend_time_s": 7.941854685544968,
                    "flopscope_overhead_time_s": 0.13034637412056327
                  },
                  "stack": {
                    "flop_cost": 5457689600,
                    "calls": 389,
                    "flopscope_backend_time_s": 0.7693748027086258,
                    "flopscope_overhead_time_s": 0.009447906631976366
                  },
                  "negative": {
                    "flop_cost": 8388608,
                    "calls": 1,
                    "flopscope_backend_time_s": 0.000886125024408102,
                    "flopscope_overhead_time_s": 1.8709106370806694e-05
                  },
                  "concatenate": {
                    "flop_cost": 16908288,
                    "calls": 1,
                    "flopscope_backend_time_s": 0.0012716250494122505,
                    "flopscope_overhead_time_s": 1.533282920718193e-05
                  },
                  "maximum": {
                    "flop_cost": 541065216,
                    "calls": 64,
                    "flopscope_backend_time_s": 0.21729687857441604,
                    "flopscope_overhead_time_s": 0.0018034949898719788
                  },
                  "block": {
                    "flop_cost": 5855815680,
                    "calls": 252,
                    "flopscope_backend_time_s": 2.856026669498533,
                    "flopscope_overhead_time_s": 0.0077922900673002005
                  },
                  "zeros": {
                    "flop_cost": 0,
                    "calls": 33,
                    "flopscope_backend_time_s": 2.2503314539790154e-05,
                    "flopscope_overhead_time_s": 0.00014524557627737522
                  },
                  "sum": {
                    "flop_cost": 33864960,
                    "calls": 34,
                    "flopscope_backend_time_s": 0.0040093716233968735,
                    "flopscope_overhead_time_s": 0.005442919908091426
                  },
                  "true_divide": {
                    "flop_cost": 512,
                    "calls": 1,
                    "flopscope_backend_time_s": 2.9169023036956787e-06,
                    "flopscope_overhead_time_s": 1.8916092813014984e-05
                  },
                  "sqrt": {
                    "flop_cost": 256,
                    "calls": 1,
                    "flopscope_backend_time_s": 2.166023477911949e-06,
                    "flopscope_overhead_time_s": 1.650000922381878e-05
                  }
                }
              }
            }
          }
        },
        "traceback": null
      },
      {
        "mlp_index": 73,
        "mlp_name": "david-anderson",
        "final_layer_mse": 2.643578227434773e-07,
        "all_layers_mse": 0.49082040786743164,
        "per_layer_mse": [
          6.11769079839064e-10,
          0.48418617248535156,
          0.5928628444671631,
          0.5624080896377563,
          0.590928316116333,
          0.8738354444503784,
          0.8427255749702454,
          0.8194307088851929,
          0.83786940574646,
          0.8436245918273926,
          0.5990275740623474,
          0.6081863045692444,
          0.518215537071228,
          0.5250158905982971,
          0.46111419796943665,
          0.46686410903930664,
          0.47720804810523987,
          0.41128647327423096,
          0.37467366456985474,
          0.42329004406929016,
          0.41794049739837646,
          0.36066609621047974,
          0.3518688976764679,
          0.32737860083580017,
          0.37019264698028564,
          0.44724583625793457,
          0.4045424461364746,
          0.4450347423553467,
          0.49019286036491394,
          0.385675847530365,
          0.3927605152130127,
          2.643578227434773e-07
        ],
        "adjusted_final_layer_score": 1.7333642218377728e-07,
        "flops_used": 170971246080,
        "effective_compute": 178347311022.21835,
        "budget_exhausted": false,
        "time_exhausted": false,
        "residual_wall_time_exhausted": false,
        "combined_budget_exhausted": false,
        "wall_time_s": 21.941236624959856,
        "flopscope_backend_time_s": 21.414055763045326,
        "flopscope_overhead_time_s": 0.45342021249234676,
        "residual_wall_time_s": 0.07376064942218363,
        "breakdowns": {
          "estimator": {
            "flop_budget": 272000000000,
            "flops_used": 170971246080,
            "flops_remaining": 101028753920,
            "wall_time_s": 21.941236624959856,
            "flopscope_backend_time_s": 21.414055763045326,
            "flopscope_overhead_time_s": 0.45342021249234676,
            "residual_wall_time_s": 0.07376064942218363,
            "by_namespace": {
              "estimator.estimator-client": {
                "flops_used": 170971246080,
                "calls": 15720,
                "flopscope_backend_time_s": 21.414055763045326,
                "flopscope_overhead_time_s": 0.45322054671123624,
                "operations": {
                  "astype": {
                    "flop_cost": 35913728,
                    "calls": 65,
                    "flopscope_backend_time_s": 0.0035922869574278593,
                    "flopscope_overhead_time_s": 0.001120423199608922
                  },
                  "matmul": {
                    "flop_cost": 129078979456,
                    "calls": 3088,
                    "flopscope_backend_time_s": 4.346525770844892,
                    "flopscope_overhead_time_s": 0.14379591518081725
                  },
                  "multiply": {
                    "flop_cost": 16974080,
                    "calls": 6,
                    "flopscope_backend_time_s": 0.0095831248909235,
                    "flopscope_overhead_time_s": 0.0001964184921234846
                  },
                  "reshape": {
                    "flop_cost": 151126016,
                    "calls": 18,
                    "flopscope_backend_time_s": 4.708138294517994e-05,
                    "flopscope_overhead_time_s": 0.00035875081084668636
                  },
                  "add": {
                    "flop_cost": 18884281472,
                    "calls": 6026,
                    "flopscope_backend_time_s": 5.512310642050579,
                    "flopscope_overhead_time_s": 0.15200692927464843
                  },
                  "subtract": {
                    "flop_cost": 10890238208,
                    "calls": 5741,
                    "flopscope_backend_time_s": 7.671013480285183,
                    "flopscope_overhead_time_s": 0.13056544354185462
                  },
                  "stack": {
                    "flop_cost": 5457689600,
                    "calls": 389,
                    "flopscope_backend_time_s": 0.7716578266117722,
                    "flopscope_overhead_time_s": 0.009722088696435094
                  },
                  "negative": {
                    "flop_cost": 8388608,
                    "calls": 1,
                    "flopscope_backend_time_s": 0.0008776669856160879,
                    "flopscope_overhead_time_s": 1.7833197489380836e-05
                  },
                  "concatenate": {
                    "flop_cost": 16908288,
                    "calls": 1,
                    "flopscope_backend_time_s": 0.0013698330149054527,
                    "flopscope_overhead_time_s": 1.708301715552807e-05
                  },
                  "maximum": {
                    "flop_cost": 541065216,
                    "calls": 64,
                    "flopscope_backend_time_s": 0.21959145925939083,
                    "flopscope_overhead_time_s": 0.0018041220027953386
                  },
                  "block": {
                    "flop_cost": 5855815680,
                    "calls": 252,
                    "flopscope_backend_time_s": 2.8735038398299366,
                    "flopscope_overhead_time_s": 0.008029286516830325
                  },
                  "zeros": {
                    "flop_cost": 0,
                    "calls": 33,
                    "flopscope_backend_time_s": 3.795884549617767e-05,
                    "flopscope_overhead_time_s": 0.0001670829951763153
                  },
                  "sum": {
                    "flop_cost": 33864960,
                    "calls": 34,
                    "flopscope_backend_time_s": 0.00393400015309453,
                    "flopscope_overhead_time_s": 0.005379919661208987
                  },
                  "true_divide": {
                    "flop_cost": 512,
                    "calls": 1,
                    "flopscope_backend_time_s": 5.749985575675964e-06,
                    "flopscope_overhead_time_s": 2.033403143286705e-05
                  },
                  "sqrt": {
                    "flop_cost": 256,
                    "calls": 1,
                    "flopscope_backend_time_s": 5.041947588324547e-06,
                    "flopscope_overhead_time_s": 1.8916092813014984e-05
                  }
                }
              }
            }
          }
        },
        "traceback": null
      },
      {
        "mlp_index": 74,
        "mlp_name": "heidi-willis",
        "final_layer_mse": 3.290210486284195e-07,
        "all_layers_mse": 0.7471377849578857,
        "per_layer_mse": [
          6.878295710777138e-10,
          0.49833813309669495,
          0.6878721117973328,
          0.704403281211853,
          0.6633316278457642,
          0.7850033044815063,
          1.0062263011932373,
          0.8718562126159668,
          0.880987823009491,
          0.7177709937095642,
          0.7138177156448364,
          0.724462628364563,
          0.7648220062255859,
          0.7473046183586121,
          0.7727214097976685,
          0.7077921628952026,
          0.8173460364341736,
          0.7846667766571045,
          0.9404346346855164,
          1.064443588256836,
          1.124319314956665,
          0.8813878893852234,
          0.8386141061782837,
          0.8674620985984802,
          0.8877077102661133,
          0.7946040630340576,
          0.7567954659461975,
          0.6893256902694702,
          0.612588107585907,
          0.7820162773132324,
          0.8199864625930786,
          3.290210486284195e-07
        ],
        "adjusted_final_layer_score": 2.1581287622383478e-07,
        "flops_used": 170971246080,
        "effective_compute": 178411389111.99948,
        "budget_exhausted": false,
        "time_exhausted": false,
        "residual_wall_time_exhausted": false,
        "combined_budget_exhausted": false,
        "wall_time_s": 22.041461542015895,
        "flopscope_backend_time_s": 21.507376459194347,
        "flopscope_overhead_time_s": 0.4596836525015533,
        "residual_wall_time_s": 0.07440143031999469,
        "breakdowns": {
          "estimator": {
            "flop_budget": 272000000000,
            "flops_used": 170971246080,
            "flops_remaining": 101028753920,
            "wall_time_s": 22.041461542015895,
            "flopscope_backend_time_s": 21.507376459194347,
            "flopscope_overhead_time_s": 0.4596836525015533,
            "residual_wall_time_s": 0.07440143031999469,
            "by_namespace": {
              "estimator.estimator-client": {
                "flops_used": 170971246080,
                "calls": 15720,
                "flopscope_backend_time_s": 21.507376459194347,
                "flopscope_overhead_time_s": 0.459424318280071,
                "operations": {
                  "astype": {
                    "flop_cost": 35913728,
                    "calls": 65,
                    "flopscope_backend_time_s": 0.003084411844611168,
                    "flopscope_overhead_time_s": 0.0011420478112995625
                  },
                  "matmul": {
                    "flop_cost": 129078979456,
                    "calls": 3088,
                    "flopscope_backend_time_s": 4.378717531915754,
                    "flopscope_overhead_time_s": 0.1391591806896031
                  },
                  "multiply": {
                    "flop_cost": 16974080,
                    "calls": 6,
                    "flopscope_backend_time_s": 0.00256041600368917,
                    "flopscope_overhead_time_s": 0.00016766623593866825
                  },
                  "reshape": {
                    "flop_cost": 151126016,
                    "calls": 18,
                    "flopscope_backend_time_s": 4.471000283956528e-05,
                    "flopscope_overhead_time_s": 0.0003455420956015587
                  },
                  "add": {
                    "flop_cost": 18884281472,
                    "calls": 6026,
                    "flopscope_backend_time_s": 5.509295657975599,
                    "flopscope_overhead_time_s": 0.15924067050218582
                  },
                  "subtract": {
                    "flop_cost": 10890238208,
                    "calls": 5741,
                    "flopscope_backend_time_s": 7.756799610098824,
                    "flopscope_overhead_time_s": 0.13351958384737372
                  },
                  "stack": {
                    "flop_cost": 5457689600,
                    "calls": 389,
                    "flopscope_backend_time_s": 0.7940288262907416,
                    "flopscope_overhead_time_s": 0.009893715381622314
                  },
                  "negative": {
                    "flop_cost": 8388608,
                    "calls": 1,
                    "flopscope_backend_time_s": 0.0009087920188903809,
                    "flopscope_overhead_time_s": 1.970818266272545e-05
                  },
                  "concatenate": {
                    "flop_cost": 16908288,
                    "calls": 1,
                    "flopscope_backend_time_s": 0.0012663749512284994,
                    "flopscope_overhead_time_s": 1.6167061403393745e-05
                  },
                  "maximum": {
                    "flop_cost": 541065216,
                    "calls": 64,
                    "flopscope_backend_time_s": 0.21647946047596633,
                    "flopscope_overhead_time_s": 0.00190737284719944
                  },
                  "block": {
                    "flop_cost": 5855815680,
                    "calls": 252,
                    "flopscope_backend_time_s": 2.840169715695083,
                    "flopscope_overhead_time_s": 0.00816894811578095
                  },
                  "zeros": {
                    "flop_cost": 0,
                    "calls": 33,
                    "flopscope_backend_time_s": 3.2536452636122704e-05,
                    "flopscope_overhead_time_s": 0.00015400629490613937
                  },
                  "sum": {
                    "flop_cost": 33864960,
                    "calls": 34,
                    "flopscope_backend_time_s": 0.003976914566010237,
                    "flopscope_overhead_time_s": 0.005648127058520913
                  },
                  "true_divide": {
                    "flop_cost": 512,
                    "calls": 1,
                    "flopscope_backend_time_s": 6.166985258460045e-06,
                    "flopscope_overhead_time_s": 2.1208077669143677e-05
                  },
                  "sqrt": {
                    "flop_cost": 256,
                    "calls": 1,
                    "flopscope_backend_time_s": 5.333917215466499e-06,
                    "flopscope_overhead_time_s": 2.0374078303575516e-05
                  }
                }
              }
            }
          }
        },
        "traceback": null
      },
      {
        "mlp_index": 75,
        "mlp_name": "charles-johnson",
        "final_layer_mse": 1.5848246448513237e-07,
        "all_layers_mse": 0.816382646560669,
        "per_layer_mse": [
          7.90530529926059e-10,
          0.42765337228775024,
          0.4888049066066742,
          0.6495293378829956,
          0.7637742161750793,
          0.806583046913147,
          0.7607396841049194,
          0.84442138671875,
          0.9761327505111694,
          0.7916368842124939,
          0.7705636620521545,
          0.7485666275024414,
          0.7923332452774048,
          0.9428063631057739,
          1.0295464992523193,
          1.226820945739746,
          1.0466817617416382,
          0.8199844360351562,
          0.8359854817390442,
          0.8100501298904419,
          0.9514729976654053,
          1.1525275707244873,
          1.0655122995376587,
          1.1605615615844727,
          0.9340961575508118,
          1.0307285785675049,
          0.9189655184745789,
          0.8034251928329468,
          0.9343193173408508,
          0.8624430894851685,
          0.7775777578353882,
          1.5848246448513237e-07
        ],
        "adjusted_final_layer_score": 1.0366472298904425e-07,
        "flops_used": 170971246080,
        "effective_compute": 177917504908.97525,
        "budget_exhausted": false,
        "time_exhausted": false,
        "residual_wall_time_exhausted": false,
        "combined_budget_exhausted": false,
        "wall_time_s": 21.65673145907931,
        "flopscope_backend_time_s": 21.165094925556332,
        "flopscope_overhead_time_s": 0.4221739452332258,
        "residual_wall_time_s": 0.0694625882897526,
        "breakdowns": {
          "estimator": {
            "flop_budget": 272000000000,
            "flops_used": 170971246080,
            "flops_remaining": 101028753920,
            "wall_time_s": 21.65673145907931,
            "flopscope_backend_time_s": 21.165094925556332,
            "flopscope_overhead_time_s": 0.4221739452332258,
            "residual_wall_time_s": 0.0694625882897526,
            "by_namespace": {
              "estimator.estimator-client": {
                "flops_used": 170971246080,
                "calls": 15720,
                "flopscope_backend_time_s": 21.165094925556332,
                "flopscope_overhead_time_s": 0.42202961118891835,
                "operations": {
                  "astype": {
                    "flop_cost": 35913728,
                    "calls": 65,
                    "flopscope_backend_time_s": 0.0029254963155835867,
                    "flopscope_overhead_time_s": 0.0010330001823604107
                  },
                  "matmul": {
                    "flop_cost": 129078979456,
                    "calls": 3088,
                    "flopscope_backend_time_s": 4.298354995204136,
                    "flopscope_overhead_time_s": 0.13130776211619377
                  },
                  "multiply": {
                    "flop_cost": 16974080,
                    "calls": 6,
                    "flopscope_backend_time_s": 0.0025779169518500566,
                    "flopscope_overhead_time_s": 0.0001273748930543661
                  },
                  "reshape": {
                    "flop_cost": 151126016,
                    "calls": 18,
                    "flopscope_backend_time_s": 3.199954517185688e-05,
                    "flopscope_overhead_time_s": 0.00024362490512430668
                  },
                  "add": {
                    "flop_cost": 18884281472,
                    "calls": 6026,
                    "flopscope_backend_time_s": 5.4579757219180465,
                    "flopscope_overhead_time_s": 0.1435661120340228
                  },
                  "subtract": {
                    "flop_cost": 10890238208,
                    "calls": 5741,
                    "flopscope_backend_time_s": 7.577210544142872,
                    "flopscope_overhead_time_s": 0.12237964873202145
                  },
                  "stack": {
                    "flop_cost": 5457689600,
                    "calls": 389,
                    "flopscope_backend_time_s": 0.770551128545776,
                    "flopscope_overhead_time_s": 0.00907836458645761
                  },
                  "negative": {
                    "flop_cost": 8388608,
                    "calls": 1,
                    "flopscope_backend_time_s": 0.0008778329938650131,
                    "flopscope_overhead_time_s": 1.6208039596676826e-05
                  },
                  "concatenate": {
                    "flop_cost": 16908288,
                    "calls": 1,
                    "flopscope_backend_time_s": 0.0012702918611466885,
                    "flopscope_overhead_time_s": 1.4791032299399376e-05
                  },
                  "maximum": {
                    "flop_cost": 541065216,
                    "calls": 64,
                    "flopscope_backend_time_s": 0.21443004137836397,
                    "flopscope_overhead_time_s": 0.0016614196356385946
                  },
                  "block": {
                    "flop_cost": 5855815680,
                    "calls": 252,
                    "flopscope_backend_time_s": 2.8349554983433336,
                    "flopscope_overhead_time_s": 0.007377632660791278
                  },
                  "zeros": {
                    "flop_cost": 0,
                    "calls": 33,
                    "flopscope_backend_time_s": 2.5708461180329323e-05,
                    "flopscope_overhead_time_s": 0.00015341886319220066
                  },
                  "sum": {
                    "flop_cost": 33864960,
                    "calls": 34,
                    "flopscope_backend_time_s": 0.0039032497443258762,
                    "flopscope_overhead_time_s": 0.005035003647208214
                  },
                  "true_divide": {
                    "flop_cost": 512,
                    "calls": 1,
                    "flopscope_backend_time_s": 2.6670750230550766e-06,
                    "flopscope_overhead_time_s": 1.750001683831215e-05
                  },
                  "sqrt": {
                    "flop_cost": 256,
                    "calls": 1,
                    "flopscope_backend_time_s": 1.8330756574869156e-06,
                    "flopscope_overhead_time_s": 1.774984411895275e-05
                  }
                }
              }
            }
          }
        },
        "traceback": null
      },
      {
        "mlp_index": 76,
        "mlp_name": "jerry-thomas",
        "final_layer_mse": 2.036940713878721e-07,
        "all_layers_mse": 0.5967929363250732,
        "per_layer_mse": [
          6.895058968225953e-10,
          0.4992329776287079,
          0.6390349864959717,
          0.8909479379653931,
          0.9741247296333313,
          1.1266541481018066,
          1.1621695756912231,
          1.2356783151626587,
          0.9966789484024048,
          0.698885440826416,
          0.6987307071685791,
          0.6244144439697266,
          0.7870635986328125,
          0.7117347717285156,
          0.5724425315856934,
          0.5618727803230286,
          0.6813719272613525,
          0.6101582050323486,
          0.544018030166626,
          0.5212415456771851,
          0.5311861038208008,
          0.5199851989746094,
          0.5129626393318176,
          0.5039575099945068,
          0.36231306195259094,
          0.32770124077796936,
          0.3358460068702698,
          0.39428406953811646,
          0.42324739694595337,
          0.30379167199134827,
          0.34564268589019775,
          2.036940713878721e-07
        ],
        "adjusted_final_layer_score": 1.3379363143671867e-07,
        "flops_used": 170971246080,
        "effective_compute": 178659435214.93304,
        "budget_exhausted": false,
        "time_exhausted": false,
        "residual_wall_time_exhausted": false,
        "combined_budget_exhausted": false,
        "wall_time_s": 22.165328041883186,
        "flopscope_backend_time_s": 21.60554953990504,
        "flopscope_overhead_time_s": 0.4828966106288135,
        "residual_wall_time_s": 0.07688189134933054,
        "breakdowns": {
          "estimator": {
            "flop_budget": 272000000000,
            "flops_used": 170971246080,
            "flops_remaining": 101028753920,
            "wall_time_s": 22.165328041883186,
            "flopscope_backend_time_s": 21.60554953990504,
            "flopscope_overhead_time_s": 0.4828966106288135,
            "residual_wall_time_s": 0.07688189134933054,
            "by_namespace": {
              "estimator.estimator-client": {
                "flops_used": 170971246080,
                "calls": 15720,
                "flopscope_backend_time_s": 21.60554953990504,
                "flopscope_overhead_time_s": 0.4826315687969327,
                "operations": {
                  "astype": {
                    "flop_cost": 35913728,
                    "calls": 65,
                    "flopscope_backend_time_s": 0.003835918614640832,
                    "flopscope_overhead_time_s": 0.0012156229931861162
                  },
                  "matmul": {
                    "flop_cost": 129078979456,
                    "calls": 3088,
                    "flopscope_backend_time_s": 4.33913308265619,
                    "flopscope_overhead_time_s": 0.1435346924699843
                  },
                  "multiply": {
                    "flop_cost": 16974080,
                    "calls": 6,
                    "flopscope_backend_time_s": 0.008860249537974596,
                    "flopscope_overhead_time_s": 0.00016212626360356808
                  },
                  "reshape": {
                    "flop_cost": 151126016,
                    "calls": 18,
                    "flopscope_backend_time_s": 3.2668234780430794e-05,
                    "flopscope_overhead_time_s": 0.0002694581635296345
                  },
                  "add": {
                    "flop_cost": 18884281472,
                    "calls": 6026,
                    "flopscope_backend_time_s": 5.560432028025389,
                    "flopscope_overhead_time_s": 0.17023821524344385
                  },
                  "subtract": {
                    "flop_cost": 10890238208,
                    "calls": 5741,
                    "flopscope_backend_time_s": 7.653373944573104,
                    "flopscope_overhead_time_s": 0.13911132095381618
                  },
                  "stack": {
                    "flop_cost": 5457689600,
                    "calls": 389,
                    "flopscope_backend_time_s": 0.8584880325943232,
                    "flopscope_overhead_time_s": 0.010533533524721861
                  },
                  "negative": {
                    "flop_cost": 8388608,
                    "calls": 1,
                    "flopscope_backend_time_s": 0.0008834169711917639,
                    "flopscope_overhead_time_s": 1.708301715552807e-05
                  },
                  "concatenate": {
                    "flop_cost": 16908288,
                    "calls": 1,
                    "flopscope_backend_time_s": 0.001287874998524785,
                    "flopscope_overhead_time_s": 3.0208146199584007e-05
                  },
                  "maximum": {
                    "flop_cost": 541065216,
                    "calls": 64,
                    "flopscope_backend_time_s": 0.22145953658036888,
                    "flopscope_overhead_time_s": 0.0020633793901652098
                  },
                  "block": {
                    "flop_cost": 5855815680,
                    "calls": 252,
                    "flopscope_backend_time_s": 2.953598501859233,
                    "flopscope_overhead_time_s": 0.00910396478138864
                  },
                  "zeros": {
                    "flop_cost": 0,
                    "calls": 33,
                    "flopscope_backend_time_s": 5.462043918669224e-05,
                    "flopscope_overhead_time_s": 0.00017008930444717407
                  },
                  "sum": {
                    "flop_cost": 33864960,
                    "calls": 34,
                    "flopscope_backend_time_s": 0.004086789907887578,
                    "flopscope_overhead_time_s": 0.006132499314844608
                  },
                  "true_divide": {
                    "flop_cost": 512,
                    "calls": 1,
                    "flopscope_backend_time_s": 1.2875068932771683e-05,
                    "flopscope_overhead_time_s": 2.5250017642974854e-05
                  },
                  "sqrt": {
                    "flop_cost": 256,
                    "calls": 1,
                    "flopscope_backend_time_s": 9.999843314290047e-06,
                    "flopscope_overhead_time_s": 2.412521280348301e-05
                  }
                }
              }
            }
          }
        },
        "traceback": null
      },
      {
        "mlp_index": 77,
        "mlp_name": "ricky-vincent",
        "final_layer_mse": 1.2921401548737776e-07,
        "all_layers_mse": 0.4063558578491211,
        "per_layer_mse": [
          7.060675932812899e-10,
          0.4024356007575989,
          0.39933302998542786,
          0.563273549079895,
          0.6009793877601624,
          0.6704313158988953,
          0.5718150734901428,
          0.585197925567627,
          0.5911015868186951,
          0.5591737031936646,
          0.4788888394832611,
          0.4863364100456238,
          0.46967023611068726,
          0.46409374475479126,
          0.4098137617111206,
          0.37116798758506775,
          0.40420013666152954,
          0.43973398208618164,
          0.39836257696151733,
          0.4118151068687439,
          0.39835017919540405,
          0.33622777462005615,
          0.3564123809337616,
          0.3562085032463074,
          0.33512046933174133,
          0.3386287987232208,
          0.3726538419723511,
          0.38313430547714233,
          0.3209812343120575,
          0.27846041321754456,
          0.24938534200191498,
          1.2921401548737776e-07
        ],
        "adjusted_final_layer_score": 8.473527585759272e-08,
        "flops_used": 170971246080,
        "effective_compute": 178370704960.53625,
        "budget_exhausted": false,
        "time_exhausted": false,
        "residual_wall_time_exhausted": false,
        "combined_budget_exhausted": false,
        "wall_time_s": 23.240552000002936,
        "flopscope_backend_time_s": 22.26358936703764,
        "flopscope_overhead_time_s": 0.9029680441599339,
        "residual_wall_time_s": 0.07399458880536258,
        "breakdowns": {
          "estimator": {
            "flop_budget": 272000000000,
            "flops_used": 170971246080,
            "flops_remaining": 101028753920,
            "wall_time_s": 23.240552000002936,
            "flopscope_backend_time_s": 22.26358936703764,
            "flopscope_overhead_time_s": 0.9029680441599339,
            "residual_wall_time_s": 0.07399458880536258,
            "by_namespace": {
              "estimator.estimator-client": {
                "flops_used": 170971246080,
                "calls": 15720,
                "flopscope_backend_time_s": 22.26358936703764,
                "flopscope_overhead_time_s": 0.9027266690973192,
                "operations": {
                  "astype": {
                    "flop_cost": 35913728,
                    "calls": 65,
                    "flopscope_backend_time_s": 0.0030650401022285223,
                    "flopscope_overhead_time_s": 0.0011237459257245064
                  },
                  "matmul": {
                    "flop_cost": 129078979456,
                    "calls": 3088,
                    "flopscope_backend_time_s": 4.433491232804954,
                    "flopscope_overhead_time_s": 0.13927814620546997
                  },
                  "multiply": {
                    "flop_cost": 16974080,
                    "calls": 6,
                    "flopscope_backend_time_s": 0.004617750644683838,
                    "flopscope_overhead_time_s": 0.00013299821875989437
                  },
                  "reshape": {
                    "flop_cost": 151126016,
                    "calls": 18,
                    "flopscope_backend_time_s": 3.158207982778549e-05,
                    "flopscope_overhead_time_s": 0.0002719569019973278
                  },
                  "add": {
                    "flop_cost": 18884281472,
                    "calls": 6026,
                    "flopscope_backend_time_s": 5.728946768678725,
                    "flopscope_overhead_time_s": 0.600729325087741
                  },
                  "subtract": {
                    "flop_cost": 10890238208,
                    "calls": 5741,
                    "flopscope_backend_time_s": 7.98358055902645,
                    "flopscope_overhead_time_s": 0.1353768401313573
                  },
                  "stack": {
                    "flop_cost": 5457689600,
                    "calls": 389,
                    "flopscope_backend_time_s": 0.8763663526624441,
                    "flopscope_overhead_time_s": 0.009966659592464566
                  },
                  "negative": {
                    "flop_cost": 8388608,
                    "calls": 1,
                    "flopscope_backend_time_s": 0.0008794581517577171,
                    "flopscope_overhead_time_s": 1.708301715552807e-05
                  },
                  "concatenate": {
                    "flop_cost": 16908288,
                    "calls": 1,
                    "flopscope_backend_time_s": 0.001317499903962016,
                    "flopscope_overhead_time_s": 1.5584053471684456e-05
                  },
                  "maximum": {
                    "flop_cost": 541065216,
                    "calls": 64,
                    "flopscope_backend_time_s": 0.21710541588254273,
                    "flopscope_overhead_time_s": 0.0018454554956406355
                  },
                  "block": {
                    "flop_cost": 5855815680,
                    "calls": 252,
                    "flopscope_backend_time_s": 3.0100787933915854,
                    "flopscope_overhead_time_s": 0.008185495855286717
                  },
                  "zeros": {
                    "flop_cost": 0,
                    "calls": 33,
                    "flopscope_backend_time_s": 5.500135011970997e-05,
                    "flopscope_overhead_time_s": 0.00016245897859334946
                  },
                  "sum": {
                    "flop_cost": 33864960,
                    "calls": 34,
                    "flopscope_backend_time_s": 0.004037703387439251,
                    "flopscope_overhead_time_s": 0.005585461622104049
                  },
                  "true_divide": {
                    "flop_cost": 512,
                    "calls": 1,
                    "flopscope_backend_time_s": 1.4459015801548958e-05,
                    "flopscope_overhead_time_s": 1.8750084564089775e-05
                  },
                  "sqrt": {
                    "flop_cost": 256,
                    "calls": 1,
                    "flopscope_backend_time_s": 1.7499551177024841e-06,
                    "flopscope_overhead_time_s": 1.6707926988601685e-05
                  }
                }
              }
            }
          }
        },
        "traceback": null
      },
      {
        "mlp_index": 78,
        "mlp_name": "dan-weeks",
        "final_layer_mse": 4.91805167257553e-07,
        "all_layers_mse": 0.850865364074707,
        "per_layer_mse": [
          6.702861043983432e-10,
          0.4629381597042084,
          0.5691013336181641,
          0.5816614627838135,
          0.5629289746284485,
          0.5575499534606934,
          0.6951127052307129,
          0.7955038547515869,
          0.6860657930374146,
          0.7838810682296753,
          0.7914142608642578,
          0.891096830368042,
          0.8501867055892944,
          1.0080010890960693,
          0.9171726703643799,
          0.8720804452896118,
          0.9789186716079712,
          1.0241210460662842,
          0.9338704347610474,
          0.9073932766914368,
          1.170428991317749,
          1.0938270092010498,
          1.1594998836517334,
          1.0641248226165771,
          1.0579447746276855,
          1.0987207889556885,
          1.137810230255127,
          1.179602861404419,
          1.1382654905319214,
          0.9203529953956604,
          1.3381154537200928,
          4.91805167257553e-07
        ],
        "adjusted_final_layer_score": 3.2371639083560766e-07,
        "flops_used": 170971246080,
        "effective_compute": 179036057710.17453,
        "budget_exhausted": false,
        "time_exhausted": false,
        "residual_wall_time_exhausted": false,
        "combined_budget_exhausted": false,
        "wall_time_s": 22.1781041668728,
        "flopscope_backend_time_s": 21.576238458277658,
        "flopscope_overhead_time_s": 0.5212175922933966,
        "residual_wall_time_s": 0.08064811630174518,
        "breakdowns": {
          "estimator": {
            "flop_budget": 272000000000,
            "flops_used": 170971246080,
            "flops_remaining": 101028753920,
            "wall_time_s": 22.1781041668728,
            "flopscope_backend_time_s": 21.576238458277658,
            "flopscope_overhead_time_s": 0.5212175922933966,
            "residual_wall_time_s": 0.08064811630174518,
            "by_namespace": {
              "estimator.estimator-client": {
                "flops_used": 170971246080,
                "calls": 15720,
                "flopscope_backend_time_s": 21.576238458277658,
                "flopscope_overhead_time_s": 0.5210393834859133,
                "operations": {
                  "astype": {
                    "flop_cost": 35913728,
                    "calls": 65,
                    "flopscope_backend_time_s": 0.0033292465377599,
                    "flopscope_overhead_time_s": 0.0011638409923762083
                  },
                  "matmul": {
                    "flop_cost": 129078979456,
                    "calls": 3088,
                    "flopscope_backend_time_s": 4.40417247149162,
                    "flopscope_overhead_time_s": 0.16169609315693378
                  },
                  "multiply": {
                    "flop_cost": 16974080,
                    "calls": 6,
                    "flopscope_backend_time_s": 0.00911208358593285,
                    "flopscope_overhead_time_s": 0.00014804070815443993
                  },
                  "reshape": {
                    "flop_cost": 151126016,
                    "calls": 18,
                    "flopscope_backend_time_s": 3.7082936614751816e-05,
                    "flopscope_overhead_time_s": 0.00025270809419453144
                  },
                  "add": {
                    "flop_cost": 18884281472,
                    "calls": 6026,
                    "flopscope_backend_time_s": 5.570996403461322,
                    "flopscope_overhead_time_s": 0.17139123775996268
                  },
                  "subtract": {
                    "flop_cost": 10890238208,
                    "calls": 5741,
                    "flopscope_backend_time_s": 7.669071070617065,
                    "flopscope_overhead_time_s": 0.15670901467092335
                  },
                  "stack": {
                    "flop_cost": 5457689600,
                    "calls": 389,
                    "flopscope_backend_time_s": 0.7977713197469711,
                    "flopscope_overhead_time_s": 0.011487268842756748
                  },
                  "negative": {
                    "flop_cost": 8388608,
                    "calls": 1,
                    "flopscope_backend_time_s": 0.0009031249210238457,
                    "flopscope_overhead_time_s": 1.6916077584028244e-05
                  },
                  "concatenate": {
                    "flop_cost": 16908288,
                    "calls": 1,
                    "flopscope_backend_time_s": 0.0014169160276651382,
                    "flopscope_overhead_time_s": 1.6042031347751617e-05
                  },
                  "maximum": {
                    "flop_cost": 541065216,
                    "calls": 64,
                    "flopscope_backend_time_s": 0.21932516829110682,
                    "flopscope_overhead_time_s": 0.0021244105882942677
                  },
                  "block": {
                    "flop_cost": 5855815680,
                    "calls": 252,
                    "flopscope_backend_time_s": 2.895806321175769,
                    "flopscope_overhead_time_s": 0.00947972247377038
                  },
                  "zeros": {
                    "flop_cost": 0,
                    "calls": 33,
                    "flopscope_backend_time_s": 5.533290095627308e-05,
                    "flopscope_overhead_time_s": 0.00016358890570700169
                  },
                  "sum": {
                    "flop_cost": 33864960,
                    "calls": 34,
                    "flopscope_backend_time_s": 0.004211916588246822,
                    "flopscope_overhead_time_s": 0.00633391528390348
                  },
                  "true_divide": {
                    "flop_cost": 512,
                    "calls": 1,
                    "flopscope_backend_time_s": 1.60830095410347e-05,
                    "flopscope_overhead_time_s": 3.120885230600834e-05
                  },
                  "sqrt": {
                    "flop_cost": 256,
                    "calls": 1,
                    "flopscope_backend_time_s": 1.391698606312275e-05,
                    "flopscope_overhead_time_s": 2.537504769861698e-05
                  }
                }
              }
            }
          }
        },
        "traceback": null
      },
      {
        "mlp_index": 79,
        "mlp_name": "allen-davis",
        "final_layer_mse": 2.4646101337566506e-07,
        "all_layers_mse": 0.6338859796524048,
        "per_layer_mse": [
          7.453636596821411e-10,
          0.49825379252433777,
          0.5988969802856445,
          0.6756110191345215,
          0.6999492049217224,
          0.8776674866676331,
          0.8232776522636414,
          0.8514723181724548,
          0.783690333366394,
          0.8180125951766968,
          0.8695465922355652,
          0.8277837634086609,
          0.8905802965164185,
          0.7582157850265503,
          0.7300366163253784,
          0.7715084552764893,
          0.8569817543029785,
          0.7378711700439453,
          0.6620362401008606,
          0.5862980484962463,
          0.6038298010826111,
          0.5262818336486816,
          0.4539150595664978,
          0.4889768064022064,
          0.6223627924919128,
          0.6706264019012451,
          0.5982151031494141,
          0.5715973377227783,
          0.589775025844574,
          0.45002833008766174,
          0.39105355739593506,
          2.4646101337566506e-07
        ],
        "adjusted_final_layer_score": 1.617208975156082e-07,
        "flops_used": 170971246080,
        "effective_compute": 178478873886.62625,
        "budget_exhausted": false,
        "time_exhausted": false,
        "residual_wall_time_exhausted": false,
        "combined_budget_exhausted": false,
        "wall_time_s": 22.370486000087112,
        "flopscope_backend_time_s": 21.81345322378911,
        "flopscope_overhead_time_s": 0.4819564982317388,
        "residual_wall_time_s": 0.0750762780662626,
        "breakdowns": {
          "estimator": {
            "flop_budget": 272000000000,
            "flops_used": 170971246080,
            "flops_remaining": 101028753920,
            "wall_time_s": 22.370486000087112,
            "flopscope_backend_time_s": 21.81345322378911,
            "flopscope_overhead_time_s": 0.4819564982317388,
            "residual_wall_time_s": 0.0750762780662626,
            "by_namespace": {
              "estimator.estimator-client": {
                "flops_used": 170971246080,
                "calls": 15720,
                "flopscope_backend_time_s": 21.81345322378911,
                "flopscope_overhead_time_s": 0.48175579006783664,
                "operations": {
                  "astype": {
                    "flop_cost": 35913728,
                    "calls": 65,
                    "flopscope_backend_time_s": 0.0033901240676641464,
                    "flopscope_overhead_time_s": 0.0010799630545079708
                  },
                  "matmul": {
                    "flop_cost": 129078979456,
                    "calls": 3088,
                    "flopscope_backend_time_s": 4.410453402902931,
                    "flopscope_overhead_time_s": 0.15608358941972256
                  },
                  "multiply": {
                    "flop_cost": 16974080,
                    "calls": 6,
                    "flopscope_backend_time_s": 0.009028207045048475,
                    "flopscope_overhead_time_s": 0.00015079230070114136
                  },
                  "reshape": {
                    "flop_cost": 151126016,
                    "calls": 18,
                    "flopscope_backend_time_s": 3.44165600836277e-05,
                    "flopscope_overhead_time_s": 0.0002740398049354553
                  },
                  "add": {
                    "flop_cost": 18884281472,
                    "calls": 6026,
                    "flopscope_backend_time_s": 5.654377386439592,
                    "flopscope_overhead_time_s": 0.15856739087030292
                  },
                  "subtract": {
                    "flop_cost": 10890238208,
                    "calls": 5741,
                    "flopscope_backend_time_s": 7.698776970617473,
                    "flopscope_overhead_time_s": 0.1404794524423778
                  },
                  "stack": {
                    "flop_cost": 5457689600,
                    "calls": 389,
                    "flopscope_backend_time_s": 0.8347100133541971,
                    "flopscope_overhead_time_s": 0.010050568729639053
                  },
                  "negative": {
                    "flop_cost": 8388608,
                    "calls": 1,
                    "flopscope_backend_time_s": 0.0008815829642117023,
                    "flopscope_overhead_time_s": 1.8333084881305695e-05
                  },
                  "concatenate": {
                    "flop_cost": 16908288,
                    "calls": 1,
                    "flopscope_backend_time_s": 0.0014985420275479555,
                    "flopscope_overhead_time_s": 1.750001683831215e-05
                  },
                  "maximum": {
                    "flop_cost": 541065216,
                    "calls": 64,
                    "flopscope_backend_time_s": 0.21692111901938915,
                    "flopscope_overhead_time_s": 0.0018065869808197021
                  },
                  "block": {
                    "flop_cost": 5855815680,
                    "calls": 252,
                    "flopscope_backend_time_s": 2.979384877718985,
                    "flopscope_overhead_time_s": 0.007851821137592196
                  },
                  "zeros": {
                    "flop_cost": 0,
                    "calls": 33,
                    "flopscope_backend_time_s": 4.295562393963337e-05,
                    "flopscope_overhead_time_s": 0.0001623805146664381
                  },
                  "sum": {
                    "flop_cost": 33864960,
                    "calls": 34,
                    "flopscope_backend_time_s": 0.003933792468160391,
                    "flopscope_overhead_time_s": 0.005167038645595312
                  },
                  "true_divide": {
                    "flop_cost": 512,
                    "calls": 1,
                    "flopscope_backend_time_s": 1.1249911040067673e-05,
                    "flopscope_overhead_time_s": 2.395804040133953e-05
                  },
                  "sqrt": {
                    "flop_cost": 256,
                    "calls": 1,
                    "flopscope_backend_time_s": 8.58306884765625e-06,
                    "flopscope_overhead_time_s": 2.237502485513687e-05
                  }
                }
              }
            }
          }
        },
        "traceback": null
      },
      {
        "mlp_index": 80,
        "mlp_name": "matthew-herrera",
        "final_layer_mse": 2.4595425429652096e-07,
        "all_layers_mse": 1.107970118522644,
        "per_layer_mse": [
          6.655567208468938e-10,
          0.5139477252960205,
          0.6297723054885864,
          0.806399405002594,
          0.9951218366622925,
          0.8868811130523682,
          0.6873301267623901,
          0.8059303164482117,
          0.8055301904678345,
          0.8892870545387268,
          0.6219794750213623,
          0.6007146835327148,
          0.569280207157135,
          0.7697782516479492,
          0.8334808945655823,
          0.9353374242782593,
          0.9252355098724365,
          0.9386737942695618,
          1.1035897731781006,
          1.161991834640503,
          1.183279037475586,
          1.2103424072265625,
          1.176711082458496,
          1.4630446434020996,
          1.5918431282043457,
          1.911458969116211,
          1.9125902652740479,
          2.0274815559387207,
          2.292363405227661,
          2.7663824558258057,
          2.439284324645996,
          2.4595425429652096e-07
        ],
        "adjusted_final_layer_score": 1.6110559714975144e-07,
        "flops_used": 170971246080,
        "effective_compute": 178166149433.22916,
        "budget_exhausted": false,
        "time_exhausted": false,
        "residual_wall_time_exhausted": false,
        "combined_budget_exhausted": false,
        "wall_time_s": 22.45836070808582,
        "flopscope_backend_time_s": 21.946276135509834,
        "flopscope_overhead_time_s": 0.44013553904369473,
        "residual_wall_time_s": 0.07194903353229165,
        "breakdowns": {
          "estimator": {
            "flop_budget": 272000000000,
            "flops_used": 170971246080,
            "flops_remaining": 101028753920,
            "wall_time_s": 22.45836070808582,
            "flopscope_backend_time_s": 21.946276135509834,
            "flopscope_overhead_time_s": 0.44013553904369473,
            "residual_wall_time_s": 0.07194903353229165,
            "by_namespace": {
              "estimator.estimator-client": {
                "flops_used": 170971246080,
                "calls": 15720,
                "flopscope_backend_time_s": 21.946276135509834,
                "flopscope_overhead_time_s": 0.43983816378749907,
                "operations": {
                  "astype": {
                    "flop_cost": 35913728,
                    "calls": 65,
                    "flopscope_backend_time_s": 0.008410000707954168,
                    "flopscope_overhead_time_s": 0.0016145433764904737
                  },
                  "matmul": {
                    "flop_cost": 129078979456,
                    "calls": 3088,
                    "flopscope_backend_time_s": 4.387584387557581,
                    "flopscope_overhead_time_s": 0.1318544780369848
                  },
                  "multiply": {
                    "flop_cost": 16974080,
                    "calls": 6,
                    "flopscope_backend_time_s": 0.013145459350198507,
                    "flopscope_overhead_time_s": 0.00021179066970944405
                  },
                  "reshape": {
                    "flop_cost": 151126016,
                    "calls": 18,
                    "flopscope_backend_time_s": 5.470658652484417e-05,
                    "flopscope_overhead_time_s": 0.00037254183553159237
                  },
                  "add": {
                    "flop_cost": 18884281472,
                    "calls": 6026,
                    "flopscope_backend_time_s": 5.596001077443361,
                    "flopscope_overhead_time_s": 0.15321911126375198
                  },
                  "subtract": {
                    "flop_cost": 10890238208,
                    "calls": 5741,
                    "flopscope_backend_time_s": 7.917223682161421,
                    "flopscope_overhead_time_s": 0.1270231818780303
                  },
                  "stack": {
                    "flop_cost": 5457689600,
                    "calls": 389,
                    "flopscope_backend_time_s": 0.8083736160770059,
                    "flopscope_overhead_time_s": 0.009765387512743473
                  },
                  "negative": {
                    "flop_cost": 8388608,
                    "calls": 1,
                    "flopscope_backend_time_s": 0.0008864160627126694,
                    "flopscope_overhead_time_s": 1.979200169444084e-05
                  },
                  "concatenate": {
                    "flop_cost": 16908288,
                    "calls": 1,
                    "flopscope_backend_time_s": 0.004028375027701259,
                    "flopscope_overhead_time_s": 2.729194238781929e-05
                  },
                  "maximum": {
                    "flop_cost": 541065216,
                    "calls": 64,
                    "flopscope_backend_time_s": 0.22046220861375332,
                    "flopscope_overhead_time_s": 0.0017780412454158068
                  },
                  "block": {
                    "flop_cost": 5855815680,
                    "calls": 252,
                    "flopscope_backend_time_s": 2.9860077903140336,
                    "flopscope_overhead_time_s": 0.007894544629380107
                  },
                  "zeros": {
                    "flop_cost": 0,
                    "calls": 33,
                    "flopscope_backend_time_s": 4.837103188037872e-05,
                    "flopscope_overhead_time_s": 0.0001732134260237217
                  },
                  "sum": {
                    "flop_cost": 33864960,
                    "calls": 34,
                    "flopscope_backend_time_s": 0.004027169663459063,
                    "flopscope_overhead_time_s": 0.005827995715662837
                  },
                  "true_divide": {
                    "flop_cost": 512,
                    "calls": 1,
                    "flopscope_backend_time_s": 1.1875061318278313e-05,
                    "flopscope_overhead_time_s": 3.3250078558921814e-05
                  },
                  "sqrt": {
                    "flop_cost": 256,
                    "calls": 1,
                    "flopscope_backend_time_s": 1.0999850928783417e-05,
                    "flopscope_overhead_time_s": 2.300017513334751e-05
                  }
                }
              }
            }
          }
        },
        "traceback": null
      },
      {
        "mlp_index": 81,
        "mlp_name": "nicole-strickland",
        "final_layer_mse": 2.0473024164857634e-07,
        "all_layers_mse": 0.39589744806289673,
        "per_layer_mse": [
          6.852436396087569e-10,
          0.5436457395553589,
          0.6709647178649902,
          0.7586876749992371,
          0.7252166867256165,
          0.7454252243041992,
          0.6129589080810547,
          0.4926489293575287,
          0.5529975891113281,
          0.4894568920135498,
          0.4540550708770752,
          0.48750150203704834,
          0.40306201577186584,
          0.41139429807662964,
          0.3928309977054596,
          0.3797048330307007,
          0.3602781295776367,
          0.4054315686225891,
          0.37609434127807617,
          0.3275154232978821,
          0.3268008232116699,
          0.3285134434700012,
          0.35587698221206665,
          0.30472272634506226,
          0.24401506781578064,
          0.25813013315200806,
          0.2601082921028137,
          0.2925877869129181,
          0.2547222673892975,
          0.208560511469841,
          0.24480900168418884,
          2.0473024164857634e-07
        ],
        "adjusted_final_layer_score": 1.3456318586523129e-07,
        "flops_used": 170971246080,
        "effective_compute": 178777625916.98398,
        "budget_exhausted": false,
        "time_exhausted": false,
        "residual_wall_time_exhausted": false,
        "combined_budget_exhausted": false,
        "wall_time_s": 22.416589458007365,
        "flopscope_backend_time_s": 21.824346033856273,
        "flopscope_overhead_time_s": 0.514179625781253,
        "residual_wall_time_s": 0.07806379836983979,
        "breakdowns": {
          "estimator": {
            "flop_budget": 272000000000,
            "flops_used": 170971246080,
            "flops_remaining": 101028753920,
            "wall_time_s": 22.416589458007365,
            "flopscope_backend_time_s": 21.824346033856273,
            "flopscope_overhead_time_s": 0.514179625781253,
            "residual_wall_time_s": 0.07806379836983979,
            "by_namespace": {
              "estimator.estimator-client": {
                "flops_used": 170971246080,
                "calls": 15720,
                "flopscope_backend_time_s": 21.824346033856273,
                "flopscope_overhead_time_s": 0.513975542737171,
                "operations": {
                  "astype": {
                    "flop_cost": 35913728,
                    "calls": 65,
                    "flopscope_backend_time_s": 0.0030823752749711275,
                    "flopscope_overhead_time_s": 0.0011422934476286173
                  },
                  "matmul": {
                    "flop_cost": 129078979456,
                    "calls": 3088,
                    "flopscope_backend_time_s": 4.4033351491671056,
                    "flopscope_overhead_time_s": 0.15989279770292342
                  },
                  "multiply": {
                    "flop_cost": 16974080,
                    "calls": 6,
                    "flopscope_backend_time_s": 0.008260291069746017,
                    "flopscope_overhead_time_s": 0.00013387552462518215
                  },
                  "reshape": {
                    "flop_cost": 151126016,
                    "calls": 18,
                    "flopscope_backend_time_s": 3.7499237805604935e-05,
                    "flopscope_overhead_time_s": 0.00026099756360054016
                  },
                  "add": {
                    "flop_cost": 18884281472,
                    "calls": 6026,
                    "flopscope_backend_time_s": 5.745615249034017,
                    "flopscope_overhead_time_s": 0.1666018373798579
                  },
                  "subtract": {
                    "flop_cost": 10890238208,
                    "calls": 5741,
                    "flopscope_backend_time_s": 7.580025633098558,
                    "flopscope_overhead_time_s": 0.15267298487015069
                  },
                  "stack": {
                    "flop_cost": 5457689600,
                    "calls": 389,
                    "flopscope_backend_time_s": 0.7823289080988616,
                    "flopscope_overhead_time_s": 0.0109299689065665
                  },
                  "negative": {
                    "flop_cost": 8388608,
                    "calls": 1,
                    "flopscope_backend_time_s": 0.0008753330912441015,
                    "flopscope_overhead_time_s": 1.6500940546393394e-05
                  },
                  "concatenate": {
                    "flop_cost": 16908288,
                    "calls": 1,
                    "flopscope_backend_time_s": 0.003150041913613677,
                    "flopscope_overhead_time_s": 1.5750061720609665e-05
                  },
                  "maximum": {
                    "flop_cost": 541065216,
                    "calls": 64,
                    "flopscope_backend_time_s": 0.21787066315300763,
                    "flopscope_overhead_time_s": 0.0020281679462641478
                  },
                  "block": {
                    "flop_cost": 5855815680,
                    "calls": 252,
                    "flopscope_backend_time_s": 3.0755612237844616,
                    "flopscope_overhead_time_s": 0.014031113823875785
                  },
                  "zeros": {
                    "flop_cost": 0,
                    "calls": 33,
                    "flopscope_backend_time_s": 5.629099905490875e-05,
                    "flopscope_overhead_time_s": 0.00016537844203412533
                  },
                  "sum": {
                    "flop_cost": 33864960,
                    "calls": 34,
                    "flopscope_backend_time_s": 0.004118541954085231,
                    "flopscope_overhead_time_s": 0.0060341679491102695
                  },
                  "true_divide": {
                    "flop_cost": 512,
                    "calls": 1,
                    "flopscope_backend_time_s": 1.6875099390745163e-05,
                    "flopscope_overhead_time_s": 2.7416972443461418e-05
                  },
                  "sqrt": {
                    "flop_cost": 256,
                    "calls": 1,
                    "flopscope_backend_time_s": 1.1958880349993706e-05,
                    "flopscope_overhead_time_s": 2.2291205823421478e-05
                  }
                }
              }
            }
          }
        },
        "traceback": null
      },
      {
        "mlp_index": 82,
        "mlp_name": "william-brown",
        "final_layer_mse": 4.181568726835394e-07,
        "all_layers_mse": 0.7552153468132019,
        "per_layer_mse": [
          6.754522496876803e-10,
          0.5311906337738037,
          0.5906517505645752,
          0.6991119980812073,
          0.7283667922019958,
          0.7409712672233582,
          0.8650701642036438,
          0.778059184551239,
          0.9800081849098206,
          1.0120433568954468,
          1.08902907371521,
          0.9142038822174072,
          0.8167799711227417,
          0.8866604566574097,
          0.8009926676750183,
          0.7282310724258423,
          0.8043542504310608,
          0.7329391837120056,
          0.737208366394043,
          0.7441791296005249,
          0.6849753856658936,
          0.7346203327178955,
          0.7348432540893555,
          0.7082548141479492,
          0.8355947732925415,
          0.9528123140335083,
          0.9432439208030701,
          0.9577658772468567,
          0.9019321203231812,
          0.8321859836578369,
          0.7006105184555054,
          4.181568726835394e-07
        ],
        "adjusted_final_layer_score": 2.743416346075094e-07,
        "flops_used": 170971246080,
        "effective_compute": 178451986534.0479,
        "budget_exhausted": false,
        "time_exhausted": false,
        "residual_wall_time_exhausted": false,
        "combined_budget_exhausted": false,
        "wall_time_s": 22.197022665990517,
        "flopscope_backend_time_s": 21.660222488688305,
        "flopscope_overhead_time_s": 0.46199277276173234,
        "residual_wall_time_s": 0.07480740454047918,
        "breakdowns": {
          "estimator": {
            "flop_budget": 272000000000,
            "flops_used": 170971246080,
            "flops_remaining": 101028753920,
            "wall_time_s": 22.197022665990517,
            "flopscope_backend_time_s": 21.660222488688305,
            "flopscope_overhead_time_s": 0.46199277276173234,
            "residual_wall_time_s": 0.07480740454047918,
            "by_namespace": {
              "estimator.estimator-client": {
                "flops_used": 170971246080,
                "calls": 15720,
                "flopscope_backend_time_s": 21.660222488688305,
                "flopscope_overhead_time_s": 0.4618493146263063,
                "operations": {
                  "astype": {
                    "flop_cost": 35913728,
                    "calls": 65,
                    "flopscope_backend_time_s": 0.003482914762571454,
                    "flopscope_overhead_time_s": 0.0010679145343601704
                  },
                  "matmul": {
                    "flop_cost": 129078979456,
                    "calls": 3088,
                    "flopscope_backend_time_s": 4.417213845998049,
                    "flopscope_overhead_time_s": 0.14231575396843255
                  },
                  "multiply": {
                    "flop_cost": 16974080,
                    "calls": 6,
                    "flopscope_backend_time_s": 0.009232666809111834,
                    "flopscope_overhead_time_s": 0.0001668741460889578
                  },
                  "reshape": {
                    "flop_cost": 151126016,
                    "calls": 18,
                    "flopscope_backend_time_s": 5.379016511142254e-05,
                    "flopscope_overhead_time_s": 0.0003799162805080414
                  },
                  "add": {
                    "flop_cost": 18884281472,
                    "calls": 6026,
                    "flopscope_backend_time_s": 5.573541297344491,
                    "flopscope_overhead_time_s": 0.15872116782702506
                  },
                  "subtract": {
                    "flop_cost": 10890238208,
                    "calls": 5741,
                    "flopscope_backend_time_s": 7.726443764055148,
                    "flopscope_overhead_time_s": 0.13401068514212966
                  },
                  "stack": {
                    "flop_cost": 5457689600,
                    "calls": 389,
                    "flopscope_backend_time_s": 0.7632252462208271,
                    "flopscope_overhead_time_s": 0.010020676301792264
                  },
                  "negative": {
                    "flop_cost": 8388608,
                    "calls": 1,
                    "flopscope_backend_time_s": 0.000903707928955555,
                    "flopscope_overhead_time_s": 1.8500257283449173e-05
                  },
                  "concatenate": {
                    "flop_cost": 16908288,
                    "calls": 1,
                    "flopscope_backend_time_s": 0.0012819168623536825,
                    "flopscope_overhead_time_s": 1.6000354662537575e-05
                  },
                  "maximum": {
                    "flop_cost": 541065216,
                    "calls": 64,
                    "flopscope_backend_time_s": 0.21723824995569885,
                    "flopscope_overhead_time_s": 0.001860330579802394
                  },
                  "block": {
                    "flop_cost": 5855815680,
                    "calls": 252,
                    "flopscope_backend_time_s": 2.943663169397041,
                    "flopscope_overhead_time_s": 0.007991245482116938
                  },
                  "zeros": {
                    "flop_cost": 0,
                    "calls": 33,
                    "flopscope_backend_time_s": 2.2751744836568832e-05,
                    "flopscope_overhead_time_s": 0.00016108271665871143
                  },
                  "sum": {
                    "flop_cost": 33864960,
                    "calls": 34,
                    "flopscope_backend_time_s": 0.0039142516907304525,
                    "flopscope_overhead_time_s": 0.005083082709461451
                  },
                  "true_divide": {
                    "flop_cost": 512,
                    "calls": 1,
                    "flopscope_backend_time_s": 2.9578804969787598e-06,
                    "flopscope_overhead_time_s": 1.86252873390913e-05
                  },
                  "sqrt": {
                    "flop_cost": 256,
                    "calls": 1,
                    "flopscope_backend_time_s": 1.9578728824853897e-06,
                    "flopscope_overhead_time_s": 1.7459038645029068e-05
                  }
                }
              }
            }
          }
        },
        "traceback": null
      },
      {
        "mlp_index": 83,
        "mlp_name": "brandon-king",
        "final_layer_mse": 1.1953898138017394e-07,
        "all_layers_mse": 0.6765882968902588,
        "per_layer_mse": [
          5.817301085286886e-10,
          0.4922630488872528,
          0.6611482501029968,
          0.7522947192192078,
          0.8789001107215881,
          1.0334014892578125,
          1.0363898277282715,
          1.193568468093872,
          1.1890966892242432,
          1.4158061742782593,
          1.2192623615264893,
          0.9009448289871216,
          0.6789621114730835,
          0.770289421081543,
          0.6595768332481384,
          0.6145011186599731,
          0.47498634457588196,
          0.5146827697753906,
          0.5319961309432983,
          0.5289041996002197,
          0.5058163404464722,
          0.4886636734008789,
          0.5673471093177795,
          0.5912884473800659,
          0.5083023309707642,
          0.5307278633117676,
          0.4454087018966675,
          0.5531648397445679,
          0.6615048050880432,
          0.6717032194137573,
          0.5799236297607422,
          1.1953898138017394e-07
        ],
        "adjusted_final_layer_score": 7.855721494505913e-08,
        "flops_used": 170971246080,
        "effective_compute": 178749745215.74756,
        "budget_exhausted": false,
        "time_exhausted": false,
        "residual_wall_time_exhausted": false,
        "combined_budget_exhausted": false,
        "wall_time_s": 21.89173875004053,
        "flopscope_backend_time_s": 21.358727619051933,
        "flopscope_overhead_time_s": 0.45522613963112235,
        "residual_wall_time_s": 0.07778499135747552,
        "breakdowns": {
          "estimator": {
            "flop_budget": 272000000000,
            "flops_used": 170971246080,
            "flops_remaining": 101028753920,
            "wall_time_s": 21.89173875004053,
            "flopscope_backend_time_s": 21.358727619051933,
            "flopscope_overhead_time_s": 0.45522613963112235,
            "residual_wall_time_s": 0.07778499135747552,
            "by_namespace": {
              "estimator.estimator-client": {
                "flops_used": 170971246080,
                "calls": 15720,
                "flopscope_backend_time_s": 21.358727619051933,
                "flopscope_overhead_time_s": 0.4550566815305501,
                "operations": {
                  "astype": {
                    "flop_cost": 35913728,
                    "calls": 65,
                    "flopscope_backend_time_s": 0.0029424552340060472,
                    "flopscope_overhead_time_s": 0.0010493313893675804
                  },
                  "matmul": {
                    "flop_cost": 129078979456,
                    "calls": 3088,
                    "flopscope_backend_time_s": 4.409350369358435,
                    "flopscope_overhead_time_s": 0.1441835865844041
                  },
                  "multiply": {
                    "flop_cost": 16974080,
                    "calls": 6,
                    "flopscope_backend_time_s": 0.0025621240492910147,
                    "flopscope_overhead_time_s": 0.00014316663146018982
                  },
                  "reshape": {
                    "flop_cost": 151126016,
                    "calls": 18,
                    "flopscope_backend_time_s": 3.5707373172044754e-05,
                    "flopscope_overhead_time_s": 0.0002927514724433422
                  },
                  "add": {
                    "flop_cost": 18884281472,
                    "calls": 6026,
                    "flopscope_backend_time_s": 5.470527092693374,
                    "flopscope_overhead_time_s": 0.1512535554356873
                  },
                  "subtract": {
                    "flop_cost": 10890238208,
                    "calls": 5741,
                    "flopscope_backend_time_s": 7.650105649838224,
                    "flopscope_overhead_time_s": 0.1324506257660687
                  },
                  "stack": {
                    "flop_cost": 5457689600,
                    "calls": 389,
                    "flopscope_backend_time_s": 0.7498850079718977,
                    "flopscope_overhead_time_s": 0.010000168345868587
                  },
                  "negative": {
                    "flop_cost": 8388608,
                    "calls": 1,
                    "flopscope_backend_time_s": 0.0008749170228838921,
                    "flopscope_overhead_time_s": 1.6832957044243813e-05
                  },
                  "concatenate": {
                    "flop_cost": 16908288,
                    "calls": 1,
                    "flopscope_backend_time_s": 0.001270707929506898,
                    "flopscope_overhead_time_s": 1.6500940546393394e-05
                  },
                  "maximum": {
                    "flop_cost": 541065216,
                    "calls": 64,
                    "flopscope_backend_time_s": 0.2161521294619888,
                    "flopscope_overhead_time_s": 0.0019267445895820856
                  },
                  "block": {
                    "flop_cost": 5855815680,
                    "calls": 252,
                    "flopscope_backend_time_s": 2.8510205026250333,
                    "flopscope_overhead_time_s": 0.008414291078224778
                  },
                  "zeros": {
                    "flop_cost": 0,
                    "calls": 33,
                    "flopscope_backend_time_s": 3.1872885301709175e-05,
                    "flopscope_overhead_time_s": 0.00015295878984034061
                  },
                  "sum": {
                    "flop_cost": 33864960,
                    "calls": 34,
                    "flopscope_backend_time_s": 0.00395745737478137,
                    "flopscope_overhead_time_s": 0.005116501823067665
                  },
                  "true_divide": {
                    "flop_cost": 512,
                    "calls": 1,
                    "flopscope_backend_time_s": 6.500165909528732e-06,
                    "flopscope_overhead_time_s": 2.1207844838500023e-05
                  },
                  "sqrt": {
                    "flop_cost": 256,
                    "calls": 1,
                    "flopscope_backend_time_s": 5.125068128108978e-06,
                    "flopscope_overhead_time_s": 1.845788210630417e-05
                  }
                }
              }
            }
          }
        },
        "traceback": null
      },
      {
        "mlp_index": 84,
        "mlp_name": "jessica-henderson",
        "final_layer_mse": 3.8905000110389665e-07,
        "all_layers_mse": 2.1260108947753906,
        "per_layer_mse": [
          6.625491266731842e-10,
          0.45697376132011414,
          0.6818915605545044,
          0.7971907258033752,
          0.9208584427833557,
          1.241776466369629,
          1.155787706375122,
          1.2070508003234863,
          1.6791985034942627,
          1.8897329568862915,
          1.9649287462234497,
          1.9695472717285156,
          2.4526071548461914,
          1.8536696434020996,
          2.4268381595611572,
          2.0754828453063965,
          2.0677735805511475,
          2.5888595581054688,
          3.455948829650879,
          3.437136173248291,
          3.5656516551971436,
          3.1807937622070312,
          3.8013510704040527,
          3.347172260284424,
          3.083867073059082,
          2.716371536254883,
          2.7509779930114746,
          2.636624813079834,
          3.192859649658203,
          2.840911865234375,
          2.592519521713257,
          3.8905000110389665e-07
        ],
        "adjusted_final_layer_score": 2.5486708123041187e-07,
        "flops_used": 170971246080,
        "effective_compute": 178187497488.68127,
        "budget_exhausted": false,
        "time_exhausted": false,
        "residual_wall_time_exhausted": false,
        "combined_budget_exhausted": false,
        "wall_time_s": 21.947122500045225,
        "flopscope_backend_time_s": 21.426684263162315,
        "flopscope_overhead_time_s": 0.4482757227960974,
        "residual_wall_time_s": 0.07216251408681273,
        "breakdowns": {
          "estimator": {
            "flop_budget": 272000000000,
            "flops_used": 170971246080,
            "flops_remaining": 101028753920,
            "wall_time_s": 21.947122500045225,
            "flopscope_backend_time_s": 21.426684263162315,
            "flopscope_overhead_time_s": 0.4482757227960974,
            "residual_wall_time_s": 0.07216251408681273,
            "by_namespace": {
              "estimator.estimator-client": {
                "flops_used": 170971246080,
                "calls": 15720,
                "flopscope_backend_time_s": 21.426684263162315,
                "flopscope_overhead_time_s": 0.4480960147920996,
                "operations": {
                  "astype": {
                    "flop_cost": 35913728,
                    "calls": 65,
                    "flopscope_backend_time_s": 0.003008454805240035,
                    "flopscope_overhead_time_s": 0.001133497804403305
                  },
                  "matmul": {
                    "flop_cost": 129078979456,
                    "calls": 3088,
                    "flopscope_backend_time_s": 4.384125889278948,
                    "flopscope_overhead_time_s": 0.13538798363879323
                  },
                  "multiply": {
                    "flop_cost": 16974080,
                    "calls": 6,
                    "flopscope_backend_time_s": 0.0031162924133241177,
                    "flopscope_overhead_time_s": 0.00014899950474500656
                  },
                  "reshape": {
                    "flop_cost": 151126016,
                    "calls": 18,
                    "flopscope_backend_time_s": 4.2001018300652504e-05,
                    "flopscope_overhead_time_s": 0.0002775017637759447
                  },
                  "add": {
                    "flop_cost": 18884281472,
                    "calls": 6026,
                    "flopscope_backend_time_s": 5.49613304855302,
                    "flopscope_overhead_time_s": 0.15490594180300832
                  },
                  "subtract": {
                    "flop_cost": 10890238208,
                    "calls": 5741,
                    "flopscope_backend_time_s": 7.698621845105663,
                    "flopscope_overhead_time_s": 0.13073987211100757
                  },
                  "stack": {
                    "flop_cost": 5457689600,
                    "calls": 389,
                    "flopscope_backend_time_s": 0.7743289214558899,
                    "flopscope_overhead_time_s": 0.009882655460387468
                  },
                  "negative": {
                    "flop_cost": 8388608,
                    "calls": 1,
                    "flopscope_backend_time_s": 0.0008786250837147236,
                    "flopscope_overhead_time_s": 1.9040890038013458e-05
                  },
                  "concatenate": {
                    "flop_cost": 16908288,
                    "calls": 1,
                    "flopscope_backend_time_s": 0.001295667141675949,
                    "flopscope_overhead_time_s": 2.3748958483338356e-05
                  },
                  "maximum": {
                    "flop_cost": 541065216,
                    "calls": 64,
                    "flopscope_backend_time_s": 0.21671904507093132,
                    "flopscope_overhead_time_s": 0.001890246057882905
                  },
                  "block": {
                    "flop_cost": 5855815680,
                    "calls": 252,
                    "flopscope_backend_time_s": 2.844479060266167,
                    "flopscope_overhead_time_s": 0.008093861863017082
                  },
                  "zeros": {
                    "flop_cost": 0,
                    "calls": 33,
                    "flopscope_backend_time_s": 2.1664192900061607e-05,
                    "flopscope_overhead_time_s": 0.00014825118705630302
                  },
                  "sum": {
                    "flop_cost": 33864960,
                    "calls": 34,
                    "flopscope_backend_time_s": 0.003908832790330052,
                    "flopscope_overhead_time_s": 0.005408496595919132
                  },
                  "true_divide": {
                    "flop_cost": 512,
                    "calls": 1,
                    "flopscope_backend_time_s": 3.0410010367631912e-06,
                    "flopscope_overhead_time_s": 1.8459046259522438e-05
                  },
                  "sqrt": {
                    "flop_cost": 256,
                    "calls": 1,
                    "flopscope_backend_time_s": 1.8749851733446121e-06,
                    "flopscope_overhead_time_s": 1.7458107322454453e-05
                  }
                }
              }
            }
          }
        },
        "traceback": null
      },
      {
        "mlp_index": 85,
        "mlp_name": "dominique-perkins",
        "final_layer_mse": 3.308315399408457e-07,
        "all_layers_mse": 0.841923177242279,
        "per_layer_mse": [
          5.666513924751371e-10,
          0.46981772780418396,
          0.6064988374710083,
          0.6420935988426208,
          0.5574722290039062,
          0.7136431932449341,
          0.6444638967514038,
          0.6676619648933411,
          0.7375544309616089,
          0.924653947353363,
          1.022753357887268,
          0.9532349705696106,
          0.8437889814376831,
          0.7505974173545837,
          0.8303201794624329,
          0.8499854803085327,
          1.0381557941436768,
          0.9566706418991089,
          1.0148389339447021,
          1.0585553646087646,
          0.9357460737228394,
          1.0857141017913818,
          0.940021276473999,
          1.1170403957366943,
          1.1861718893051147,
          1.2256922721862793,
          1.268282413482666,
          1.2407639026641846,
          0.9722539186477661,
          0.8343665599822998,
          0.8527274131774902,
          3.308315399408457e-07
        ],
        "adjusted_final_layer_score": 2.167044561666386e-07,
        "flops_used": 170971246080,
        "effective_compute": 178168055221.89667,
        "budget_exhausted": false,
        "time_exhausted": false,
        "residual_wall_time_exhausted": false,
        "combined_budget_exhausted": false,
        "wall_time_s": 21.98487279098481,
        "flopscope_backend_time_s": 21.46567415096797,
        "flopscope_overhead_time_s": 0.44723054859787226,
        "residual_wall_time_s": 0.07196809141896665,
        "breakdowns": {
          "estimator": {
            "flop_budget": 272000000000,
            "flops_used": 170971246080,
            "flops_remaining": 101028753920,
            "wall_time_s": 21.98487279098481,
            "flopscope_backend_time_s": 21.46567415096797,
            "flopscope_overhead_time_s": 0.44723054859787226,
            "residual_wall_time_s": 0.07196809141896665,
            "by_namespace": {
              "estimator.estimator-client": {
                "flops_used": 170971246080,
                "calls": 15720,
                "flopscope_backend_time_s": 21.46567415096797,
                "flopscope_overhead_time_s": 0.4470623827073723,
                "operations": {
                  "astype": {
                    "flop_cost": 35913728,
                    "calls": 65,
                    "flopscope_backend_time_s": 0.002941459184512496,
                    "flopscope_overhead_time_s": 0.001072790240868926
                  },
                  "matmul": {
                    "flop_cost": 129078979456,
                    "calls": 3088,
                    "flopscope_backend_time_s": 4.426206944510341,
                    "flopscope_overhead_time_s": 0.14143881760537624
                  },
                  "multiply": {
                    "flop_cost": 16974080,
                    "calls": 6,
                    "flopscope_backend_time_s": 0.0038014159072190523,
                    "flopscope_overhead_time_s": 0.00013012485578656197
                  },
                  "reshape": {
                    "flop_cost": 151126016,
                    "calls": 18,
                    "flopscope_backend_time_s": 3.2585347071290016e-05,
                    "flopscope_overhead_time_s": 0.0002354159951210022
                  },
                  "add": {
                    "flop_cost": 18884281472,
                    "calls": 6026,
                    "flopscope_backend_time_s": 5.498285413486883,
                    "flopscope_overhead_time_s": 0.14881562115624547
                  },
                  "subtract": {
                    "flop_cost": 10890238208,
                    "calls": 5741,
                    "flopscope_backend_time_s": 7.777597294887528,
                    "flopscope_overhead_time_s": 0.13073298544622958
                  },
                  "stack": {
                    "flop_cost": 5457689600,
                    "calls": 389,
                    "flopscope_backend_time_s": 0.7462920767720789,
                    "flopscope_overhead_time_s": 0.009161629481241107
                  },
                  "negative": {
                    "flop_cost": 8388608,
                    "calls": 1,
                    "flopscope_backend_time_s": 0.0008769999258220196,
                    "flopscope_overhead_time_s": 1.7416896298527718e-05
                  },
                  "concatenate": {
                    "flop_cost": 16908288,
                    "calls": 1,
                    "flopscope_backend_time_s": 0.0012576670851558447,
                    "flopscope_overhead_time_s": 1.429184339940548e-05
                  },
                  "maximum": {
                    "flop_cost": 541065216,
                    "calls": 64,
                    "flopscope_backend_time_s": 0.21601313119754195,
                    "flopscope_overhead_time_s": 0.0017745757941156626
                  },
                  "block": {
                    "flop_cost": 5855815680,
                    "calls": 252,
                    "flopscope_backend_time_s": 2.7883147532120347,
                    "flopscope_overhead_time_s": 0.007992870640009642
                  },
                  "zeros": {
                    "flop_cost": 0,
                    "calls": 33,
                    "flopscope_backend_time_s": 3.2708048820495605e-05,
                    "flopscope_overhead_time_s": 0.00015004491433501244
                  },
                  "sum": {
                    "flop_cost": 33864960,
                    "calls": 34,
                    "flopscope_backend_time_s": 0.004011994460597634,
                    "flopscope_overhead_time_s": 0.005482296692207456
                  },
                  "true_divide": {
                    "flop_cost": 512,
                    "calls": 1,
                    "flopscope_backend_time_s": 5.166046321392059e-06,
                    "flopscope_overhead_time_s": 2.2792024537920952e-05
                  },
                  "sqrt": {
                    "flop_cost": 256,
                    "calls": 1,
                    "flopscope_backend_time_s": 4.540896043181419e-06,
                    "flopscope_overhead_time_s": 2.0709121599793434e-05
                  }
                }
              }
            }
          }
        },
        "traceback": null
      },
      {
        "mlp_index": 86,
        "mlp_name": "johnathan-peterson",
        "final_layer_mse": 4.0449938865094737e-07,
        "all_layers_mse": 0.8475006818771362,
        "per_layer_mse": [
          6.282836473303632e-10,
          0.455946147441864,
          0.49921101331710815,
          0.6871023178100586,
          0.680070161819458,
          0.8649377226829529,
          0.7247130274772644,
          0.6438299417495728,
          0.593488335609436,
          0.8120379447937012,
          0.7600401639938354,
          0.7310570478439331,
          0.8079276084899902,
          0.768302321434021,
          0.7464812397956848,
          0.8759836554527283,
          0.9091982245445251,
          0.8626037836074829,
          0.9353328943252563,
          1.0207595825195312,
          0.937658965587616,
          1.210700273513794,
          0.9273598194122314,
          1.0807867050170898,
          1.1276849508285522,
          0.9579841494560242,
          1.0229406356811523,
          1.0172609090805054,
          1.0754327774047852,
          1.5864181518554688,
          1.7967718839645386,
          4.0449938865094737e-07
        ],
        "adjusted_final_layer_score": 2.6438206529263047e-07,
        "flops_used": 170971246080,
        "effective_compute": 177780050544.5265,
        "budget_exhausted": false,
        "time_exhausted": false,
        "residual_wall_time_exhausted": false,
        "combined_budget_exhausted": false,
        "wall_time_s": 21.807872500037774,
        "flopscope_backend_time_s": 21.32158630224876,
        "flopscope_overhead_time_s": 0.41819815314374864,
        "residual_wall_time_s": 0.06808804464526474,
        "breakdowns": {
          "estimator": {
            "flop_budget": 272000000000,
            "flops_used": 170971246080,
            "flops_remaining": 101028753920,
            "wall_time_s": 21.807872500037774,
            "flopscope_backend_time_s": 21.32158630224876,
            "flopscope_overhead_time_s": 0.41819815314374864,
            "residual_wall_time_s": 0.06808804464526474,
            "by_namespace": {
              "estimator.estimator-client": {
                "flops_used": 170971246080,
                "calls": 15720,
                "flopscope_backend_time_s": 21.32158630224876,
                "flopscope_overhead_time_s": 0.41805282002314925,
                "operations": {
                  "astype": {
                    "flop_cost": 35913728,
                    "calls": 65,
                    "flopscope_backend_time_s": 0.0029312041588127613,
                    "flopscope_overhead_time_s": 0.001027083257213235
                  },
                  "matmul": {
                    "flop_cost": 129078979456,
                    "calls": 3088,
                    "flopscope_backend_time_s": 4.3878697759937495,
                    "flopscope_overhead_time_s": 0.12456794059835374
                  },
                  "multiply": {
                    "flop_cost": 16974080,
                    "calls": 6,
                    "flopscope_backend_time_s": 0.00459120818413794,
                    "flopscope_overhead_time_s": 0.00012495671398937702
                  },
                  "reshape": {
                    "flop_cost": 151126016,
                    "calls": 18,
                    "flopscope_backend_time_s": 3.1710369512438774e-05,
                    "flopscope_overhead_time_s": 0.0002331214491277933
                  },
                  "add": {
                    "flop_cost": 18884281472,
                    "calls": 6026,
                    "flopscope_backend_time_s": 5.438661623280495,
                    "flopscope_overhead_time_s": 0.1475174049846828
                  },
                  "subtract": {
                    "flop_cost": 10890238208,
                    "calls": 5741,
                    "flopscope_backend_time_s": 7.718625027220696,
                    "flopscope_overhead_time_s": 0.12156236334703863
                  },
                  "stack": {
                    "flop_cost": 5457689600,
                    "calls": 389,
                    "flopscope_backend_time_s": 0.7444775025360286,
                    "flopscope_overhead_time_s": 0.009054081747308373
                  },
                  "negative": {
                    "flop_cost": 8388608,
                    "calls": 1,
                    "flopscope_backend_time_s": 0.0008718748576939106,
                    "flopscope_overhead_time_s": 1.7459271475672722e-05
                  },
                  "concatenate": {
                    "flop_cost": 16908288,
                    "calls": 1,
                    "flopscope_backend_time_s": 0.0012663749512284994,
                    "flopscope_overhead_time_s": 1.4875084161758423e-05
                  },
                  "maximum": {
                    "flop_cost": 541065216,
                    "calls": 64,
                    "flopscope_backend_time_s": 0.21472208062186837,
                    "flopscope_overhead_time_s": 0.0016458756290376186
                  },
                  "block": {
                    "flop_cost": 5855815680,
                    "calls": 252,
                    "flopscope_backend_time_s": 2.803621382219717,
                    "flopscope_overhead_time_s": 0.007227952126413584
                  },
                  "zeros": {
                    "flop_cost": 0,
                    "calls": 33,
                    "flopscope_backend_time_s": 2.787006087601185e-05,
                    "flopscope_overhead_time_s": 0.00015104468911886215
                  },
                  "sum": {
                    "flop_cost": 33864960,
                    "calls": 34,
                    "flopscope_backend_time_s": 0.0038834179285913706,
                    "flopscope_overhead_time_s": 0.004873910918831825
                  },
                  "true_divide": {
                    "flop_cost": 512,
                    "calls": 1,
                    "flopscope_backend_time_s": 3.2079406082630157e-06,
                    "flopscope_overhead_time_s": 1.770816743373871e-05
                  },
                  "sqrt": {
                    "flop_cost": 256,
                    "calls": 1,
                    "flopscope_backend_time_s": 2.0419247448444366e-06,
                    "flopscope_overhead_time_s": 1.7042038962244987e-05
                  }
                }
              }
            }
          }
        },
        "traceback": null
      },
      {
        "mlp_index": 87,
        "mlp_name": "katie-lee",
        "final_layer_mse": 2.491554482730862e-07,
        "all_layers_mse": 0.796150267124176,
        "per_layer_mse": [
          7.037465610260085e-10,
          0.4589064121246338,
          0.6339041590690613,
          0.7841485738754272,
          0.7149653434753418,
          0.834572434425354,
          0.7931878566741943,
          0.843716561794281,
          1.2409512996673584,
          1.3939942121505737,
          1.2573429346084595,
          0.9826837778091431,
          1.046743392944336,
          0.736405611038208,
          0.865058422088623,
          0.7433100342750549,
          0.7593832612037659,
          0.6992132663726807,
          0.8559579253196716,
          0.9214996099472046,
          0.9924813508987427,
          0.890950083732605,
          1.1524955034255981,
          1.1576024293899536,
          0.9974316358566284,
          0.9043020009994507,
          0.7153900861740112,
          0.5745258331298828,
          0.5901263952255249,
          0.4581052362918854,
          0.47745272517204285,
          2.491554482730862e-07
        ],
        "adjusted_final_layer_score": 1.6442424466846345e-07,
        "flops_used": 170971246080,
        "effective_compute": 179499966225.11377,
        "budget_exhausted": false,
        "time_exhausted": false,
        "residual_wall_time_exhausted": false,
        "combined_budget_exhausted": false,
        "wall_time_s": 27.520193416858092,
        "flopscope_backend_time_s": 26.915455548791215,
        "flopscope_overhead_time_s": 0.5194506666157395,
        "residual_wall_time_s": 0.08528720145113766,
        "breakdowns": {
          "estimator": {
            "flop_budget": 272000000000,
            "flops_used": 170971246080,
            "flops_remaining": 101028753920,
            "wall_time_s": 27.520193416858092,
            "flopscope_backend_time_s": 26.915455548791215,
            "flopscope_overhead_time_s": 0.5194506666157395,
            "residual_wall_time_s": 0.08528720145113766,
            "by_namespace": {
              "estimator.estimator-client": {
                "flops_used": 170971246080,
                "calls": 15720,
                "flopscope_backend_time_s": 26.915455548791215,
                "flopscope_overhead_time_s": 0.5191389587707818,
                "operations": {
                  "astype": {
                    "flop_cost": 35913728,
                    "calls": 65,
                    "flopscope_backend_time_s": 0.003047373378649354,
                    "flopscope_overhead_time_s": 0.001102163689211011
                  },
                  "matmul": {
                    "flop_cost": 129078979456,
                    "calls": 3088,
                    "flopscope_backend_time_s": 4.574234886094928,
                    "flopscope_overhead_time_s": 0.15865573240444064
                  },
                  "multiply": {
                    "flop_cost": 16974080,
                    "calls": 6,
                    "flopscope_backend_time_s": 0.0026420841459184885,
                    "flopscope_overhead_time_s": 0.00014312472194433212
                  },
                  "reshape": {
                    "flop_cost": 151126016,
                    "calls": 18,
                    "flopscope_backend_time_s": 4.9707479774951935e-05,
                    "flopscope_overhead_time_s": 0.00036191754043102264
                  },
                  "add": {
                    "flop_cost": 18884281472,
                    "calls": 6026,
                    "flopscope_backend_time_s": 8.038511670660228,
                    "flopscope_overhead_time_s": 0.17348845745436847
                  },
                  "subtract": {
                    "flop_cost": 10890238208,
                    "calls": 5741,
                    "flopscope_backend_time_s": 8.208506953436881,
                    "flopscope_overhead_time_s": 0.1550327690783888
                  },
                  "stack": {
                    "flop_cost": 5457689600,
                    "calls": 389,
                    "flopscope_backend_time_s": 1.528468674281612,
                    "flopscope_overhead_time_s": 0.012380823958665133
                  },
                  "negative": {
                    "flop_cost": 8388608,
                    "calls": 1,
                    "flopscope_backend_time_s": 0.0008969169575721025,
                    "flopscope_overhead_time_s": 2.2874213755130768e-05
                  },
                  "concatenate": {
                    "flop_cost": 16908288,
                    "calls": 1,
                    "flopscope_backend_time_s": 0.0015392079949378967,
                    "flopscope_overhead_time_s": 1.6292091459035873e-05
                  },
                  "maximum": {
                    "flop_cost": 541065216,
                    "calls": 64,
                    "flopscope_backend_time_s": 0.2501682115253061,
                    "flopscope_overhead_time_s": 0.002114249859005213
                  },
                  "block": {
                    "flop_cost": 5855815680,
                    "calls": 252,
                    "flopscope_backend_time_s": 4.303265320602804,
                    "flopscope_overhead_time_s": 0.009710351703688502
                  },
                  "zeros": {
                    "flop_cost": 0,
                    "calls": 33,
                    "flopscope_backend_time_s": 7.095769979059696e-05,
                    "flopscope_overhead_time_s": 0.00019570649601519108
                  },
                  "sum": {
                    "flop_cost": 33864960,
                    "calls": 34,
                    "flopscope_backend_time_s": 0.0040315433871001005,
                    "flopscope_overhead_time_s": 0.005864619743078947
                  },
                  "true_divide": {
                    "flop_cost": 512,
                    "calls": 1,
                    "flopscope_backend_time_s": 1.1125113815069199e-05,
                    "flopscope_overhead_time_s": 2.6166904717683792e-05
                  },
                  "sqrt": {
                    "flop_cost": 256,
                    "calls": 1,
                    "flopscope_backend_time_s": 1.0916031897068024e-05,
                    "flopscope_overhead_time_s": 2.370891161262989e-05
                  }
                }
              }
            }
          }
        },
        "traceback": null
      },
      {
        "mlp_index": 88,
        "mlp_name": "robert-barrera",
        "final_layer_mse": 1.9514168059231451e-07,
        "all_layers_mse": 1.1511470079421997,
        "per_layer_mse": [
          6.696341259271321e-10,
          0.4688936173915863,
          0.5021134614944458,
          0.6295434832572937,
          0.87870192527771,
          1.0819783210754395,
          1.2297072410583496,
          1.1076887845993042,
          1.1223015785217285,
          1.2047312259674072,
          1.0519776344299316,
          0.9991747140884399,
          0.9924665689468384,
          0.8374403715133667,
          0.8120086193084717,
          0.9157105088233948,
          1.1035118103027344,
          0.9180466532707214,
          1.0997138023376465,
          1.1135493516921997,
          1.642638921737671,
          1.8461705446243286,
          1.8321654796600342,
          2.2162773609161377,
          1.7536160945892334,
          1.7365996837615967,
          1.5086451768875122,
          1.5628031492233276,
          1.5358073711395264,
          1.5351358652114868,
          1.5975840091705322,
          1.9514168059231451e-07
        ],
        "adjusted_final_layer_score": 1.2937112340772598e-07,
        "flops_used": 170971246080,
        "effective_compute": 180325112810.81665,
        "budget_exhausted": false,
        "time_exhausted": false,
        "residual_wall_time_exhausted": false,
        "combined_budget_exhausted": false,
        "wall_time_s": 25.804719916079193,
        "flopscope_backend_time_s": 25.209454571362585,
        "flopscope_overhead_time_s": 0.5017266774084419,
        "residual_wall_time_s": 0.09353866730816662,
        "breakdowns": {
          "estimator": {
            "flop_budget": 272000000000,
            "flops_used": 170971246080,
            "flops_remaining": 101028753920,
            "wall_time_s": 25.804719916079193,
            "flopscope_backend_time_s": 25.209454571362585,
            "flopscope_overhead_time_s": 0.5017266774084419,
            "residual_wall_time_s": 0.09353866730816662,
            "by_namespace": {
              "estimator.estimator-client": {
                "flops_used": 170971246080,
                "calls": 15720,
                "flopscope_backend_time_s": 25.209454571362585,
                "flopscope_overhead_time_s": 0.5014778024051338,
                "operations": {
                  "astype": {
                    "flop_cost": 35913728,
                    "calls": 65,
                    "flopscope_backend_time_s": 0.003835249925032258,
                    "flopscope_overhead_time_s": 0.0011373651213943958
                  },
                  "matmul": {
                    "flop_cost": 129078979456,
                    "calls": 3088,
                    "flopscope_backend_time_s": 4.553956446237862,
                    "flopscope_overhead_time_s": 0.14751795143820345
                  },
                  "multiply": {
                    "flop_cost": 16974080,
                    "calls": 6,
                    "flopscope_backend_time_s": 0.010332168312743306,
                    "flopscope_overhead_time_s": 0.0001544978003948927
                  },
                  "reshape": {
                    "flop_cost": 151126016,
                    "calls": 18,
                    "flopscope_backend_time_s": 3.9622653275728226e-05,
                    "flopscope_overhead_time_s": 0.00030021253041923046
                  },
                  "add": {
                    "flop_cost": 18884281472,
                    "calls": 6026,
                    "flopscope_backend_time_s": 7.074437432456762,
                    "flopscope_overhead_time_s": 0.1786941192112863
                  },
                  "subtract": {
                    "flop_cost": 10890238208,
                    "calls": 5741,
                    "flopscope_backend_time_s": 8.109402403933927,
                    "flopscope_overhead_time_s": 0.14416461694054306
                  },
                  "stack": {
                    "flop_cost": 5457689600,
                    "calls": 389,
                    "flopscope_backend_time_s": 1.1386742051690817,
                    "flopscope_overhead_time_s": 0.010978007456287742
                  },
                  "negative": {
                    "flop_cost": 8388608,
                    "calls": 1,
                    "flopscope_backend_time_s": 0.0008738748729228973,
                    "flopscope_overhead_time_s": 1.9333092495799065e-05
                  },
                  "concatenate": {
                    "flop_cost": 16908288,
                    "calls": 1,
                    "flopscope_backend_time_s": 0.011202791007235646,
                    "flopscope_overhead_time_s": 2.016802318394184e-05
                  },
                  "maximum": {
                    "flop_cost": 541065216,
                    "calls": 64,
                    "flopscope_backend_time_s": 0.23009104188531637,
                    "flopscope_overhead_time_s": 0.002124957973137498
                  },
                  "block": {
                    "flop_cost": 5855815680,
                    "calls": 252,
                    "flopscope_backend_time_s": 4.072486085118726,
                    "flopscope_overhead_time_s": 0.010033155791461468
                  },
                  "zeros": {
                    "flop_cost": 0,
                    "calls": 33,
                    "flopscope_backend_time_s": 4.854169674217701e-05,
                    "flopscope_overhead_time_s": 0.00016695819795131683
                  },
                  "sum": {
                    "flop_cost": 33864960,
                    "calls": 34,
                    "flopscope_backend_time_s": 0.004051125142723322,
                    "flopscope_overhead_time_s": 0.006110416492447257
                  },
                  "true_divide": {
                    "flop_cost": 512,
                    "calls": 1,
                    "flopscope_backend_time_s": 1.400010660290718e-05,
                    "flopscope_overhead_time_s": 3.237510100007057e-05
                  },
                  "sqrt": {
                    "flop_cost": 256,
                    "calls": 1,
                    "flopscope_backend_time_s": 9.582843631505966e-06,
                    "flopscope_overhead_time_s": 2.3667234927415848e-05
                  }
                }
              }
            }
          }
        },
        "traceback": null
      },
      {
        "mlp_index": 89,
        "mlp_name": "melissa-bennett",
        "final_layer_mse": 9.847492776771105e-08,
        "all_layers_mse": 0.46131449937820435,
        "per_layer_mse": [
          8.291266007098841e-10,
          0.4711553454399109,
          0.5260035395622253,
          0.5112174153327942,
          0.5887446999549866,
          0.5973646640777588,
          0.5970309376716614,
          0.5591555833816528,
          0.6760491132736206,
          0.6443750858306885,
          0.6792922019958496,
          0.540971040725708,
          0.6082965135574341,
          0.47177010774612427,
          0.5069817900657654,
          0.40780138969421387,
          0.43385595083236694,
          0.5242809057235718,
          0.5255637168884277,
          0.5042852759361267,
          0.45798057317733765,
          0.45081162452697754,
          0.41768693923950195,
          0.3633382320404053,
          0.33851194381713867,
          0.3051546514034271,
          0.33199456334114075,
          0.37714433670043945,
          0.422371506690979,
          0.42221641540527344,
          0.5006572008132935,
          9.847492776771105e-08
        ],
        "adjusted_final_layer_score": 6.467447212030124e-08,
        "flops_used": 170971246080,
        "effective_compute": 178638936991.3303,
        "budget_exhausted": false,
        "time_exhausted": false,
        "residual_wall_time_exhausted": false,
        "combined_budget_exhausted": false,
        "wall_time_s": 24.3190485839732,
        "flopscope_backend_time_s": 23.769762663403526,
        "flopscope_overhead_time_s": 0.47260901145637035,
        "residual_wall_time_s": 0.07667690911330283,
        "breakdowns": {
          "estimator": {
            "flop_budget": 272000000000,
            "flops_used": 170971246080,
            "flops_remaining": 101028753920,
            "wall_time_s": 24.3190485839732,
            "flopscope_backend_time_s": 23.769762663403526,
            "flopscope_overhead_time_s": 0.47260901145637035,
            "residual_wall_time_s": 0.07667690911330283,
            "by_namespace": {
              "estimator.estimator-client": {
                "flops_used": 170971246080,
                "calls": 15720,
                "flopscope_backend_time_s": 23.769762663403526,
                "flopscope_overhead_time_s": 0.4724240945652127,
                "operations": {
                  "astype": {
                    "flop_cost": 35913728,
                    "calls": 65,
                    "flopscope_backend_time_s": 0.0029630393255501986,
                    "flopscope_overhead_time_s": 0.001067545497789979
                  },
                  "matmul": {
                    "flop_cost": 129078979456,
                    "calls": 3088,
                    "flopscope_backend_time_s": 4.374124317895621,
                    "flopscope_overhead_time_s": 0.14590531773865223
                  },
                  "multiply": {
                    "flop_cost": 16974080,
                    "calls": 6,
                    "flopscope_backend_time_s": 0.008989790687337518,
                    "flopscope_overhead_time_s": 0.000165542121976614
                  },
                  "reshape": {
                    "flop_cost": 151126016,
                    "calls": 18,
                    "flopscope_backend_time_s": 4.795799031853676e-05,
                    "flopscope_overhead_time_s": 0.0003830848727375269
                  },
                  "add": {
                    "flop_cost": 18884281472,
                    "calls": 6026,
                    "flopscope_backend_time_s": 6.4746114034205675,
                    "flopscope_overhead_time_s": 0.16114767407998443
                  },
                  "subtract": {
                    "flop_cost": 10890238208,
                    "calls": 5741,
                    "flopscope_backend_time_s": 7.817873765714467,
                    "flopscope_overhead_time_s": 0.137020128313452
                  },
                  "stack": {
                    "flop_cost": 5457689600,
                    "calls": 389,
                    "flopscope_backend_time_s": 1.01397933694534,
                    "flopscope_overhead_time_s": 0.010290818056091666
                  },
                  "negative": {
                    "flop_cost": 8388608,
                    "calls": 1,
                    "flopscope_backend_time_s": 0.0008778751362115145,
                    "flopscope_overhead_time_s": 1.887488178908825e-05
                  },
                  "concatenate": {
                    "flop_cost": 16908288,
                    "calls": 1,
                    "flopscope_backend_time_s": 0.0013574999757111073,
                    "flopscope_overhead_time_s": 1.7333077266812325e-05
                  },
                  "maximum": {
                    "flop_cost": 541065216,
                    "calls": 64,
                    "flopscope_backend_time_s": 0.2395677068270743,
                    "flopscope_overhead_time_s": 0.0019323343876749277
                  },
                  "block": {
                    "flop_cost": 5855815680,
                    "calls": 252,
                    "flopscope_backend_time_s": 3.8312932597473264,
                    "flopscope_overhead_time_s": 0.008700111648067832
                  },
                  "zeros": {
                    "flop_cost": 0,
                    "calls": 33,
                    "flopscope_backend_time_s": 4.9167778342962265e-05,
                    "flopscope_overhead_time_s": 0.0001714983955025673
                  },
                  "sum": {
                    "flop_cost": 33864960,
                    "calls": 34,
                    "flopscope_backend_time_s": 0.003998209955170751,
                    "flopscope_overhead_time_s": 0.005552955437451601
                  },
                  "true_divide": {
                    "flop_cost": 512,
                    "calls": 1,
                    "flopscope_backend_time_s": 1.4415942132472992e-05,
                    "flopscope_overhead_time_s": 2.7542002499103546e-05
                  },
                  "sqrt": {
                    "flop_cost": 256,
                    "calls": 1,
                    "flopscope_backend_time_s": 1.4916062355041504e-05,
                    "flopscope_overhead_time_s": 2.333405427634716e-05
                  }
                }
              }
            }
          }
        },
        "traceback": null
      },
      {
        "mlp_index": 90,
        "mlp_name": "william-rodriguez",
        "final_layer_mse": 1.6793200074971537e-07,
        "all_layers_mse": 0.3601362109184265,
        "per_layer_mse": [
          6.516640560505493e-10,
          0.47003597021102905,
          0.4598923325538635,
          0.5154769420623779,
          0.6192195415496826,
          0.6482067108154297,
          0.6223242878913879,
          0.509977400302887,
          0.43778538703918457,
          0.4693520665168762,
          0.429980993270874,
          0.3507194221019745,
          0.3994590938091278,
          0.41993340849876404,
          0.4033273458480835,
          0.4174947142601013,
          0.4544268846511841,
          0.39965787529945374,
          0.3497962951660156,
          0.2840512990951538,
          0.33066171407699585,
          0.2934463918209076,
          0.3673952519893646,
          0.40589553117752075,
          0.30284401774406433,
          0.21134397387504578,
          0.202205091714859,
          0.2092483788728714,
          0.17800039052963257,
          0.1926160752773285,
          0.16958430409431458,
          1.6793200074971537e-07
        ],
        "adjusted_final_layer_score": 1.1046285508928096e-07,
        "flops_used": 170971246080,
        "effective_compute": 178917040529.1878,
        "budget_exhausted": false,
        "time_exhausted": false,
        "residual_wall_time_exhausted": false,
        "combined_budget_exhausted": false,
        "wall_time_s": 22.486736875027418,
        "flopscope_backend_time_s": 21.40130095789209,
        "flopscope_overhead_time_s": 1.00597797264345,
        "residual_wall_time_s": 0.07945794449187815,
        "breakdowns": {
          "estimator": {
            "flop_budget": 272000000000,
            "flops_used": 170971246080,
            "flops_remaining": 101028753920,
            "wall_time_s": 22.486736875027418,
            "flopscope_backend_time_s": 21.40130095789209,
            "flopscope_overhead_time_s": 1.00597797264345,
            "residual_wall_time_s": 0.07945794449187815,
            "by_namespace": {
              "estimator.estimator-client": {
                "flops_used": 170971246080,
                "calls": 15720,
                "flopscope_backend_time_s": 21.40130095789209,
                "flopscope_overhead_time_s": 1.0058271817397326,
                "operations": {
                  "astype": {
                    "flop_cost": 35913728,
                    "calls": 65,
                    "flopscope_backend_time_s": 0.003080120077356696,
                    "flopscope_overhead_time_s": 0.001148751936852932
                  },
                  "matmul": {
                    "flop_cost": 129078979456,
                    "calls": 3088,
                    "flopscope_backend_time_s": 4.3884161482565105,
                    "flopscope_overhead_time_s": 0.15446094307117164
                  },
                  "multiply": {
                    "flop_cost": 16974080,
                    "calls": 6,
                    "flopscope_backend_time_s": 0.008520249743014574,
                    "flopscope_overhead_time_s": 0.0001402923371642828
                  },
                  "reshape": {
                    "flop_cost": 151126016,
                    "calls": 18,
                    "flopscope_backend_time_s": 3.362703137099743e-05,
                    "flopscope_overhead_time_s": 0.0002594585530459881
                  },
                  "add": {
                    "flop_cost": 18884281472,
                    "calls": 6026,
                    "flopscope_backend_time_s": 5.51480464823544,
                    "flopscope_overhead_time_s": 0.16362220467999578
                  },
                  "subtract": {
                    "flop_cost": 10890238208,
                    "calls": 5741,
                    "flopscope_backend_time_s": 7.615937534254044,
                    "flopscope_overhead_time_s": 0.13970488007180393
                  },
                  "stack": {
                    "flop_cost": 5457689600,
                    "calls": 389,
                    "flopscope_backend_time_s": 0.7594676178414375,
                    "flopscope_overhead_time_s": 0.010977292899042368
                  },
                  "negative": {
                    "flop_cost": 8388608,
                    "calls": 1,
                    "flopscope_backend_time_s": 0.0008877080399543047,
                    "flopscope_overhead_time_s": 1.8583843484520912e-05
                  },
                  "concatenate": {
                    "flop_cost": 16908288,
                    "calls": 1,
                    "flopscope_backend_time_s": 0.0013126670382916927,
                    "flopscope_overhead_time_s": 1.5750061720609665e-05
                  },
                  "maximum": {
                    "flop_cost": 541065216,
                    "calls": 64,
                    "flopscope_backend_time_s": 0.2162106242030859,
                    "flopscope_overhead_time_s": 0.001955460524186492
                  },
                  "block": {
                    "flop_cost": 5855815680,
                    "calls": 252,
                    "flopscope_backend_time_s": 2.8885553018189967,
                    "flopscope_overhead_time_s": 0.008959149708971381
                  },
                  "zeros": {
                    "flop_cost": 0,
                    "calls": 33,
                    "flopscope_backend_time_s": 2.0543811842799187e-05,
                    "flopscope_overhead_time_s": 0.00014508306048810482
                  },
                  "sum": {
                    "flop_cost": 33864960,
                    "calls": 34,
                    "flopscope_backend_time_s": 0.0040488336235284805,
                    "flopscope_overhead_time_s": 0.5243819979950786
                  },
                  "true_divide": {
                    "flop_cost": 512,
                    "calls": 1,
                    "flopscope_backend_time_s": 3.250082954764366e-06,
                    "flopscope_overhead_time_s": 1.9624829292297363e-05
                  },
                  "sqrt": {
                    "flop_cost": 256,
                    "calls": 1,
                    "flopscope_backend_time_s": 2.083834260702133e-06,
                    "flopscope_overhead_time_s": 1.770816743373871e-05
                  }
                }
              }
            }
          }
        },
        "traceback": null
      },
      {
        "mlp_index": 91,
        "mlp_name": "jimmy-barr",
        "final_layer_mse": 7.849097727330445e-08,
        "all_layers_mse": 0.5691914558410645,
        "per_layer_mse": [
          6.989012701907882e-10,
          0.5135487914085388,
          0.5499955415725708,
          0.5894543528556824,
          0.627458393573761,
          0.5592579245567322,
          0.6496074199676514,
          0.6604109406471252,
          0.7076764106750488,
          0.7184716463088989,
          0.6695898175239563,
          0.6056491136550903,
          0.6184037923812866,
          0.5019837617874146,
          0.5222324132919312,
          0.4846518933773041,
          0.6288041472434998,
          0.6488983035087585,
          0.6130805015563965,
          0.484723836183548,
          0.5224258899688721,
          0.5829496383666992,
          0.5373228788375854,
          0.54728102684021,
          0.5789770483970642,
          0.5942316055297852,
          0.688420832157135,
          0.6373679637908936,
          0.7287260293960571,
          0.7324978113174438,
          0.7100247144699097,
          7.849097727330445e-08
        ],
        "adjusted_final_layer_score": 5.1513583562003293e-08,
        "flops_used": 170971246080,
        "effective_compute": 178513444673.72824,
        "budget_exhausted": false,
        "time_exhausted": false,
        "residual_wall_time_exhausted": false,
        "combined_budget_exhausted": false,
        "wall_time_s": 22.073216167045757,
        "flopscope_backend_time_s": 21.535370400408283,
        "flopscope_overhead_time_s": 0.46242378070019186,
        "residual_wall_time_s": 0.07542198593728244,
        "breakdowns": {
          "estimator": {
            "flop_budget": 272000000000,
            "flops_used": 170971246080,
            "flops_remaining": 101028753920,
            "wall_time_s": 22.073216167045757,
            "flopscope_backend_time_s": 21.535370400408283,
            "flopscope_overhead_time_s": 0.46242378070019186,
            "residual_wall_time_s": 0.07542198593728244,
            "by_namespace": {
              "estimator.estimator-client": {
                "flops_used": 170971246080,
                "calls": 15720,
                "flopscope_backend_time_s": 21.535370400408283,
                "flopscope_overhead_time_s": 0.46229698858223855,
                "operations": {
                  "astype": {
                    "flop_cost": 35913728,
                    "calls": 65,
                    "flopscope_backend_time_s": 0.0029675853438675404,
                    "flopscope_overhead_time_s": 0.001137622632086277
                  },
                  "matmul": {
                    "flop_cost": 129078979456,
                    "calls": 3088,
                    "flopscope_backend_time_s": 4.380785339511931,
                    "flopscope_overhead_time_s": 0.14507133676670492
                  },
                  "multiply": {
                    "flop_cost": 16974080,
                    "calls": 6,
                    "flopscope_backend_time_s": 0.002500291680917144,
                    "flopscope_overhead_time_s": 0.00014233426190912724
                  },
                  "reshape": {
                    "flop_cost": 151126016,
                    "calls": 18,
                    "flopscope_backend_time_s": 4.329252988100052e-05,
                    "flopscope_overhead_time_s": 0.0003127073869109154
                  },
                  "add": {
                    "flop_cost": 18884281472,
                    "calls": 6026,
                    "flopscope_backend_time_s": 5.519219151232392,
                    "flopscope_overhead_time_s": 0.15170421660877764
                  },
                  "subtract": {
                    "flop_cost": 10890238208,
                    "calls": 5741,
                    "flopscope_backend_time_s": 7.767825408373028,
                    "flopscope_overhead_time_s": 0.1374097615480423
                  },
                  "stack": {
                    "flop_cost": 5457689600,
                    "calls": 389,
                    "flopscope_backend_time_s": 0.7489631979260594,
                    "flopscope_overhead_time_s": 0.010214349953457713
                  },
                  "negative": {
                    "flop_cost": 8388608,
                    "calls": 1,
                    "flopscope_backend_time_s": 0.0008934158831834793,
                    "flopscope_overhead_time_s": 2.0042061805725098e-05
                  },
                  "concatenate": {
                    "flop_cost": 16908288,
                    "calls": 1,
                    "flopscope_backend_time_s": 0.0012633749283850193,
                    "flopscope_overhead_time_s": 1.4834105968475342e-05
                  },
                  "maximum": {
                    "flop_cost": 541065216,
                    "calls": 64,
                    "flopscope_backend_time_s": 0.216207625111565,
                    "flopscope_overhead_time_s": 0.0019978380296379328
                  },
                  "block": {
                    "flop_cost": 5855815680,
                    "calls": 252,
                    "flopscope_backend_time_s": 2.8907331810332835,
                    "flopscope_overhead_time_s": 0.00855743302963674
                  },
                  "zeros": {
                    "flop_cost": 0,
                    "calls": 33,
                    "flopscope_backend_time_s": 2.52437312155962e-05,
                    "flopscope_overhead_time_s": 0.00014767865650355816
                  },
                  "sum": {
                    "flop_cost": 33864960,
                    "calls": 34,
                    "flopscope_backend_time_s": 0.003938293317332864,
                    "flopscope_overhead_time_s": 0.005529124289751053
                  },
                  "true_divide": {
                    "flop_cost": 512,
                    "calls": 1,
                    "flopscope_backend_time_s": 2.874992787837982e-06,
                    "flopscope_overhead_time_s": 1.9875122234225273e-05
                  },
                  "sqrt": {
                    "flop_cost": 256,
                    "calls": 1,
                    "flopscope_backend_time_s": 2.1248124539852142e-06,
                    "flopscope_overhead_time_s": 1.7834128811955452e-05
                  }
                }
              }
            }
          }
        },
        "traceback": null
      },
      {
        "mlp_index": 92,
        "mlp_name": "erika-taylor",
        "final_layer_mse": 3.4590937048051273e-07,
        "all_layers_mse": 1.1061497926712036,
        "per_layer_mse": [
          8.508492799208511e-10,
          0.4235093593597412,
          0.452737033367157,
          0.5685455799102783,
          0.6584270000457764,
          0.7638640999794006,
          0.9130529165267944,
          1.0057228803634644,
          1.0876820087432861,
          1.012451171875,
          1.0266525745391846,
          0.8605452179908752,
          1.1210271120071411,
          1.1361504793167114,
          1.0456767082214355,
          1.1700206995010376,
          1.2591214179992676,
          1.277313232421875,
          1.4471495151519775,
          1.7992652654647827,
          1.3748040199279785,
          1.4923838376998901,
          1.1467655897140503,
          1.2561120986938477,
          1.5500396490097046,
          1.5500353574752808,
          1.7947180271148682,
          1.6474533081054688,
          1.582647442817688,
          1.4238113164901733,
          1.5491094589233398,
          3.4590937048051273e-07
        ],
        "adjusted_final_layer_score": 2.280025827294361e-07,
        "flops_used": 170971246080,
        "effective_compute": 179285985853.04996,
        "budget_exhausted": false,
        "time_exhausted": false,
        "residual_wall_time_exhausted": false,
        "combined_budget_exhausted": false,
        "wall_time_s": 22.01514062494971,
        "flopscope_backend_time_s": 21.387728188186884,
        "flopscope_overhead_time_s": 0.5442650390323251,
        "residual_wall_time_s": 0.0831473977304995,
        "breakdowns": {
          "estimator": {
            "flop_budget": 272000000000,
            "flops_used": 170971246080,
            "flops_remaining": 101028753920,
            "wall_time_s": 22.01514062494971,
            "flopscope_backend_time_s": 21.387728188186884,
            "flopscope_overhead_time_s": 0.5442650390323251,
            "residual_wall_time_s": 0.0831473977304995,
            "by_namespace": {
              "estimator.estimator-client": {
                "flops_used": 170971246080,
                "calls": 15720,
                "flopscope_backend_time_s": 21.387728188186884,
                "flopscope_overhead_time_s": 0.5441375800874084,
                "operations": {
                  "astype": {
                    "flop_cost": 35913728,
                    "calls": 65,
                    "flopscope_backend_time_s": 0.009050711523741484,
                    "flopscope_overhead_time_s": 0.0014951268676668406
                  },
                  "matmul": {
                    "flop_cost": 129078979456,
                    "calls": 3088,
                    "flopscope_backend_time_s": 4.322419673204422,
                    "flopscope_overhead_time_s": 0.16486047464422882
                  },
                  "multiply": {
                    "flop_cost": 16974080,
                    "calls": 6,
                    "flopscope_backend_time_s": 0.003528167959302664,
                    "flopscope_overhead_time_s": 0.0002268301323056221
                  },
                  "reshape": {
                    "flop_cost": 151126016,
                    "calls": 18,
                    "flopscope_backend_time_s": 5.566747859120369e-05,
                    "flopscope_overhead_time_s": 0.0004417907912284136
                  },
                  "add": {
                    "flop_cost": 18884281472,
                    "calls": 6026,
                    "flopscope_backend_time_s": 5.580400402657688,
                    "flopscope_overhead_time_s": 0.1774957343004644
                  },
                  "subtract": {
                    "flop_cost": 10890238208,
                    "calls": 5741,
                    "flopscope_backend_time_s": 7.5118652526289225,
                    "flopscope_overhead_time_s": 0.16915260767564178
                  },
                  "stack": {
                    "flop_cost": 5457689600,
                    "calls": 389,
                    "flopscope_backend_time_s": 0.8142804456874728,
                    "flopscope_overhead_time_s": 0.011770057026296854
                  },
                  "negative": {
                    "flop_cost": 8388608,
                    "calls": 1,
                    "flopscope_backend_time_s": 0.0010447090025991201,
                    "flopscope_overhead_time_s": 3.837398253381252e-05
                  },
                  "concatenate": {
                    "flop_cost": 16908288,
                    "calls": 1,
                    "flopscope_backend_time_s": 0.0013492500875145197,
                    "flopscope_overhead_time_s": 1.5666941180825233e-05
                  },
                  "maximum": {
                    "flop_cost": 541065216,
                    "calls": 64,
                    "flopscope_backend_time_s": 0.2189372475259006,
                    "flopscope_overhead_time_s": 0.0022819600999355316
                  },
                  "block": {
                    "flop_cost": 5855815680,
                    "calls": 252,
                    "flopscope_backend_time_s": 2.920679535251111,
                    "flopscope_overhead_time_s": 0.010106042260304093
                  },
                  "zeros": {
                    "flop_cost": 0,
                    "calls": 33,
                    "flopscope_backend_time_s": 4.299823194742203e-05,
                    "flopscope_overhead_time_s": 0.00016666902229189873
                  },
                  "sum": {
                    "flop_cost": 33864960,
                    "calls": 34,
                    "flopscope_backend_time_s": 0.004051501862704754,
                    "flopscope_overhead_time_s": 0.006037912331521511
                  },
                  "true_divide": {
                    "flop_cost": 512,
                    "calls": 1,
                    "flopscope_backend_time_s": 1.233397051692009e-05,
                    "flopscope_overhead_time_s": 2.708309330046177e-05
                  },
                  "sqrt": {
                    "flop_cost": 256,
                    "calls": 1,
                    "flopscope_backend_time_s": 1.0291114449501038e-05,
                    "flopscope_overhead_time_s": 2.125091850757599e-05
                  }
                }
              }
            }
          }
        },
        "traceback": null
      },
      {
        "mlp_index": 93,
        "mlp_name": "benjamin-dean",
        "final_layer_mse": 5.3339753947057034e-08,
        "all_layers_mse": 0.3974452316761017,
        "per_layer_mse": [
          6.258895068889103e-10,
          0.5130105018615723,
          0.6454718708992004,
          0.6605746746063232,
          0.648922324180603,
          0.6970608234405518,
          0.7076858282089233,
          0.6531334519386292,
          0.6616564989089966,
          0.6214202046394348,
          0.5962107181549072,
          0.5254887342453003,
          0.4606613516807556,
          0.33573728799819946,
          0.2612406015396118,
          0.2710673213005066,
          0.31697094440460205,
          0.2655538022518158,
          0.2250359058380127,
          0.34857386350631714,
          0.3561212420463562,
          0.3410550355911255,
          0.4306197762489319,
          0.4185216426849365,
          0.29846876859664917,
          0.25567132234573364,
          0.26881861686706543,
          0.24668796360492706,
          0.19318994879722595,
          0.219746395945549,
          0.27387017011642456,
          5.3339753947057034e-08
        ],
        "adjusted_final_layer_score": 3.506753284328873e-08,
        "flops_used": 170971246080,
        "effective_compute": 178822889637.66028,
        "budget_exhausted": false,
        "time_exhausted": false,
        "residual_wall_time_exhausted": false,
        "combined_budget_exhausted": false,
        "wall_time_s": 21.412530250148848,
        "flopscope_backend_time_s": 20.847873551305383,
        "flopscope_overhead_time_s": 0.48614026326686144,
        "residual_wall_time_s": 0.07851643557660282,
        "breakdowns": {
          "estimator": {
            "flop_budget": 272000000000,
            "flops_used": 170971246080,
            "flops_remaining": 101028753920,
            "wall_time_s": 21.412530250148848,
            "flopscope_backend_time_s": 20.847873551305383,
            "flopscope_overhead_time_s": 0.48614026326686144,
            "residual_wall_time_s": 0.07851643557660282,
            "by_namespace": {
              "estimator.estimator-client": {
                "flops_used": 170971246080,
                "calls": 15720,
                "flopscope_backend_time_s": 20.847873551305383,
                "flopscope_overhead_time_s": 0.4860047632828355,
                "operations": {
                  "astype": {
                    "flop_cost": 35913728,
                    "calls": 65,
                    "flopscope_backend_time_s": 0.003142374334856868,
                    "flopscope_overhead_time_s": 0.0011225384660065174
                  },
                  "matmul": {
                    "flop_cost": 129078979456,
                    "calls": 3088,
                    "flopscope_backend_time_s": 4.276328299893066,
                    "flopscope_overhead_time_s": 0.15631273435428739
                  },
                  "multiply": {
                    "flop_cost": 16974080,
                    "calls": 6,
                    "flopscope_backend_time_s": 0.004393707495182753,
                    "flopscope_overhead_time_s": 0.0001317928545176983
                  },
                  "reshape": {
                    "flop_cost": 151126016,
                    "calls": 18,
                    "flopscope_backend_time_s": 3.516580909490585e-05,
                    "flopscope_overhead_time_s": 0.000266040675342083
                  },
                  "add": {
                    "flop_cost": 18884281472,
                    "calls": 6026,
                    "flopscope_backend_time_s": 5.409322272054851,
                    "flopscope_overhead_time_s": 0.16015911591239274
                  },
                  "subtract": {
                    "flop_cost": 10890238208,
                    "calls": 5741,
                    "flopscope_backend_time_s": 7.372581650968641,
                    "flopscope_overhead_time_s": 0.14080749708227813
                  },
                  "stack": {
                    "flop_cost": 5457689600,
                    "calls": 389,
                    "flopscope_backend_time_s": 0.7466264560353011,
                    "flopscope_overhead_time_s": 0.010278967209160328
                  },
                  "negative": {
                    "flop_cost": 8388608,
                    "calls": 1,
                    "flopscope_backend_time_s": 0.0009044578764587641,
                    "flopscope_overhead_time_s": 1.7834128811955452e-05
                  },
                  "concatenate": {
                    "flop_cost": 16908288,
                    "calls": 1,
                    "flopscope_backend_time_s": 0.0012825001031160355,
                    "flopscope_overhead_time_s": 1.629185862839222e-05
                  },
                  "maximum": {
                    "flop_cost": 541065216,
                    "calls": 64,
                    "flopscope_backend_time_s": 0.21685204142704606,
                    "flopscope_overhead_time_s": 0.0019814970437437296
                  },
                  "block": {
                    "flop_cost": 5855815680,
                    "calls": 252,
                    "flopscope_backend_time_s": 2.8123241292778403,
                    "flopscope_overhead_time_s": 0.008962491061538458
                  },
                  "zeros": {
                    "flop_cost": 0,
                    "calls": 33,
                    "flopscope_backend_time_s": 2.216314896941185e-05,
                    "flopscope_overhead_time_s": 0.00014850404113531113
                  },
                  "sum": {
                    "flop_cost": 33864960,
                    "calls": 34,
                    "flopscope_backend_time_s": 0.004053416661918163,
                    "flopscope_overhead_time_s": 0.005763833876699209
                  },
                  "true_divide": {
                    "flop_cost": 512,
                    "calls": 1,
                    "flopscope_backend_time_s": 2.8330832719802856e-06,
                    "flopscope_overhead_time_s": 1.8374761566519737e-05
                  },
                  "sqrt": {
                    "flop_cost": 256,
                    "calls": 1,
                    "flopscope_backend_time_s": 2.0831357687711716e-06,
                    "flopscope_overhead_time_s": 1.7249956727027893e-05
                  }
                }
              }
            }
          }
        },
        "traceback": null
      },
      {
        "mlp_index": 94,
        "mlp_name": "michele-galvan",
        "final_layer_mse": 1.2979991481643083e-07,
        "all_layers_mse": 0.5930538177490234,
        "per_layer_mse": [
          6.972569743801671e-10,
          0.4069916605949402,
          0.5917438864707947,
          0.6547075510025024,
          0.6286075711250305,
          0.6568459272384644,
          0.6429309844970703,
          0.7286868095397949,
          0.7277781963348389,
          0.7124291658401489,
          0.6986958980560303,
          0.8774488568305969,
          0.8086260557174683,
          0.854476809501648,
          0.8112464547157288,
          0.6588636636734009,
          0.5328412055969238,
          0.4756704866886139,
          0.5084476470947266,
          0.5696029663085938,
          0.587051272392273,
          0.6628233194351196,
          0.5959029197692871,
          0.7447481155395508,
          0.7367458939552307,
          0.5864017009735107,
          0.4989956319332123,
          0.4792535901069641,
          0.46872323751449585,
          0.5004950165748596,
          0.5699392557144165,
          1.2979991481643083e-07
        ],
        "adjusted_final_layer_score": 8.490944660484301e-08,
        "flops_used": 170971246080,
        "effective_compute": 177930544170.07794,
        "budget_exhausted": false,
        "time_exhausted": false,
        "residual_wall_time_exhausted": false,
        "combined_budget_exhausted": false,
        "wall_time_s": 22.286298708058894,
        "flopscope_backend_time_s": 21.78549328725785,
        "flopscope_overhead_time_s": 0.43121243990026414,
        "residual_wall_time_s": 0.06959298090077937,
        "breakdowns": {
          "estimator": {
            "flop_budget": 272000000000,
            "flops_used": 170971246080,
            "flops_remaining": 101028753920,
            "wall_time_s": 22.286298708058894,
            "flopscope_backend_time_s": 21.78549328725785,
            "flopscope_overhead_time_s": 0.43121243990026414,
            "residual_wall_time_s": 0.06959298090077937,
            "by_namespace": {
              "estimator.estimator-client": {
                "flops_used": 170971246080,
                "calls": 15720,
                "flopscope_backend_time_s": 21.78549328725785,
                "flopscope_overhead_time_s": 0.43110039876773953,
                "operations": {
                  "astype": {
                    "flop_cost": 35913728,
                    "calls": 65,
                    "flopscope_backend_time_s": 0.0029552506748586893,
                    "flopscope_overhead_time_s": 0.0010716253891587257
                  },
                  "matmul": {
                    "flop_cost": 129078979456,
                    "calls": 3088,
                    "flopscope_backend_time_s": 4.487370023271069,
                    "flopscope_overhead_time_s": 0.12980056856758893
                  },
                  "multiply": {
                    "flop_cost": 16974080,
                    "calls": 6,
                    "flopscope_backend_time_s": 0.002507959958165884,
                    "flopscope_overhead_time_s": 0.00015753810293972492
                  },
                  "reshape": {
                    "flop_cost": 151126016,
                    "calls": 18,
                    "flopscope_backend_time_s": 4.64592594653368e-05,
                    "flopscope_overhead_time_s": 0.00031212554313242435
                  },
                  "add": {
                    "flop_cost": 18884281472,
                    "calls": 6026,
                    "flopscope_backend_time_s": 5.558085211087018,
                    "flopscope_overhead_time_s": 0.15104673500172794
                  },
                  "subtract": {
                    "flop_cost": 10890238208,
                    "calls": 5741,
                    "flopscope_backend_time_s": 7.908495468785986,
                    "flopscope_overhead_time_s": 0.12470597587525845
                  },
                  "stack": {
                    "flop_cost": 5457689600,
                    "calls": 389,
                    "flopscope_backend_time_s": 0.7555051331873983,
                    "flopscope_overhead_time_s": 0.009312860202044249
                  },
                  "negative": {
                    "flop_cost": 8388608,
                    "calls": 1,
                    "flopscope_backend_time_s": 0.0008761670906096697,
                    "flopscope_overhead_time_s": 2.0165927708148956e-05
                  },
                  "concatenate": {
                    "flop_cost": 16908288,
                    "calls": 1,
                    "flopscope_backend_time_s": 0.0012748341541737318,
                    "flopscope_overhead_time_s": 1.7040874809026718e-05
                  },
                  "maximum": {
                    "flop_cost": 541065216,
                    "calls": 64,
                    "flopscope_backend_time_s": 0.2151389520149678,
                    "flopscope_overhead_time_s": 0.0016860489267855883
                  },
                  "block": {
                    "flop_cost": 5855815680,
                    "calls": 252,
                    "flopscope_backend_time_s": 2.849296952597797,
                    "flopscope_overhead_time_s": 0.007341211894527078
                  },
                  "zeros": {
                    "flop_cost": 0,
                    "calls": 33,
                    "flopscope_backend_time_s": 4.049553535878658e-05,
                    "flopscope_overhead_time_s": 0.00015071500092744827
                  },
                  "sum": {
                    "flop_cost": 33864960,
                    "calls": 34,
                    "flopscope_backend_time_s": 0.003895462490618229,
                    "flopscope_overhead_time_s": 0.005440579727292061
                  },
                  "true_divide": {
                    "flop_cost": 512,
                    "calls": 1,
                    "flopscope_backend_time_s": 2.834014594554901e-06,
                    "flopscope_overhead_time_s": 1.9666040316224098e-05
                  },
                  "sqrt": {
                    "flop_cost": 256,
                    "calls": 1,
                    "flopscope_backend_time_s": 2.0831357687711716e-06,
                    "flopscope_overhead_time_s": 1.7541693523526192e-05
                  }
                }
              }
            }
          }
        },
        "traceback": null
      },
      {
        "mlp_index": 95,
        "mlp_name": "cathy-butler",
        "final_layer_mse": 2.8868936396975187e-07,
        "all_layers_mse": 1.8728547096252441,
        "per_layer_mse": [
          6.378862993372536e-10,
          0.48463189601898193,
          0.5003758072853088,
          0.6650899648666382,
          0.7225183844566345,
          0.8022618293762207,
          0.8627233505249023,
          0.837827205657959,
          0.9148467183113098,
          0.8295655250549316,
          1.0591328144073486,
          1.1754900217056274,
          1.287070631980896,
          1.5927280187606812,
          1.7986695766448975,
          1.786741018295288,
          2.171823740005493,
          2.089088201522827,
          2.162156105041504,
          2.3008975982666016,
          1.7644405364990234,
          1.6627967357635498,
          2.496819257736206,
          3.436579465866089,
          3.333162784576416,
          4.367689609527588,
          3.544215679168701,
          4.240180015563965,
          3.954329490661621,
          3.556279182434082,
          3.5312161445617676,
          2.8868936396975187e-07
        ],
        "adjusted_final_layer_score": 1.8915831964547838e-07,
        "flops_used": 170971246080,
        "effective_compute": 178222925278.8164,
        "budget_exhausted": false,
        "time_exhausted": false,
        "residual_wall_time_exhausted": false,
        "combined_budget_exhausted": false,
        "wall_time_s": 22.041157874977216,
        "flopscope_backend_time_s": 21.522446394199505,
        "flopscope_overhead_time_s": 0.4461946887895465,
        "residual_wall_time_s": 0.07251679198816419,
        "breakdowns": {
          "estimator": {
            "flop_budget": 272000000000,
            "flops_used": 170971246080,
            "flops_remaining": 101028753920,
            "wall_time_s": 22.041157874977216,
            "flopscope_backend_time_s": 21.522446394199505,
            "flopscope_overhead_time_s": 0.4461946887895465,
            "residual_wall_time_s": 0.07251679198816419,
            "by_namespace": {
              "estimator.estimator-client": {
                "flops_used": 170971246080,
                "calls": 15720,
                "flopscope_backend_time_s": 21.522446394199505,
                "flopscope_overhead_time_s": 0.4460761889349669,
                "operations": {
                  "astype": {
                    "flop_cost": 35913728,
                    "calls": 65,
                    "flopscope_backend_time_s": 0.003041623393073678,
                    "flopscope_overhead_time_s": 0.00108546600677073
                  },
                  "matmul": {
                    "flop_cost": 129078979456,
                    "calls": 3088,
                    "flopscope_backend_time_s": 4.411331550450996,
                    "flopscope_overhead_time_s": 0.14168540760874748
                  },
                  "multiply": {
                    "flop_cost": 16974080,
                    "calls": 6,
                    "flopscope_backend_time_s": 0.0038644999731332064,
                    "flopscope_overhead_time_s": 0.00012879399582743645
                  },
                  "reshape": {
                    "flop_cost": 151126016,
                    "calls": 18,
                    "flopscope_backend_time_s": 3.0417228117585182e-05,
                    "flopscope_overhead_time_s": 0.0002262487541884184
                  },
                  "add": {
                    "flop_cost": 18884281472,
                    "calls": 6026,
                    "flopscope_backend_time_s": 5.494827537797391,
                    "flopscope_overhead_time_s": 0.14937396859750152
                  },
                  "subtract": {
                    "flop_cost": 10890238208,
                    "calls": 5741,
                    "flopscope_backend_time_s": 7.793457565130666,
                    "flopscope_overhead_time_s": 0.12828046339564025
                  },
                  "stack": {
                    "flop_cost": 5457689600,
                    "calls": 389,
                    "flopscope_backend_time_s": 0.749406753340736,
                    "flopscope_overhead_time_s": 0.009909874759614468
                  },
                  "negative": {
                    "flop_cost": 8388608,
                    "calls": 1,
                    "flopscope_backend_time_s": 0.0008744171354919672,
                    "flopscope_overhead_time_s": 1.5666941180825233e-05
                  },
                  "concatenate": {
                    "flop_cost": 16908288,
                    "calls": 1,
                    "flopscope_backend_time_s": 0.0012740830425173044,
                    "flopscope_overhead_time_s": 1.3749813660979271e-05
                  },
                  "maximum": {
                    "flop_cost": 541065216,
                    "calls": 64,
                    "flopscope_backend_time_s": 0.21665899688377976,
                    "flopscope_overhead_time_s": 0.0018710005097091198
                  },
                  "block": {
                    "flop_cost": 5855815680,
                    "calls": 252,
                    "flopscope_backend_time_s": 2.8436734520364553,
                    "flopscope_overhead_time_s": 0.008046549279242754
                  },
                  "zeros": {
                    "flop_cost": 0,
                    "calls": 33,
                    "flopscope_backend_time_s": 2.4538487195968628e-05,
                    "flopscope_overhead_time_s": 0.00014596129767596722
                  },
                  "sum": {
                    "flop_cost": 33864960,
                    "calls": 34,
                    "flopscope_backend_time_s": 0.003976001171395183,
                    "flopscope_overhead_time_s": 0.005258496152237058
                  },
                  "true_divide": {
                    "flop_cost": 512,
                    "calls": 1,
                    "flopscope_backend_time_s": 2.9171351343393326e-06,
                    "flopscope_overhead_time_s": 1.812470145523548e-05
                  },
                  "sqrt": {
                    "flop_cost": 256,
                    "calls": 1,
                    "flopscope_backend_time_s": 2.040993422269821e-06,
                    "flopscope_overhead_time_s": 1.6417121514678e-05
                  }
                }
              }
            }
          }
        },
        "traceback": null
      },
      {
        "mlp_index": 96,
        "mlp_name": "lindsey-chase",
        "final_layer_mse": 2.0809487466522114e-07,
        "all_layers_mse": 0.9805231094360352,
        "per_layer_mse": [
          7.163498128015533e-10,
          0.45756909251213074,
          0.6211403608322144,
          0.7927031517028809,
          0.877557635307312,
          0.897178053855896,
          1.1949939727783203,
          0.9919010400772095,
          0.932870090007782,
          1.27054762840271,
          1.158135175704956,
          1.091460943222046,
          1.079256296157837,
          1.0754740238189697,
          1.1180421113967896,
          1.4826505184173584,
          1.4591584205627441,
          1.6103441715240479,
          1.4706776142120361,
          1.3615055084228516,
          1.2862720489501953,
          1.174741268157959,
          1.139836072921753,
          0.9898470640182495,
          0.7368160486221313,
          0.8527097702026367,
          0.7997183799743652,
          1.008251428604126,
          0.8404538631439209,
          0.6782058477401733,
          0.9267206788063049,
          2.0809487466522114e-07
        ],
        "adjusted_final_layer_score": 1.3704589841753284e-07,
        "flops_used": 170971246080,
        "effective_compute": 179132159932.04346,
        "budget_exhausted": false,
        "time_exhausted": false,
        "residual_wall_time_exhausted": false,
        "combined_budget_exhausted": false,
        "wall_time_s": 22.408325749915093,
        "flopscope_backend_time_s": 21.793722279835492,
        "flopscope_overhead_time_s": 0.5329943315591663,
        "residual_wall_time_s": 0.0816091385204345,
        "breakdowns": {
          "estimator": {
            "flop_budget": 272000000000,
            "flops_used": 170971246080,
            "flops_remaining": 101028753920,
            "wall_time_s": 22.408325749915093,
            "flopscope_backend_time_s": 21.793722279835492,
            "flopscope_overhead_time_s": 0.5329943315591663,
            "residual_wall_time_s": 0.0816091385204345,
            "by_namespace": {
              "estimator.estimator-client": {
                "flops_used": 170971246080,
                "calls": 15720,
                "flopscope_backend_time_s": 21.793722279835492,
                "flopscope_overhead_time_s": 0.5328436656855047,
                "operations": {
                  "astype": {
                    "flop_cost": 35913728,
                    "calls": 65,
                    "flopscope_backend_time_s": 0.002975241281092167,
                    "flopscope_overhead_time_s": 0.001121213659644127
                  },
                  "matmul": {
                    "flop_cost": 129078979456,
                    "calls": 3088,
                    "flopscope_backend_time_s": 4.426891961833462,
                    "flopscope_overhead_time_s": 0.16243085940368474
                  },
                  "multiply": {
                    "flop_cost": 16974080,
                    "calls": 6,
                    "flopscope_backend_time_s": 0.0025313757359981537,
                    "flopscope_overhead_time_s": 0.00013345759361982346
                  },
                  "reshape": {
                    "flop_cost": 151126016,
                    "calls": 18,
                    "flopscope_backend_time_s": 3.0792318284511566e-05,
                    "flopscope_overhead_time_s": 0.0002458305098116398
                  },
                  "add": {
                    "flop_cost": 18884281472,
                    "calls": 6026,
                    "flopscope_backend_time_s": 5.611472349381074,
                    "flopscope_overhead_time_s": 0.18822989333420992
                  },
                  "subtract": {
                    "flop_cost": 10890238208,
                    "calls": 5741,
                    "flopscope_backend_time_s": 7.8801820643711835,
                    "flopscope_overhead_time_s": 0.15181324514560401
                  },
                  "stack": {
                    "flop_cost": 5457689600,
                    "calls": 389,
                    "flopscope_backend_time_s": 0.7830381589010358,
                    "flopscope_overhead_time_s": 0.011214997852221131
                  },
                  "negative": {
                    "flop_cost": 8388608,
                    "calls": 1,
                    "flopscope_backend_time_s": 0.0008883748669177294,
                    "flopscope_overhead_time_s": 1.620827242732048e-05
                  },
                  "concatenate": {
                    "flop_cost": 16908288,
                    "calls": 1,
                    "flopscope_backend_time_s": 0.001356333028525114,
                    "flopscope_overhead_time_s": 1.5916768461465836e-05
                  },
                  "maximum": {
                    "flop_cost": 541065216,
                    "calls": 64,
                    "flopscope_backend_time_s": 0.21866229246370494,
                    "flopscope_overhead_time_s": 0.0020962897688150406
                  },
                  "block": {
                    "flop_cost": 5855815680,
                    "calls": 252,
                    "flopscope_backend_time_s": 2.8614260035101324,
                    "flopscope_overhead_time_s": 0.009263247717171907
                  },
                  "zeros": {
                    "flop_cost": 0,
                    "calls": 33,
                    "flopscope_backend_time_s": 4.34147659689188e-05,
                    "flopscope_overhead_time_s": 0.00017575453966856003
                  },
                  "sum": {
                    "flop_cost": 33864960,
                    "calls": 34,
                    "flopscope_backend_time_s": 0.004202584270387888,
                    "flopscope_overhead_time_s": 0.006032250355929136
                  },
                  "true_divide": {
                    "flop_cost": 512,
                    "calls": 1,
                    "flopscope_backend_time_s": 1.13749410957098e-05,
                    "flopscope_overhead_time_s": 3.058393485844135e-05
                  },
                  "sqrt": {
                    "flop_cost": 256,
                    "calls": 1,
                    "flopscope_backend_time_s": 9.958166629076004e-06,
                    "flopscope_overhead_time_s": 2.3916829377412796e-05
                  }
                }
              }
            }
          }
        },
        "traceback": null
      },
      {
        "mlp_index": 97,
        "mlp_name": "kenneth-hernandez",
        "final_layer_mse": 3.4761706046992913e-07,
        "all_layers_mse": 0.6098597049713135,
        "per_layer_mse": [
          6.493114934613686e-10,
          0.5036972761154175,
          0.4916536211967468,
          0.6099425554275513,
          0.7131101489067078,
          0.7843530178070068,
          0.7758802175521851,
          0.8505275249481201,
          0.7196704745292664,
          0.677760124206543,
          0.5532914996147156,
          0.5607463121414185,
          0.5186402797698975,
          0.5122466683387756,
          0.46171945333480835,
          0.39252525568008423,
          0.405489981174469,
          0.5616651773452759,
          0.5967366695404053,
          0.7179536819458008,
          0.8575873374938965,
          0.7560262680053711,
          0.7541441917419434,
          0.6374930143356323,
          0.7925284504890442,
          0.8005743622779846,
          0.7714210748672485,
          0.7347911596298218,
          0.755745530128479,
          0.6339737176895142,
          0.6136168241500854,
          3.4761706046992913e-07
        ],
        "adjusted_final_layer_score": 2.2760293475823804e-07,
        "flops_used": 170971246080,
        "effective_compute": 178092519885.38733,
        "budget_exhausted": false,
        "time_exhausted": false,
        "residual_wall_time_exhausted": false,
        "combined_budget_exhausted": false,
        "wall_time_s": 21.87630504113622,
        "flopscope_backend_time_s": 21.361132435966283,
        "flopscope_overhead_time_s": 0.44395986711606383,
        "residual_wall_time_s": 0.07121273805387318,
        "breakdowns": {
          "estimator": {
            "flop_budget": 272000000000,
            "flops_used": 170971246080,
            "flops_remaining": 101028753920,
            "wall_time_s": 21.87630504113622,
            "flopscope_backend_time_s": 21.361132435966283,
            "flopscope_overhead_time_s": 0.44395986711606383,
            "residual_wall_time_s": 0.07121273805387318,
            "by_namespace": {
              "estimator.estimator-client": {
                "flops_used": 170971246080,
                "calls": 15720,
                "flopscope_backend_time_s": 21.361132435966283,
                "flopscope_overhead_time_s": 0.44381957594305277,
                "operations": {
                  "astype": {
                    "flop_cost": 35913728,
                    "calls": 65,
                    "flopscope_backend_time_s": 0.003139458829537034,
                    "flopscope_overhead_time_s": 0.0011070864275097847
                  },
                  "matmul": {
                    "flop_cost": 129078979456,
                    "calls": 3088,
                    "flopscope_backend_time_s": 4.375332816271111,
                    "flopscope_overhead_time_s": 0.14041118486784399
                  },
                  "multiply": {
                    "flop_cost": 16974080,
                    "calls": 6,
                    "flopscope_backend_time_s": 0.004760958021506667,
                    "flopscope_overhead_time_s": 0.00015096040442585945
                  },
                  "reshape": {
                    "flop_cost": 151126016,
                    "calls": 18,
                    "flopscope_backend_time_s": 5.116616375744343e-05,
                    "flopscope_overhead_time_s": 0.00035741482861340046
                  },
                  "add": {
                    "flop_cost": 18884281472,
                    "calls": 6026,
                    "flopscope_backend_time_s": 5.447501317597926,
                    "flopscope_overhead_time_s": 0.147150207310915
                  },
                  "subtract": {
                    "flop_cost": 10890238208,
                    "calls": 5741,
                    "flopscope_backend_time_s": 7.752061609411612,
                    "flopscope_overhead_time_s": 0.12982017430476844
                  },
                  "stack": {
                    "flop_cost": 5457689600,
                    "calls": 389,
                    "flopscope_backend_time_s": 0.753265576902777,
                    "flopscope_overhead_time_s": 0.009589537745341659
                  },
                  "negative": {
                    "flop_cost": 8388608,
                    "calls": 1,
                    "flopscope_backend_time_s": 0.0008786248508840799,
                    "flopscope_overhead_time_s": 2.1833227947354317e-05
                  },
                  "concatenate": {
                    "flop_cost": 16908288,
                    "calls": 1,
                    "flopscope_backend_time_s": 0.0012780828401446342,
                    "flopscope_overhead_time_s": 1.5042256563901901e-05
                  },
                  "maximum": {
                    "flop_cost": 541065216,
                    "calls": 64,
                    "flopscope_backend_time_s": 0.2160859543364495,
                    "flopscope_overhead_time_s": 0.0018651720602065325
                  },
                  "block": {
                    "flop_cost": 5855815680,
                    "calls": 252,
                    "flopscope_backend_time_s": 2.802830167580396,
                    "flopscope_overhead_time_s": 0.00764441373758018
                  },
                  "zeros": {
                    "flop_cost": 0,
                    "calls": 33,
                    "flopscope_backend_time_s": 2.162111923098564e-05,
                    "flopscope_overhead_time_s": 0.00014670961536467075
                  },
                  "sum": {
                    "flop_cost": 33864960,
                    "calls": 34,
                    "flopscope_backend_time_s": 0.003920248942449689,
                    "flopscope_overhead_time_s": 0.005503381136804819
                  },
                  "true_divide": {
                    "flop_cost": 512,
                    "calls": 1,
                    "flopscope_backend_time_s": 2.7921050786972046e-06,
                    "flopscope_overhead_time_s": 1.8208054825663567e-05
                  },
                  "sqrt": {
                    "flop_cost": 256,
                    "calls": 1,
                    "flopscope_backend_time_s": 2.040993422269821e-06,
                    "flopscope_overhead_time_s": 1.8249964341521263e-05
                  }
                }
              }
            }
          }
        },
        "traceback": null
      },
      {
        "mlp_index": 98,
        "mlp_name": "lauren-flowers",
        "final_layer_mse": 1.656593440202414e-07,
        "all_layers_mse": 0.6580158472061157,
        "per_layer_mse": [
          6.91190660262464e-10,
          0.5159934163093567,
          0.49741172790527344,
          0.6456465721130371,
          0.6940667629241943,
          0.7439416646957397,
          0.7931591868400574,
          0.8927360773086548,
          1.0614466667175293,
          0.8959659934043884,
          0.7872326970100403,
          0.7760655283927917,
          0.8509480953216553,
          0.6648458242416382,
          0.6805465221405029,
          0.8567700386047363,
          0.9067209959030151,
          0.9217783212661743,
          0.8084553480148315,
          0.767353892326355,
          0.6362805366516113,
          0.6278545260429382,
          0.6557108759880066,
          0.5051268339157104,
          0.46790453791618347,
          0.47543999552726746,
          0.5270804762840271,
          0.6248811483383179,
          0.6249057650566101,
          0.6058131456375122,
          0.5444243550300598,
          1.656593440202414e-07
        ],
        "adjusted_final_layer_score": 1.0850094108837607e-07,
        "flops_used": 170971246080,
        "effective_compute": 178150264632.41507,
        "budget_exhausted": false,
        "time_exhausted": false,
        "residual_wall_time_exhausted": false,
        "combined_budget_exhausted": false,
        "wall_time_s": 21.445050499867648,
        "flopscope_backend_time_s": 20.92014743387699,
        "flopscope_overhead_time_s": 0.4531128804665059,
        "residual_wall_time_s": 0.07179018552415073,
        "breakdowns": {
          "estimator": {
            "flop_budget": 272000000000,
            "flops_used": 170971246080,
            "flops_remaining": 101028753920,
            "wall_time_s": 21.445050499867648,
            "flopscope_backend_time_s": 20.92014743387699,
            "flopscope_overhead_time_s": 0.4531128804665059,
            "residual_wall_time_s": 0.07179018552415073,
            "by_namespace": {
              "estimator.estimator-client": {
                "flops_used": 170971246080,
                "calls": 15720,
                "flopscope_backend_time_s": 20.92014743387699,
                "flopscope_overhead_time_s": 0.4529373806435615,
                "operations": {
                  "astype": {
                    "flop_cost": 35913728,
                    "calls": 65,
                    "flopscope_backend_time_s": 0.002973750000819564,
                    "flopscope_overhead_time_s": 0.0010927470866590738
                  },
                  "matmul": {
                    "flop_cost": 129078979456,
                    "calls": 3088,
                    "flopscope_backend_time_s": 4.307674118084833,
                    "flopscope_overhead_time_s": 0.13616693415679038
                  },
                  "multiply": {
                    "flop_cost": 16974080,
                    "calls": 6,
                    "flopscope_backend_time_s": 0.002963248873129487,
                    "flopscope_overhead_time_s": 0.00015208288095891476
                  },
                  "reshape": {
                    "flop_cost": 151126016,
                    "calls": 18,
                    "flopscope_backend_time_s": 3.6248937249183655e-05,
                    "flopscope_overhead_time_s": 0.0002332951407879591
                  },
                  "add": {
                    "flop_cost": 18884281472,
                    "calls": 6026,
                    "flopscope_backend_time_s": 5.38280395581387,
                    "flopscope_overhead_time_s": 0.1572677365038544
                  },
                  "subtract": {
                    "flop_cost": 10890238208,
                    "calls": 5741,
                    "flopscope_backend_time_s": 7.434480482945219,
                    "flopscope_overhead_time_s": 0.13199407141655684
                  },
                  "stack": {
                    "flop_cost": 5457689600,
                    "calls": 389,
                    "flopscope_backend_time_s": 0.7607991287950426,
                    "flopscope_overhead_time_s": 0.010277210967615247
                  },
                  "negative": {
                    "flop_cost": 8388608,
                    "calls": 1,
                    "flopscope_backend_time_s": 0.0008753750007599592,
                    "flopscope_overhead_time_s": 1.637497916817665e-05
                  },
                  "concatenate": {
                    "flop_cost": 16908288,
                    "calls": 1,
                    "flopscope_backend_time_s": 0.001282416982576251,
                    "flopscope_overhead_time_s": 1.4374963939189911e-05
                  },
                  "maximum": {
                    "flop_cost": 541065216,
                    "calls": 64,
                    "flopscope_backend_time_s": 0.21644482808187604,
                    "flopscope_overhead_time_s": 0.0018871745560318232
                  },
                  "block": {
                    "flop_cost": 5855815680,
                    "calls": 252,
                    "flopscope_backend_time_s": 2.8058255538344383,
                    "flopscope_overhead_time_s": 0.008145995670929551
                  },
                  "zeros": {
                    "flop_cost": 0,
                    "calls": 33,
                    "flopscope_backend_time_s": 1.9787345081567764e-05,
                    "flopscope_overhead_time_s": 0.000147590646520257
                  },
                  "sum": {
                    "flop_cost": 33864960,
                    "calls": 34,
                    "flopscope_backend_time_s": 0.003960831090807915,
                    "flopscope_overhead_time_s": 0.0055053746327757835
                  },
                  "true_divide": {
                    "flop_cost": 512,
                    "calls": 1,
                    "flopscope_backend_time_s": 2.9169023036956787e-06,
                    "flopscope_overhead_time_s": 1.8833205103874207e-05
                  },
                  "sqrt": {
                    "flop_cost": 256,
                    "calls": 1,
                    "flopscope_backend_time_s": 4.791188985109329e-06,
                    "flopscope_overhead_time_s": 1.7583835870027542e-05
                  }
                }
              }
            }
          }
        },
        "traceback": null
      },
      {
        "mlp_index": 99,
        "mlp_name": "kristi-johnson",
        "final_layer_mse": 1.2982593489141436e-07,
        "all_layers_mse": 0.7200329303741455,
        "per_layer_mse": [
          6.154187159879143e-10,
          0.4453815817832947,
          0.594052791595459,
          0.4761372208595276,
          0.46745365858078003,
          0.4712221622467041,
          0.4051858186721802,
          0.4606606364250183,
          0.5836228132247925,
          0.6502049565315247,
          0.7804278135299683,
          0.7742377519607544,
          0.729346513748169,
          0.8170861005783081,
          0.8424686193466187,
          0.708966851234436,
          0.8208913803100586,
          0.8591076731681824,
          0.9506094455718994,
          0.6638214588165283,
          0.6547486782073975,
          0.6815385818481445,
          0.69145667552948,
          0.8567687273025513,
          0.8873499631881714,
          0.8793814778327942,
          0.9666404128074646,
          1.3978753089904785,
          1.2383182048797607,
          1.217230200767517,
          1.068860411643982,
          1.2982593489141436e-07
        ],
        "adjusted_final_layer_score": 8.51219315141604e-08,
        "flops_used": 170971246080,
        "effective_compute": 178340062724.88464,
        "budget_exhausted": false,
        "time_exhausted": false,
        "residual_wall_time_exhausted": false,
        "combined_budget_exhausted": false,
        "wall_time_s": 21.808469667099416,
        "flopscope_backend_time_s": 21.27033652109094,
        "flopscope_overhead_time_s": 0.46444497955963016,
        "residual_wall_time_s": 0.07368816644884646,
        "breakdowns": {
          "estimator": {
            "flop_budget": 272000000000,
            "flops_used": 170971246080,
            "flops_remaining": 101028753920,
            "wall_time_s": 21.808469667099416,
            "flopscope_backend_time_s": 21.27033652109094,
            "flopscope_overhead_time_s": 0.46444497955963016,
            "residual_wall_time_s": 0.07368816644884646,
            "by_namespace": {
              "estimator.estimator-client": {
                "flops_used": 170971246080,
                "calls": 15720,
                "flopscope_backend_time_s": 21.27033652109094,
                "flopscope_overhead_time_s": 0.46431802050210536,
                "operations": {
                  "astype": {
                    "flop_cost": 35913728,
                    "calls": 65,
                    "flopscope_backend_time_s": 0.0029452156741172075,
                    "flopscope_overhead_time_s": 0.0010743283201009035
                  },
                  "matmul": {
                    "flop_cost": 129078979456,
                    "calls": 3088,
                    "flopscope_backend_time_s": 4.363504082895815,
                    "flopscope_overhead_time_s": 0.14724550070241094
                  },
                  "multiply": {
                    "flop_cost": 16974080,
                    "calls": 6,
                    "flopscope_backend_time_s": 0.0024986672215163708,
                    "flopscope_overhead_time_s": 0.00013079075142741203
                  },
                  "reshape": {
                    "flop_cost": 151126016,
                    "calls": 18,
                    "flopscope_backend_time_s": 3.154110163450241e-05,
                    "flopscope_overhead_time_s": 0.0002264173235744238
                  },
                  "add": {
                    "flop_cost": 18884281472,
                    "calls": 6026,
                    "flopscope_backend_time_s": 5.461038241395727,
                    "flopscope_overhead_time_s": 0.15569861512631178
                  },
                  "subtract": {
                    "flop_cost": 10890238208,
                    "calls": 5741,
                    "flopscope_backend_time_s": 7.606308061396703,
                    "flopscope_overhead_time_s": 0.13412224571220577
                  },
                  "stack": {
                    "flop_cost": 5457689600,
                    "calls": 389,
                    "flopscope_backend_time_s": 0.7527907544281334,
                    "flopscope_overhead_time_s": 0.0096987911965698
                  },
                  "negative": {
                    "flop_cost": 8388608,
                    "calls": 1,
                    "flopscope_backend_time_s": 0.0008730841800570488,
                    "flopscope_overhead_time_s": 1.6623875126242638e-05
                  },
                  "concatenate": {
                    "flop_cost": 16908288,
                    "calls": 1,
                    "flopscope_backend_time_s": 0.0014303748030215502,
                    "flopscope_overhead_time_s": 4.2750267311930656e-05
                  },
                  "maximum": {
                    "flop_cost": 541065216,
                    "calls": 64,
                    "flopscope_backend_time_s": 0.2156811284366995,
                    "flopscope_overhead_time_s": 0.0019647430162876844
                  },
                  "block": {
                    "flop_cost": 5855815680,
                    "calls": 252,
                    "flopscope_backend_time_s": 2.859170538606122,
                    "flopscope_overhead_time_s": 0.008439793018624187
                  },
                  "zeros": {
                    "flop_cost": 0,
                    "calls": 33,
                    "flopscope_backend_time_s": 3.4539494663476944e-05,
                    "flopscope_overhead_time_s": 0.00015262886881828308
                  },
                  "sum": {
                    "flop_cost": 33864960,
                    "calls": 34,
                    "flopscope_backend_time_s": 0.004019708372652531,
                    "flopscope_overhead_time_s": 0.0054662092588841915
                  },
                  "true_divide": {
                    "flop_cost": 512,
                    "calls": 1,
                    "flopscope_backend_time_s": 6.125075742602348e-06,
                    "flopscope_overhead_time_s": 2.0041130483150482e-05
                  },
                  "sqrt": {
                    "flop_cost": 256,
                    "calls": 1,
                    "flopscope_backend_time_s": 4.458008334040642e-06,
                    "flopscope_overhead_time_s": 1.8541933968663216e-05
                  }
                }
              }
            }
          }
        },
        "traceback": null
      }
    ],
    "breakdowns": {
      "sampling": {
        "flop_budget": 100000000000000000,
        "flops_used": 421120206250777600,
        "flops_remaining": 0,
        "wall_time_s": 39806.90634413352,
        "flopscope_backend_time_s": 0.0,
        "flopscope_overhead_time_s": 0.0,
        "residual_wall_time_s": 39806.90634413352,
        "by_namespace": {
          "sampling.sample_layer_statistics": {
            "flops_used": 421120206250777600,
            "calls": 0,
            "flopscope_backend_time_s": 0.0,
            "flopscope_overhead_time_s": 0.0,
            "operations": {}
          }
        },
        "time_source": "bake"
      },
      "estimator": {
        "flop_budget": 27200000000000,
        "flops_used": 17097124608000,
        "flops_remaining": 10102875392000,
        "wall_time_s": 2270.7321637880523,
        "flopscope_backend_time_s": 2212.2170710857026,
        "flopscope_overhead_time_s": 50.74843867495656,
        "residual_wall_time_s": 7.766654027393088,
        "by_namespace": {
          "estimator.estimator-client": {
            "flops_used": 17097124608000,
            "calls": 1572000,
            "flopscope_backend_time_s": 2212.2170710857026,
            "flopscope_overhead_time_s": 50.730513639282435,
            "operations": {
              "astype": {
                "flop_cost": 3591372800,
                "calls": 6500,
                "flopscope_backend_time_s": 0.36977213784120977,
                "flopscope_overhead_time_s": 0.11392419505864382
              },
              "matmul": {
                "flop_cost": 12907897945600,
                "calls": 308800,
                "flopscope_backend_time_s": 439.768116543768,
                "flopscope_overhead_time_s": 15.983577999519184
              },
              "multiply": {
                "flop_cost": 1697408000,
                "calls": 600,
                "flopscope_backend_time_s": 0.6648005086462945,
                "flopscope_overhead_time_s": 0.015282121952623129
              },
              "reshape": {
                "flop_cost": 15112601600,
                "calls": 1800,
                "flopscope_backend_time_s": 0.003989721415564418,
                "flopscope_overhead_time_s": 0.029747553868219256
              },
              "add": {
                "flop_cost": 1888428147200,
                "calls": 602600,
                "flopscope_backend_time_s": 578.1463716942817,
                "flopscope_overhead_time_s": 17.016783294035122
              },
              "subtract": {
                "flop_cost": 1089023820800,
                "calls": 574100,
                "flopscope_backend_time_s": 779.4576003067195,
                "flopscope_overhead_time_s": 14.178868207382038
              },
              "stack": {
                "flop_cost": 545768960000,
                "calls": 38900,
                "flopscope_backend_time_s": 84.39380113827065,
                "flopscope_overhead_time_s": 1.0265391308348626
              },
              "negative": {
                "flop_cost": 838860800,
                "calls": 100,
                "flopscope_backend_time_s": 0.09003042406402528,
                "flopscope_overhead_time_s": 0.0020632860250771046
              },
              "concatenate": {
                "flop_cost": 1690828800,
                "calls": 100,
                "flopscope_backend_time_s": 0.2170394652057439,
                "flopscope_overhead_time_s": 0.001788415014743805
              },
              "maximum": {
                "flop_cost": 54106521600,
                "calls": 6400,
                "flopscope_backend_time_s": 22.314963937271386,
                "flopscope_overhead_time_s": 0.1982041415758431
              },
              "block": {
                "flop_cost": 585581568000,
                "calls": 25200,
                "flopscope_backend_time_s": 306.3831257617567,
                "flopscope_overhead_time_s": 0.8865108306054026
              },
              "zeros": {
                "flop_cost": 0,
                "calls": 3300,
                "flopscope_backend_time_s": 0.004022419452667236,
                "flopscope_overhead_time_s": 0.016240571159869432
              },
              "sum": {
                "flop_cost": 3386496000,
                "calls": 3400,
                "flopscope_backend_time_s": 0.4018671091180295,
                "flopscope_overhead_time_s": 1.2565276806708425
              },
              "true_divide": {
                "flop_cost": 51200,
                "calls": 100,
                "flopscope_backend_time_s": 0.0008838793728500605,
                "flopscope_overhead_time_s": 0.0023813750594854355
              },
              "sqrt": {
                "flop_cost": 25600,
                "calls": 100,
                "flopscope_backend_time_s": 0.0006860385183244944,
                "flopscope_overhead_time_s": 0.0020748365204781294
              }
            }
          }
        }
      }
    }
  },
  "run_meta": {
    "run_started_at_utc": "2026-07-30T03:33:04.510088+00:00",
    "run_finished_at_utc": "2026-07-30T03:33:04.510133+00:00",
    "run_duration_s": 2410.3125009536743,
    "host": {
      "hostname": "Skyes-MBP",
      "os": "Darwin",
      "os_release": "25.5.0",
      "platform": "macOS-26.5.1-arm64-arm-64bit",
      "machine": "arm64",
      "python_version": "3.12.13",
      "cpu_brand": "arm",
      "cpu_count_logical": 12,
      "cpu_count_physical": 12,
      "ram_total_bytes": 25769803776,
      "ram_available_bytes": null,
      "numpy_version": "2.4.6",
      "flopscope_version": "0.9.1"
    }
  },
  "run_config": {
    "n_mlps": 100,
    "width": 256,
    "depth": 32,
    "seed": null,
    "flop_budget": 272000000000,
    "wall_time_limit_s": 60.0,
    "residual_wall_time_limit_s": null,
    "dataset": {
      "path": "/Users/skyenygaard/Programming/AI-Safety/arc_whitebox/data/official_phase1_mini",
      "sha256": "5b00938b6bd809fe80acef08772c5654edf467863225ca9e304b76c779ecf433",
      "seed": null,
      "n_mlps": 100
    }
  },
  "whestbench_version": "0.13.0"
}
