adjusted_score,approximation_max_abs_vs_baseline,approximation_mse_vs_baseline,candidate,effective_compute,fallback,index,kink_counts_json,name,predicted_cost_ratio,raw_final_mse,residual_wall_time_s,selected_depth,timings_json,tracked_flops
1.130612969900011e-07,,,baseline,177842998081.9268,False,0,[],daniel-harrison,1.0,1.7292034610838877e-07,0.06936182593926787,0,"{""final_reduction_s"": 0.005879624979570508, ""full_propagation_s"": 17.581359958043322}",170906815488
1.1033088373876609e-07,,,baseline,175854572254.3416,False,1,[],dustin-robinson,1.0,1.7065237481309487e-07,0.049477567663416266,0,"{""final_reduction_s"": 0.004411292029544711, ""full_propagation_s"": 16.533824334153906}",170906815488
1.977275681231449e-07,,,baseline,175573183685.64972,False,2,[],cole-martin,1.0,3.0632182774442233e-07,0.04666368197649717,0,"{""final_reduction_s"": 0.004399500088766217, ""full_propagation_s"": 16.477147208992392}",170906815488
7.420525391978001e-08,,,baseline,175387481340.31573,False,3,[],donna-clarke,1.0,1.1508135536205215e-07,0.04480665852315724,0,"{""final_reduction_s"": 0.005930790910497308, ""full_propagation_s"": 18.27880762494169}",170906815488
6.461110858197069e-08,,,baseline,176913210443.3296,False,4,[],rebecca-walker,1.0,9.933809629171565e-08,0.06006394955329597,0,"{""final_reduction_s"": 0.004612792050465941, ""full_propagation_s"": 18.683105916017666}",170906815488
1.4148065423352953e-07,,,baseline,175692131622.803,False,5,[],monique-stevens,1.0,2.1903506774076486e-07,0.04785316134802997,0,"{""final_reduction_s"": 0.004609708907082677, ""full_propagation_s"": 17.293815291952342}",170906815488
8.26649801478645e-08,,,baseline,175119604446.10248,False,6,[],keith-brock,1.0,1.2839724410832278e-07,0.04212788958102465,0,"{""final_reduction_s"": 0.004882999928668141, ""full_propagation_s"": 17.125984499929473}",170906815488
8.051505022784547e-08,,,baseline,174646846434.21002,False,7,[],robert-huff,1.0,1.2539644493508675e-07,0.03740030946210027,0,"{""final_reduction_s"": 0.004204167053103447, ""full_propagation_s"": 16.2537587499246}",170906815488
1.7454770340288475e-07,,,baseline,174922317751.79187,False,8,[],kimberly-caldwell,1.0,2.7141748369097576e-07,0.04015502263791859,0,"{""final_reduction_s"": 0.006843500072136521, ""full_propagation_s"": 16.71059074997902}",170906815488
6.928416745725881e-08,,,baseline,176451137402.20346,False,9,[],annette-hansen,1.0,1.0680176861324705e-07,0.05544321914203465,0,"{""final_reduction_s"": 0.004602415952831507, ""full_propagation_s"": 17.425798166077584}",170906815488
4.2156226215100235e-08,,,baseline,174833844831.32193,False,10,[],emma-potter,1.0,6.558509047015485e-08,0.039270293433219194,0,"{""final_reduction_s"": 0.009267332963645458, ""full_propagation_s"": 16.680736833019182}",170906815488
1.5456972869896278e-07,,,baseline,175710798167.73215,False,11,[],alan-campbell,1.0,2.3927366243014836e-07,0.04803982679732144,0,"{""final_reduction_s"": 0.004250790923833847, ""full_propagation_s"": 16.357981708133593}",170906815488
9.620556319749671e-08,,,baseline,175509882900.97244,False,12,[],steven-williams,1.0,1.4909652241340604e-07,0.0460306741297245,0,"{""final_reduction_s"": 0.0046232920140028, ""full_propagation_s"": 16.709276541834697}",170906815488
5.588623245643645e-08,,,baseline,175876899525.63174,False,13,[],hannah-best,1.0,8.643008416199285e-08,0.0497008403763175,0,"{""final_reduction_s"": 0.005326082929968834, ""full_propagation_s"": 17.10015895892866}",170906815488
2.6064564132504006e-07,,,baseline,175510324417.72202,False,14,[],thomas-parsons,1.0,4.0393985183274074e-07,0.04603508929722011,0,"{""final_reduction_s"": 0.004603083012625575, ""full_propagation_s"": 16.58646499994211}",170906815488
1.1461612257652933e-07,,,baseline,175740023768.6155,False,15,[],kenneth-frost,1.0,1.77396046001807e-07,0.048332082806155086,0,"{""final_reduction_s"": 0.004986375104635954, ""full_propagation_s"": 16.875926750013605}",170906815488
7.936557405018149e-08,,,baseline,174846155216.09464,False,16,[],joseph-shaffer,1.0,1.2346531792460162e-07,0.039393397280946374,0,"{""final_reduction_s"": 0.004964957945048809, ""full_propagation_s"": 17.14193966705352}",170906815488
1.220890489044862e-07,,,baseline,175335001709.04825,False,17,[],natasha-richardson,1.0,1.8939869950853357e-07,0.04428186221048236,0,"{""final_reduction_s"": 0.005243624793365598, ""full_propagation_s"": 17.871746000135317}",170906815488
9.023214309836625e-08,,,baseline,176222376987.44662,False,18,[],anne-clayton,1.0,1.3927370259285502e-07,0.053155614994466305,0,"{""final_reduction_s"": 0.005421833135187626, ""full_propagation_s"": 17.790232291910797}",170906815488
9.391199435807747e-08,,,baseline,175700598904.97156,False,19,[],jessica-benson,1.0,1.45384037530872e-07,0.04793783416971564,0,"{""final_reduction_s"": 0.004569124896079302, ""full_propagation_s"": 19.101321042049676}",170906815488
2.608323108145913e-07,,,baseline,175824819850.84393,False,20,[],alexandra-adkins,1.0,4.035061068269782e-07,0.04918004362843931,0,"{""final_reduction_s"": 0.005935083841904998, ""full_propagation_s"": 17.236044292105362}",170906815488
7.484988298120884e-08,,,baseline,175644957433.56326,False,21,[],olivia-hodge,1.0,1.1591091750293798e-07,0.04738141945563257,0,"{""final_reduction_s"": 0.0050836249720305204, ""full_propagation_s"": 17.83978187502362}",170906815488
1.207157616368737e-07,,,baseline,175420563454.84833,False,22,[],mary-clay,1.0,1.8717695644433954e-07,0.04513747966848314,0,"{""final_reduction_s"": 0.004645165987312794, ""full_propagation_s"": 16.85218041599728}",170906815488
8.041029087132913e-08,,,baseline,175617295453.43347,False,23,[],emily-ho,1.0,1.2454125922239235e-07,0.047104799654334784,0,"{""final_reduction_s"": 0.005080916918814182, ""full_propagation_s"": 17.310623958008364}",170906815488
1.1561902439808856e-07,,,baseline,175566498815.19058,False,24,[],michael-poole,1.0,1.7912514544921297e-07,0.04659683327190578,0,"{""final_reduction_s"": 0.004720041994005442, ""full_propagation_s"": 17.579616042086855}",170906815488
3.5859119824061095e-08,,,baseline,174956652076.09216,False,25,[],courtney-roth,1.0,5.574912686316463e-08,0.04049836588092148,0,"{""final_reduction_s"": 0.004476709058508277, ""full_propagation_s"": 17.03630300005898}",170906815488
1.5650179665533267e-07,,,baseline,175399244549.7928,False,26,[],randy-hernandez,1.0,2.426948234555596e-07,0.04492429061792791,0,"{""final_reduction_s"": 0.006241708993911743, ""full_propagation_s"": 18.956645332975313}",170906815488
1.0197732917400986e-07,,,baseline,175990726655.4577,False,27,[],robert-williams,1.0,1.576096312712764e-07,0.050839111674577,0,"{""final_reduction_s"": 0.004807832883670926, ""full_propagation_s"": 16.65987483295612}",170906815488
3.2348255399942786e-07,,,baseline,175369050000.9028,False,28,[],todd-jenkins,1.0,5.017262435269589e-07,0.04462234512902796,0,"{""final_reduction_s"": 0.0050010408740490675, ""full_propagation_s"": 18.334452542010695}",170906815488
7.58633566758585e-08,,,baseline,175158881951.23206,False,29,[],elizabeth-jackson,1.0,1.178063754801694e-07,0.042520664632320404,0,"{""final_reduction_s"": 0.004769999999552965, ""full_propagation_s"": 17.050865000113845}",170906815488
1.2393943518367803e-07,,,baseline,175201271470.7447,False,30,[],megan-ashley,1.0,1.9241599154484228e-07,0.04294455982744694,0,"{""final_reduction_s"": 0.02225395804271102, ""full_propagation_s"": 17.66268404200673}",170906815488
9.216315055735963e-08,,,baseline,175007818193.28348,False,31,[],martin-hill,1.0,1.432414689263517e-07,0.04101002705283463,0,"{""final_reduction_s"": 0.004669708898290992, ""full_propagation_s"": 17.016464124899358}",170906815488
9.722501229222127e-08,,,baseline,174816505444.34467,False,32,[],lauren-johnson,1.0,1.5127406463289243e-07,0.03909689956344664,0,"{""final_reduction_s"": 0.004602999892085791, ""full_propagation_s"": 16.63059900002554}",170906815488
1.261612372433534e-07,,,baseline,176706646798.2871,False,33,[],michele-wright,1.0,1.941967501050717e-07,0.05799831310287118,0,"{""final_reduction_s"": 0.004896708065643907, ""full_propagation_s"": 18.2249012500979}",170906815488
9.487370787602886e-08,,,baseline,175346781752.18085,False,34,[],kevin-newman,1.0,1.471692168194521e-07,0.04439966264180839,0,"{""final_reduction_s"": 0.005524457897990942, ""full_propagation_s"": 17.104293833952397}",170906815488
1.0828721305831291e-07,,,baseline,174977002894.6144,False,35,[],bobby-vasquez,1.0,1.683313890660295e-07,0.04070187406614423,0,"{""final_reduction_s"": 0.004744666861370206, ""full_propagation_s"": 16.728945208946243}",170906815488
8.239412214144784e-08,,,baseline,175014436869.9906,False,36,[],paul-beasley,1.0,1.2805344303751332e-07,0.041076213819906116,0,"{""final_reduction_s"": 0.005322624929249287, ""full_propagation_s"": 16.896245541982353}",170906815488
8.348334171545526e-08,,,baseline,175523249708.2246,False,37,[],kyle-braun,1.0,1.293701488797117e-07,0.04616434220224619,0,"{""final_reduction_s"": 0.004789625061675906, ""full_propagation_s"": 16.843500290997326}",170906815488
2.6501023330346757e-07,,,baseline,174921256416.58582,False,38,[],leonard-brown,1.0,4.120870438231564e-07,0.040144409285858274,0,"{""final_reduction_s"": 0.01126441708765924, ""full_propagation_s"": 16.546603417024016}",170906815488
6.35457069791576e-08,,,baseline,175362473047.447,False,39,[],kara-garrett,1.0,9.856403139144999e-08,0.044556575594469905,0,"{""final_reduction_s"": 0.00486912508495152, ""full_propagation_s"": 17.86341349990107}",170906815488
4.7656427937788544e-08,,,baseline,176889537201.37158,False,40,[],alejandro-smith,1.0,7.328046985798758e-08,0.05982721713371575,0,"{""final_reduction_s"": 0.005563915940001607, ""full_propagation_s"": 19.835588457994163}",170906815488
5.0258682729255926e-08,,,baseline,174945963496.45087,False,41,[],tammy-hopkins,1.0,7.81404808041481e-08,0.04039148008450866,0,"{""final_reduction_s"": 0.004225291078910232, ""full_propagation_s"": 16.47518483386375}",170906815488
9.758523788555105e-08,,,baseline,174822650822.9194,False,42,[],jonathan-cross,1.0,1.5182920851461e-07,0.03915835334919393,0,"{""final_reduction_s"": 0.005659416085109115, ""full_propagation_s"": 16.32574158301577}",170906815488
1.3620413993862743e-07,,,baseline,176011829563.52512,False,43,[],christy-johnson,1.0,2.1048315988293104e-07,0.05105014075525105,0,"{""final_reduction_s"": 0.004576333099976182, ""full_propagation_s"": 17.672805832931772}",170906815488
7.760519034694819e-08,,,baseline,175415539016.1244,False,44,[],edward-adams,1.0,1.2033490244230633e-07,0.04508723528124392,0,"{""final_reduction_s"": 0.005081124836578965, ""full_propagation_s"": 17.535314459120855}",170906815488
8.217960572266284e-08,,,baseline,174814831182.4692,False,45,[],ryan-harvey,1.0,1.2786588303387546e-07,0.039080156944692135,0,"{""final_reduction_s"": 0.004586375085636973, ""full_propagation_s"": 16.59141729096882}",170906815488
1.1219253392653795e-07,,,baseline,174828511938.56128,False,46,[],allison-tyler,1.0,1.7455030011776608e-07,0.03921696450561285,0,"{""final_reduction_s"": 0.004829457961022854, ""full_propagation_s"": 17.199678875040263}",170906815488
1.6515832423235317e-07,,,baseline,176242407966.51373,False,47,[],debbie-anderson,1.0,2.5489361334495327e-07,0.053355924785137177,0,"{""final_reduction_s"": 0.004597292048856616, ""full_propagation_s"": 17.083135792054236}",170906815488
9.337529259378184e-08,,,baseline,175741347876.48596,False,48,[],andrew-nguyen,1.0,1.445196585345349e-07,0.04834532388485968,0,"{""final_reduction_s"": 0.004319333005696535, ""full_propagation_s"": 16.569303707918152}",170906815488
1.1201527646939324e-07,,,baseline,175332180476.85602,False,49,[],mark-cole,1.0,1.737738908899087e-07,0.044253649888560176,0,"{""final_reduction_s"": 0.004659333033487201, ""full_propagation_s"": 17.891444750130177}",170906815488
8.608787889933026e-07,,,baseline,175964146010.68625,False,50,[],joshua-collins,1.0,1.330720126314584e-06,0.05057330522686243,0,"{""final_reduction_s"": 0.005452207988128066, ""full_propagation_s"": 17.229771916056052}",170906815488
1.8890359654240424e-07,,,baseline,176582102124.6878,False,51,[],brittney-massey,1.0,2.909795366647768e-07,0.05675286636687815,0,"{""final_reduction_s"": 0.004880125168710947, ""full_propagation_s"": 19.34220104198903}",170906815488
1.811835118713639e-07,,,baseline,175603439748.39575,False,52,[],elaine-lopez,1.0,2.806432225907534e-07,0.04696624260395765,0,"{""final_reduction_s"": 0.005068666068837047, ""full_propagation_s"": 16.54087887494825}",170906815488
6.51798566594474e-07,,,baseline,175969320904.57208,False,53,[],alexandra-reid,1.0,1.0075006779723872e-06,0.05062505416572094,0,"{""final_reduction_s"": 0.004369292175397277, ""full_propagation_s"": 16.670625291997567}",170906815488
3.0057811308981624e-07,,,baseline,174790989254.70987,False,54,[],desiree-maynard,1.0,4.67742914603517e-07,0.03884173766709864,0,"{""final_reduction_s"": 0.004664209205657244, ""full_propagation_s"": 16.99984229193069}",170906815488
9.160042174977533e-08,,,baseline,175023622527.82712,False,55,[],tyler-garcia,1.0,1.4235401116770733e-07,0.041168070398271084,0,"{""final_reduction_s"": 0.004607500042766333, ""full_propagation_s"": 17.819845624966547}",170906815488
1.3447027963653376e-07,,,baseline,174204048114.93732,False,56,[],thomas-smith,1.0,2.09960195856097e-07,0.0329723262693733,0,"{""final_reduction_s"": 0.004281584173440933, ""full_propagation_s"": 16.47917929198593}",170906815488
1.4860002800475674e-07,,,baseline,174914073567.94604,False,57,[],ashley-smith,1.0,2.3108036301946187e-07,0.04007258079946041,0,"{""final_reduction_s"": 0.0047211251221597195, ""full_propagation_s"": 16.290090000024065}",170906815488
1.0204300325816871e-07,,,baseline,175228080638.7929,False,58,[],tommy-arias,1.0,1.5839753985228088e-07,0.04321265150792897,0,"{""final_reduction_s"": 0.005364457843825221, ""full_propagation_s"": 17.747721000108868}",170906815488
8.825156996844703e-08,,,baseline,175010385290.82812,False,59,[],shane-long,1.0,1.3716001477013836e-07,0.04103569802828133,0,"{""final_reduction_s"": 0.004600625019520521, ""full_propagation_s"": 16.889257000060752}",170906815488
2.469915162536765e-07,,,baseline,176218835889.47037,False,60,[],david-tyler,1.0,3.812401329398086e-07,0.05312020401470363,0,"{""final_reduction_s"": 0.006547792116180062, ""full_propagation_s"": 19.309795083012432}",170906815488
8.919288038838548e-08,,,baseline,175305551054.06473,False,61,[],nathan-martinez,1.0,1.3838959074466987e-07,0.043987355660647154,0,"{""final_reduction_s"": 0.005345290992408991, ""full_propagation_s"": 17.427450000075623}",170906815488
6.651118588945585e-08,,,baseline,175777022769.78323,False,62,[],anthony-park,1.0,1.0292040607392693e-07,0.04870207281783223,0,"{""final_reduction_s"": 0.004744374891743064, ""full_propagation_s"": 16.966627624817193}",170906815488
1.205646019542161e-07,,,baseline,175277027623.8365,False,63,[],frederick-vargas,1.0,1.8709566322590397e-07,0.04370212135836482,0,"{""final_reduction_s"": 0.004683667095378041, ""full_propagation_s"": 16.616504417033866}",170906815488
1.9393604989306513e-07,,,baseline,175340882778.27628,False,64,[],kenneth-curry,1.0,3.00846013405889e-07,0.04434067290276289,0,"{""final_reduction_s"": 0.004683499922975898, ""full_propagation_s"": 18.21569854184054}",170906815488
1.8210388740055364e-07,,,baseline,175383240074.02786,False,65,[],daniel-petersen,1.0,2.8242298039449736e-07,0.044764245860278606,0,"{""final_reduction_s"": 0.00492808292619884, ""full_propagation_s"": 17.07522379187867}",170906815488
2.3202420791249652e-07,,,baseline,175123540424.85037,False,66,[],david-wilson,1.0,3.6037750492647956e-07,0.04216724936850369,0,"{""final_reduction_s"": 0.0054256669245660305, ""full_propagation_s"": 18.092337334062904}",170906815488
1.0456534989614603e-07,,,baseline,174981243602.10873,False,67,[],kimberly-mayo,1.0,1.6254185069358463e-07,0.04074428114108741,0,"{""final_reduction_s"": 0.004815875086933374, ""full_propagation_s"": 16.468103083083406}",170906815488
1.4206374183609485e-07,,,baseline,175464559575.65137,False,68,[],mary-nichols,1.0,2.2022303462801346e-07,0.04557744087651372,0,"{""final_reduction_s"": 0.004428791115060449, ""full_propagation_s"": 16.80673591606319}",170906815488
2.0211522963600582e-07,,,baseline,174599265885.64792,False,69,[],theodore-anderson,1.0,3.148658282274746e-07,0.03692450397647917,0,"{""final_reduction_s"": 0.004398290999233723, ""full_propagation_s"": 17.127916167024523}",170906815488
2.0138203570214044e-07,,,baseline,174887903496.7316,False,70,[],michael-cooper,1.0,3.1320584566333876e-07,0.039810880087316036,0,"{""final_reduction_s"": 0.004883750109001994, ""full_propagation_s"": 16.346583209000528}",170906815488
2.6446322800187505e-07,,,baseline,176524294303.83868,False,71,[],savannah-hayes,1.0,4.075019718968266e-07,0.056174788158386946,0,"{""final_reduction_s"": 0.004330832976847887, ""full_propagation_s"": 16.578521999996156}",170906815488
1.3040651798775652e-07,,,baseline,175168418065.75336,False,72,[],terri-butler,1.0,2.0249410986491359e-07,0.04261602577753365,0,"{""final_reduction_s"": 0.004240166861563921, ""full_propagation_s"": 16.4573198328726}",170906815488
1.698817184311229e-07,,,baseline,174797236845.93716,False,73,[],david-anderson,1.0,2.6435101748199885e-07,0.03890421357937157,0,"{""final_reduction_s"": 0.004293499980121851, ""full_propagation_s"": 16.303305125096813}",170906815488
2.115657947861798e-07,,,baseline,174899438555.46097,False,74,[],heidi-willis,1.0,3.290227610627405e-07,0.03992623067460954,0,"{""final_reduction_s"": 0.005571542074903846, ""full_propagation_s"": 16.35438562510535}",170906815488
1.0302689891376459e-07,,,baseline,176827751422.4095,False,75,[],charles-johnson,1.0,1.5847804588998782e-07,0.05920935934409499,0,"{""final_reduction_s"": 0.004771208856254816, ""full_propagation_s"": 17.959242458920926}",170906815488
1.3079427162183325e-07,,,baseline,174658993371.8709,False,76,[],jerry-thomas,1.0,2.0368857734907924e-07,0.037521778838709,0,"{""final_reduction_s"": 0.004552583210170269, ""full_propagation_s"": 16.335221082903445}",170906815488
8.300515956156133e-08,,,baseline,174727480761.8154,False,77,[],ricky-vincent,1.0,1.292149540662221e-07,0.038206652738153934,0,"{""final_reduction_s"": 0.004273250000551343, ""full_propagation_s"": 16.58951508300379}",170906815488
3.1912806897968207e-07,,,baseline,176488861158.59875,False,78,[],dan-weeks,1.0,4.918318028267495e-07,0.05582045670598745,0,"{""final_reduction_s"": 0.0046787080354988575, ""full_propagation_s"": 19.476702583953738}",170906815488
1.5904776564750066e-07,,,baseline,175522801788.63235,False,79,[],allen-davis,1.0,2.4646935791405507e-07,0.046159863006323576,0,"{""final_reduction_s"": 0.0049188327975571156, ""full_propagation_s"": 17.28968783398159}",170906815488
1.5863517640477705e-07,,,baseline,175449083113.22012,False,80,[],matthew-herrera,1.0,2.4593327714488404e-07,0.0454226762522012,0,"{""final_reduction_s"": 0.0047387920785695314, ""full_propagation_s"": 16.801147874910384}",170906815488
1.3201647289294759e-07,,,baseline,175392956399.46738,False,81,[],nicole-strickland,1.0,2.0473160019663588e-07,0.044861409114673734,0,"{""final_reduction_s"": 0.0048226669896394014, ""full_propagation_s"": 17.175220916047692}",170906815488
2.699641272372151e-07,,,baseline,175596671524.5662,False,82,[],william-brown,1.0,4.1817559507811927e-07,0.04689856036566198,0,"{""final_reduction_s"": 0.005864000180736184, ""full_propagation_s"": 17.856533375103027}",170906815488
7.702222940187356e-08,,,baseline,175264867205.28134,False,83,[],brandon-king,1.0,1.1953363347356766e-07,0.043580517172813416,0,"{""final_reduction_s"": 0.004576584091410041, ""full_propagation_s"": 17.091790084028617}",170906815488
2.5049237792777584e-07,,,baseline,175122491546.08377,False,84,[],jessica-henderson,1.0,3.8906439826677243e-07,0.04215676058083773,0,"{""final_reduction_s"": 0.004653125070035458, ""full_propagation_s"": 17.265074457973242}",170906815488
2.133859481537576e-07,,,baseline,175434730989.96707,False,85,[],dominique-perkins,1.0,3.3084086355250474e-07,0.045279155019670725,0,"{""final_reduction_s"": 0.004743458004668355, ""full_propagation_s"": 17.263614875031635}",170906815488
2.6292009011868915e-07,,,baseline,176813213011.35846,False,86,[],johnathan-peterson,1.0,4.0446221916508795e-07,0.05906397523358464,0,"{""final_reduction_s"": 0.006346458103507757, ""full_propagation_s"": 18.70709399995394}",170906815488
1.6040818720621182e-07,,,baseline,175112956293.03583,False,87,[],katie-lee,1.0,2.491593303186373e-07,0.042061408050358295,0,"{""final_reduction_s"": 0.004638749873265624, ""full_propagation_s"": 17.00425058300607}",170906815488
1.2586973641110733e-07,,,baseline,175441296138.90924,False,88,[],robert-barrera,1.0,1.9514543643540848e-07,0.04534480650909245,0,"{""final_reduction_s"": 0.004770749947056174, ""full_propagation_s"": 18.68306954111904}",170906815488
6.382717711230069e-08,,,baseline,176304399521.19867,False,89,[],melissa-bennett,1.0,9.84716899957923e-08,0.053975840331986547,0,"{""final_reduction_s"": 0.004700083052739501, ""full_propagation_s"": 17.553561667213216}",170906815488
1.0811247121878086e-07,,,baseline,175105753374.39456,False,90,[],william-rodriguez,1.0,1.6793618487585614e-07,0.0419893788639456,0,"{""final_reduction_s"": 0.005667082965373993, ""full_propagation_s"": 16.591598375001922}",170906815488
5.064694289447927e-08,,,baseline,175505771414.48535,False,91,[],jimmy-barr,1.0,7.849296553766416e-08,0.0459895592648536,0,"{""final_reduction_s"": 0.0047288339119404554, ""full_propagation_s"": 16.95571104204282}",170906815488
2.2404781490103244e-07,,,baseline,176184260608.73697,False,92,[],erika-taylor,1.0,3.458935857409885e-07,0.052774451207369566,0,"{""final_reduction_s"": 0.005174000049009919, ""full_propagation_s"": 17.58841299987398}",170906815488
3.468673724123274e-08,,,baseline,176876512562.03333,False,93,[],benjamin-dean,1.0,5.3341127054991985e-08,0.0596969707403332,0,"{""final_reduction_s"": 0.008092333097010851, ""full_propagation_s"": 24.44338724995032}",170906815488
8.477598256721636e-08,,,baseline,177644008045.19333,False,94,[],michele-galvan,1.0,1.298049256601806e-07,0.06737192557193339,0,"{""final_reduction_s"": 0.017005041940137744, ""full_propagation_s"": 23.996228707954288}",170906815488
1.873711681274714e-07,,,baseline,176537311888.40845,False,95,[],cathy-butler,1.0,2.8869227238991744e-07,0.05630496400408447,0,"{""final_reduction_s"": 0.007794708013534546, ""full_propagation_s"": 24.18865858297795}",170906815488
1.3519558818508393e-07,,,baseline,176733318829.0862,False,96,[],lindsey-chase,1.0,2.0807168806638633e-07,0.05826503341086209,0,"{""final_reduction_s"": 0.01112633291631937, ""full_propagation_s"": 25.261473916936666}",170906815488
2.281157900529342e-07,,,baseline,178488224228.9526,False,97,[],kenneth-hernandez,1.0,3.4762794667511386e-07,0.07581408740952611,0,"{""final_reduction_s"": 0.007289165863767266, ""full_propagation_s"": 28.24220245797187}",170906815488
1.0795291362305354e-07,,,baseline,177252542852.53265,False,98,[],lauren-flowers,1.0,1.656573837132459e-07,0.0634572736453265,0,"{""final_reduction_s"": 0.013136666966602206, ""full_propagation_s"": 24.735027499962598}",170906815488
8.474875589091832e-08,,,baseline,177559446935.65048,False,99,[],kristi-johnson,1.0,1.298250360662813e-07,0.06652631447650492,0,"{""final_reduction_s"": 0.007027915911749005, ""full_propagation_s"": 24.95849512494169}",170906815488
1.1585146497343632e-07,8.167500261130721e-05,5.82167938380255e-11,two_layer,182545886822.83728,False,0,"[100, 90]",daniel-harrison,0.9669380187988281,1.7262288962641498e-07,0.06547549110837281,2,"{""classification_selection_s"": 0.003523916006088257, ""pilot_pack_s"": 0.0007506669498980045, ""pilot_rollout_s"": 0.004803040996193886, ""prefix_propagation_s"": 17.996819874970242, ""selected_anchor_extension_s"": 7.920898497104645e-07, ""symbolic_composition_s"": 0.03752220794558525}",175998337712
1.1236891741664902e-07,6.659579899248591e-05,7.431497021036075e-11,two_layer,178547174247.46085,False,1,"[86, 81]",dustin-robinson,0.963160514831543,1.7118358588507988e-07,0.046934229554608464,2,"{""classification_selection_s"": 0.0028315838426351547, ""pilot_pack_s"": 0.0004892500583082438, ""pilot_rollout_s"": 0.001649125013500452, ""prefix_propagation_s"": 15.717936082975939, ""selected_anchor_extension_s"": 7.499475032091141e-07, ""symbolic_composition_s"": 0.07261533290147781}",173853751292
2.0179368047377133e-07,4.807243109211441e-05,1.2164810628484804e-10,two_layer,177658536796.34454,False,2,"[80, 87]",cole-martin,0.9631576538085938,3.0895155436175564e-07,0.03780788276344538,2,"{""classification_selection_s"": 0.0012036249972879887, ""pilot_pack_s"": 0.00037812511436641216, ""pilot_rollout_s"": 0.0013578329235315323, ""prefix_propagation_s"": 15.203682999825105, ""selected_anchor_extension_s"": 5.830079317092896e-07, ""symbolic_composition_s"": 0.03205729206092656}",173877748520
7.757438534029597e-08,3.9486890444806466e-05,2.4489050873526594e-11,two_layer,183661848705.56,False,3,"[117, 111]",donna-clarke,0.973477840423584,1.1488631395836396e-07,0.040677553275600076,2,"{""classification_selection_s"": 0.0012530421372503042, ""pilot_pack_s"": 0.0003796250093728304, ""pilot_rollout_s"": 0.0026185419410467148, ""prefix_propagation_s"": 15.550067749805748, ""selected_anchor_extension_s"": 6.670597940683365e-07, ""symbolic_composition_s"": 0.07033625012263656}",179594093378
6.784859616699585e-08,4.834390953928347e-05,9.013514406240594e-11,two_layer,186972319712.1141,False,4,"[130, 129]",rebecca-walker,0.9790658950805664,9.87034775299264e-08,0.04322597850114107,2,"{""classification_selection_s"": 0.0012504998594522476, ""pilot_pack_s"": 0.0003667499404400587, ""pilot_rollout_s"": 0.0012317909859120846, ""prefix_propagation_s"": 15.36133679212071, ""selected_anchor_extension_s"": 6.249174475669861e-07, ""symbolic_composition_s"": 0.042083333944901824}",182649721862
1.4916464653555552e-07,8.460452308556299e-05,1.0595421823187918e-10,two_layer,184034790483.4136,False,5,"[114, 112]",monique-stevens,0.9731292724609375,2.204625753157677e-07,0.04616888193413615,2,"{""classification_selection_s"": 0.0020777920726686716, ""pilot_pack_s"": 0.0004622500855475664, ""pilot_rollout_s"": 0.0015287920832633972, ""prefix_propagation_s"": 16.76550495903939, ""selected_anchor_extension_s"": 7.909256964921951e-07, ""symbolic_composition_s"": 0.05182429193519056}",179417902290
8.603168710051503e-08,3.954052073018577e-05,8.162370023879682e-11,two_layer,182728883267.05136,False,6,"[106, 93]",keith-brock,0.9684457778930664,1.2806195973485467e-07,0.059537070570513606,2,"{""classification_selection_s"": 0.0032017920166254044, ""pilot_pack_s"": 0.0004022500943392515, ""pilot_rollout_s"": 0.0022355839610099792, ""prefix_propagation_s"": 15.920375582994893, ""selected_anchor_extension_s"": 7.499475032091141e-07, ""symbolic_composition_s"": 0.0343605000525713}",176775176210
8.506282555942235e-08,5.5319980660439e-05,6.692044310780734e-11,two_layer,184158224401.95657,False,7,"[123, 111]",robert-huff,0.9745278358459473,1.256370093016441e-07,0.039778526639565825,2,"{""classification_selection_s"": 0.0011594169773161411, ""pilot_pack_s"": 0.00044458406046032906, ""pilot_rollout_s"": 0.0013737911358475685, ""prefix_propagation_s"": 15.300216666888446, ""selected_anchor_extension_s"": 5.420297384262085e-07, ""symbolic_composition_s"": 0.05450470792129636}",180180371738
1.7894038408365597e-07,5.402517109719473e-05,7.07395851716697e-11,two_layer,178838998332.97433,False,8,"[90, 71]",kimberly-caldwell,0.962153434753418,2.721541997240113e-07,0.05481182876974344,2,"{""classification_selection_s"": 0.0019002498593181372, ""pilot_pack_s"": 0.0004375828430056572, ""pilot_rollout_s"": 0.0014907089062035084, ""prefix_propagation_s"": 16.20393145806156, ""selected_anchor_extension_s"": 9.580980986356735e-07, ""symbolic_composition_s"": 0.03542966698296368}",173357815456
7.270946643950236e-08,2.0661118215621385e-05,1.5049868349847546e-11,two_layer,185007739641.51663,False,9,"[115, 118]",annette-hansen,0.9743661880493164,1.0689809469520481e-07,0.04931190493516624,2,"{""classification_selection_s"": 0.0015457919798791409, ""pilot_pack_s"": 0.0003951250109821558, ""pilot_rollout_s"": 0.0014144161250442266, ""prefix_propagation_s"": 16.898867417126894, ""selected_anchor_extension_s"": 6.668269634246826e-07, ""symbolic_composition_s"": 0.04384154197759926}",180076549148
4.450563113975367e-08,7.012471606415716e-05,3.95406374948507e-11,two_layer,184365372121.31555,False,10,"[111, 106]",emma-potter,0.971552848815918,6.566054965054584e-08,0.058741646353155375,2,"{""classification_selection_s"": 0.004152707988396287, ""pilot_pack_s"": 0.00047275004908442497, ""pilot_rollout_s"": 0.0013670830521732569, ""prefix_propagation_s"": 16.402809667168185, ""selected_anchor_extension_s"": 6.249174475669861e-07, ""symbolic_composition_s"": 0.05421120906248689}",178491207486
1.545127221205087e-07,2.8103302134208086e-05,5.220770896713992e-11,two_layer,176325895687.24228,False,11,"[68, 68]",alan-campbell,0.9582595825195312,2.3835103887023204e-07,0.05141599057242274,2,"{""classification_selection_s"": 0.0016231248155236244, ""pilot_pack_s"": 0.000412333058193326, ""pilot_rollout_s"": 0.001694000093266368, ""prefix_propagation_s"": 16.623704333091155, ""selected_anchor_extension_s"": 7.501803338527679e-07, ""symbolic_composition_s"": 0.033846499864012}",171184296630
9.90836315730768e-08,7.809633289846455e-05,1.1516436680273476e-10,two_layer,179928489959.358,False,12,"[99, 90]",steven-williams,0.9667730331420898,1.4978588323597053e-07,0.040491326013579965,2,"{""classification_selection_s"": 0.0015852919314056635, ""pilot_pack_s"": 0.00044800015166401863, ""pilot_rollout_s"": 0.001567208906635642, ""prefix_propagation_s"": 16.02413549995981, ""selected_anchor_extension_s"": 5.830079317092896e-07, ""symbolic_composition_s"": 0.03642741707153618}",175879357358
5.7786992962690284e-08,8.53871136223816e-05,1.1675200617816138e-10,two_layer,182938440063.24713,False,13,"[117, 102]",hannah-best,0.9718770980834961,8.591995252838915e-08,0.04254468763247132,2,"{""classification_selection_s"": 0.0011538329999893904, ""pilot_pack_s"": 0.0004070000723004341, ""pilot_rollout_s"": 0.001436874968931079, ""prefix_propagation_s"": 15.288166417041793, ""selected_anchor_extension_s"": 5.420297384262085e-07, ""symbolic_composition_s"": 0.10443108296021819}",178683971300
2.6693449525264136e-07,0.0001854922179342067,3.2136897408114284e-10,two_layer,179633993947.77066,False,14,"[86, 83]",thomas-parsons,0.9634866714477539,4.041895473850512e-07,0.05560225201770663,2,"{""classification_selection_s"": 0.001755082979798317, ""pilot_pack_s"": 0.00048604095354676247, ""pilot_rollout_s"": 0.0015893750824034214, ""prefix_propagation_s"": 16.354158791946247, ""selected_anchor_extension_s"": 9.159557521343231e-07, ""symbolic_composition_s"": 0.03675474994815886}",174073768746
1.2030913920674907e-07,6.629674390405994e-05,1.3348789898709966e-10,two_layer,186117652865.46735,False,15,"[123, 132]",kenneth-frost,0.9783229827880859,1.7582472893041434e-07,0.03851751843467355,2,"{""classification_selection_s"": 0.0012282079551368952, ""pilot_pack_s"": 0.00040191691368818283, ""pilot_rollout_s"": 0.0012953749392181635, ""prefix_propagation_s"": 15.189218957908452, ""selected_anchor_extension_s"": 5.830079317092896e-07, ""symbolic_composition_s"": 0.04870700021274388}",182265901022
8.442558528691623e-08,0.0001093134385325989,7.665700304386358e-11,two_layer,186140446804.56894,False,16,"[122, 127]",joseph-shaffer,0.9772367477416992,1.2336791703391116e-07,0.04483904526568949,2,"{""classification_selection_s"": 0.0034399579744786024, ""pilot_pack_s"": 0.0005652918480336666, ""pilot_rollout_s"": 0.002876291051506996, ""prefix_propagation_s"": 16.278496665880084, ""selected_anchor_extension_s"": 1.0419171303510666e-06, ""symbolic_composition_s"": 0.10806495882570744}",181656542278
1.2694340917353844e-07,0.00012399872708501736,1.622478637073072e-10,two_layer,181494607497.96414,False,17,"[98, 93]",natasha-richardson,0.9671144485473633,1.9024591292934016e-07,0.05432561947964132,2,"{""classification_selection_s"": 0.001206750050187111, ""pilot_pack_s"": 0.00038316682912409306, ""pilot_rollout_s"": 0.0013883330393582582, ""prefix_propagation_s"": 15.342320499941707, ""selected_anchor_extension_s"": 4.998873919248581e-07, ""symbolic_composition_s"": 0.03667837497778237}",176062045550
9.593738485629139e-08,3.061385332536748e-05,3.6716241480241946e-11,two_layer,187735215631.25778,False,18,"[140, 125]",anne-clayton,0.9801464080810547,1.3899879462234714e-07,0.04451872315257788,2,"{""classification_selection_s"": 0.003255999879911542, ""pilot_pack_s"": 0.0005898340605199337, ""pilot_rollout_s"": 0.00360212498344481, ""prefix_propagation_s"": 15.785874542081729, ""selected_anchor_extension_s"": 7.918570190668106e-07, ""symbolic_composition_s"": 0.054933875100687146}",183283343316
9.355938982731622e-08,9.521325597527941e-05,9.311496973433386e-11,two_layer,174117602081.62534,False,19,"[62, 60]",jessica-benson,0.9561195373535156,1.4615497645723415e-07,0.04153452813625336,2,"{""classification_selection_s"": 0.0011302500497549772, ""pilot_pack_s"": 0.00048587494529783726, ""pilot_rollout_s"": 0.001246041152626276, ""prefix_propagation_s"": 15.730816250201315, ""selected_anchor_extension_s"": 5.830079317092896e-07, ""symbolic_composition_s"": 0.06323112500831485}",169964149268
2.6418972831089524e-07,6.849571156438238e-05,8.548521496918012e-11,two_layer,178513011407.57913,False,20,"[94, 73]",alexandra-adkins,0.9631109237670898,4.0254548132905767e-07,0.04615736985579133,2,"{""classification_selection_s"": 0.0022840830497443676, ""pilot_pack_s"": 0.0006176249589771032, ""pilot_rollout_s"": 0.002817583968862891, ""prefix_propagation_s"": 16.234586665872484, ""selected_anchor_extension_s"": 8.33999365568161e-07, ""symbolic_composition_s"": 0.04341562488116324}",173897274422
7.715313271993138e-08,5.0725622689151706e-05,1.16386718599414e-10,two_layer,181548114387.63828,False,21,"[102, 99]",olivia-hodge,0.9688043594360352,1.1559278470396639e-07,0.045301225036382675,2,"{""classification_selection_s"": 0.001149957999587059, ""pilot_pack_s"": 0.0005166670307517052, ""pilot_rollout_s"": 0.0013585418928414583, ""prefix_propagation_s"": 15.688927417155355, ""selected_anchor_extension_s"": 6.249174475669861e-07, ""symbolic_composition_s"": 0.057444874895736575}",177017991884
1.246379728626833e-07,3.4259177849072124e-05,6.02408008037887e-11,two_layer,181464785333.19107,False,22,"[104, 100]",mary-clay,0.9693145751953125,1.8682152879635897e-07,0.041912541491910815,2,"{""classification_selection_s"": 0.0014980831183493137, ""pilot_pack_s"": 0.00038845883682370186, ""pilot_rollout_s"": 0.0014887908473610878, ""prefix_propagation_s"": 15.396081916987896, ""selected_anchor_extension_s"": 6.249174475669861e-07, ""symbolic_composition_s"": 0.061409082962200046}",177273531184
8.127020750055075e-08,5.0161357173561516e-05,1.3251575522707652e-10,two_layer,178945373623.22476,False,23,"[92, 84]",emily-ho,0.9646224975585938,1.235320924624385e-07,0.042605403112247586,2,"{""classification_selection_s"": 0.0016173750627785921, ""pilot_pack_s"": 0.00041641690768301487, ""pilot_rollout_s"": 0.001577791990712285, ""prefix_propagation_s"": 15.851777458097786, ""selected_anchor_extension_s"": 6.670597940683365e-07, ""symbolic_composition_s"": 0.03767149988561869}",174684833312
1.1687105745764197e-07,7.800275086000674e-05,8.026313412587686e-11,two_layer,176207381823.80832,False,24,"[70, 71]",michael-poole,0.9590349197387695,1.8040633314820324e-07,0.046172060538083315,2,"{""classification_selection_s"": 0.0015413330402225256, ""pilot_pack_s"": 0.00039166701026260853, ""pilot_rollout_s"": 0.0015547079965472221, ""prefix_propagation_s"": 15.911273208912462, ""selected_anchor_extension_s"": 5.830079317092896e-07, ""symbolic_composition_s"": 0.03394579188898206}",171590175770
3.7029588308791673e-08,2.431932139840276e-05,2.254460047027108e-11,two_layer,181684815544.71497,False,25,"[84, 107]",courtney-roth,0.9670543670654297,5.543692790062841e-08,0.056735818507149816,2,"{""classification_selection_s"": 0.009359749965369701, ""pilot_pack_s"": 0.0005208340007811785, ""pilot_rollout_s"": 0.001607291866093874, ""prefix_propagation_s"": 16.39294991712086, ""selected_anchor_extension_s"": 7.909256964921951e-07, ""symbolic_composition_s"": 0.04021458304487169}",176011233694
1.5956800237750471e-07,6.644354565538351e-05,8.273805305059976e-11,two_layer,179077923201.31924,False,26,"[82, 90]",randy-hernandez,0.9639682769775391,2.423665400557959e-07,0.04747556755319238,2,"{""classification_selection_s"": 0.0012606249656528234, ""pilot_pack_s"": 0.00047029205597937107, ""pilot_rollout_s"": 0.001338000176474452, ""prefix_propagation_s"": 16.01120787509717, ""selected_anchor_extension_s"": 6.249174475669861e-07, ""symbolic_composition_s"": 0.03274379181675613}",174330366446
1.048047905541412e-07,3.878808073407014e-05,1.0312114586959795e-10,two_layer,181046854915.62103,False,27,"[100, 100]",robert-williams,0.9686355590820312,1.574559416898591e-07,0.041578535456210375,2,"{""classification_selection_s"": 0.0011862500105053186, ""pilot_pack_s"": 0.00038445787504315376, ""pilot_rollout_s"": 0.0014193749520927668, ""prefix_propagation_s"": 15.569794708164409, ""selected_anchor_extension_s"": 6.670597940683365e-07, ""symbolic_composition_s"": 0.04543345794081688}",176889001370
3.3782707170745983e-07,5.67963065241095e-05,1.5628292672387583e-10,two_layer,181163711469.40384,False,28,"[103, 99]",todd-jenkins,0.9689736366271973,5.072150639834286e-07,0.0407468534540385,2,"{""classification_selection_s"": 0.0014975829981267452, ""pilot_pack_s"": 0.0004462080541998148, ""pilot_rollout_s"": 0.0015044158790260553, ""prefix_propagation_s"": 16.176630874862894, ""selected_anchor_extension_s"": 5.417969077825546e-07, ""symbolic_composition_s"": 0.04091733298264444}",177089026124
7.777712936323964e-08,3.6977837029050775e-05,6.38823474831183e-11,two_layer,179193394481.4589,False,29,"[84, 87]",elizabeth-jackson,0.9638118743896484,1.1805892314289588e-07,0.049920488614588976,2,"{""classification_selection_s"": 0.0016425831709057093, ""pilot_pack_s"": 0.0005221669562160969, ""pilot_rollout_s"": 0.0017397499177604914, ""prefix_propagation_s"": 15.904713541967794, ""selected_anchor_extension_s"": 6.670597940683365e-07, ""symbolic_composition_s"": 0.036084957886487246}",174201345620
1.287786638758369e-07,5.440554913682069e-05,8.70071129029356e-11,two_layer,180693048287.88342,False,30,"[95, 90]",megan-ashley,0.9661130905151367,1.9385248578252286e-07,0.05162647971883416,2,"{""classification_selection_s"": 0.0038354170974344015, ""pilot_pack_s"": 0.00043858401477336884, ""pilot_rollout_s"": 0.0015267080161720514, ""prefix_propagation_s"": 15.894374208990484, ""selected_anchor_extension_s"": 4.5797787606716156e-07, ""symbolic_composition_s"": 0.032151333056390285}",175530400316
9.778045349494672e-08,3.754435370439957e-05,1.2158397447523606e-10,two_layer,184951818901.8476,False,31,"[120, 110]",martin-hill,0.9738235473632812,1.4380114512277348e-07,0.05136540345847607,2,"{""classification_selection_s"": 0.0012582920026034117, ""pilot_pack_s"": 0.0004396250005811453, ""pilot_rollout_s"": 0.0018042500596493483, ""prefix_propagation_s"": 15.446523540886119, ""selected_anchor_extension_s"": 5.417969077825546e-07, ""symbolic_composition_s"": 0.2014969999436289}",179815278556
9.722315197368124e-08,8.842813283471695e-05,1.6722109716224734e-10,two_layer,177533273770.7195,False,32,"[72, 81]",lauren-johnson,0.9609107971191406,1.4895628732106899e-07,0.049058326287195086,2,"{""classification_selection_s"": 0.001190084032714367, ""pilot_pack_s"": 0.00041320803575217724, ""pilot_rollout_s"": 0.0014310418628156185, ""prefix_propagation_s"": 15.270637500099838, ""selected_anchor_extension_s"": 5.420297384262085e-07, ""symbolic_composition_s"": 0.03562333295121789}",172627441142
1.2616936794178547e-07,3.253524665902674e-05,5.228014397805797e-11,two_layer,175747938010.52087,False,33,"[74, 67]",michele-wright,0.9590291976928711,1.952686812070094e-07,0.04135082778520882,2,"{""classification_selection_s"": 0.0012467920314520597, ""pilot_pack_s"": 0.0004224581643939018, ""pilot_rollout_s"": 0.0013070409186184406, ""prefix_propagation_s"": 15.704500042134896, ""selected_anchor_extension_s"": 5.420297384262085e-07, ""symbolic_composition_s"": 0.03213079203851521}",171612855232
9.77726295041086e-08,4.4483847125585e-05,4.7586806645911896e-11,two_layer,180184439927.26892,False,34,"[89, 100]",kevin-newman,0.9667682647705078,1.4759407213992626e-07,0.04324096441268921,2,"{""classification_selection_s"": 0.0036329999566078186, ""pilot_pack_s"": 0.00045820814557373524, ""pilot_rollout_s"": 0.0017980420961976051, ""prefix_propagation_s"": 15.90314120799303, ""selected_anchor_extension_s"": 6.2515027821064e-07, ""symbolic_composition_s"": 0.039010291919112206}",175860343486
1.0925534618555123e-07,8.355763963097118e-05,1.0732518852660504e-10,two_layer,177802084336.2571,False,35,"[73, 94]",bobby-vasquez,0.9631109237670898,1.671378278460935e-07,0.03951241262257099,2,"{""classification_selection_s"": 0.001305874902755022, ""pilot_pack_s"": 0.0005465000867843628, ""pilot_rollout_s"": 0.0034659169614315033, ""prefix_propagation_s"": 15.080613709054887, ""selected_anchor_extension_s"": 5.417969077825546e-07, ""symbolic_composition_s"": 0.04802124993875623}",173850843074
8.560943505897432e-08,7.404668286725702e-05,3.8538016339325535e-10,two_layer,187104944846.9617,False,36,"[128, 141]",paul-beasley,0.98089599609375,1.244529713262634e-07,0.03426996408961713,2,"{""classification_selection_s"": 0.001203375170007348, ""pilot_pack_s"": 0.00037216697819530964, ""pilot_rollout_s"": 0.0012009579222649336, ""prefix_propagation_s"": 15.020929499994963, ""selected_anchor_extension_s"": 5.420297384262085e-07, ""symbolic_composition_s"": 0.051850958028808236}",183677948438
8.404540987725037e-08,5.101779055805e-05,7.54321357917752e-11,two_layer,177189800944.70056,False,37,"[80, 74]",kyle-braun,0.9610748291015625,1.2901618131929965e-07,0.04474161844700575,2,"{""classification_selection_s"": 0.001240708865225315, ""pilot_pack_s"": 0.00041620805859565735, ""pilot_rollout_s"": 0.0014033329207450151, ""prefix_propagation_s"": 15.255930500105023, ""selected_anchor_extension_s"": 5.420297384262085e-07, ""symbolic_composition_s"": 0.0312134160194546}",172715639100
2.755137566857132e-07,9.303644765168428e-05,3.14380233190274e-10,two_layer,180041445971.0497,False,38,"[93, 103]",leonard-brown,0.9679465293884277,4.16236058393822e-07,0.035230176290497184,2,"{""classification_selection_s"": 0.0011349169071763754, ""pilot_pack_s"": 0.00038333400152623653, ""pilot_rollout_s"": 0.001291166990995407, ""prefix_propagation_s"": 15.001725166803226, ""selected_anchor_extension_s"": 5.408655852079391e-07, ""symbolic_composition_s"": 0.033876166911795735}",176518428342
6.496140912301278e-08,4.2208663043386e-05,6.208882593901169e-11,two_layer,179151742831.3681,False,39,"[104, 81]",kara-garrett,0.9660530090332031,9.862869879022846e-08,0.03663919889368117,2,"{""classification_selection_s"": 0.0012050000950694084, ""pilot_pack_s"": 0.00042816693894565105, ""pilot_rollout_s"": 0.0012426248285919428, ""prefix_propagation_s"": 15.098001749953255, ""selected_anchor_extension_s"": 6.658956408500671e-07, ""symbolic_composition_s"": 0.030978208873420954}",175487822942
5.0569281691910346e-08,5.381964977339719e-05,7.142446129724207e-11,two_layer,187569563207.58282,False,40,"[133, 138]",alejandro-smith,0.9812860488891602,7.333196487202541e-08,0.036769682075828314,2,"{""classification_selection_s"": 0.0011967089958488941, ""pilot_pack_s"": 0.00038516614586114883, ""pilot_rollout_s"": 0.0012105409987270832, ""prefix_propagation_s"": 15.173684708075598, ""selected_anchor_extension_s"": 4.998873919248581e-07, ""symbolic_composition_s"": 0.05074575007893145}",183892595000
5.1367998004051795e-08,2.7133521891033003e-05,3.968070315572532e-11,two_layer,179159939648.86874,False,41,"[67, 102]",tammy-hopkins,0.9633417129516602,7.798671669841853e-08,0.051853406708687544,2,"{""classification_selection_s"": 0.0011449160519987345, ""pilot_pack_s"": 0.00040729204192757607, ""pilot_rollout_s"": 0.0012885420583188534, ""prefix_propagation_s"": 15.008382582804188, ""selected_anchor_extension_s"": 6.249174475669861e-07, ""symbolic_composition_s"": 0.04350679204799235}",173974598978
1.037620700658936e-07,8.346205922360461e-05,7.136102176834805e-11,two_layer,184702502277.18237,False,42,"[115, 117]",jonathan-cross,0.974189281463623,1.528040102865985e-07,0.0473929881118238,2,"{""classification_selection_s"": 0.0011825840920209885, ""pilot_pack_s"": 0.000404957914724946, ""pilot_rollout_s"": 0.0013205839786678553, ""prefix_propagation_s"": 15.13770612492226, ""selected_anchor_extension_s"": 6.249174475669861e-07, ""symbolic_composition_s"": 0.03902120818383992}",179963203466
1.4539293487742897e-07,5.98963599132244e-05,9.225124018263646e-11,two_layer,187506536187.53818,False,43,"[143, 126]",christy-johnson,0.9808816909790039,2.1090933196647143e-07,0.038149038795381784,2,"{""classification_selection_s"": 0.0011825421825051308, ""pilot_pack_s"": 0.0003620418719947338, ""pilot_rollout_s"": 0.0012851250357925892, ""prefix_propagation_s"": 15.401401958893985, ""selected_anchor_extension_s"": 5.41098415851593e-07, ""symbolic_composition_s"": 0.0474607499781996}",183691632308
7.794106053482748e-08,3.781684677932382e-05,4.04358339724972e-11,two_layer,176822539035.31226,False,44,"[76, 78]",edward-adams,0.9610786437988281,1.198940394201632e-07,0.04103778931312263,2,"{""classification_selection_s"": 0.0011152499355375767, ""pilot_pack_s"": 0.0004163328558206558, ""pilot_rollout_s"": 0.001215208088979125, ""prefix_propagation_s"": 15.043080833973363, ""selected_anchor_extension_s"": 6.249174475669861e-07, ""symbolic_composition_s"": 0.030595249962061644}",172718760104
8.629553726894157e-08,3.716163173606013e-05,7.393731924121237e-11,two_layer,182404799929.8657,False,45,"[108, 106]",ryan-harvey,0.9710350036621094,1.2868294116260755e-07,0.04161667171865702,2,"{""classification_selection_s"": 0.0014013329055160284, ""pilot_pack_s"": 0.0003874159883707762, ""pilot_rollout_s"": 0.0014824171084910631, ""prefix_propagation_s"": 15.35138149978593, ""selected_anchor_extension_s"": 6.2515027821064e-07, ""symbolic_composition_s"": 0.051738041918724775}",178243132758
1.1871643752229023e-07,4.828466065087689e-05,1.198974609807029e-10,two_layer,187168702967.51917,False,46,"[130, 130]",allison-tyler,0.9792499542236328,1.7252281227629508e-07,0.04406644287519157,2,"{""classification_selection_s"": 0.0013359168078750372, ""pilot_pack_s"": 0.0007573340553790331, ""pilot_rollout_s"": 0.0018315829802304506, ""prefix_propagation_s"": 15.042395667172968, ""selected_anchor_extension_s"": 7.920898497104645e-07, ""symbolic_composition_s"": 0.04302966617979109}",182762058680
1.6906740523772747e-07,5.2987133281501286e-05,5.725487786187129e-11,two_layer,180489334793.94415,False,47,"[95, 93]",debbie-anderson,0.9666152000427246,2.54786989365118e-07,0.04684169217944145,2,"{""classification_selection_s"": 0.0033742908854037523, ""pilot_pack_s"": 0.00039216713048517704, ""pilot_rollout_s"": 0.0029952910263091326, ""prefix_propagation_s"": 15.073949625017121, ""selected_anchor_extension_s"": 6.2515027821064e-07, ""symbolic_composition_s"": 0.0352123340126127}",175805165576
9.716831512887735e-08,9.99102478597833e-05,1.5347591283401826e-10,two_layer,184055890589.34863,False,48,"[113, 104]",andrew-nguyen,0.9715461730957031,1.4359650011975296e-07,0.05545815569348633,2,"{""classification_selection_s"": 0.001121459063142538, ""pilot_pack_s"": 0.00037758308462798595, ""pilot_rollout_s"": 0.0012548749800771475, ""prefix_propagation_s"": 15.170377625152469, ""selected_anchor_extension_s"": 3.583962097764015e-06, ""symbolic_composition_s"": 0.06366041698493063}",178510075020
1.1592513140964193e-07,2.5484196312884374e-05,3.208303955668402e-11,two_layer,181781991069.42474,False,49,"[106, 106]",mark-cole,0.9706897735595703,1.7345852335493614e-07,0.037418691674247384,2,"{""classification_selection_s"": 0.0011877920478582382, ""pilot_pack_s"": 0.00039354199543595314, ""pilot_rollout_s"": 0.0013407908845692873, ""prefix_propagation_s"": 15.337096583098173, ""selected_anchor_extension_s"": 5.83939254283905e-07, ""symbolic_composition_s"": 0.04965758300386369}",178040121902
8.695063418412559e-07,5.8164530164785975e-05,6.520454622046878e-11,two_layer,177731670039.4435,False,50,"[80, 81]",joshua-collins,0.9621963500976562,1.3306898254449221e-06,0.043718649074435234,2,"{""classification_selection_s"": 0.00942291715182364, ""pilot_pack_s"": 0.0004533750470727682, ""pilot_rollout_s"": 0.0013471250422298908, ""prefix_propagation_s"": 15.265570166986436, ""selected_anchor_extension_s"": 7.080379873514175e-07, ""symbolic_composition_s"": 0.030683583114296198}",173359805132
1.9471547112903715e-07,5.9113675338584325e-05,5.53576146872702e-11,two_layer,181823002424.41818,False,51,"[109, 99]",brittney-massey,0.9699892997741699,2.912866218294579e-07,0.04171373718418181,2,"{""classification_selection_s"": 0.0011585000902414322, ""pilot_pack_s"": 0.0004366249777376652, ""pilot_rollout_s"": 0.0014097918756306171, ""prefix_propagation_s"": 15.052012291969731, ""selected_anchor_extension_s"": 4.998873919248581e-07, ""symbolic_composition_s"": 0.05161079205572605}",177651628706
1.8647848428688992e-07,5.195664316515192e-05,9.101746788883734e-11,two_layer,180533130729.47336,False,52,"[104, 97]",elaine-lopez,0.9687995910644531,2.8095755898700147e-07,0.035199901554733515,2,"{""classification_selection_s"": 0.001141624990850687, ""pilot_pack_s"": 0.00037791579961776733, ""pilot_rollout_s"": 0.0013362921308726072, ""prefix_propagation_s"": 15.245160958031192, ""selected_anchor_extension_s"": 5.830079317092896e-07, ""symbolic_composition_s"": 0.03445108304731548}",177013140574
6.651244250676726e-07,7.526283969113589e-05,2.2532793638429285e-10,two_layer,179447547997.25876,False,53,"[95, 91]",alexandra-reid,0.966280460357666,1.0081711655439873e-06,0.038236826192587614,2,"{""classification_selection_s"": 0.001288415864109993, ""pilot_pack_s"": 0.000494041945785284, ""pilot_rollout_s"": 0.0014070000033825636, ""prefix_propagation_s"": 15.510762041900307, ""selected_anchor_extension_s"": 5.830079317092896e-07, ""symbolic_composition_s"": 0.038054124917835}",175623865378
3.043083956895295e-07,9.102367975590246e-05,7.300505489270499e-11,two_layer,177084315642.75827,False,54,"[89, 73]",desiree-maynard,0.9623265266418457,4.674151029531729e-07,0.036480044247582555,2,"{""classification_selection_s"": 0.001236707903444767, ""pilot_pack_s"": 0.00040675001218914986, ""pilot_rollout_s"": 0.0013377501163631678, ""prefix_propagation_s"": 14.986453624907881, ""selected_anchor_extension_s"": 6.658956408500671e-07, ""symbolic_composition_s"": 0.039545082952827215}",173436311218
9.31691262959559e-08,4.636809165703415e-05,9.255794936025864e-11,two_layer,180305289119.16833,False,55,"[103, 86]",tyler-garcia,0.9667482376098633,1.4055052115387937e-07,0.04415367171168327,2,"{""classification_selection_s"": 0.0012229159474372864, ""pilot_pack_s"": 0.00040229083970189095, ""pilot_rollout_s"": 0.0014059171080589294, ""prefix_propagation_s"": 15.376199083169922, ""selected_anchor_extension_s"": 5.420297384262085e-07, ""symbolic_composition_s"": 0.03437704197131097}",175889921948
1.382120961273206e-07,5.987947997621035e-05,7.124976035338896e-11,two_layer,179352580761.2444,False,56,"[91, 88]",thomas-smith,0.9651222229003906,2.0960774574343164e-07,0.043704884592443705,2,"{""classification_selection_s"": 0.0011694999411702156, ""pilot_pack_s"": 0.00039883307181298733, ""pilot_rollout_s"": 0.0012304161209613085, ""prefix_propagation_s"": 15.073884916026145, ""selected_anchor_extension_s"": 6.249174475669861e-07, ""symbolic_composition_s"": 0.03290666686370969}",174982092302
1.557941387627995e-07,3.950323259860333e-05,1.147859536409457e-10,two_layer,182581134997.55984,False,57,"[101, 110]",ashley-smith,0.9705076217651367,2.320941084304674e-07,0.04656705283559859,2,"{""classification_selection_s"": 0.0011712908744812012, ""pilot_pack_s"": 0.00036195782013237476, ""pilot_rollout_s"": 0.0014071250334382057, ""prefix_propagation_s"": 15.641047999961302, ""selected_anchor_extension_s"": 5.417969077825546e-07, ""symbolic_composition_s"": 0.042032749857753515}",177924429714
1.0878672217545762e-07,2.3629677213476974e-05,3.414706130343903e-11,two_layer,185944429742.53613,False,58,"[130, 121]",tommy-arias,0.9775934219360352,1.591335028034752e-07,0.0407443440053612,2,"{""classification_selection_s"": 0.0011521668639034033, ""pilot_pack_s"": 0.00042949989438056946, ""pilot_rollout_s"": 0.0012745840940624475, ""prefix_propagation_s"": 15.023480584146455, ""selected_anchor_extension_s"": 5.41098415851593e-07, ""symbolic_composition_s"": 0.04832225013524294}",181869995342
8.987252010724544e-08,0.0001139233965206099,1.5223460743734505e-10,two_layer,178131474732.22318,False,59,"[82, 82]",shane-long,0.9626789093017578,1.3723192662003327e-07,0.045141425682231784,2,"{""classification_selection_s"": 0.0012582498602569103, ""pilot_pack_s"": 0.00040449993684887886, ""pilot_rollout_s"": 0.001332250190898776, ""prefix_propagation_s"": 15.386571750044823, ""selected_anchor_extension_s"": 5.830079317092896e-07, ""symbolic_composition_s"": 0.03395412513054907}",173617332164
2.5015157508674723e-07,8.6424389250217e-05,4.913722322240636e-10,two_layer,177484919388.1056,False,60,"[87, 82]",david-tyler,0.9634847640991211,3.833634353734007e-07,0.033796129981055856,2,"{""classification_selection_s"": 0.0011090419720858335, ""pilot_pack_s"": 0.0004193750210106373, ""pilot_rollout_s"": 0.0011347918771207333, ""prefix_propagation_s"": 14.905518959043548, ""selected_anchor_extension_s"": 5.408655852079391e-07, ""symbolic_composition_s"": 0.035252375062555075}",174105306390
9.785055580298522e-08,8.669304365902243e-05,1.0511075187672414e-10,two_layer,190921950717.9496,False,61,"[149, 155]",nathan-martinez,0.9875750541687012,1.394043538646378e-07,0.03548447391949594,2,"{""classification_selection_s"": 0.001148332841694355, ""pilot_pack_s"": 0.0003991250414401293, ""pilot_rollout_s"": 0.0013402088079601526, ""prefix_propagation_s"": 15.001240874873474, ""selected_anchor_extension_s"": 5.420297384262085e-07, ""symbolic_composition_s"": 0.05203166720457375}",187373503326
6.886263942556584e-08,4.136197869042402e-05,5.722730563265873e-11,two_layer,181130534116.7077,False,62,"[96, 102]",anthony-park,0.968292236328125,1.0340961017475503e-07,0.04427220206707716,2,"{""classification_selection_s"": 0.0011422920506447554, ""pilot_pack_s"": 0.0003599580377340317, ""pilot_rollout_s"": 0.0013884578365832567, ""prefix_propagation_s"": 14.98588449996896, ""selected_anchor_extension_s"": 6.2515027821064e-07, ""symbolic_composition_s"": 0.034906832966953516}",176703313910
1.1959121330896086e-07,4.401733260994689e-05,1.148844748814219e-10,two_layer,175001054837.3591,False,63,"[67, 63]",frederick-vargas,0.9573349952697754,1.858777939954058e-07,0.04345790343359113,2,"{""classification_selection_s"": 0.0011677909642457962, ""pilot_pack_s"": 0.0004318749997764826, ""pilot_rollout_s"": 0.0012414162047207355, ""prefix_propagation_s"": 15.243859707843512, ""selected_anchor_extension_s"": 5.420297384262085e-07, ""symbolic_composition_s"": 0.028682583943009377}",170655264494
2.0459481431253692e-07,0.0001020722500210125,9.55237903332459e-11,two_layer,184732650595.9206,False,64,"[114, 111]",kenneth-curry,0.9729528427124023,3.0124501171553556e-07,0.05420354357920587,2,"{""classification_selection_s"": 0.0011617080308496952, ""pilot_pack_s"": 0.0003889170475304127, ""pilot_rollout_s"": 0.0013718330301344395, ""prefix_propagation_s"": 15.03621849999763, ""selected_anchor_extension_s"": 7.078051567077637e-07, ""symbolic_composition_s"": 0.044063708977773786}",179312296238
1.9002917575520959e-07,0.00011147834882212355,1.4712218586830573e-10,two_layer,182499616801.3746,False,65,"[108, 104]",daniel-petersen,0.9706878662109375,2.832221607438887e-07,0.044754337053745985,2,"{""classification_selection_s"": 0.0012321250978857279, ""pilot_pack_s"": 0.0004041660577058792, ""pilot_rollout_s"": 0.0013911670539528131, ""prefix_propagation_s"": 15.193732125218958, ""selected_anchor_extension_s"": 5.830079317092896e-07, ""symbolic_composition_s"": 0.043445708928629756}",178024183096
2.440490568465068e-07,8.417013158934505e-05,1.8738546726053587e-10,two_layer,183528596544.49213,False,66,"[108, 111]",david-wilson,0.9719028472900391,3.616948241968236e-07,0.04811033932492137,2,"{""classification_selection_s"": 0.0011996668763458729, ""pilot_pack_s"": 0.00044341711327433586, ""pilot_rollout_s"": 0.0014202920719981194, ""prefix_propagation_s"": 14.950890999985859, ""selected_anchor_extension_s"": 6.668269634246826e-07, ""symbolic_composition_s"": 0.05373100005090237}",178717562612
1.0703639750652043e-07,5.4144829315427856e-05,6.745581629889274e-11,two_layer,178629775263.30927,False,67,"[93, 86]",kimberly-mayo,0.9651174545288086,1.6298458685769607e-07,0.03630906413309276,2,"{""classification_selection_s"": 0.0011805000249296427, ""pilot_pack_s"": 0.00042566703632473946, ""pilot_rollout_s"": 0.001457541948184371, ""prefix_propagation_s"": 15.428111209068447, ""selected_anchor_extension_s"": 6.249174475669861e-07, ""symbolic_composition_s"": 0.033886332996189594}",174998868850
1.4597000331551746e-07,8.032038219475239e-05,1.8989356137208232e-10,two_layer,180178661556.2501,False,68,"[101, 97]",mary-nichols,0.968294620513916,2.203581742637464e-07,0.034319041762501,2,"{""classification_selection_s"": 0.0011273340787738562, ""pilot_pack_s"": 0.00039654108695685863, ""pilot_rollout_s"": 0.001186625100672245, ""prefix_propagation_s"": 15.03125537512824, ""selected_anchor_extension_s"": 5.41098415851593e-07, ""symbolic_composition_s"": 0.042652583913877606}",176746757380
2.102771366935858e-07,8.993746718877205e-05,1.0811392537686545e-10,two_layer,180411479408.01535,False,69,"[106, 93]",theodore-anderson,0.9684457778930664,3.170273940900584e-07,0.03580267122015357,2,"{""classification_selection_s"": 0.0012732921168208122, ""pilot_pack_s"": 0.0003718750085681677, ""pilot_rollout_s"": 0.0012291250750422478, ""prefix_propagation_s"": 15.245417832862586, ""selected_anchor_extension_s"": 5.41098415851593e-07, ""symbolic_composition_s"": 0.036619832972064614}",176831212286
2.0145938507579259e-07,4.0270040571610544e-05,2.7103377926084585e-11,two_layer,174692621636.63467,False,70,"[70, 64]",michael-cooper,0.95794677734375,3.1367640045264594e-07,0.0370508274063468,2,"{""classification_selection_s"": 0.001134792109951377, ""pilot_pack_s"": 0.0004460001364350319, ""pilot_rollout_s"": 0.0012025840114802122, ""prefix_propagation_s"": 15.000890209106728, ""selected_anchor_extension_s"": 7.080379873514175e-07, ""symbolic_composition_s"": 0.030733624938875437}",170987538896
2.7387878654532125e-07,0.00017658545972243367,3.2188511756226677e-10,two_layer,181597019015.38806,False,71,"[107, 105]",savannah-hayes,0.9706892967224121,4.1022165641394617e-07,0.03560441895388067,2,"{""classification_selection_s"": 0.0011675420682877302, ""pilot_pack_s"": 0.0003750419709831476, ""pilot_rollout_s"": 0.0014807500410825014, ""prefix_propagation_s"": 15.068551875185221, ""selected_anchor_extension_s"": 6.670597940683365e-07, ""symbolic_composition_s"": 0.05080191697925329}",178036577120
1.3535975216252007e-07,5.139320367919531e-05,6.376906599269586e-11,two_layer,181843865573.10376,False,72,"[106, 108]",terri-butler,0.9710350036621094,2.0246958824906948e-07,0.03627151437103748,2,"{""classification_selection_s"": 0.0012362499255686998, ""pilot_pack_s"": 0.00036754203028976917, ""pilot_rollout_s"": 0.0012357078958302736, ""prefix_propagation_s"": 15.354499583831057, ""selected_anchor_extension_s"": 6.249174475669861e-07, ""symbolic_composition_s"": 0.06309066712856293}",178216714136
1.766345025129286e-07,7.048201843800182e-05,1.0417397386700127e-10,two_layer,182189736373.2547,False,73,"[113, 102]",david-anderson,0.9711942672729492,2.63706318697816e-07,0.03883100813254714,2,"{""classification_selection_s"": 0.0011779579799622297, ""pilot_pack_s"": 0.00041799992322921753, ""pilot_rollout_s"": 0.0012730418238788843, ""prefix_propagation_s"": 15.05034829187207, ""selected_anchor_extension_s"": 6.2515027821064e-07, ""symbolic_composition_s"": 0.04380729096010327}",178306635560
2.2062519332708968e-07,7.734215178867299e-05,1.4150292919028885e-10,two_layer,181316196237.19385,False,74,"[104, 95]",heidi-willis,0.9684562683105469,3.309690685682848e-07,0.04484668467193842,2,"{""classification_selection_s"": 0.001144459005445242, ""pilot_pack_s"": 0.00040741683915257454, ""pilot_rollout_s"": 0.0013035000301897526, ""prefix_propagation_s"": 15.102025958010927, ""selected_anchor_extension_s"": 5.830079317092896e-07, ""symbolic_composition_s"": 0.04461983288638294}",176831527770
1.0602018925728993e-07,6.372922980735218e-05,1.0905482043027718e-10,two_layer,182002818186.95807,False,75,"[96, 115]",charles-johnson,0.9704742431640625,1.584453019203265e-07,0.04090601298958063,2,"{""classification_selection_s"": 0.001147042028605938, ""pilot_pack_s"": 0.0003913328982889652, ""pilot_rollout_s"": 0.0014653750695288181, ""prefix_propagation_s"": 15.256144958082587, ""selected_anchor_extension_s"": 6.2515027821064e-07, ""symbolic_composition_s"": 0.03522995882667601}",177912216888
1.4093744999243333e-07,6.947397828815927e-05,1.1106158949663537e-10,two_layer,188139735145.01685,False,76,"[141, 137]",jerry-thomas,0.9825997352600098,2.0375805445029206e-07,0.034940920770168304,2,"{""classification_selection_s"": 0.0011430829763412476, ""pilot_pack_s"": 0.0004064580425620079, ""pilot_rollout_s"": 0.0011848751455545425, ""prefix_propagation_s"": 14.965451499912888, ""selected_anchor_extension_s"": 4.998873919248581e-07, ""symbolic_composition_s"": 0.057807583129033446}",184645643068
8.717212662106065e-08,4.152644898511412e-05,5.7622127231542404e-11,two_layer,184485522491.4255,False,77,"[118, 119]",ricky-vincent,0.9750795364379883,1.285240062240143e-07,0.040156623814255,2,"{""classification_selection_s"": 0.001117583131417632, ""pilot_pack_s"": 0.00037929113022983074, ""pilot_rollout_s"": 0.001381667098030448, ""prefix_propagation_s"": 15.033323999959975, ""selected_anchor_extension_s"": 6.249174475669861e-07, ""symbolic_composition_s"": 0.11359266703948379}",180469860110
3.2148462016983987e-07,6.074681805894356e-05,6.913052235994856e-11,two_layer,177686409931.2417,False,78,"[84, 84]",dan-weeks,0.9633255004882812,4.92124393306354e-07,0.03692165273241699,2,"{""classification_selection_s"": 0.0025200829841196537, ""pilot_pack_s"": 0.00045350007712841034, ""pilot_rollout_s"": 0.0014237090945243835, ""prefix_propagation_s"": 15.142386249965057, ""selected_anchor_extension_s"": 5.841720849275589e-07, ""symbolic_composition_s"": 0.0416962499730289}",173994244658
1.6738255593044254e-07,6.929868746491374e-05,8.296744314955543e-11,two_layer,183999220618.89938,False,79,"[109, 122]",allen-davis,0.9739923477172852,2.474361307615451e-07,0.041254471288993955,2,"{""classification_selection_s"": 0.0011767919640988111, ""pilot_pack_s"": 0.00041191698983311653, ""pilot_rollout_s"": 0.0012879169080406427, ""prefix_propagation_s"": 15.161819917149842, ""selected_anchor_extension_s"": 5.408655852079391e-07, ""symbolic_composition_s"": 0.04147224989719689}",179873773490
1.5603680018347186e-07,6.957341783297385e-05,6.949050179559845e-11,two_layer,171978018022.62564,False,80,"[57, 45]",matthew-herrera,0.953127384185791,2.4678741003004593e-07,0.03614180744625628,2,"{""classification_selection_s"": 0.0013950830325484276, ""pilot_pack_s"": 0.000401125056669116, ""pilot_rollout_s"": 0.001301417127251625, ""prefix_propagation_s"": 14.93050575000234, ""selected_anchor_extension_s"": 6.670597940683365e-07, ""symbolic_composition_s"": 0.02675562514923513}",168363837278
1.3804089972208507e-07,5.166480744706048e-05,5.320235978599566e-11,two_layer,184172049890.6286,False,81,"[119, 113]",nicole-strickland,0.9741854667663574,2.0386983120785522e-07,0.04184709512628615,2,"{""classification_selection_s"": 0.0013630418106913567, ""pilot_pack_s"": 0.00042791711166501045, ""pilot_rollout_s"": 0.0014415830373764038, ""prefix_propagation_s"": 15.297364250058308, ""selected_anchor_extension_s"": 6.249174475669861e-07, ""symbolic_composition_s"": 0.044348500203341246}",179987340378
2.814814823084025e-07,6.379213300533593e-05,5.6197009757306155e-11,two_layer,182600235385.73468,False,82,"[109, 104]",william-brown,0.9708595275878906,4.1929279568643335e-07,0.04444353305734694,2,"{""classification_selection_s"": 0.0011272078845649958, ""pilot_pack_s"": 0.00039958395063877106, ""pilot_rollout_s"": 0.0014070409815758467, ""prefix_propagation_s"": 14.975374165922403, ""selected_anchor_extension_s"": 6.249174475669861e-07, ""symbolic_composition_s"": 0.07061554212123156}",178155882080
7.832535907168354e-08,7.888191161215189e-05,3.8807879087531435e-11,two_layer,177794097515.4868,False,83,"[77, 74]",brandon-king,0.9606027603149414,1.198267994562766e-07,0.053135930094867945,2,"{""classification_selection_s"": 0.0011324998922646046, ""pilot_pack_s"": 0.0003802499268203974, ""pilot_rollout_s"": 0.0013198340311646461, ""prefix_propagation_s"": 15.225488874828443, ""selected_anchor_extension_s"": 6.249174475669861e-07, ""symbolic_composition_s"": 0.03424608404748142}",172480504506
2.5821371697226985e-07,7.973284940704588e-05,6.738447810292317e-11,two_layer,180512605187.98,False,84,"[82, 79]",jessica-henderson,0.9621953964233398,3.8908158764490624e-07,0.07195519329980016,2,"{""classification_selection_s"": 0.003341292031109333, ""pilot_pack_s"": 0.00044420897029340267, ""pilot_rollout_s"": 0.0017456661444157362, ""prefix_propagation_s"": 15.672853542026132, ""selected_anchor_extension_s"": 8.328352123498917e-07, ""symbolic_composition_s"": 0.05205429205670953}",173317085858
2.172833125796059e-07,7.248805048911609e-05,2.5155450462369045e-10,two_layer,179683014403.20975,False,85,"[100, 86]",dominique-perkins,0.9662590026855469,3.2891846353951784e-07,0.040839905152097344,2,"{""classification_selection_s"": 0.0011465831194072962, ""pilot_pack_s"": 0.000370291993021965, ""pilot_rollout_s"": 0.0012976669240742922, ""prefix_propagation_s"": 14.973149667028338, ""selected_anchor_extension_s"": 5.841720849275589e-07, ""symbolic_composition_s"": 0.03495487500913441}",175599023888
2.5705423284664404e-07,9.27231216788754e-05,1.5216069996634198e-10,two_layer,173143317459.16727,False,86,"[61, 55]",johnathan-peterson,0.9552130699157715,4.0382009747951293e-07,0.0366679101716727,2,"{""classification_selection_s"": 0.0012809580657631159, ""pilot_pack_s"": 0.00049595907330513, ""pilot_rollout_s"": 0.001233207993209362, ""prefix_propagation_s"": 15.262263207929209, ""selected_anchor_extension_s"": 7.080379873514175e-07, ""symbolic_composition_s"": 0.030293416930362582}",169476526442
1.715649669128572e-07,5.2197359482142325e-05,1.1060714194079837e-10,two_layer,188034114911.70486,False,87,"[140, 133]",katie-lee,0.9816570281982422,2.4817661955762625e-07,0.039442383917048573,2,"{""classification_selection_s"": 0.0015495829284191132, ""pilot_pack_s"": 0.0004483328666538, ""pilot_rollout_s"": 0.0014227090869098902, ""prefix_propagation_s"": 15.255330791929737, ""selected_anchor_extension_s"": 6.2515027821064e-07, ""symbolic_composition_s"": 0.050643958151340485}",184089876520
1.262019175932061e-07,0.00011693110740051971,3.0845783514253786e-10,two_layer,175567401689.983,False,88,"[75, 68]",robert-barrera,0.9593410491943359,1.9551990434970696e-07,0.03769866283982992,2,"{""classification_selection_s"": 0.0013027498498558998, ""pilot_pack_s"": 0.0003802499268203974, ""pilot_rollout_s"": 0.0014700000174343586, ""prefix_propagation_s"": 15.252092625014484, ""selected_anchor_extension_s"": 5.83939254283905e-07, ""symbolic_composition_s"": 0.03302737488411367}",171797535406
6.4438847031717e-08,5.842009264851249e-05,4.1053686395688197e-11,two_layer,177677482241.77484,False,89,"[99, 72]",melissa-bennett,0.9637260437011719,9.864708893598931e-08,0.03469684533774853,2,"{""classification_selection_s"": 0.001208457862958312, ""pilot_pack_s"": 0.0003845000173896551, ""pilot_rollout_s"": 0.0013092919252812862, ""prefix_propagation_s"": 15.125466083176434, ""selected_anchor_extension_s"": 5.420297384262085e-07, ""symbolic_composition_s"": 0.04247600003145635}",174207797708
1.1626981114625816e-07,6.547917423399552e-05,7.211892771647796e-11,two_layer,188346914798.63522,False,90,"[140, 130]",william-rodriguez,0.9810905456542969,1.6791030883406527e-07,0.04558247560635209,2,"{""classification_selection_s"": 0.0012207089457660913, ""pilot_pack_s"": 0.000388875138014555, ""pilot_rollout_s"": 0.0013103329110890627, ""prefix_propagation_s"": 15.249342042021453, ""selected_anchor_extension_s"": 5.830079317092896e-07, ""symbolic_composition_s"": 0.05112770805135369}",183788667238
5.173367609790149e-08,6.442998169259306e-05,6.886876222224715e-11,two_layer,180749222228.53525,False,91,"[106, 89]",jimmy-barr,0.9677553176879883,7.785128879192322e-08,0.04343746602535248,2,"{""classification_selection_s"": 0.001163208158686757, ""pilot_pack_s"": 0.00042195781134068966, ""pilot_rollout_s"": 0.0013140840455889702, ""prefix_propagation_s"": 15.130686999997124, ""selected_anchor_extension_s"": 5.420297384262085e-07, ""symbolic_composition_s"": 0.03800079086795449}",176405475626
2.248024623851244e-07,8.626734435435157e-05,1.6493914032224537e-10,two_layer,177334671931.224,False,92,"[95, 71]",erika-taylor,0.9629330635070801,3.4480718915739333e-07,0.035286104772239923,2,"{""classification_selection_s"": 0.0011602910235524178, ""pilot_pack_s"": 0.0003882921300828457, ""pilot_rollout_s"": 0.001408708980306983, ""prefix_propagation_s"": 14.948078792076558, ""selected_anchor_extension_s"": 6.670597940683365e-07, ""symbolic_composition_s"": 0.035719208884984255}",173806061454
3.605833482451037e-08,8.001996862138946e-05,5.6346014118729244e-11,two_layer,182497225549.32837,False,93,"[110, 111]",benjamin-dean,0.9722528457641602,5.374255440182453e-08,0.03600926045328379,2,"{""classification_selection_s"": 0.0014973750803619623, ""pilot_pack_s"": 0.0004267080221325159, ""pilot_rollout_s"": 0.0014224580954760313, ""prefix_propagation_s"": 15.362369624897838, ""selected_anchor_extension_s"": 1.0419171303510666e-06, ""symbolic_composition_s"": 0.043021832825616}",178896299504
8.838358254563452e-08,9.914826829159676e-05,1.7235748886292095e-10,two_layer,185558948955.36557,False,94,"[122, 123]",michele-galvan,0.9765157699584961,1.2955631936778895e-07,0.04320129193365574,2,"{""classification_selection_s"": 0.0011709171812981367, ""pilot_pack_s"": 0.0004314999096095562, ""pilot_rollout_s"": 0.0015490828081965446, ""prefix_propagation_s"": 15.183074083179235, ""selected_anchor_extension_s"": 5.41098415851593e-07, ""symbolic_composition_s"": 0.04987795790657401}",181238819762
1.8555584773123015e-07,4.5807664865504805e-05,5.372389231559649e-11,two_layer,174998435590.4152,False,95,"[56, 74]",cathy-butler,0.9572982788085938,2.884093815616884e-07,0.04371010372415185,2,"{""classification_selection_s"": 0.0011743339709937572, ""pilot_pack_s"": 0.00036945799365639687, ""pilot_rollout_s"": 0.00124224997125566, ""prefix_propagation_s"": 15.148022791137919, ""selected_anchor_extension_s"": 6.249174475669861e-07, ""symbolic_composition_s"": 0.02824962488375604}",170627425218
1.4046125301717383e-07,0.00010759448551377933,1.514018646635368e-10,two_layer,184434961833.1143,False,96,"[112, 120]",lindsey-chase,0.97418212890625,2.0714869047031024e-07,0.04461705475114286,2,"{""classification_selection_s"": 0.0039652090054005384, ""pilot_pack_s"": 0.0007609589956700802, ""pilot_rollout_s"": 0.0018318749498575926, ""prefix_propagation_s"": 17.11432004184462, ""selected_anchor_extension_s"": 6.670597940683365e-07, ""symbolic_composition_s"": 0.05353908403776586}",179973256358
2.3015149360270338e-07,5.096921610624291e-05,1.5529570626872287e-10,two_layer,179751423749.64655,False,97,"[92, 86]",kenneth-hernandez,0.9649543762207031,3.482654265210426e-07,0.048393747536465526,2,"{""classification_selection_s"": 0.0016357910353690386, ""pilot_pack_s"": 0.00041212490759789944, ""pilot_rollout_s"": 0.001512874849140644, ""prefix_propagation_s"": 16.64744995883666, ""selected_anchor_extension_s"": 6.670597940683365e-07, ""symbolic_composition_s"": 0.030561875086277723}",174912048996
1.1175073679251576e-07,8.158312259864964e-05,8.820364976347651e-11,two_layer,183801215547.38867,False,98,"[114, 111]",lauren-flowers,0.9729528427124023,1.6537540471122383e-07,0.044986721593886614,2,"{""classification_selection_s"": 0.0012522919569164515, ""pilot_pack_s"": 0.0003976668231189251, ""pilot_rollout_s"": 0.0013838328886777163, ""prefix_propagation_s"": 15.363563500111923, ""selected_anchor_extension_s"": 6.2515027821064e-07, ""symbolic_composition_s"": 0.04514233395457268}",179302543388
8.386916602360693e-08,6.816757151625992e-05,7.211999486844469e-11,two_layer,174907903062.9906,False,99,"[67, 57]",kristi-johnson,0.9564108848571777,1.3042528530117657e-07,0.04723577992990613,2,"{""classification_selection_s"": 0.0011685001663863659, ""pilot_pack_s"": 0.00038633309304714203, ""pilot_rollout_s"": 0.0012984999921172857, ""prefix_propagation_s"": 15.330983291147277, ""selected_anchor_extension_s"": 5.420297384262085e-07, ""symbolic_composition_s"": 0.033875750144943595}",170184325070
1.1484607235456657e-07,0.00021560107647964068,9.317692264883334e-10,fixed_three,178385009650.9023,False,0,"[68, 80, 72]",daniel-harrison,0.9437103271484375,1.7511634941509277e-07,0.03619401156902313,3,"{""classification_selection_s"": 0.0026503331027925014, ""pilot_pack_s"": 0.00038625020533800125, ""pilot_rollout_s"": 0.0038735410198569298, ""prefix_propagation_s"": 14.54319362482056, ""selected_anchor_extension_s"": 6.670597940683365e-07, ""symbolic_composition_s"": 0.05833250004798174}",174765608494
1.1176258794320973e-07,0.00028413582103914425,1.279454774734565e-09,fixed_three,178394872412.42487,False,1,"[76, 77, 68]",dustin-robinson,0.94390869140625,1.70405256101048e-07,0.03566340962424874,3,"{""classification_selection_s"": 0.0016238330863416195, ""pilot_pack_s"": 0.00035600014962255955, ""pilot_rollout_s"": 0.0015468329656869173, ""prefix_propagation_s"": 14.116979042068124, ""selected_anchor_extension_s"": 7.080379873514175e-07, ""symbolic_composition_s"": 0.04831274994648993}",174828531450
1.9892482208805115e-07,0.00021048689796776543,2.527960677932579e-09,fixed_three,176770712240.39896,False,2,"[66, 66, 75]",cole-martin,0.9412460327148438,3.060888929064588e-07,0.033965830923989415,3,"{""classification_selection_s"": 0.0017035410273820162, ""pilot_pack_s"": 0.0002524589654058218, ""pilot_rollout_s"": 0.0013667920138686895, ""prefix_propagation_s"": 14.18917770893313, ""selected_anchor_extension_s"": 5.830079317092896e-07, ""symbolic_composition_s"": 0.04398491606116295}",173374129148
7.996500425568677e-08,8.725858582792068e-05,4.3684791464505867e-10,fixed_three,188266130463.09433,False,3,"[108, 99, 98]",donna-clarke,0.9611825942993164,1.1553050516333066e-07,0.03817940317094326,3,"{""classification_selection_s"": 0.0018745828419923782, ""pilot_pack_s"": 0.0003814590163528919, ""pilot_rollout_s"": 0.0019688329193741083, ""prefix_propagation_s"": 14.657287249807268, ""selected_anchor_extension_s"": 7.080379873514175e-07, ""symbolic_composition_s"": 0.12963083386421204}",184448190146
6.781472264913617e-08,0.0002044850750012689,1.0579296779963952e-09,fixed_three,190081625914.77286,False,4,"[98, 113, 107]",rebecca-walker,0.9640440940856934,9.704043971528062e-08,0.04106998210772872,3,"{""classification_selection_s"": 0.0017266669310629368, ""pilot_pack_s"": 0.0004337499849498272, ""pilot_rollout_s"": 0.0017712919507175684, ""prefix_propagation_s"": 14.564719041110948, ""selected_anchor_extension_s"": 6.658956408500671e-07, ""symbolic_composition_s"": 0.06216458394192159}",185974627704
1.5202486844365684e-07,0.00019882465423943921,1.6298166831576155e-09,fixed_three,186043285703.5675,False,5,"[94, 92, 103]",monique-stevens,0.9577169418334961,2.2226421158009968e-07,0.03518029977567494,3,"{""classification_selection_s"": 0.002065791981294751, ""pilot_pack_s"": 0.00038558291271328926, ""pilot_rollout_s"": 0.002420540899038315, ""prefix_propagation_s"": 14.687594042159617, ""selected_anchor_extension_s"": 6.658956408500671e-07, ""symbolic_composition_s"": 0.05559320794418454}",182525255726
8.4922645144477e-08,0.0001709295531459043,6.133531454130464e-10,fixed_three,182742693504.7139,False,6,"[91, 88, 79]",keith-brock,0.951235294342041,1.264015487366224e-07,0.038512890227138996,3,"{""classification_selection_s"": 0.0017287919763475657, ""pilot_pack_s"": 0.0003986670635640621, ""pilot_rollout_s"": 0.0017786251846700907, ""prefix_propagation_s"": 14.964573666919023, ""selected_anchor_extension_s"": 6.2515027821064e-07, ""symbolic_composition_s"": 0.04803862515836954}",178891404482
9.048187569833668e-08,0.0001493386890405457,8.979535993114666e-10,fixed_three,188331103676.59525,False,7,"[100, 104, 96]",robert-huff,0.9600982666015625,1.3067979589930107e-07,0.04492047964595258,3,"{""classification_selection_s"": 0.0017765001393854618, ""pilot_pack_s"": 0.0003913328982889652, ""pilot_rollout_s"": 0.0019706659950315952, ""prefix_propagation_s"": 14.51568258390762, ""selected_anchor_extension_s"": 5.83939254283905e-07, ""symbolic_composition_s"": 0.0732025420293212}",183839055712
1.8336648488326442e-07,0.00024026023469947422,1.0224415240523468e-09,fixed_three,180052779262.14203,False,8,"[82, 79, 62]",kimberly-caldwell,0.9442501068115234,2.7700590955962434e-07,0.049554176861420274,3,"{""classification_selection_s"": 0.0017349158879369497, ""pilot_pack_s"": 0.0004180420655757189, ""pilot_rollout_s"": 0.0021183749195188284, ""prefix_propagation_s"": 14.90710591711104, ""selected_anchor_extension_s"": 5.830079317092896e-07, ""symbolic_composition_s"": 0.053866124944761395}",175097361576
7.509705471639574e-08,0.00012524191613760838,3.316932181767165e-10,fixed_three,186949004873.43982,False,9,"[90, 105, 97]",annette-hansen,0.9583497047424316,1.0926187543329179e-07,0.04086193861439824,3,"{""classification_selection_s"": 0.001734584104269743, ""pilot_pack_s"": 0.0003743330016732216, ""pilot_rollout_s"": 0.0018848339095711708, ""prefix_propagation_s"": 14.640476083150133, ""selected_anchor_extension_s"": 5.420297384262085e-07, ""symbolic_composition_s"": 0.05282112513668835}",182862811012
4.5205386403267957e-08,0.00013024530931715628,5.581745654714294e-10,fixed_three,185335702636.6741,False,10,"[90, 100, 86]",emma-potter,0.9549541473388672,6.634374773323241e-08,0.043754878686740994,3,"{""classification_selection_s"": 0.0016069170087575912, ""pilot_pack_s"": 0.0003548329696059227, ""pilot_rollout_s"": 0.0018322919495403767, ""prefix_propagation_s"": 14.543920291122049, ""selected_anchor_extension_s"": 8.330680429935455e-07, ""symbolic_composition_s"": 0.05573570798151195}",180960214768
1.5617788238950416e-07,0.00027049912365040285,1.5401774766145165e-09,fixed_three,172633716866.06317,False,11,"[56, 55, 52]",alan-campbell,0.9332981109619141,2.4607234774944503e-07,0.0365608767606318,3,"{""classification_selection_s"": 0.001962499925866723, ""pilot_pack_s"": 0.00036225002259016037, ""pilot_rollout_s"": 0.002097624819725752, ""prefix_propagation_s"": 14.505420790985227, ""selected_anchor_extension_s"": 8.330680429935455e-07, ""symbolic_composition_s"": 0.038441916927695274}",168977629190
1.0236912961456143e-07,0.00019037494113893771,1.037030014951166e-09,fixed_three,180106126995.20337,False,12,"[78, 88, 70]",steven-williams,0.9468021392822266,1.5459997791136927e-07,0.036379200872033834,3,"{""classification_selection_s"": 0.0021703748498111963, ""pilot_pack_s"": 0.00046829204075038433, ""pilot_rollout_s"": 0.001954833045601845, ""prefix_propagation_s"": 14.54919541720301, ""selected_anchor_extension_s"": 7.080379873514175e-07, ""symbolic_composition_s"": 0.054000332951545715}",176468206908
5.79698968491801e-08,0.0001971265285315584,8.209301454823795e-10,fixed_three,186421761947.1719,False,13,"[98, 100, 89]",hannah-best,0.9572896957397461,8.458139102582487e-08,0.04181260499171913,3,"{""classification_selection_s"": 0.001748667098581791, ""pilot_pack_s"": 0.00036079203709959984, ""pilot_rollout_s"": 0.0017438328359276056, ""prefix_propagation_s"": 14.718874332960695, ""selected_anchor_extension_s"": 4.169996827840805e-07, ""symbolic_composition_s"": 0.0533500830642879}",182240501448
2.705053708465799e-07,0.0005526252934006104,3.358380179283631e-09,fixed_three,178826282379.34885,False,14,"[75, 72, 69]",thomas-parsons,0.9429583549499512,4.1144657200996857e-07,0.04478664789348841,3,"{""classification_selection_s"": 0.0017592080403119326, ""pilot_pack_s"": 0.0004220418632030487, ""pilot_rollout_s"": 0.0019976249895989895, ""prefix_propagation_s"": 14.539088916964829, ""selected_anchor_extension_s"": 6.249174475669861e-07, ""symbolic_composition_s"": 0.050116709200665355}",174347617590
1.2186088979601743e-07,0.00020543815558654588,1.3605311988629522e-09,fixed_three,192487275976.30423,False,15,"[119, 106, 109]",kenneth-frost,0.9676604270935059,1.7219923683993082e-07,0.04442829522304237,3,"{""classification_selection_s"": 0.0016260829288512468, ""pilot_pack_s"": 0.00038199988193809986, ""pilot_rollout_s"": 0.0017597079277038574, ""prefix_propagation_s"": 14.417826750082895, ""selected_anchor_extension_s"": 5.41098415851593e-07, ""symbolic_composition_s"": 0.09672225010581315}",188044446454
8.737996948116548e-08,0.00019830449023416907,1.5470840437891297e-09,fixed_three,188425934562.8941,False,16,"[107, 102, 97]",joseph-shaffer,0.9614043235778809,1.2613630790268832e-07,0.038680467288941145,3,"{""classification_selection_s"": 0.0016301670111715794, ""pilot_pack_s"": 0.0003839589189738035, ""pilot_rollout_s"": 0.0017738330643624067, ""prefix_propagation_s"": 14.66667312500067, ""selected_anchor_extension_s"": 5.830079317092896e-07, ""symbolic_composition_s"": 0.07101500011049211}",184557887834
1.276335705527993e-07,0.00021104711368824525,1.6720268266689116e-09,fixed_three,180332142356.69382,False,17,"[85, 79, 72]",natasha-richardson,0.9468207359313965,1.9251327432074264e-07,0.03874818980693817,3,"{""classification_selection_s"": 0.0017477499786764383, ""pilot_pack_s"": 0.00045616691932082176, ""pilot_rollout_s"": 0.001924209063872695, ""prefix_propagation_s"": 14.743234665831551, ""selected_anchor_extension_s"": 5.841720849275589e-07, ""symbolic_composition_s"": 0.06526891607791185}",176457323376
9.825258987318898e-08,0.00013794191407162648,6.404086283026797e-10,fixed_three,191579259328.12112,False,18,"[117, 118, 99]",anne-clayton,0.967628002166748,1.394968564928813e-07,0.035456191981211305,3,"{""classification_selection_s"": 0.0016494581941515207, ""pilot_pack_s"": 0.00037770788185298443, ""pilot_rollout_s"": 0.0018436668906360865, ""prefix_propagation_s"": 14.532076665898785, ""selected_anchor_extension_s"": 5.830079317092896e-07, ""symbolic_composition_s"": 0.07463124999776483}",188033640130
9.137666347808154e-08,0.00013556859292209058,1.2639360598480094e-09,fixed_three,171318168013.44537,False,19,"[51, 49, 49]",jessica-benson,0.9308962821960449,1.4507773900598538e-07,0.03707042499445379,3,"{""classification_selection_s"": 0.0016610829625278711, ""pilot_pack_s"": 0.00037683313712477684, ""pilot_rollout_s"": 0.0016996250487864017, ""prefix_propagation_s"": 14.74207879183814, ""selected_anchor_extension_s"": 6.249174475669861e-07, ""symbolic_composition_s"": 0.03488612500950694}",167611125514
2.6571859564402066e-07,0.0004867800447814208,2.968438617911326e-09,fixed_three,176255184138.79312,False,20,"[66, 77, 57]",alexandra-adkins,0.939903736114502,4.100614592888224e-07,0.03576976712793112,3,"{""classification_selection_s"": 0.001709250034764409, ""pilot_pack_s"": 0.0003767500165849924, ""pilot_rollout_s"": 0.0017839581705629826, ""prefix_propagation_s"": 15.114432875066996, ""selected_anchor_extension_s"": 6.2515027821064e-07, ""symbolic_composition_s"": 0.04868629202246666}",172678207426
7.922631427934096e-08,0.0002463625642143974,1.1620179638782887e-09,fixed_three,181746641351.02515,False,21,"[83, 85, 85]",olivia-hodge,0.9502367973327637,1.1856921989749435e-07,0.03367125825025141,3,"{""classification_selection_s"": 0.001659291097894311, ""pilot_pack_s"": 0.0003821661230176687, ""pilot_rollout_s"": 0.00179854198358953, ""prefix_propagation_s"": 14.512637958861887, ""selected_anchor_extension_s"": 6.670597940683365e-07, ""symbolic_composition_s"": 0.05234716599807143}",178379515526
1.304447950984698e-07,0.00012348947567619728,7.287197398565586e-10,fixed_three,185244116032.238,False,22,"[95, 89, 92]",mary-clay,0.9549746513366699,1.9153636307999678e-07,0.04277801560238004,3,"{""classification_selection_s"": 0.001648375065997243, ""pilot_pack_s"": 0.00038645812310278416, ""pilot_rollout_s"": 0.001745833083987236, ""prefix_propagation_s"": 14.547306291060522, ""selected_anchor_extension_s"": 5.830079317092896e-07, ""symbolic_composition_s"": 0.05270883301272988}",180966314472
8.180067548283338e-08,0.00010059835926423677,8.096239621786471e-10,fixed_three,179295134806.34583,False,23,"[75, 81, 72]",emily-ho,0.9452643394470215,1.2409585879372778e-07,0.03702366538345814,3,"{""classification_selection_s"": 0.0017714158166199923, ""pilot_pack_s"": 0.0004219161346554756, ""pilot_rollout_s"": 0.0016858750022947788, ""prefix_propagation_s"": 14.593156541930512, ""selected_anchor_extension_s"": 6.658956408500671e-07, ""symbolic_composition_s"": 0.06150841689668596}",175592768268
1.1548069128015838e-07,0.00016154437233394285,1.0598373596342498e-09,fixed_three,176196713673.29666,False,24,"[80, 55, 64]",michael-poole,0.9396896362304688,1.782709074043502e-07,0.036872883792966604,3,"{""classification_selection_s"": 0.0018596670124679804, ""pilot_pack_s"": 0.0004365411587059498, ""pilot_rollout_s"": 0.001759916078299284, ""prefix_propagation_s"": 14.559025791939348, ""selected_anchor_extension_s"": 7.078051567077637e-07, ""symbolic_composition_s"": 0.04880091594532132}",172509425294
3.740844588432711e-08,0.0001393538287636831,3.9725973434644697e-10,fixed_three,181083006457.17474,False,25,"[73, 69, 91]",courtney-roth,0.9461855888366699,5.6190238275855746e-08,0.049990678671747446,3,"{""classification_selection_s"": 0.001643375027924776, ""pilot_pack_s"": 0.0004130830056965351, ""pilot_rollout_s"": 0.0018003329169005156, ""prefix_propagation_s"": 14.74840912502259, ""selected_anchor_extension_s"": 5.827751010656357e-07, ""symbolic_composition_s"": 0.05117300013080239}",176083938590
1.6358041762896558e-07,0.0003277697094872142,2.3122981427537235e-09,fixed_three,177744774853.19202,False,26,"[74, 68, 72]",randy-hernandez,0.9425773620605469,2.5032450957744484e-07,0.036241068271920085,3,"{""classification_selection_s"": 0.0017031659372150898, ""pilot_pack_s"": 0.0003720419481396675, ""pilot_rollout_s"": 0.0017813339363783598, ""prefix_propagation_s"": 14.672908874927089, ""selected_anchor_extension_s"": 5.841720849275589e-07, ""symbolic_composition_s"": 0.0574417500756681}",174120668026
1.0469447087651093e-07,0.00015047024685055623,1.4312221958523185e-09,fixed_three,181532284468.42093,False,27,"[85, 86, 78]",robert-williams,0.9494209289550781,1.5686959574050184e-07,0.036314752884209156,3,"{""classification_selection_s"": 0.0016827909275889397, ""pilot_pack_s"": 0.00038729188963770866, ""pilot_rollout_s"": 0.0017390421126037836, ""prefix_propagation_s"": 14.60420662490651, ""selected_anchor_extension_s"": 4.5890919864177704e-07, ""symbolic_composition_s"": 0.056051708990707994}",177900809180
3.4202213700218885e-07,0.00015820341331862497,2.179094695979867e-09,fixed_three,181795850166.70886,False,28,"[76, 88, 80]",todd-jenkins,0.9484100341796875,5.117279694739224e-07,0.04460300714708865,3,"{""classification_selection_s"": 0.0017700840253382921, ""pilot_pack_s"": 0.00036874995566904545, ""pilot_rollout_s"": 0.001992500154301524, ""prefix_propagation_s"": 15.077504332875833, ""selected_anchor_extension_s"": 5.417969077825546e-07, ""symbolic_composition_s"": 0.050637499894946814}",177335549452
7.980034492025013e-08,0.00013947780565864987,6.815958393990764e-10,fixed_three,179173968289.76813,False,29,"[78, 71, 72]",elizabeth-jackson,0.943913459777832,1.2114312154545028e-07,0.04342156741768122,3,"{""classification_selection_s"": 0.0016344578471034765, ""pilot_pack_s"": 0.00040391599759459496, ""pilot_rollout_s"": 0.001774708041921258, ""prefix_propagation_s"": 14.543075125198811, ""selected_anchor_extension_s"": 4.998873919248581e-07, ""symbolic_composition_s"": 0.04626612504944205}",174831811548
1.2807228865323511e-07,0.00018272523793571018,1.0429398667908163e-09,fixed_three,179746968733.14987,False,30,"[88, 71, 71]",megan-ashley,0.9456181526184082,1.9380389421418588e-07,0.03921592119149864,3,"{""classification_selection_s"": 0.001674541039392352, ""pilot_pack_s"": 0.0005034590139985085, ""pilot_rollout_s"": 0.0017103340942412615, ""prefix_propagation_s"": 14.542266541859135, ""selected_anchor_extension_s"": 6.66128471493721e-07, ""symbolic_composition_s"": 0.04783395817503333}",175825376614
1.0129520740001927e-07,0.00019376270210919033,1.490319396779582e-09,fixed_three,188081839106.51715,False,31,"[105, 103, 98]",martin-hill,0.9614100456237793,1.4649099851262853e-07,0.034780978225171566,3,"{""classification_selection_s"": 0.001663832925260067, ""pilot_pack_s"": 0.00041624996811151505, ""pilot_rollout_s"": 0.0018159169703722, ""prefix_propagation_s"": 14.557070084149018, ""selected_anchor_extension_s"": 5.420297384262085e-07, ""symbolic_composition_s"": 0.07006545807234943}",184603741284
9.509250261972302e-08,0.00020207173082326113,1.417956292286468e-09,fixed_three,177389469302.9409,False,32,"[82, 59, 69]",lauren-johnson,0.9417605400085449,1.4581001236546263e-07,0.03732526022940874,3,"{""classification_selection_s"": 0.002105334075167775, ""pilot_pack_s"": 0.00035912496969103813, ""pilot_rollout_s"": 0.0020385419484227896, ""prefix_propagation_s"": 14.55084295803681, ""selected_anchor_extension_s"": 4.998873919248581e-07, ""symbolic_composition_s"": 0.058356499997898936}",173656943280
1.305264332608087e-07,0.00012525106864691438,7.951559206152516e-10,fixed_three,177368657369.2833,False,33,"[69, 64, 62]",michele-wright,0.939021110534668,2.0016608556167833e-07,0.05208880617283285,3,"{""classification_selection_s"": 0.0017670830711722374, ""pilot_pack_s"": 0.0003680828958749771, ""pilot_rollout_s"": 0.0017553751822561026, ""prefix_propagation_s"": 14.775274708867073, ""selected_anchor_extension_s"": 5.420297384262085e-07, ""symbolic_composition_s"": 0.04844108410179615}",172159776752
9.962746608236922e-08,0.00017782981624669958,5.681996627342227e-10,fixed_three,180837511609.8334,False,34,"[87, 78, 77]",kevin-newman,0.9480147361755371,1.4985093818848415e-07,0.03700173203833401,3,"{""classification_selection_s"": 0.001920541049912572, ""pilot_pack_s"": 0.0003817921970039606, ""pilot_rollout_s"": 0.0017853339668363333, ""prefix_propagation_s"": 15.018696791958064, ""selected_anchor_extension_s"": 5.00120222568512e-07, ""symbolic_composition_s"": 0.0652195829898119}",177137338406
1.0908552006332299e-07,0.00014541845666826703,9.92475925880831e-10,fixed_three,178382636623.6158,False,35,"[77, 61, 80]",bobby-vasquez,0.9432950019836426,1.6633491924345578e-07,0.038615799276158214,3,"{""classification_selection_s"": 0.0016630419995635748, ""pilot_pack_s"": 0.00038058310747146606, ""pilot_rollout_s"": 0.0017734579741954803, ""prefix_propagation_s"": 14.443927332991734, ""selected_anchor_extension_s"": 4.5890919864177704e-07, ""symbolic_composition_s"": 0.04436512500979006}",174521056696
8.69388348228498e-08,0.00021698421480760428,1.3119375578945795e-09,fixed_three,192568186881.6003,False,36,"[112, 115, 114]",paul-beasley,0.9692869186401367,1.2279994663061672e-07,0.03642255789600313,3,"{""classification_selection_s"": 0.0016422499902546406, ""pilot_pack_s"": 0.00035829097032546997, ""pilot_rollout_s"": 0.0019077500328421593, ""prefix_propagation_s"": 14.587748667225242, ""selected_anchor_extension_s"": 6.249174475669861e-07, ""symbolic_composition_s"": 0.07777199987322092}",188925931092
8.535877600106358e-08,0.0002298005695261653,1.3934134821333404e-09,fixed_three,175805595494.35,False,37,"[70, 65, 53]",kyle-braun,0.9377102851867676,1.3206398241764412e-07,0.04387681116349995,3,"{""classification_selection_s"": 0.0016167501453310251, ""pilot_pack_s"": 0.0004271250218153, ""pilot_rollout_s"": 0.001792083028703928, ""prefix_propagation_s"": 14.839390916982666, ""selected_anchor_extension_s"": 5.830079317092896e-07, ""symbolic_composition_s"": 0.044873459031805396}",171417914378
2.8071689883078216e-07,0.00019439789453587247,1.7232237923254846e-09,fixed_three,181975766685.46817,False,38,"[93, 76, 83]",leonard-brown,0.9500002861022949,4.1958881598749785e-07,0.037563360994681716,3,"{""classification_selection_s"": 0.003015416907146573, ""pilot_pack_s"": 0.00038412492722272873, ""pilot_rollout_s"": 0.0019377500284463167, ""prefix_propagation_s"": 14.76821391703561, ""selected_anchor_extension_s"": 5.420297384262085e-07, ""symbolic_composition_s"": 0.08165066712535918}",178219430586
6.409320299067708e-08,9.849142741078923e-05,2.582426822770536e-10,fixed_three,181169128184.07098,False,39,"[81, 92, 67]",kara-garrett,0.9475569725036621,9.622694212974065e-08,0.04279434774070978,3,"{""classification_selection_s"": 0.0016816670540720224, ""pilot_pack_s"": 0.0003807500470429659, ""pilot_rollout_s"": 0.0018273750320076942, ""prefix_propagation_s"": 14.560855540912598, ""selected_anchor_extension_s"": 5.00120222568512e-07, ""symbolic_composition_s"": 0.05364133417606354}",176889693410
5.3982228409046636e-08,0.00021114737832207074,8.434415851326633e-10,fixed_three,197319888531.06363,False,40,"[139, 120, 115]",alejandro-smith,0.9769902229309082,7.441300639569917e-08,0.04120008205063641,3,"{""classification_selection_s"": 0.0016357090789824724, ""pilot_pack_s"": 0.0003868748899549246, ""pilot_rollout_s"": 0.002222459064796567, ""prefix_propagation_s"": 14.720193041022867, ""selected_anchor_extension_s"": 6.2515027821064e-07, ""symbolic_composition_s"": 0.0847331671975553}",193199880326
5.290730089815083e-08,0.00011576604886476272,6.939260193105422e-10,fixed_three,179692130920.17776,False,41,"[78, 64, 84]",tammy-hopkins,0.9448356628417969,8.008578767809065e-08,0.04321857984177768,3,"{""classification_selection_s"": 0.0016929588746279478, ""pilot_pack_s"": 0.0004060410428792238, ""pilot_rollout_s"": 0.0017927498556673527, ""prefix_propagation_s"": 14.603782207937911, ""selected_anchor_extension_s"": 5.830079317092896e-07, ""symbolic_composition_s"": 0.05409529199823737}",175370272936
1.0569302171899071e-07,0.00019032282709602333,9.91598277589578e-10,fixed_three,187170160071.80826,False,42,"[97, 97, 100]",jonathan-cross,0.9588055610656738,1.535955405313328e-07,0.040850885678082705,3,"{""classification_selection_s"": 0.001626292010769248, ""pilot_pack_s"": 0.00039950013160705566, ""pilot_rollout_s"": 0.001634333049878478, ""prefix_propagation_s"": 14.635089791147038, ""selected_anchor_extension_s"": 6.249174475669861e-07, ""symbolic_composition_s"": 0.060566124971956015}",183085071504
1.4907939367563906e-07,0.0001347128719685342,1.2482841477576797e-09,fixed_three,192758308857.43686,False,43,"[100, 127, 108]",christy-johnson,0.9678192138671875,2.1036496595207273e-07,0.04630862013436854,3,"{""classification_selection_s"": 0.002566083101555705, ""pilot_pack_s"": 0.0003807919565588236, ""pilot_rollout_s"": 0.0020325002260506153, ""prefix_propagation_s"": 16.056846874998882, ""selected_anchor_extension_s"": 5.830079317092896e-07, ""symbolic_composition_s"": 0.09253924991935492}",188127446844
7.849779533415019e-08,9.694450581693159e-05,3.541645507951503e-10,fixed_three,176519137682.50687,False,44,"[69, 63, 67]",edward-adams,0.9397616386413574,1.209579913612097e-07,0.039830392925068736,3,"{""classification_selection_s"": 0.0016778330318629742, ""pilot_pack_s"": 0.0003935410641133785, ""pilot_rollout_s"": 0.0016014170832931995, ""prefix_propagation_s"": 14.632074082968757, ""selected_anchor_extension_s"": 5.83939254283905e-07, ""symbolic_composition_s"": 0.04661220801062882}",172536098390
9.108133064012581e-08,0.00013708722531113882,1.1225710516445874e-09,fixed_three,185544192930.7734,False,45,"[94, 96, 88]",ryan-harvey,0.9553909301757812,1.3352140825747887e-07,0.04302851692773402,3,"{""classification_selection_s"": 0.0019908330868929625, ""pilot_pack_s"": 0.00038783298805356026, ""pilot_rollout_s"": 0.0022518751211464405, ""prefix_propagation_s"": 14.84650995885022, ""selected_anchor_extension_s"": 5.830079317092896e-07, ""symbolic_composition_s"": 0.05259020812809467}",181241341238
1.243904485165265e-07,0.0002262160533134665,1.0704304252556765e-09,fixed_three,192953327237.59076,False,46,"[112, 110, 108]",allison-tyler,0.9667701721191406,1.7534915039238407e-07,0.054356730775907636,3,"{""classification_selection_s"": 0.0016319998539984226, ""pilot_pack_s"": 0.0003792908973991871, ""pilot_rollout_s"": 0.0018257908523082733, ""prefix_propagation_s"": 14.603433333104476, ""selected_anchor_extension_s"": 4.998873919248581e-07, ""symbolic_composition_s"": 0.07841537497006357}",187517654160
1.7018110704441991e-07,0.0003098213146445197,1.0300975240226257e-09,fixed_three,180858445057.60214,False,47,"[77, 83, 77]",debbie-anderson,0.9470324516296387,2.559419390194327e-07,0.042510778876021504,3,"{""classification_selection_s"": 0.0020119999535381794, ""pilot_pack_s"": 0.0003803749568760395, ""pilot_rollout_s"": 0.0023172919172793627, ""prefix_propagation_s"": 16.23197912517935, ""selected_anchor_extension_s"": 6.249174475669861e-07, ""symbolic_composition_s"": 0.06009541708044708}",176607367170
9.958280922546291e-08,0.0001336510811846825,1.260468837771578e-09,fixed_three,183390533331.39697,False,48,"[83, 100, 83]",andrew-nguyen,0.9528508186340332,1.4769859499987953e-07,0.03575258073396981,3,"{""classification_selection_s"": 0.0017920839600265026, ""pilot_pack_s"": 0.0003856250550597906, ""pilot_rollout_s"": 0.0017788750119507313, ""prefix_propagation_s"": 14.35302854096517, ""selected_anchor_extension_s"": 6.249174475669861e-07, ""symbolic_composition_s"": 0.05592666589654982}",179815275258
1.204544992263918e-07,0.00019200408470458413,9.468628709489781e-10,fixed_three,183806942115.57852,False,49,"[90, 94, 86]",mark-cole,0.9537181854248047,1.7825019780252192e-07,0.03505116491578519,3,"{""classification_selection_s"": 0.001726167043671012, ""pilot_pack_s"": 0.0003989168908447027, ""pilot_rollout_s"": 0.001956040970981121, ""prefix_propagation_s"": 14.838991208001971, ""selected_anchor_extension_s"": 5.41098415851593e-07, ""symbolic_composition_s"": 0.0510922078974545}",180301825624
8.673198632620318e-07,0.0002804399113084388,2.6500357316676307e-09,fixed_three,175895934219.67096,False,50,"[62, 70, 63]",joshua-collins,0.9390182495117188,1.3411964514918846e-06,0.037439455976709723,3,"{""classification_selection_s"": 0.0019094161689281464, ""pilot_pack_s"": 0.00044741714373230934, ""pilot_rollout_s"": 0.001709542004391551, ""prefix_propagation_s"": 14.541086290962994, ""selected_anchor_extension_s"": 5.830079317092896e-07, ""symbolic_composition_s"": 0.04470166703686118}",172151988622
1.9694576372988669e-07,0.00019276035987680906,1.1602921732740945e-09,fixed_three,183752242365.17914,False,51,"[93, 85, 87]",brittney-massey,0.9526820182800293,2.915297633651109e-07,0.04035156383179128,3,"{""classification_selection_s"": 0.0016853332053869963, ""pilot_pack_s"": 0.00038645905442535877, ""pilot_rollout_s"": 0.0018710419535636902, ""prefix_propagation_s"": 14.455461458070204, ""selected_anchor_extension_s"": 5.830079317092896e-07, ""symbolic_composition_s"": 0.05706708296202123}",179717085982
1.8607945251442593e-07,0.00014656530234780085,8.507131827057154e-10,fixed_three,181037843860.98248,False,52,"[79, 88, 80]",elaine-lopez,0.9490165710449219,2.795747563298955e-07,0.03329370100982487,3,"{""classification_selection_s"": 0.0016280841082334518, ""pilot_pack_s"": 0.00035666697658598423, ""pilot_rollout_s"": 0.0016560000367462635, ""prefix_propagation_s"": 14.035822582896799, ""selected_anchor_extension_s"": 5.420297384262085e-07, ""symbolic_composition_s"": 0.05435995804145932}",177708473760
6.597116570875833e-07,0.00022160717013031128,1.6076216355812977e-09,fixed_three,178618754072.27435,False,53,"[67, 81, 77]",alexandra-reid,0.9446673393249512,1.0046065524296254e-06,0.03319912194274366,3,"{""classification_selection_s"": 0.0016034170985221863, ""pilot_pack_s"": 0.0002427501603960991, ""pilot_rollout_s"": 0.001431124983355403, ""prefix_propagation_s"": 14.017776499968022, ""selected_anchor_extension_s"": 6.249174475669861e-07, ""symbolic_composition_s"": 0.04593858285807073}",175298841878
3.0128192653869263e-07,0.00025209377890356155,1.0154337544247444e-09,fixed_three,177088302433.07703,False,54,"[70, 79, 62]",desiree-maynard,0.9419784545898438,4.6275605385902553e-07,0.032969565130770206,3,"{""classification_selection_s"": 0.0016550410073250532, ""pilot_pack_s"": 0.00025349995121359825, ""pilot_rollout_s"": 0.0014711671974509954, ""prefix_propagation_s"": 13.994637500029057, ""selected_anchor_extension_s"": 5.830079317092896e-07, ""symbolic_composition_s"": 0.0403845829423517}",173791345920
9.466488873671862e-08,0.0001358840721270571,8.677061312078762e-10,fixed_three,181585928932.02682,False,55,"[86, 90, 76]",tyler-garcia,0.9500102996826172,1.4179980732992833e-07,0.03322025598026812,3,"{""classification_selection_s"": 0.0016526661347597837, ""pilot_pack_s"": 0.0002524589654058218, ""pilot_rollout_s"": 0.0014903750270605087, ""prefix_propagation_s"": 14.292647790862247, ""selected_anchor_extension_s"": 5.420297384262085e-07, ""symbolic_composition_s"": 0.04877620795741677}",178263903334
1.3786243177873331e-07,0.00016374036587529783,5.610709534691347e-10,fixed_three,179213933025.2873,False,56,"[76, 76, 78]",thomas-smith,0.9456634521484375,2.0923920819551662e-07,0.033697318052873015,3,"{""classification_selection_s"": 0.00160483387298882, ""pilot_pack_s"": 0.00025762501172721386, ""pilot_rollout_s"": 0.0014277088921517134, ""prefix_propagation_s"": 14.059830707963556, ""selected_anchor_extension_s"": 6.2515027821064e-07, ""symbolic_composition_s"": 0.045455000130459666}",175844201220
1.5564767370149476e-07,0.00011386570027513185,7.008521005570397e-10,fixed_three,182734454190.31454,False,57,"[81, 92, 90]",ashley-smith,0.9522619247436523,2.3168136208574134e-07,0.032687390223145485,3,"{""classification_selection_s"": 0.001600916963070631, ""pilot_pack_s"": 0.0002507090102881193, ""pilot_rollout_s"": 0.0015193340368568897, ""prefix_propagation_s"": 14.05695354193449, ""selected_anchor_extension_s"": 6.249174475669861e-07, ""symbolic_composition_s"": 0.05060658301226795}",179465715168
1.1204504297635848e-07,0.000133956250754481,1.1189947394511515e-09,fixed_three,190625378605.67465,False,58,"[112, 111, 105]",tommy-arias,0.9663119316101074,1.5987510116694542e-07,0.03357609547674656,3,"{""classification_selection_s"": 0.0016161669045686722, ""pilot_pack_s"": 0.00025029201060533524, ""pilot_rollout_s"": 0.0013606671709567308, ""prefix_propagation_s"": 14.0115219168365, ""selected_anchor_extension_s"": 5.830079317092896e-07, ""symbolic_composition_s"": 0.0732697919011116}",187267769058
8.908110509344888e-08,0.0001629867549000178,8.271424707575218e-10,fixed_three,177272498606.17783,False,59,"[75, 62, 72]",shane-long,0.9416131973266602,1.3668256935469005e-07,0.0370065844617784,3,"{""classification_selection_s"": 0.001798165962100029, ""pilot_pack_s"": 0.00024891598150134087, ""pilot_rollout_s"": 0.0018199170008301735, ""prefix_propagation_s"": 14.057458582799882, ""selected_anchor_extension_s"": 5.830079317092896e-07, ""symbolic_composition_s"": 0.0460190421435982}",173571840160
2.425859428943992e-07,0.00030867808679833485,3.679977260802834e-09,fixed_three,178968999154.8204,False,60,"[73, 74, 71]",david-tyler,0.9433436393737793,3.686860673015021e-07,0.043877673568204045,3,"{""classification_selection_s"": 0.0016989170107990503, ""pilot_pack_s"": 0.0005426248535513878, ""pilot_rollout_s"": 0.0015673749148845673, ""prefix_propagation_s"": 14.654943458037451, ""selected_anchor_extension_s"": 5.83939254283905e-07, ""symbolic_composition_s"": 0.04844699986279011}",174581231798
1.0276826980498404e-07,0.0001730868091294191,2.116200536310505e-09,fixed_three,198682553167.02994,False,61,"[121, 133, 130]",nathan-martinez,0.9794735908508301,1.4069161555144678e-07,0.041300713550299406,3,"{""classification_selection_s"": 0.001955917105078697, ""pilot_pack_s"": 0.000282500172033906, ""pilot_rollout_s"": 0.001735958969220519, ""prefix_propagation_s"": 14.451054667122662, ""selected_anchor_extension_s"": 5.830079317092896e-07, ""symbolic_composition_s"": 0.08103391714394093}",194552481812
7.153400668582744e-08,8.995561655646898e-05,3.997688942612874e-10,fixed_three,185020906851.28665,False,62,"[101, 84, 89]",anthony-park,0.9545235633850098,1.0516243893553135e-07,0.04303172277286649,3,"{""classification_selection_s"": 0.0016856249421834946, ""pilot_pack_s"": 0.00025654188357293606, ""pilot_rollout_s"": 0.0017817500047385693, ""prefix_propagation_s"": 14.362639667000622, ""selected_anchor_extension_s"": 6.670597940683365e-07, ""symbolic_composition_s"": 0.053422041004523635}",180717734574
1.2271063024470321e-07,0.00013957615229642784,9.86649636958737e-10,fixed_three,173915080727.7525,False,63,"[52, 59, 54]",frederick-vargas,0.9336423873901367,1.9191717754947455e-07,0.047672054497525096,3,"{""classification_selection_s"": 0.002013999968767166, ""pilot_pack_s"": 0.0002894999925047159, ""pilot_rollout_s"": 0.0019282500725239515, ""prefix_propagation_s"": 14.637769459048286, ""selected_anchor_extension_s"": 5.841720849275589e-07, ""symbolic_composition_s"": 0.04641695902682841}",169147875278
2.068598323801825e-07,0.00016424566397027496,9.500111060639875e-10,fixed_three,188271386788.00293,False,64,"[105, 99, 91]",kenneth-curry,0.9589991569519043,2.988551546112849e-07,0.050036821980029345,3,"{""classification_selection_s"": 0.0020607919432222843, ""pilot_pack_s"": 0.000557666877284646, ""pilot_rollout_s"": 0.0019833340775221586, ""prefix_propagation_s"": 15.294684084132314, ""selected_anchor_extension_s"": 6.66128471493721e-07, ""symbolic_composition_s"": 0.061879541957750916}",183267704590
1.9083673595788084e-07,0.0001116938937575328,7.272727451167651e-10,fixed_three,185570050724.32336,False,65,"[96, 93, 89]",daniel-petersen,0.9553933143615723,2.7971966369538675e-07,0.0437111787032336,3,"{""classification_selection_s"": 0.001648083096370101, ""pilot_pack_s"": 0.00026204180903732777, ""pilot_rollout_s"": 0.0018292500171810389, ""prefix_propagation_s"": 14.708262250060216, ""selected_anchor_extension_s"": 5.417969077825546e-07, ""symbolic_composition_s"": 0.052427791990339756}",181198932854
2.494252410690926e-07,0.0002780308863321814,1.877003964404692e-09,fixed_three,184618947633.40604,False,66,"[82, 91, 93]",david-wilson,0.9528803825378418,3.6747942960604964e-07,0.047818590654060245,3,"{""classification_selection_s"": 0.0017794170416891575, ""pilot_pack_s"": 0.00042466609738767147, ""pilot_rollout_s"": 0.0017676251009106636, ""prefix_propagation_s"": 14.821328334044665, ""selected_anchor_extension_s"": 7.080379873514175e-07, ""symbolic_composition_s"": 0.05922762514092028}",179837088568
1.0569644553349797e-07,9.540012313861602e-05,8.631444019915664e-10,fixed_three,180852280175.00653,False,67,"[78, 82, 73]",kimberly-mayo,0.9462413787841797,1.5896638492636802e-07,0.04664320359006524,3,"{""classification_selection_s"": 0.001748416107147932, ""pilot_pack_s"": 0.0002557078842073679, ""pilot_rollout_s"": 0.0019101251382380724, ""prefix_propagation_s"": 14.701204292010516, ""selected_anchor_extension_s"": 6.668269634246826e-07, ""symbolic_composition_s"": 0.055314125027507544}",176187959816
1.4946367942437764e-07,0.0005044966814619879,3.164541021283605e-09,fixed_three,186319935736.68488,False,68,"[97, 80, 88]",mary-nichols,0.9526557922363281,2.1819522770169277e-07,0.06587406480684876,3,"{""classification_selection_s"": 0.0019097919575870037, ""pilot_pack_s"": 0.00047275004908442497, ""pilot_rollout_s"": 0.0019368750508874655, ""prefix_propagation_s"": 15.514421292115003, ""selected_anchor_extension_s"": 6.249174475669861e-07, ""symbolic_composition_s"": 0.06353262509219348}",179732529256
2.2138354480213663e-07,0.00011421031536928972,8.159067967507605e-10,fixed_three,185678713212.06906,False,69,"[107, 85, 79]",theodore-anderson,0.9538302421569824,3.2430386415596465e-07,0.05276099150069058,3,"{""classification_selection_s"": 0.001932790968567133, ""pilot_pack_s"": 0.00044579198583960533, ""pilot_rollout_s"": 0.001800208818167448, ""prefix_propagation_s"": 15.60501587507315, ""selected_anchor_extension_s"": 7.080379873514175e-07, ""symbolic_composition_s"": 0.05204866686835885}",180402614062
2.026199702204754e-07,0.00014199702881053023,5.839150582616257e-10,fixed_three,173938632822.45398,False,70,"[58, 56, 55]",michael-cooper,0.9343481063842773,3.1685101236954613e-07,0.04419076256453991,3,"{""classification_selection_s"": 0.0018265829421579838, ""pilot_pack_s"": 0.00037866714410483837, ""pilot_rollout_s"": 0.002457458060234785, ""prefix_propagation_s"": 15.479030375136063, ""selected_anchor_extension_s"": 7.080379873514175e-07, ""symbolic_composition_s"": 0.037481792038306594}",169519556566
2.916054080279318e-07,0.0008175461530319783,6.212151454325097e-09,fixed_three,183791667915.3769,False,71,"[89, 88, 80]",savannah-hayes,0.9510383605957031,4.3155749051756353e-07,0.04973699967376888,3,"{""classification_selection_s"": 0.0021552909165620804, ""pilot_pack_s"": 0.00047683296725153923, ""pilot_rollout_s"": 0.0019622500985860825, ""prefix_propagation_s"": 15.507990791928023, ""selected_anchor_extension_s"": 8.749775588512421e-07, ""symbolic_composition_s"": 0.06407933286391199}",178817967948
1.3730285631238806e-07,0.0003003897589421335,1.732771576369298e-09,fixed_three,185403339795.81766,False,72,"[98, 82, 87]",terri-butler,0.9530715942382812,2.014331400831217e-07,0.05494919791817665,3,"{""classification_selection_s"": 0.001694750040769577, ""pilot_pack_s"": 0.00037216697819530964, ""pilot_rollout_s"": 0.0017230419907718897, ""prefix_propagation_s"": 15.542748082894832, ""selected_anchor_extension_s"": 5.420297384262085e-07, ""symbolic_composition_s"": 0.054629124933853745}",179908420004
1.7925540618454608e-07,0.0001689989660567659,1.1194670631862176e-09,fixed_three,187650996091.7512,False,73,"[111, 96, 86]",david-anderson,0.9585161209106445,2.598305977462372e-07,0.047152192797511816,3,"{""classification_selection_s"": 0.0018883331213146448, ""pilot_pack_s"": 0.000393416965380311, ""pilot_rollout_s"": 0.0025615838821977377, ""prefix_propagation_s"": 15.461918749846518, ""selected_anchor_extension_s"": 5.417969077825546e-07, ""symbolic_composition_s"": 0.05514158308506012}",182935776812
2.2758625821595684e-07,0.0003136179055399646,2.029124582163113e-09,fixed_three,184399261473.42114,False,74,"[99, 88, 75]",heidi-willis,0.9520039558410645,3.357034173570314e-07,0.050128275994211435,3,"{""classification_selection_s"": 0.004978999961167574, ""pilot_pack_s"": 0.00040204194374382496, ""pilot_rollout_s"": 0.0032233328092843294, ""prefix_propagation_s"": 16.006126707885414, ""selected_anchor_extension_s"": 1.2079253792762756e-06, ""symbolic_composition_s"": 0.05586841609328985}",179386433874
1.1284266946168767e-07,0.000223846137119732,1.2148234114945977e-09,fixed_three,187801868784.79898,False,75,"[107, 86, 100]",charles-johnson,0.9585371017456055,1.6343397588205156e-07,0.04836507816798985,3,"{""classification_selection_s"": 0.001854750094935298, ""pilot_pack_s"": 0.0005092909559607506, ""pilot_rollout_s"": 0.0017767089884728193, ""prefix_propagation_s"": 15.757022624835372, ""selected_anchor_extension_s"": 7.909256964921951e-07, ""symbolic_composition_s"": 0.06692641694098711}",182965360968
1.4835189205991192e-07,0.00015854961566913461,1.0174539254862323e-09,fixed_three,197338017692.9504,False,76,"[123, 125, 119]",jerry-thomas,0.9753832817077637,2.0448018639308316e-07,0.050156571669504046,3,"{""classification_selection_s"": 0.0022185409907251596, ""pilot_pack_s"": 0.00044475006870925426, ""pilot_rollout_s"": 0.00276741711422801, ""prefix_propagation_s"": 15.873223332921043, ""selected_anchor_extension_s"": 7.499475032091141e-07, ""symbolic_composition_s"": 0.09068187489174306}",192322360526
9.063093763167022e-08,9.065795519674902e-05,5.329619153699203e-10,fixed_three,190772406582.37726,False,77,"[107, 99, 104]",ricky-vincent,0.9622883796691895,1.2922002441254265e-07,0.05743431090377271,3,"{""classification_selection_s"": 0.0017209998331964016, ""pilot_pack_s"": 0.00044041709043085575, ""pilot_rollout_s"": 0.002065416192635894, ""prefix_propagation_s"": 15.58066749991849, ""selected_anchor_extension_s"": 1.084059476852417e-06, ""symbolic_composition_s"": 0.0794276250526309}",185028975492
3.249759334308336e-07,0.00019565094188467302,1.0799781578990703e-09,fixed_three,179629574606.02536,False,78,"[82, 66, 65]",dan-weeks,0.9423484802246094,4.920874198308196e-07,0.05590268434025347,3,"{""classification_selection_s"": 0.0016723750159144402, ""pilot_pack_s"": 0.00038116704672574997, ""pilot_rollout_s"": 0.0018301669042557478, ""prefix_propagation_s"": 15.65456425002776, ""selected_anchor_extension_s"": 5.830079317092896e-07, ""symbolic_composition_s"": 0.05642120796255767}",174039306172
1.6931903242300295e-07,0.00013211760920092962,8.859356738652352e-10,fixed_three,187858976687.34683,False,79,"[94, 87, 107]",allen-davis,0.9574704170227051,2.4515611460880916e-07,0.05507231061346829,3,"{""classification_selection_s"": 0.0017393329180777073, ""pilot_pack_s"": 0.000363500090315938, ""pilot_rollout_s"": 0.0017366660758852959, ""prefix_propagation_s"": 15.65969158289954, ""selected_anchor_extension_s"": 6.670597940683365e-07, ""symbolic_composition_s"": 0.05681170895695686}",182351745626
1.5599379127120293e-07,8.177336077563879e-05,3.7646670918664997e-10,fixed_three,172408029974.0881,False,80,"[50, 51, 42]",matthew-herrera,0.9298744201660156,2.461040314197907e-07,0.053110233740881085,3,"{""classification_selection_s"": 0.0022863750346004963, ""pilot_pack_s"": 0.0004273329395800829, ""pilot_rollout_s"": 0.002176624955609441, ""prefix_propagation_s"": 15.540201999945566, ""selected_anchor_extension_s"": 7.920898497104645e-07, ""symbolic_composition_s"": 0.03828995791263878}",167097006600
1.416111081787838e-07,7.159653597587156e-05,4.1902177220683473e-10,fixed_three,190291095100.99683,False,81,"[113, 96, 102]",nicole-strickland,0.9624814987182617,2.0241736169622486e-07,0.05135042848996818,3,"{""classification_selection_s"": 0.003050082828849554, ""pilot_pack_s"": 0.0010548331774771214, ""pilot_rollout_s"": 0.004666291177272797, ""prefix_propagation_s"": 15.977093666093424, ""selected_anchor_extension_s"": 8.749775588512421e-07, ""symbolic_composition_s"": 0.08178274985402822}",185156052252
2.8279394854429017e-07,0.0001959194805776221,9.041547952813486e-10,fixed_three,183734789980.95486,False,82,"[77, 98, 84]",william-brown,0.9514036178588867,4.1864664831314805e-07,0.046998263569548726,3,"{""classification_selection_s"": 0.001923625124618411, ""pilot_pack_s"": 0.000410707900300622, ""pilot_rollout_s"": 0.0021180410403758287, ""prefix_propagation_s"": 15.207295250147581, ""selected_anchor_extension_s"": 7.909256964921951e-07, ""symbolic_composition_s"": 0.06342320796102285}",179034963624
7.78211625022033e-08,0.00023568618734115532,8.079681047901859e-10,fixed_three,176249832200.37698,False,83,"[61, 64, 62]",brandon-king,0.9375638961791992,1.2009858923743147e-07,0.049040545243769884,3,"{""classification_selection_s"": 0.0016841250471770763, ""pilot_pack_s"": 0.00040091597475111485, ""pilot_rollout_s"": 0.001767332898452878, ""prefix_propagation_s"": 14.996056000003591, ""selected_anchor_extension_s"": 5.830079317092896e-07, ""symbolic_composition_s"": 0.0574603748973459}",171345777676
2.535709003539329e-07,0.00022092947023755194,1.369535164442029e-09,fixed_three,177012547785.9478,False,84,"[55, 72, 72]",jessica-henderson,0.9397201538085938,3.8964065406071207e-07,0.04534625913947821,3,"{""classification_selection_s"": 0.0025918749161064625, ""pilot_pack_s"": 0.000383750069886446, ""pilot_rollout_s"": 0.0018484171014279127, ""prefix_propagation_s"": 15.638090874999762, ""selected_anchor_extension_s"": 7.078051567077637e-07, ""symbolic_composition_s"": 0.04100558301433921}",172477921872
2.183877954044399e-07,0.0002344026335605598,1.9363311805081238e-09,fixed_three,180971293556.2567,False,85,"[86, 83, 67]",dominique-perkins,0.9467911720275879,3.282370324194103e-07,0.045114561682567,3,"{""classification_selection_s"": 0.0021846669260412455, ""pilot_pack_s"": 0.00040975003503262997, ""pilot_rollout_s"": 0.0019427500665187836, ""prefix_propagation_s"": 15.458400457864627, ""selected_anchor_extension_s"": 7.499475032091141e-07, ""symbolic_composition_s"": 0.054864083183929324}",176459837388
2.562633137121592e-07,0.0001420039207992223,7.95038908151975e-10,fixed_three,173921409720.4841,False,86,"[66, 49, 51]",johnathan-peterson,0.9337821006774902,4.0077654293241246e-07,0.04695684602484107,3,"{""classification_selection_s"": 0.0023587921168655157, ""pilot_pack_s"": 0.0003998749889433384, ""pilot_rollout_s"": 0.002205916913226247, ""prefix_propagation_s"": 15.63762683281675, ""selected_anchor_extension_s"": 7.080379873514175e-07, ""symbolic_composition_s"": 0.03992820787243545}",169225725118
1.7476585094029167e-07,0.00012123404234354318,9.154515784181216e-10,fixed_three,194869497777.46906,False,87,"[115, 121, 119]",katie-lee,0.972541332244873,2.4393921058924963e-07,0.041855644434690475,3,"{""classification_selection_s"": 0.001699916087090969, ""pilot_pack_s"": 0.0003743749111890793, ""pilot_rollout_s"": 0.0018499591387808323, ""prefix_propagation_s"": 15.007558791898191, ""selected_anchor_extension_s"": 6.670597940683365e-07, ""symbolic_composition_s"": 0.06790062505751848}",190683933334
1.2495206449991221e-07,0.00014572632898746107,1.5674362726851282e-09,fixed_three,174644167331.05988,False,88,"[63, 62, 52]",robert-barrera,0.9357481002807617,1.9460690879844605e-07,0.04279033211059868,3,"{""classification_selection_s"": 0.001820458797737956, ""pilot_pack_s"": 0.0004098750650882721, ""pilot_rollout_s"": 0.0019365418702363968, ""prefix_propagation_s"": 15.412581915967166, ""selected_anchor_extension_s"": 7.08969309926033e-07, ""symbolic_composition_s"": 0.05362995807081461}",170365134120
6.520008591961157e-08,7.55095472498418e-05,2.1850846774443032e-10,fixed_three,178165018496.35986,False,89,"[66, 86, 60]",melissa-bennett,0.9421138763427734,9.953931203670424e-08,0.0430457117035985,3,"{""classification_selection_s"": 0.002239250112324953, ""pilot_pack_s"": 0.0004416671581566334, ""pilot_rollout_s"": 0.00203399988822639, ""prefix_propagation_s"": 14.939397542038932, ""selected_anchor_extension_s"": 6.658956408500671e-07, ""symbolic_composition_s"": 0.05459345900453627}",173860447326
1.2307213947669196e-07,9.690524304306614e-05,4.925721854816375e-10,fixed_three,197648873850.3412,False,90,"[130, 125, 114]",william-rodriguez,0.9758338928222656,1.693691508862722e-07,0.05091566336341202,3,"{""classification_selection_s"": 0.00222454103641212, ""pilot_pack_s"": 0.00041516683995723724, ""pilot_rollout_s"": 0.002034915843978524, ""prefix_propagation_s"": 15.373988292180002, ""selected_anchor_extension_s"": 7.080379873514175e-07, ""symbolic_composition_s"": 0.06938366615213454}",192557307514
5.395500214980804e-08,0.00023610352759217967,9.039075045016154e-10,fixed_three,181144352916.00543,False,91,"[76, 89, 71]",jimmy-barr,0.9467997550964355,8.101693676066606e-08,0.04720041994005442,3,"{""classification_selection_s"": 0.004386542132124305, ""pilot_pack_s"": 0.00041791703552007675, ""pilot_rollout_s"": 0.0020607919432222843, ""prefix_propagation_s"": 15.267628333065659, ""selected_anchor_extension_s"": 7.920898497104645e-07, ""symbolic_composition_s"": 0.06643579085357487}",176424310922
2.341683586741449e-07,0.0003073543583211226,2.239553126211617e-09,fixed_three,178675981252.75418,False,92,"[73, 77, 60]",erika-taylor,0.9417862892150879,3.5647652870178716e-07,0.04951173532754183,3,"{""classification_selection_s"": 0.002034874865785241, ""pilot_pack_s"": 0.0004036249592900276, ""pilot_rollout_s"": 0.0018443749286234379, ""prefix_propagation_s"": 15.543999917106703, ""selected_anchor_extension_s"": 6.2515027821064e-07, ""symbolic_composition_s"": 0.05053083412349224}",173724807720
3.72483078021415e-08,0.00012898973452812879,7.676097960294385e-10,fixed_three,188401462801.69907,False,93,"[103, 90, 94]",benjamin-dean,0.9572849273681641,5.377633257999904e-08,0.0614601019769907,3,"{""classification_selection_s"": 0.001761249965056777, ""pilot_pack_s"": 0.0004297918640077114, ""pilot_rollout_s"": 0.00237658410333097, ""prefix_propagation_s"": 15.244816750055179, ""selected_anchor_extension_s"": 7.08969309926033e-07, ""symbolic_composition_s"": 0.05831220815889537}",182255452604
9.229303846742405e-08,0.00018448961050032686,1.4256122686837925e-09,fixed_three,192202275942.61685,False,94,"[99, 104, 111]",michele-galvan,0.9631638526916504,1.3061086992869016e-07,0.06710267532616854,3,"{""classification_selection_s"": 0.0018635829910635948, ""pilot_pack_s"": 0.0004387921653687954, ""pilot_rollout_s"": 0.001795083051547408, ""prefix_propagation_s"": 15.345326457871124, ""selected_anchor_extension_s"": 5.417969077825546e-07, ""symbolic_composition_s"": 0.20926308305934072}",185492008410
1.8735551895830732e-07,0.0002684543517890159,2.7737288316760723e-09,fixed_three,174358569787.83624,False,95,"[58, 48, 65]",cathy-butler,0.934666633605957,2.922752877513839e-07,0.04645279375836253,3,"{""classification_selection_s"": 0.00183029193431139, ""pilot_pack_s"": 0.0003701669629663229, ""pilot_rollout_s"": 0.0019162909593433142, ""prefix_propagation_s"": 15.38687974982895, ""selected_anchor_extension_s"": 4.998873919248581e-07, ""symbolic_composition_s"": 0.03896279097534716}",169713290412
1.4648811084112098e-07,0.00020706480411480932,2.974185655880921e-09,fixed_three,186666395149.57648,False,96,"[102, 91, 97]",lindsey-chase,0.9579329490661621,2.1345441484985634e-07,0.040232323575764894,3,"{""classification_selection_s"": 0.002105749910697341, ""pilot_pack_s"": 0.0005087908357381821, ""pilot_rollout_s"": 0.0018645001109689474, ""prefix_propagation_s"": 15.303805167088285, ""selected_anchor_extension_s"": 7.920898497104645e-07, ""symbolic_composition_s"": 0.05155945895239711}",182643162792
2.2853593313783044e-07,0.00011295986444181949,7.046647467639955e-10,fixed_three,178546032915.7919,False,97,"[64, 78, 74]",kenneth-hernandez,0.9429378509521484,3.4815544651617877e-07,0.041951148537918925,3,"{""classification_selection_s"": 0.001744291977956891, ""pilot_pack_s"": 0.00040829088538885117, ""pilot_rollout_s"": 0.0018638339824974537, ""prefix_propagation_s"": 14.953402915969491, ""selected_anchor_extension_s"": 6.249174475669861e-07, ""symbolic_composition_s"": 0.04865087498910725}",174350918062
1.1848097875822955e-07,0.00016654474596597413,1.8285619621040034e-09,fixed_three,187283779587.14062,False,98,"[103, 97, 92]",lauren-flowers,0.9583621025085449,1.720748390131871e-07,0.043866373831406236,3,"{""classification_selection_s"": 0.0038590419571846724, ""pilot_pack_s"": 0.0004688331391662359, ""pilot_rollout_s"": 0.0025231658946722746, ""prefix_propagation_s"": 15.44816912501119, ""selected_anchor_extension_s"": 7.920898497104645e-07, ""symbolic_composition_s"": 0.05517137493006885}",182897142204
8.398715750888367e-08,8.490489416326172e-05,5.398309122598763e-10,fixed_three,174414892505.67242,False,99,"[64, 56, 49]",kristi-johnson,0.9343223571777344,1.309779601628536e-07,0.04833633289672434,3,"{""classification_selection_s"": 0.001854750094935298, ""pilot_pack_s"": 0.0004069581627845764, ""pilot_rollout_s"": 0.0017962080892175436, ""prefix_propagation_s"": 14.80112695787102, ""selected_anchor_extension_s"": 7.092021405696869e-07, ""symbolic_composition_s"": 0.0384660828858614}",169581259216
1.237652976445628e-07,8.167500261130721e-05,9.736452338354505e-11,adaptive_2_6,194486595035.44235,False,0,"[102, 83, 100, 90]",daniel-harrison,0.9497718811035156,1.7309244862447346e-07,0.04132638359442353,4,"{""classification_selection_s"": 0.013082250021398067, ""pilot_pack_s"": 0.00045100017450749874, ""pilot_rollout_s"": 0.004682125058025122, ""prefix_propagation_s"": 13.339472374878824, ""selected_anchor_extension_s"": 1.0167470418382436, ""symbolic_composition_s"": 0.09691191697493196}",190353956676
1.2926561444570367e-07,0.00010581252183394785,3.82888066584851e-10,adaptive_2_6,203483034968.42746,False,1,"[99, 112, 87, 86, 81]",dustin-robinson,0.9464879035949707,1.7279203219416736e-07,0.03626728104427457,5,"{""classification_selection_s"": 0.010836125118657947, ""pilot_pack_s"": 0.0005900829564779997, ""pilot_rollout_s"": 0.003426667070016265, ""prefix_propagation_s"": 12.806731791933998, ""selected_anchor_extension_s"": 0.5220262499060482, ""symbolic_composition_s"": 0.14822683297097683}",199856306864
2.2426359759877574e-07,6.843295855607501e-05,3.291224554850391e-10,adaptive_2_6,198793615796.07938,False,2,"[97, 95, 75, 80, 87]",cole-martin,0.9374523162841797,3.0684938398343697e-07,0.03918031766079366,5,"{""classification_selection_s"": 0.010600166860967875, ""pilot_pack_s"": 0.0002531670033931732, ""pilot_rollout_s"": 0.0028794168028980494, ""prefix_propagation_s"": 12.87485970905982, ""selected_anchor_extension_s"": 0.510347249917686, ""symbolic_composition_s"": 0.11975204106420279}",194875584030
8.265168377877402e-08,4.552869637836077e-05,5.0077797589314214e-11,adaptive_2_6,195532384672.7114,False,3,"[128, 117, 111]",donna-clarke,0.972745418548584,1.1497460139636924e-07,0.03841709438711405,3,"{""classification_selection_s"": 0.010111333103850484, ""pilot_pack_s"": 0.0003041669260710478, ""pilot_rollout_s"": 0.0027659169863909483, ""prefix_propagation_s"": 12.79175908304751, ""selected_anchor_extension_s"": 1.515974124893546, ""symbolic_composition_s"": 0.06696949992328882}",191690675234
7.221062641072894e-08,5.152223903703845e-05,1.0855325142353377e-10,adaptive_2_6,198568633646.64752,False,4,"[119, 130, 129]",rebecca-walker,0.9780154228210449,9.891436539101089e-08,0.040237225126475096,3,"{""classification_selection_s"": 0.010694416938349605, ""pilot_pack_s"": 0.000538666034117341, ""pilot_rollout_s"": 0.003059250069782138, ""prefix_propagation_s"": 13.050579541828483, ""selected_anchor_extension_s"": 1.5481786250602454, ""symbolic_composition_s"": 0.06572745810262859}",194544911134
1.5863619111220428e-07,0.00010220917198011659,2.3576563899002407e-10,adaptive_2_6,193447425648.675,False,5,"[111, 114, 112]",monique-stevens,0.9683675765991211,2.230530793461356e-07,0.04173436248674989,3,"{""classification_selection_s"": 0.010367333190515637, ""pilot_pack_s"": 0.0002437909133732319, ""pilot_rollout_s"": 0.0030664578080177307, ""prefix_propagation_s"": 12.767947666114196, ""selected_anchor_extension_s"": 1.8090371252037585, ""symbolic_composition_s"": 0.1035953750833869}",189273989400
9.449966307883067e-08,6.593059777015853e-05,1.3493028553338053e-10,adaptive_2_6,199873598373.3371,False,6,"[112, 101, 106, 93]",keith-brock,0.959505558013916,1.2860081855048452e-07,0.04197971895337105,4,"{""classification_selection_s"": 0.010637749917805195, ""pilot_pack_s"": 0.00039725005626678467, ""pilot_rollout_s"": 0.0028890420217067003, ""prefix_propagation_s"": 13.144574541831389, ""selected_anchor_extension_s"": 1.042529792059213, ""symbolic_composition_s"": 0.10153945884667337}",195675626478
9.031834081417967e-08,5.5319980660439e-05,1.1803396729956912e-10,adaptive_2_6,195920028542.86383,False,7,"[124, 123, 111]",robert-huff,0.9732270240783691,1.2539089997162865e-07,0.03962655644863844,3,"{""classification_selection_s"": 0.009927667211741209, ""pilot_pack_s"": 0.0003508341033011675, ""pilot_rollout_s"": 0.0031897909939289093, ""prefix_propagation_s"": 12.988266417058185, ""selected_anchor_extension_s"": 1.5652889590710402, ""symbolic_composition_s"": 0.09322120808064938}",191957372898
1.9251589359858305e-07,5.402126937902482e-05,1.449904659464707e-10,adaptive_2_6,191354589197.36957,False,8,"[90, 99, 90, 71]",kimberly-caldwell,0.9434361457824707,2.7365073018867746e-07,0.04486921243369579,4,"{""classification_selection_s"": 0.010544666089117527, ""pilot_pack_s"": 0.00044687511399388313, ""pilot_rollout_s"": 0.0033236672170460224, ""prefix_propagation_s"": 13.600120875053108, ""selected_anchor_extension_s"": 1.1778322919271886, ""symbolic_composition_s"": 0.09246758301742375}",186867667954
7.658795074477979e-08,2.06598051590845e-05,2.1328543113970726e-11,adaptive_2_6,194055115158.77283,False,9,"[106, 115, 118]",annette-hansen,0.9688091278076172,1.0735054618650869e-07,0.04573863418772817,3,"{""classification_selection_s"": 0.011356167029589415, ""pilot_pack_s"": 0.0004217091482132673, ""pilot_rollout_s"": 0.0036723751109093428, ""prefix_propagation_s"": 13.719355000182986, ""selected_anchor_extension_s"": 1.767893583048135, ""symbolic_composition_s"": 0.08692241716198623}",189481251740
4.605368681719293e-08,6.577558756037938e-05,5.066183162393814e-11,adaptive_2_6,191570752973.16504,False,10,"[106, 111, 106]",emma-potter,0.9651870727539062,6.538891046709613e-08,0.04129136307165027,3,"{""classification_selection_s"": 0.011805957881733775, ""pilot_pack_s"": 0.0004193331114947796, ""pilot_rollout_s"": 0.0033399160020053387, ""prefix_propagation_s"": 13.182612791890278, ""selected_anchor_extension_s"": 1.5935157090425491, ""symbolic_composition_s"": 0.07778183300979435}",187441616666
1.7087425209770825e-07,6.858922808805623e-05,3.3428865489647865e-10,adaptive_2_6,197657723404.89157,False,11,"[89, 79, 75, 64, 68, 68]",alan-campbell,0.9113268852233887,2.3514283059594538e-07,0.05865161120891571,6,"{""classification_selection_s"": 0.01073070801794529, ""pilot_pack_s"": 0.0004316670820116997, ""pilot_rollout_s"": 0.003687791060656309, ""prefix_propagation_s"": 13.887589540798217, ""selected_anchor_extension_s"": 6.668269634246826e-07, ""symbolic_composition_s"": 0.16366166714578867}",191792562284
1.105431448878074e-07,8.35868466773082e-05,5.678672891739315e-10,adaptive_2_6,195532777190.77417,False,12,"[94, 90, 99, 90]",steven-williams,0.9493036270141602,1.5377337672725645e-07,0.05485444748774171,4,"{""classification_selection_s"": 0.010688041104003787, ""pilot_pack_s"": 0.0003867081832140684, ""pilot_rollout_s"": 0.003808917012065649, ""prefix_propagation_s"": 13.261366042075679, ""selected_anchor_extension_s"": 1.0877028750255704, ""symbolic_composition_s"": 0.07690241583622992}",190047332442
6.137354603009278e-08,0.00010344415410135088,1.5871291845084373e-10,adaptive_2_6,193656771335.0385,False,13,"[113, 117, 102]",hannah-best,0.9671978950500488,8.620201816390009e-08,0.05079776491038501,3,"{""classification_selection_s"": 0.010705415857955813, ""pilot_pack_s"": 0.00040258397348225117, ""pilot_rollout_s"": 0.004023082787171006, ""prefix_propagation_s"": 13.300694291014224, ""selected_anchor_extension_s"": 1.562163416063413, ""symbolic_composition_s"": 0.09993216604925692}",188576994844
3.0088392795339555e-07,0.0001854922179342067,5.376460858456699e-10,adaptive_2_6,202901520388.10858,False,14,"[81, 77, 74, 86, 86, 83]",thomas-parsons,0.9249005317687988,4.033504936127625e-07,0.03611830552108586,6,"{""classification_selection_s"": 0.010276416083797812, ""pilot_pack_s"": 0.0003974579740315676, ""pilot_rollout_s"": 0.0036044581793248653, ""prefix_propagation_s"": 13.01617195783183, ""selected_anchor_extension_s"": 7.08969309926033e-07, ""symbolic_composition_s"": 0.1431043748743832}",199289689836
1.2107549499351362e-07,6.629674390405994e-05,1.3373518535235196e-10,adaptive_2_6,187310123218.83246,False,15,"[123, 132]",kenneth-frost,0.9783229827880859,1.7581823167005752e-07,0.03933499124832451,2,"{""classification_selection_s"": 0.010295124957337976, ""pilot_pack_s"": 0.00036349985748529434, ""pilot_rollout_s"": 0.0033812918700277805, ""prefix_propagation_s"": 13.112776624970138, ""selected_anchor_extension_s"": 2.0980640000198036, ""symbolic_composition_s"": 0.048856624867767096}",183376624094
8.480746100658328e-08,0.00010858182238160374,7.64111696196718e-11,adaptive_2_6,187030601677.85828,False,16,"[122, 127]",joseph-shaffer,0.9772367477416992,1.2333612353727206e-07,0.04263336327858269,2,"{""classification_selection_s"": 0.011252625146880746, ""pilot_pack_s"": 0.0003917079884558916, ""pilot_rollout_s"": 0.0033657909370958805, ""prefix_propagation_s"": 13.409930916968733, ""selected_anchor_extension_s"": 2.0401082921307534, ""symbolic_composition_s"": 0.049033917021006346}",182767265350
1.308330208778779e-07,0.00011697792819609365,2.4727661682405155e-10,adaptive_2_6,187600421868.41263,False,17,"[99, 98, 93]",natasha-richardson,0.9579424858093262,1.8969350561345785e-07,0.041374798864126205,3,"{""classification_selection_s"": 0.01024641701951623, ""pilot_pack_s"": 0.000464125070720911, ""pilot_rollout_s"": 0.004043292021378875, ""prefix_propagation_s"": 13.357508333865553, ""selected_anchor_extension_s"": 1.6917443748097867, ""symbolic_composition_s"": 0.054922500159591436}",183462941982
9.654638994967012e-08,3.0393954258078892e-05,3.750815954092631e-11,adaptive_2_6,189011706042.316,False,18,"[140, 125]",anne-clayton,0.9801464080810547,1.3893646386341296e-07,0.04617639654316008,2,"{""classification_selection_s"": 0.010137750068679452, ""pilot_pack_s"": 0.0003722498659044504, ""pilot_rollout_s"": 0.0037283748388290405, ""prefix_propagation_s"": 13.466511124977842, ""selected_anchor_extension_s"": 2.16342637501657, ""symbolic_composition_s"": 0.04730566684156656}",184394066388
9.887228117100577e-08,7.574804666610202e-05,2.1242103507400494e-10,adaptive_2_6,186281817172.6848,False,19,"[75, 58, 61, 62, 62, 60]",jessica-benson,0.8928465843200684,1.4436868228305554e-07,0.04838071530684829,6,"{""classification_selection_s"": 0.010118999984115362, ""pilot_pack_s"": 0.0003987499512732029, ""pilot_rollout_s"": 0.0032862089574337006, ""prefix_propagation_s"": 13.624236041912809, ""selected_anchor_extension_s"": 5.827751010656357e-07, ""symbolic_composition_s"": 0.12112716701813042}",181443745642
2.8083731361193034e-07,6.849571156438238e-05,2.733689308168658e-10,adaptive_2_6,191553168779.6114,False,20,"[96, 91, 94, 73]",alexandra-adkins,0.9444479942321777,3.9878092223225933e-07,0.041130082216113806,4,"{""classification_selection_s"": 0.012071124976500869, ""pilot_pack_s"": 0.0006693338509649038, ""pilot_rollout_s"": 0.004750292049720883, ""prefix_propagation_s"": 13.217007790924981, ""selected_anchor_extension_s"": 1.0520292920991778, ""symbolic_composition_s"": 0.0851588340010494}",187440160558
8.960606038182294e-08,8.338205525248998e-05,3.3374372747818067e-10,adaptive_2_6,206949076154.90128,False,21,"[83, 95, 99, 102, 99]",olivia-hodge,0.9505090713500977,1.1777220211223738e-07,0.04827059106901288,5,"{""classification_selection_s"": 0.009985667187720537, ""pilot_pack_s"": 0.00041587487794458866, ""pilot_rollout_s"": 0.0035986669827252626, ""prefix_propagation_s"": 13.177270415937528, ""selected_anchor_extension_s"": 0.5145207911264151, ""symbolic_composition_s"": 0.12899654195643961}",202122017048
1.393983195650665e-07,6.510697780270913e-05,2.3733780211188547e-10,adaptive_2_6,200933193829.6319,False,22,"[105, 109, 104, 100]",mary-clay,0.9611649513244629,1.8870124044236697e-07,0.043058980256319046,4,"{""classification_selection_s"": 0.012265958124771714, ""pilot_pack_s"": 0.00040041608735919, ""pilot_rollout_s"": 0.004218083107843995, ""prefix_propagation_s"": 13.218899291940033, ""selected_anchor_extension_s"": 1.0394658329896629, ""symbolic_composition_s"": 0.1361749169882387}",196627295804
8.840937512926382e-08,6.458581018886633e-05,2.736180633669459e-10,adaptive_2_6,194626367917.5938,False,23,"[100, 97, 92, 84]",emily-ho,0.9492816925048828,1.2355648565225027e-07,0.045777209335938096,4,"{""classification_selection_s"": 0.010529875056818128, ""pilot_pack_s"": 0.0003649999853223562, ""pilot_rollout_s"": 0.004028959199786186, ""prefix_propagation_s"": 13.633893040940166, ""selected_anchor_extension_s"": 1.1569000000599772, ""symbolic_composition_s"": 0.08761366712860763}",190048646984
1.276998953062242e-07,8.099684632856263e-05,2.9333787224749477e-10,adaptive_2_6,195123137034.02008,False,24,"[97, 83, 89, 70, 71]",michael-poole,0.9306154251098633,1.7801257222118656e-07,0.04029078898020089,5,"{""classification_selection_s"": 0.010061374865472317, ""pilot_pack_s"": 0.0004388329107314348, ""pilot_rollout_s"": 0.003378916997462511, ""prefix_propagation_s"": 13.271100375102833, ""selected_anchor_extension_s"": 0.5086550831329077, ""symbolic_composition_s"": 0.12519120797514915}",191094058136
4.30159510173653e-08,6.0090442957183576e-05,1.903134016930834e-10,adaptive_2_6,209785018574.52927,False,25,"[88, 87, 77, 83, 84, 107]",courtney-roth,0.9374141693115234,5.577299445034795e-08,0.036275719525292516,6,"{""classification_selection_s"": 0.011134499916806817, ""pilot_pack_s"": 0.0003991250414401293, ""pilot_rollout_s"": 0.00403154082596302, ""prefix_propagation_s"": 12.996170333120972, ""selected_anchor_extension_s"": 1.8749851733446121e-06, ""symbolic_composition_s"": 0.15513758384622633}",206157446622
1.733747194940258e-07,6.644354565538351e-05,1.2553195215780949e-10,adaptive_2_6,193344651372.5581,False,26,"[104, 88, 82, 90]",randy-hernandez,0.9469699859619141,2.43906016368179e-07,0.045605640625581145,4,"{""classification_selection_s"": 0.01066941604949534, ""pilot_pack_s"": 0.0004059160128235817, ""pilot_rollout_s"": 0.0031662501860409975, ""prefix_propagation_s"": 13.158402957953513, ""selected_anchor_extension_s"": 1.1587929578963667, ""symbolic_composition_s"": 0.07757683284580708}",188784087310
1.0971502623058524e-07,4.6126036071098e-05,1.626440907758723e-10,adaptive_2_6,188986060734.22906,False,27,"[102, 100, 100]",robert-williams,0.960540771484375,1.5790840350223846e-07,0.04101930768229067,3,"{""classification_selection_s"": 0.011117500020191073, ""pilot_pack_s"": 0.00042433408088982105, ""pilot_rollout_s"": 0.0036662910133600235, ""prefix_propagation_s"": 13.074082541977987, ""selected_anchor_extension_s"": 1.4973407918587327, ""symbolic_composition_s"": 0.09591416688635945}",184884129966
3.716345754204874e-07,8.102309525437335e-05,2.554136993862738e-10,adaptive_2_6,199362116779.56586,False,28,"[108, 97, 103, 99]",todd-jenkins,0.9581923484802246,5.070401847013971e-07,0.043849818175658584,4,"{""classification_selection_s"": 0.010075666010379791, ""pilot_pack_s"": 0.0003865421749651432, ""pilot_rollout_s"": 0.003558458061888814, ""prefix_propagation_s"": 12.988160417182371, ""selected_anchor_extension_s"": 1.2919696250464767, ""symbolic_composition_s"": 0.18237920780666173}",194977134962
8.76946332080615e-08,4.6643911690846807e-05,1.4191959710008426e-10,adaptive_2_6,205314858894.3257,False,29,"[88, 103, 105, 84, 87]",elizabeth-jackson,0.9471449851989746,1.161773695340272e-07,0.05116006266325712,5,"{""classification_selection_s"": 0.01168570900335908, ""pilot_pack_s"": 0.0004252500366419554, ""pilot_rollout_s"": 0.003777208039537072, ""prefix_propagation_s"": 13.712742874864489, ""selected_anchor_extension_s"": 0.5308506248984486, ""symbolic_composition_s"": 0.11119233281351626}",200198852628
1.416281871085555e-07,5.440857052052206e-05,1.673837875984504e-10,adaptive_2_6,200374094351.50113,False,30,"[113, 106, 95, 90]",megan-ashley,0.9573302268981934,1.9225472742973122e-07,0.058193388395011425,4,"{""classification_selection_s"": 0.012640750035643578, ""pilot_pack_s"": 0.0003892090171575546, ""pilot_rollout_s"": 0.00280437502078712, ""prefix_propagation_s"": 13.862963916035369, ""selected_anchor_extension_s"": 1.1620788329746574, ""symbolic_composition_s"": 0.10057662497274578}",194554755512
1.0433667783770495e-07,3.999502031715174e-05,1.2490196189937801e-10,adaptive_2_6,196221936333.74976,False,31,"[126, 120, 110]",martin-hill,0.9727497100830078,1.4462998838002252e-07,0.04492600145749748,3,"{""classification_selection_s"": 0.010734250070527196, ""pilot_pack_s"": 0.0003569170366972685, ""pilot_rollout_s"": 0.002937540877610445, ""prefix_propagation_s"": 13.47729375003837, ""selected_anchor_extension_s"": 1.6643684168811888, ""symbolic_composition_s"": 0.08017795789055526}",191729336188
1.0841616712311054e-07,0.00011364240716804641,3.2727455078755266e-10,adaptive_2_6,198879380473.29572,False,32,"[97, 85, 95, 72, 81]",lauren-johnson,0.9362888336181641,1.4827679665587902e-07,0.04645562777295709,5,"{""classification_selection_s"": 0.010375875048339367, ""pilot_pack_s"": 0.0004579161759465933, ""pilot_rollout_s"": 0.0032335410360246897, ""prefix_propagation_s"": 13.581643000012264, ""selected_anchor_extension_s"": 0.503002124838531, ""symbolic_composition_s"": 0.1624388329219073}",194233817696
1.4171421938632103e-07,7.134971526268075e-05,2.4152394519797633e-10,adaptive_2_6,194675280286.61844,False,33,"[98, 88, 78, 74, 67]",michele-wright,0.9292154312133789,1.9800288776432242e-07,0.04319186834618449,5,"{""classification_selection_s"": 0.010009624995291233, ""pilot_pack_s"": 0.0004027921240776777, ""pilot_rollout_s"": 0.0033956668339669704, ""prefix_propagation_s"": 13.372188625158742, ""selected_anchor_extension_s"": 0.5149454160127789, ""symbolic_composition_s"": 0.10160729195922613}",190356093452
1.0905198177052043e-07,4.448148633115167e-05,7.246377721954974e-11,adaptive_2_6,200774905214.16904,False,34,"[114, 105, 89, 100]",kevin-newman,0.9583992958068848,1.4773827939273882e-07,0.05674325954169035,4,"{""classification_selection_s"": 0.011835459154099226, ""pilot_pack_s"": 0.00058787502348423, ""pilot_rollout_s"": 0.0037348330952227116, ""prefix_propagation_s"": 13.808408041018993, ""selected_anchor_extension_s"": 1.1229940420016646, ""symbolic_composition_s"": 0.2631293749436736}",195100579260
1.2071982499990922e-07,0.00013674311448885756,3.6511834406724855e-10,adaptive_2_6,202115738284.23642,False,35,"[86, 102, 93, 73, 94]",bobby-vasquez,0.9414887428283691,1.6246034415092488e-07,0.04989665956236422,5,"{""classification_selection_s"": 0.011085874866694212, ""pilot_pack_s"": 0.00039449986070394516, ""pilot_rollout_s"": 0.0037864171899855137, ""prefix_propagation_s"": 13.533769915811718, ""selected_anchor_extension_s"": 0.5121273749973625, ""symbolic_composition_s"": 0.10773175000213087}",197126072328
8.672177691338387e-08,7.331789768416641e-05,3.858981897561847e-10,adaptive_2_6,189541759506.5052,False,36,"[128, 141]",paul-beasley,0.98089599609375,1.244492157393466e-07,0.04753087996505201,2,"{""classification_selection_s"": 0.011064708000048995, ""pilot_pack_s"": 0.00048229098320007324, ""pilot_rollout_s"": 0.003648207988590002, ""prefix_propagation_s"": 14.290415459079668, ""selected_anchor_extension_s"": 2.0695820001419634, ""symbolic_composition_s"": 0.08123712497763336}",184788671510
9.364851554058788e-08,7.553576360219694e-05,2.454121220599816e-10,adaptive_2_6,197112678201.28812,False,37,"[84, 92, 91, 80, 74]",kyle-braun,0.9337759017944336,1.2922758931329585e-07,0.042884965892881155,5,"{""classification_selection_s"": 0.010509666055440903, ""pilot_pack_s"": 0.00046016694977879524, ""pilot_rollout_s"": 0.003223499981686473, ""prefix_propagation_s"": 13.572465459117666, ""selected_anchor_extension_s"": 0.5115755840670317, ""symbolic_composition_s"": 0.12813216703943908}",192824181612
2.898051399305484e-07,9.3826413980036e-05,7.279218032640038e-10,adaptive_2_6,189748213973.99835,False,38,"[112, 93, 103]",leonard-brown,0.9618124961853027,4.1542945996799217e-07,0.04135201591998339,3,"{""classification_selection_s"": 0.010418040910735726, ""pilot_pack_s"": 0.0004252081271260977, ""pilot_rollout_s"": 0.008790167048573494, ""prefix_propagation_s"": 13.235453333007172, ""selected_anchor_extension_s"": 1.5393688750918955, ""symbolic_composition_s"": 0.07284887507557869}",185613012382
6.96259084046153e-08,4.7570869584456776e-05,9.966938316935593e-11,adaptive_2_6,195501781940.31195,False,39,"[100, 97, 104, 81]",kara-garrett,0.9515576362609863,9.686994613602724e-08,0.041815542383119464,4,"{""classification_selection_s"": 0.010062833083793521, ""pilot_pack_s"": 0.0004703328013420105, ""pilot_rollout_s"": 0.0029964169953018427, ""prefix_propagation_s"": 13.151529791997746, ""selected_anchor_extension_s"": 1.0039422500412911, ""symbolic_composition_s"": 0.09628329100087285}",191320227702
5.117454411033427e-08,5.3821050367036536e-05,7.140722139903023e-11,adaptive_2_6,189748103653.7154,False,40,"[133, 138]",alejandro-smith,0.9812860488891602,7.335765538618266e-08,0.04744785581715405,2,"{""classification_selection_s"": 0.012669584015384316, ""pilot_pack_s"": 0.00042458297684788704, ""pilot_rollout_s"": 0.006839999929070473, ""prefix_propagation_s"": 13.455972541123629, ""selected_anchor_extension_s"": 2.0798711250536144, ""symbolic_composition_s"": 0.17197820800356567}",185003318072
5.842386264761095e-08,4.214707924909966e-05,1.1907845509788236e-10,adaptive_2_6,202044770752.17383,False,41,"[98, 88, 94, 67, 102]",tammy-hopkins,0.9417142868041992,7.865232334887936e-08,0.04803397646173835,5,"{""classification_selection_s"": 0.011065209051594138, ""pilot_pack_s"": 0.0004218330141156912, ""pilot_rollout_s"": 0.0038952501490712166, ""prefix_propagation_s"": 13.966079541947693, ""selected_anchor_extension_s"": 0.5418701660819352, ""symbolic_composition_s"": 0.11758083291351795}",197241373106
1.0927957327660856e-07,7.491679497428905e-05,1.3919889986156657e-10,adaptive_2_6,194814516599.45163,False,42,"[110, 115, 117]",jonathan-cross,0.9695124626159668,1.5257612445971697e-07,0.049624026054516435,3,"{""classification_selection_s"": 0.010164584033191204, ""pilot_pack_s"": 0.0004467919934540987, ""pilot_rollout_s"": 0.0031767089385539293, ""prefix_propagation_s"": 13.667158749885857, ""selected_anchor_extension_s"": 1.5544114578515291, ""symbolic_composition_s"": 0.08801545784808695}",189852113994
1.5667636365744383e-07,7.391106966836425e-05,2.9146712215902993e-10,adaptive_2_6,200696829034.10135,False,43,"[120, 143, 126]",christy-johnson,0.9806489944458008,2.123400310803298e-07,0.04645067430101335,3,"{""classification_selection_s"": 0.010286042001098394, ""pilot_pack_s"": 0.0003720419481396675, ""pilot_rollout_s"": 0.002955291187390685, ""prefix_propagation_s"": 13.434992166003212, ""selected_anchor_extension_s"": 1.6220104589592665, ""symbolic_composition_s"": 0.09656308288685977}",196051761604
8.456399640109162e-08,3.792648521994124e-05,1.2434103780132978e-10,adaptive_2_6,189804075912.1936,False,44,"[94, 86, 76, 78]",edward-adams,0.9395771026611328,1.2118500043032658e-07,0.05143012828193605,4,"{""classification_selection_s"": 0.010022874921560287, ""pilot_pack_s"": 0.00040416582487523556, ""pilot_rollout_s"": 0.0034433749970048666, ""prefix_propagation_s"": 13.859449582872912, ""selected_anchor_extension_s"": 1.082471250090748, ""symbolic_composition_s"": 0.09240529197268188}",184661063084
9.54882691023139e-08,5.448310219124952e-05,1.5847107333851432e-10,adaptive_2_6,201687005017.4882,False,45,"[101, 105, 108, 106]",ryan-harvey,0.9617123603820801,1.28777801988667e-07,0.04744630679488182,4,"{""classification_selection_s"": 0.011199750006198883, ""pilot_pack_s"": 0.0003902500029653311, ""pilot_rollout_s"": 0.003342958865687251, ""prefix_propagation_s"": 13.281956332968548, ""selected_anchor_extension_s"": 1.0833718748763204, ""symbolic_composition_s"": 0.12713520787656307}",196942374338
1.1935483029141424e-07,4.866100250811023e-05,1.1975011023875428e-10,adaptive_2_6,188157570070.9097,False,46,"[130, 130]",allison-tyler,0.9792499542236328,1.7253897266546324e-07,0.04284788318909705,2,"{""classification_selection_s"": 0.010092207929119468, ""pilot_pack_s"": 0.0003780829720199108, ""pilot_rollout_s"": 0.0032978327944874763, ""prefix_propagation_s"": 13.00908708292991, ""selected_anchor_extension_s"": 2.08684975001961, ""symbolic_composition_s"": 0.0497551248408854}",183872781752
1.9595210410938037e-07,0.00012015985024449449,6.792491088936328e-10,adaptive_2_6,204118673304.63235,False,47,"[98, 88, 88, 95, 93]",debbie-anderson,0.9457221031188965,2.61117571728514e-07,0.046463819686323404,5,"{""classification_selection_s"": 0.009999125031754375, ""pilot_pack_s"": 0.0003548329696059227, ""pilot_rollout_s"": 0.0032227090559899807, ""prefix_propagation_s"": 13.289211874827743, ""selected_anchor_extension_s"": 0.4957754169590771, ""symbolic_composition_s"": 0.10205020802095532}",199472291336
1.0199213311833186e-07,9.99102478597833e-05,1.8222577458389868e-10,adaptive_2_6,192220452324.46283,False,48,"[108, 113, 104]",andrew-nguyen,0.9656314849853516,1.4432314497605473e-07,0.04503161320462823,3,"{""classification_selection_s"": 0.021784249925985932, ""pilot_pack_s"": 0.0003622081130743027, ""pilot_rollout_s"": 0.0033028339967131615, ""prefix_propagation_s"": 13.136263709049672, ""selected_anchor_extension_s"": 1.7067160829901695, ""symbolic_composition_s"": 0.19906708388589323}",187717291004
1.2276608812998385e-07,4.469339634749492e-05,1.3929603239621011e-10,adaptive_2_6,191988031103.4492,False,49,"[105, 106, 106]",mark-cole,0.9638481140136719,1.7392946726643987e-07,0.05252512055449188,3,"{""classification_selection_s"": 0.010829791892319918, ""pilot_pack_s"": 0.0004064589738845825, ""pilot_rollout_s"": 0.003417458152398467, ""prefix_propagation_s"": 13.7114574580919, ""selected_anchor_extension_s"": 1.6321081249043345, ""symbolic_composition_s"": 0.14108816697262228}",186735519048
9.7856983792204e-07,7.749361981690406e-05,3.574983182139654e-10,adaptive_2_6,199637291717.56744,False,50,"[99, 93, 81, 80, 81]",joshua-collins,0.9374656677246094,1.3332729252376084e-06,0.04724413901567459,5,"{""classification_selection_s"": 0.01071170810610056, ""pilot_pack_s"": 0.0003815409727394581, ""pilot_rollout_s"": 0.0062830832321196795, ""prefix_propagation_s"": 14.159336167154834, ""selected_anchor_extension_s"": 0.5101717079523951, ""symbolic_composition_s"": 0.10476887505501509}",194912877816
2.0517839145237695e-07,5.911784824128299e-05,1.1576769172344217e-10,adaptive_2_6,191276528033.33777,False,51,"[107, 109, 99]",brittney-massey,0.9633898735046387,2.9176879698129826e-07,0.04796635755337775,3,"{""classification_selection_s"": 0.010831709019839764, ""pilot_pack_s"": 0.00040537514723837376, ""pilot_rollout_s"": 0.003316249931231141, ""prefix_propagation_s"": 13.608417624840513, ""selected_anchor_extension_s"": 1.5570940000470728, ""symbolic_composition_s"": 0.06838720897212625}",186479892278
2.0517514014252797e-07,5.6385563490857216e-05,1.5737197919071965e-10,adaptive_2_6,197566356201.2431,False,52,"[101, 95, 104, 97]",elaine-lopez,0.9555392265319824,2.824754132830257e-07,0.04035865003243089,4,"{""classification_selection_s"": 0.010508124949410558, ""pilot_pack_s"": 0.000420417170971632, ""pilot_rollout_s"": 0.0035260419826954603, ""prefix_propagation_s"": 13.107577749993652, ""selected_anchor_extension_s"": 1.2538427920080721, ""symbolic_composition_s"": 0.1526724169962108}",193530491198
7.214304532255759e-07,7.712339597365503e-05,4.222626175622207e-10,adaptive_2_6,193735017895.10535,False,53,"[101, 82, 95, 91]",alexandra-reid,0.9482522010803223,1.0128735909973781e-06,0.042332698591053486,4,"{""classification_selection_s"": 0.010860790964215994, ""pilot_pack_s"": 0.0003915000706911087, ""pilot_rollout_s"": 0.003869374981150031, ""prefix_propagation_s"": 13.624079833040014, ""selected_anchor_extension_s"": 1.0518450001254678, ""symbolic_composition_s"": 0.07676104200072587}",189501748036
3.448858513625431e-07,9.102367975590246e-05,3.0573510069993243e-10,adaptive_2_6,201991772670.4398,False,54,"[73, 77, 85, 84, 89, 73]",desiree-maynard,0.9229879379272461,4.6441966586265856e-07,0.03760096896439791,6,"{""classification_selection_s"": 0.009951084153726697, ""pilot_pack_s"": 0.0003952919505536556, ""pilot_rollout_s"": 0.0031172919552773237, ""prefix_propagation_s"": 12.976056875195354, ""selected_anchor_extension_s"": 5.83939254283905e-07, ""symbolic_composition_s"": 0.15637233294546604}",198231675774
9.64046690943931e-08,5.2709704266351576e-05,1.699447526745166e-10,adaptive_2_6,187569579751.3645,False,55,"[104, 103, 86]",tyler-garcia,0.9585428237915039,1.3979916161476693e-07,0.03729749587364495,3,"{""classification_selection_s"": 0.010602416004985571, ""pilot_pack_s"": 0.0003980000037699938, ""pilot_rollout_s"": 0.0031697910744696856, ""prefix_propagation_s"": 12.877291874960065, ""selected_anchor_extension_s"": 1.5604124160017818, ""symbolic_composition_s"": 0.06693862495012581}",183839830164
1.6593989194885172e-07,5.878207825174801e-05,1.976547053775925e-10,adaptive_2_6,216710281438.95306,False,56,"[87, 99, 101, 89, 91, 88]",thomas-smith,0.9472646713256836,2.0827646159834972e-07,0.04976630792953074,6,"{""classification_selection_s"": 0.011169333010911942, ""pilot_pack_s"": 0.0004477498587220907, ""pilot_rollout_s"": 0.004077333025634289, ""prefix_propagation_s"": 13.781635042047128, ""selected_anchor_extension_s"": 7.080379873514175e-07, ""symbolic_composition_s"": 0.16737099993042648}",211733650646
1.6342057189101116e-07,4.167936593202359e-05,1.3616219040387022e-10,adaptive_2_6,190834261742.30527,False,57,"[97, 101, 110]",ashley-smith,0.9618344306945801,2.3292670377177353e-07,0.052406103583052754,3,"{""classification_selection_s"": 0.010756291914731264, ""pilot_pack_s"": 0.0004466248210519552, ""pilot_rollout_s"": 0.004100999794900417, ""prefix_propagation_s"": 14.061952417017892, ""selected_anchor_extension_s"": 1.583547875052318, ""symbolic_composition_s"": 0.06466425000689924}",185593651384
1.1037481970190661e-07,2.4077235467045988e-05,3.462193866113091e-11,adaptive_2_6,188652555245.60693,False,58,"[130, 121]",tommy-arias,0.9775934219360352,1.5913885141832823e-07,0.056718368316069245,2,"{""classification_selection_s"": 0.010746250161901116, ""pilot_pack_s"": 0.0003833749797195196, ""pilot_rollout_s"": 0.003361209062859416, ""prefix_propagation_s"": 13.247104207985103, ""selected_anchor_extension_s"": 2.045966416830197, ""symbolic_composition_s"": 0.0514814171474427}",182980718414
1.0390124271006077e-07,0.00012636628707329844,2.5962506418694143e-10,adaptive_2_6,205314123421.8421,False,59,"[82, 83, 77, 91, 82, 82]",shane-long,0.9280800819396973,1.376482900743788e-07,0.04267576499842107,6,"{""classification_selection_s"": 0.010075083002448082, ""pilot_pack_s"": 0.00038704206235706806, ""pilot_rollout_s"": 0.00346354185603559, ""prefix_propagation_s"": 13.003794625168666, ""selected_anchor_extension_s"": 5.420297384262085e-07, ""symbolic_composition_s"": 0.15137550001963973}",201046546922
2.7924093425969226e-07,0.00012628996179797625,1.2905322218229138e-09,adaptive_2_6,201757506932.58557,False,60,"[100, 95, 89, 87, 82]",david-tyler,0.9430241584777832,3.764595195162433e-07,0.03696348308585584,5,"{""classification_selection_s"": 0.010131665971130133, ""pilot_pack_s"": 0.00038700015284121037, ""pilot_rollout_s"": 0.003186624962836504, ""prefix_propagation_s"": 13.197337792022154, ""selected_anchor_extension_s"": 0.5057785829994828, ""symbolic_composition_s"": 0.10433529200963676}",198061158624
9.919196359804509e-08,8.670168185639087e-05,1.0453654402285646e-10,adaptive_2_6,193603529592.80597,False,61,"[149, 155]",nathan-martinez,0.9875750541687012,1.3935806932556467e-07,0.0511930319480598,2,"{""classification_selection_s"": 0.01030291710048914, ""pilot_pack_s"": 0.00039783306419849396, ""pilot_rollout_s"": 0.003270791843533516, ""prefix_propagation_s"": 13.763504666974768, ""selected_anchor_extension_s"": 2.1035297501366585, ""symbolic_composition_s"": 0.06086175004020333}",188484226398
7.761604602985138e-08,4.883926495261037e-05,1.5182770645952674e-10,adaptive_2_6,200950679467.61954,False,62,"[107, 116, 96, 102]",anthony-park,0.961939811706543,1.0505843810058585e-07,0.0389164921361953,4,"{""classification_selection_s"": 0.010159333003684878, ""pilot_pack_s"": 0.0004027499817311764, ""pilot_rollout_s"": 0.003325333120301366, ""prefix_propagation_s"": 12.84308029199019, ""selected_anchor_extension_s"": 1.0522281248122454, ""symbolic_composition_s"": 0.10346866608597338}",197059030254
1.3048154350854283e-07,7.196802440390115e-05,2.44054462931143e-10,adaptive_2_6,191309861198.12137,False,63,"[73, 70, 75, 63, 67, 63]",frederick-vargas,0.9020614624023438,1.8551568440880854e-07,0.04708862258121371,6,"{""classification_selection_s"": 0.010341916000470519, ""pilot_pack_s"": 0.0004140420351177454, ""pilot_rollout_s"": 0.0029645420145243406, ""prefix_propagation_s"": 13.040036541875452, ""selected_anchor_extension_s"": 8.330680429935455e-07, ""symbolic_composition_s"": 0.1280625828076154}",186600998940
2.1750010584013042e-07,0.00011258111068301879,1.8069014870365603e-10,adaptive_2_6,196382723360.24628,False,64,"[122, 114, 111]",kenneth-curry,0.9706611633300781,3.012486423257904e-07,0.058382781222462654,3,"{""classification_selection_s"": 0.010114500066265464, ""pilot_pack_s"": 0.00037608295679092407, ""pilot_rollout_s"": 0.0030470830388367176, ""prefix_propagation_s"": 13.155350083019584, ""selected_anchor_extension_s"": 1.5560226668603718, ""symbolic_composition_s"": 0.19667320791631937}",190544445238
2.0052615454040586e-07,0.00011147834882212355,3.0490694374631377e-10,adaptive_2_6,192760765572.21124,False,65,"[116, 108, 104]",daniel-petersen,0.9663009643554688,2.829575503763896e-07,0.046804050682112575,3,"{""classification_selection_s"": 0.010420042090117931, ""pilot_pack_s"": 0.0003730000462383032, ""pilot_rollout_s"": 0.0031258331146091223, ""prefix_propagation_s"": 13.233329334063455, ""selected_anchor_extension_s"": 1.6405511249322444, ""symbolic_composition_s"": 0.19481383287347853}",188080360504
2.707794644903443e-07,8.911066435679516e-05,4.046287777231161e-10,adaptive_2_6,201817741417.42496,False,66,"[103, 98, 108, 111]",david-wilson,0.9616951942443848,3.649432097698351e-07,0.0489402764942497,4,"{""classification_selection_s"": 0.01060029212385416, ""pilot_pack_s"": 0.0003845419269055128, ""pilot_rollout_s"": 0.003800041042268276, ""prefix_propagation_s"": 13.725635959068313, ""selected_anchor_extension_s"": 1.090334832901135, ""symbolic_composition_s"": 0.1253485418856144}",196923713768
1.13822171731021e-07,5.685122240794982e-05,2.6066719266835994e-10,adaptive_2_6,191478590216.97134,False,67,"[87, 88, 93, 86]",kimberly-mayo,0.9445204734802246,1.616871665691513e-07,0.04020914318971336,4,"{""classification_selection_s"": 0.01029600016772747, ""pilot_pack_s"": 0.00037066591903567314, ""pilot_rollout_s"": 0.00316045805811882, ""prefix_propagation_s"": 13.045452874852344, ""selected_anchor_extension_s"": 1.0708993328735232, ""symbolic_composition_s"": 0.07237887498922646}",187457675898
1.6393503095655557e-07,9.436630338477414e-05,4.993477560193462e-10,adaptive_2_6,200663244574.10236,False,68,"[111, 108, 101, 97]",mary-nichols,0.960874080657959,2.2221472853597998e-07,0.04132338846102357,4,"{""classification_selection_s"": 0.010147916851565242, ""pilot_pack_s"": 0.0003868329804390669, ""pilot_rollout_s"": 0.0033924169838428497, ""prefix_propagation_s"": 13.063257749890909, ""selected_anchor_extension_s"": 1.030939708929509, ""symbolic_composition_s"": 0.11198366712778807}",196530905728
2.2443724789613622e-07,9.728677181708445e-05,2.2940312370838484e-10,adaptive_2_6,191437490152.71484,False,69,"[122, 106, 93]",theodore-anderson,0.9646415710449219,3.1888702353468104e-07,0.04203775082714856,3,"{""classification_selection_s"": 0.010643375106155872, ""pilot_pack_s"": 0.0004184998106211424, ""pilot_rollout_s"": 0.0027902910951524973, ""prefix_propagation_s"": 12.898653166135773, ""selected_anchor_extension_s"": 1.6173486250918359, ""symbolic_composition_s"": 0.0790483329910785}",187233715070
2.2922288122313532e-07,4.811912286850628e-05,1.0899952630940329e-10,adaptive_2_6,198667502058.1783,False,70,"[94, 97, 70, 66, 70, 64]",michael-cooper,0.9166011810302734,3.138340344886124e-07,0.039766143541783094,6,"{""classification_selection_s"": 0.010067125083878636, ""pilot_pack_s"": 0.0003689590375870466, ""pilot_rollout_s"": 0.003174625104293227, ""prefix_propagation_s"": 13.024118750123307, ""selected_anchor_extension_s"": 5.83939254283905e-07, ""symbolic_composition_s"": 0.12207387504167855}",194690887704
2.906190170032831e-07,0.00018462899011462142,4.85947083460258e-10,adaptive_2_6,191349725802.513,False,71,"[104, 107, 105]",savannah-hayes,0.9636244773864746,4.13109411541445e-07,0.047451551305130124,3,"{""classification_selection_s"": 0.010269749909639359, ""pilot_pack_s"": 0.0004112499300390482, ""pilot_rollout_s"": 0.002939458005130291, ""prefix_propagation_s"": 13.209204667015001, ""selected_anchor_extension_s"": 1.590912666870281, ""symbolic_composition_s"": 0.07259541703388095}",186604570672
1.4506426273716963e-07,4.685761794676058e-05,1.0204899532760838e-10,adaptive_2_6,195033085564.17728,False,72,"[122, 106, 108]",terri-butler,0.9681034088134766,2.023117223950514e-07,0.059505755081772804,3,"{""classification_selection_s"": 0.009966708021238446, ""pilot_pack_s"": 0.000424250029027462, ""pilot_rollout_s"": 0.003430791897699237, ""prefix_propagation_s"": 13.14371974999085, ""selected_anchor_extension_s"": 1.644952124916017, ""symbolic_composition_s"": 0.26960100000724196}",189082510056
1.8860657527804358e-07,7.048201843800182e-05,1.3270785151001e-10,adaptive_2_6,194876626327.70035,False,73,"[130, 113, 102]",david-anderson,0.9701175689697266,2.632485457202097e-07,0.046705073677003384,3,"{""classification_selection_s"": 0.010024665854871273, ""pilot_pack_s"": 0.00034991721622645855, ""pilot_rollout_s"": 0.0033534159883856773, ""prefix_propagation_s"": 13.071819582954049, ""selected_anchor_extension_s"": 1.563679208047688, ""symbolic_composition_s"": 0.09528429200872779}",190206118960
2.3464536213140756e-07,8.949630733490199e-05,2.5187895328642356e-10,adaptive_2_6,191287821608.24927,False,74,"[119, 104, 95]",heidi-willis,0.9640011787414551,3.336518653573839e-07,0.04418063862249255,3,"{""classification_selection_s"": 0.01093937479890883, ""pilot_pack_s"": 0.00043954188004136086, ""pilot_rollout_s"": 0.003490790957584977, ""prefix_propagation_s"": 13.015017750207335, ""selected_anchor_extension_s"": 1.5523442910052836, ""symbolic_composition_s"": 0.0710328749846667}",186869757746
1.1979690278914064e-07,6.4416460746064e-05,1.802280975879093e-10,adaptive_2_6,205252914203.00812,False,75,"[107, 124, 96, 115]",charles-johnson,0.9676938056945801,1.5875417742628429e-07,0.05003752443008125,4,"{""classification_selection_s"": 0.010271082865074277, ""pilot_pack_s"": 0.0003998749889433384, ""pilot_rollout_s"": 0.003083165967836976, ""prefix_propagation_s"": 13.213748957961798, ""selected_anchor_extension_s"": 1.1016027089208364, ""symbolic_composition_s"": 0.09678933396935463}",200249161760
1.429995557336705e-07,6.787845317113295e-05,1.1082341518012879e-10,adaptive_2_6,190858599542.431,False,76,"[141, 137]",jerry-thomas,0.9825997352600098,2.0379421861424267e-07,0.05102233402431011,2,"{""classification_selection_s"": 0.010131500195711851, ""pilot_pack_s"": 0.0003896250855177641, ""pilot_rollout_s"": 0.0031029589008539915, ""prefix_propagation_s"": 13.48159349989146, ""selected_anchor_extension_s"": 2.0520472498610616, ""symbolic_composition_s"": 0.04787958390079439}",185756366140
9.367671800695449e-08,4.2796575309922424e-05,8.966073576229333e-11,adaptive_2_6,197129548758.14905,False,77,"[122, 118, 119]",ricky-vincent,0.9734859466552734,1.2925544373437478e-07,0.05049620848149061,3,"{""classification_selection_s"": 0.010476125171408057, ""pilot_pack_s"": 0.000385708874091506, ""pilot_rollout_s"": 0.0030132499523460865, ""prefix_propagation_s"": 13.22234966699034, ""selected_anchor_extension_s"": 1.996868000132963, ""symbolic_composition_s"": 0.09641533391550183}",192079927910
3.645039755658608e-07,6.074783601617628e-05,1.6994793967006034e-10,adaptive_2_6,201241291250.33478,False,78,"[88, 92, 96, 84, 84]",dan-weeks,0.9404067993164062,4.92667686327764e-07,0.04681008984334767,5,"{""classification_selection_s"": 0.009926541009917855, ""pilot_pack_s"": 0.00038487487472593784, ""pilot_rollout_s"": 0.002990500070154667, ""prefix_propagation_s"": 13.189683417091146, ""selected_anchor_extension_s"": 0.5074139160569757, ""symbolic_composition_s"": 0.13716804212890565}",196560282266
1.8594506914284835e-07,6.961287613044265e-05,2.098718698955031e-10,adaptive_2_6,203599984021.8468,False,79,"[103, 107, 109, 122]",allen-davis,0.9674668312072754,2.4841386432244366e-07,0.03481616987846792,4,"{""classification_selection_s"": 0.010460624936968088, ""pilot_pack_s"": 0.00037337513640522957, ""pilot_rollout_s"": 0.0032305000349879265, ""prefix_propagation_s"": 13.0148667502217, ""selected_anchor_extension_s"": 1.0600337081123143, ""symbolic_composition_s"": 0.10403829207643867}",200118367034
1.643983005216036e-07,6.957341783297385e-05,1.4707580872482997e-10,adaptive_2_6,181245340765.3102,False,80,"[67, 57, 57, 55, 57, 45]",matthew-herrera,0.8822588920593262,2.4671717106250016e-07,0.0558015035931021,6,"{""classification_selection_s"": 0.011625166982412338, ""pilot_pack_s"": 0.00044800015166401863, ""pilot_rollout_s"": 0.003318958915770054, ""prefix_propagation_s"": 13.479731125058606, ""selected_anchor_extension_s"": 8.330680429935455e-07, ""symbolic_composition_s"": 0.09487570798955858}",175665190406
1.4680293591654214e-07,4.700534751728158e-05,5.7715675067129196e-11,adaptive_2_6,196131426037.72705,False,81,"[127, 119, 113]",nicole-strickland,0.9734644889831543,2.0359000786349563e-07,0.04043199843727052,3,"{""classification_selection_s"": 0.009958208072930574, ""pilot_pack_s"": 0.0003707499708980322, ""pilot_rollout_s"": 0.003375209169462323, ""prefix_propagation_s"": 13.514771624933928, ""selected_anchor_extension_s"": 1.5481215419713408, ""symbolic_composition_s"": 0.07920124987140298}",192088226194
3.082917956540838e-07,6.37921618835553e-05,1.6001958416174007e-10,adaptive_2_6,199624843747.53952,False,82,"[108, 86, 109, 104]",william-brown,0.9581270217895508,4.200647917548807e-07,0.046592246275395155,4,"{""classification_selection_s"": 0.010177666787058115, ""pilot_pack_s"": 0.00042216689325869083, ""pilot_rollout_s"": 0.0034614161122590303, ""prefix_propagation_s"": 12.902203625068069, ""selected_anchor_extension_s"": 1.0863463338464499, ""symbolic_composition_s"": 0.15336666605435312}",194965619120
8.159052474251018e-08,7.887857256803748e-05,1.6137894950894895e-10,adaptive_2_6,186568574368.76868,False,83,"[95, 70, 77, 74]",brandon-king,0.935248851776123,1.1895155872337407e-07,0.04282282944768667,4,"{""classification_selection_s"": 0.010282750008627772, ""pilot_pack_s"": 0.00036633294075727463, ""pilot_rollout_s"": 0.003759542014449835, ""prefix_propagation_s"": 13.502652750117704, ""selected_anchor_extension_s"": 1.0000504998024553, ""symbolic_composition_s"": 0.0772378749679774}",182286291424
2.883270726806717e-07,7.973628411026195e-05,3.1173070238610715e-10,adaptive_2_6,202421913054.4648,False,84,"[90, 79, 83, 69, 82, 79]",jessica-henderson,0.9232997894287109,3.874331715659719e-07,0.040873170364648104,6,"{""classification_selection_s"": 0.01000066613778472, ""pilot_pack_s"": 0.0003467088099569082, ""pilot_rollout_s"": 0.0035373331047594547, ""prefix_propagation_s"": 12.991100791841745, ""selected_anchor_extension_s"": 5.830079317092896e-07, ""symbolic_composition_s"": 0.14783333404920995}",198334596018
2.3955665245160037e-07,7.249411852496078e-05,3.634876381786187e-10,adaptive_2_6,196538658176.3978,False,85,"[103, 103, 100, 86]",dominique-perkins,0.9541878700256348,3.315348240973198e-07,0.037579898023977876,4,"{""classification_selection_s"": 0.010613916907459497, ""pilot_pack_s"": 0.00036779209040105343, ""pilot_rollout_s"": 0.003608832834288478, ""prefix_propagation_s"": 12.865979541093111, ""selected_anchor_extension_s"": 1.0181101248599589, ""symbolic_composition_s"": 0.10557570797391236}",192780668374
2.8976816288652754e-07,0.00012261872638730242,4.04615452628165e-10,adaptive_2_6,198267228063.28845,False,86,"[88, 90, 80, 80, 61, 55]",johnathan-peterson,0.9144835472106934,3.9752883557728715e-07,0.047246573492884636,6,"{""classification_selection_s"": 0.009942624950781465, ""pilot_pack_s"": 0.0003700831439346075, ""pilot_rollout_s"": 0.003173875156790018, ""prefix_propagation_s"": 12.918069584062323, ""selected_anchor_extension_s"": 6.249174475669861e-07, ""symbolic_composition_s"": 0.11747666704468429}",193542570714
1.7306637724578513e-07,5.2108382078586146e-05,1.111444847232639e-10,adaptive_2_6,189710293674.66248,False,87,"[140, 133]",katie-lee,0.9816570281982422,2.481365333374144e-07,0.04509694082662463,2,"{""classification_selection_s"": 0.010077416896820068, ""pilot_pack_s"": 0.00038804206997156143, ""pilot_rollout_s"": 0.0033137088175863028, ""prefix_propagation_s"": 12.826546750031412, ""selected_anchor_extension_s"": 2.0089888339862227, ""symbolic_composition_s"": 0.05621500010602176}",185200599592
1.407930878317126e-07,0.00011055752877187075,6.42915736257916e-10,adaptive_2_6,197711029875.1041,False,88,"[78, 84, 70, 78, 75, 68]",robert-barrera,0.9143877029418945,1.936954145371535e-07,0.042060598731040955,6,"{""classification_selection_s"": 0.010183291975408792, ""pilot_pack_s"": 0.0003766249865293503, ""pilot_rollout_s"": 0.003232749877497554, ""prefix_propagation_s"": 12.90230983379297, ""selected_anchor_extension_s"": 6.2515027821064e-07, ""symbolic_composition_s"": 0.1402599171269685}",193504970002
6.986837188848222e-08,5.8419153203938675e-05,5.588384793896025e-11,adaptive_2_6,193381518248.06076,False,89,"[109, 82, 99, 72]",melissa-bennett,0.9463305473327637,9.827307865733824e-08,0.04944426706060767,4,"{""classification_selection_s"": 0.010158458026126027, ""pilot_pack_s"": 0.00032962486147880554, ""pilot_rollout_s"": 0.003199583850800991, ""prefix_propagation_s"": 12.911924292100593, ""selected_anchor_extension_s"": 1.0411029998213053, ""symbolic_composition_s"": 0.0947751251515001}",188437091542
1.1707111589620932e-07,6.492534966062724e-05,7.128814150316432e-11,adaptive_2_6,189567214094.98465,False,90,"[140, 130]",william-rodriguez,0.9810905456542969,1.6797917127068974e-07,0.04667823784984648,2,"{""classification_selection_s"": 0.010125041007995605, ""pilot_pack_s"": 0.0004038750194013119, ""pilot_rollout_s"": 0.0032120831310749054, ""prefix_propagation_s"": 12.91352191590704, ""selected_anchor_extension_s"": 2.1478341249749064, ""symbolic_composition_s"": 0.04742074990645051}",184899390310
5.6843501175768627e-08,6.523655387186134e-05,1.2450991439227702e-10,adaptive_2_6,197586423625.20474,False,91,"[107, 91, 106, 89]",jimmy-barr,0.9544320106506348,7.825149135315772e-08,0.04707446927204728,4,"{""classification_selection_s"": 0.00995350000448525, ""pilot_pack_s"": 0.00033695786260068417, ""pilot_rollout_s"": 0.0033086659386754036, ""prefix_propagation_s"": 12.903866208856925, ""selected_anchor_extension_s"": 1.095414916984737, ""symbolic_composition_s"": 0.10593795916065574}",192878976698
2.609220363424261e-07,8.322458710636972e-05,2.901094620369088e-10,adaptive_2_6,206630578282.52512,False,92,"[82, 90, 84, 86, 95, 71]",erika-taylor,0.9315648078918457,3.4346704381817984e-07,0.03553724172525108,6,"{""classification_selection_s"": 0.010416500037536025, ""pilot_pack_s"": 0.00036274990998208523, ""pilot_rollout_s"": 0.003199709113687277, ""prefix_propagation_s"": 12.943309749942273, ""selected_anchor_extension_s"": 7.909256964921951e-07, ""symbolic_composition_s"": 0.13389508286491036}",203076854110
3.895957803866742e-08,8.001941993522148e-05,8.101345721240531e-11,adaptive_2_6,195430591298.14487,False,93,"[129, 110, 111]",benjamin-dean,0.971320629119873,5.422388151275133e-08,0.04552145372144878,3,"{""classification_selection_s"": 0.010236332891508937, ""pilot_pack_s"": 0.0003563750069588423, ""pilot_rollout_s"": 0.0032114579807966948, ""prefix_propagation_s"": 12.917320834007114, ""selected_anchor_extension_s"": 1.5476346670184284, ""symbolic_composition_s"": 0.14961662492714822}",190878445926
9.428718312079475e-08,9.916637493514044e-05,2.4703893747970707e-10,adaptive_2_6,198090000232.7655,False,94,"[125, 122, 123]",michele-galvan,0.9761042594909668,1.294669785386477e-07,0.04594174958765507,3,"{""classification_selection_s"": 0.010836625006049871, ""pilot_pack_s"": 0.00039166701026260853, ""pilot_rollout_s"": 0.003391832811757922, ""prefix_propagation_s"": 13.064378874842077, ""selected_anchor_extension_s"": 1.7694939591456205, ""symbolic_composition_s"": 0.0773187498562038}",193495825274
1.9146731815305662e-07,8.111227783752506e-05,5.480424671198561e-10,adaptive_2_6,182798960474.77396,False,95,"[57, 53, 51, 70, 56, 74]",cathy-butler,0.888211727142334,2.848982860863602e-07,0.03930823574773967,6,"{""classification_selection_s"": 0.010060958797112107, ""pilot_pack_s"": 0.00039974995888769627, ""pilot_rollout_s"": 0.0031602911185473204, ""prefix_propagation_s"": 12.740444416878745, ""selected_anchor_extension_s"": 6.249174475669861e-07, ""symbolic_composition_s"": 0.0982221660669893}",178868136900
1.573089196823916e-07,0.00010759871617291672,4.0536273257327084e-10,adaptive_2_6,206740389494.83585,False,96,"[100, 125, 112, 120]",lindsey-chase,0.9719524383544922,2.0696500697402097e-07,0.04135012230835855,4,"{""classification_selection_s"": 0.010189541848376393, ""pilot_pack_s"": 0.0003986670635640621, ""pilot_rollout_s"": 0.0033265419770032167, ""prefix_propagation_s"": 12.894291542004794, ""selected_anchor_extension_s"": 1.0601221250835806, ""symbolic_composition_s"": 0.1306235420051962}",202605377264
2.578455672954719e-07,5.7004069198618446e-05,2.5087655578424433e-10,adaptive_2_6,201482234963.16904,False,97,"[101, 92, 80, 92, 86]",kenneth-hernandez,0.9424238204956055,3.4809021409350976e-07,0.03784724837169051,5,"{""classification_selection_s"": 0.010033750208094716, ""pilot_pack_s"": 0.00038466695696115494, ""pilot_rollout_s"": 0.0031781659927219152, ""prefix_propagation_s"": 12.91739883297123, ""selected_anchor_extension_s"": 0.5308170830830932, ""symbolic_composition_s"": 0.1061522918753326}",197697510126
1.1845566822024414e-07,7.856389533356101e-05,1.0153882214737947e-10,adaptive_2_6,194314707196.05542,False,98,"[120, 114, 111]",lauren-flowers,0.9702024459838867,1.65813191501752e-07,0.04042054736055434,3,"{""classification_selection_s"": 0.00995950005017221, ""pilot_pack_s"": 0.00040266686119139194, ""pilot_rollout_s"": 0.0031368748750537634, ""prefix_propagation_s"": 12.893089875113219, ""selected_anchor_extension_s"": 1.5524412088561803, ""symbolic_composition_s"": 0.07741433312185109}",190272652460
9.590776166734611e-08,8.712312957492863e-05,3.3289073908629e-10,adaptive_2_6,199039395454.7888,False,99,"[92, 80, 82, 76, 67, 57]",kristi-johnson,0.9145522117614746,1.310640595240539e-07,0.053845324087888,6,"{""classification_selection_s"": 0.01663983310572803, ""pilot_pack_s"": 0.0005159159190952778, ""pilot_rollout_s"": 0.004944624844938517, ""prefix_propagation_s"": 16.568110916996375, ""selected_anchor_extension_s"": 1.0828953236341476e-06, ""symbolic_composition_s"": 0.18589379196055233}",193654863046
