ID,Evidence level,Family,Experiment,Result,Verdict,Primary source,Status,Evidence tier,Overlap cluster,Update batch
C01,Official/competition,Sampling baseline,Plain Gaussian Monte Carlo,~7.7e-7 adjusted on Mini-100.,Baseline,PUBLIC_POST.md,Scientific / recorded,Official-like,Static/structured sampling,Prior catalog
C02,Official development,Variance reduction,Antithetic + exact-radius sphere + anchored layer-1 control variate,"Best combined adjusted score 4.91e-7; component gains: antithetic 1.09x, sphere 1.04x, anchored CV 1.24–1.71x; best total 1.56x.",Useful but capped,PUBLIC_POST.md,Scientific / recorded,Official-like,Control variates,Prior catalog
C03,Official development + frozen holdout,Low-discrepancy cubature,Two independently scrambled Sobol sphere streams with antipodal pairing and exact radius,Adjusted 3.4607e-7 vs previous 4.91e-7 (29.5% lower); frozen IDs 50–99: 3.6309e-7; 0 failures.,Strong improvement,Pasted text(7).txt,Scientific / recorded,Official-like,Static/structured sampling,Prior catalog
C04,Official development + frozen holdout,Structured cubature,"66,048-point Kerdock/MUB spherical 5-design with FWHT first layer",Raw MSE 2.2826e-7; adjusted 2.2566e-7 vs Sobol 3.4607e-7; 34.8% adjusted improvement; frozen holdout improved 25.0%.,Best validated statistical design,Pasted text(7).txt; PUBLIC_POST.md,Scientific / recorded,Official-like,Static/structured sampling,Prior catalog
C05,Official development,White-box sketch,Energy-weighted K3 carrier sketch,"K3-simple error 4.4663e-5 → 2.4724e-5 (44.6% lower), 9/10 MLPs improved, estimated 3.27% budget; not competitive standalone.","Interesting mechanism, not competitive",Pasted text(7).txt,Scientific / recorded,Official-like,Moment/cumulant closure,Prior catalog
C06,Official development,Rotation selection,Cheap per-network statistics used to choose Kerdock/Sobol rotations,Selectors had Spearman ≈0.05 with true error; apparent gains reversed on holdout; oracle rotation gap existed but was not predictably accessible.,Failed / selection leakage,PUBLIC_POST.md,Closed,Official-like,Static/structured sampling,Prior catalog
C07,Official development,Multifidelity cubature,"90,624-row two-rotation pilot","Raw-MSE gains varied by evaluation split (roughly 10–23%), but the rule uses 90,624 rather than 66,048 rows (+37.2%). The exact depth-32 kernel predicts only about 10.45% MSE reduction, implying an error-cost ratio near 1.229.","Genuine raw-accuracy gain, but honestly accounted adjusted score is worse; closed.","Multifidelity audit and latest multi-agent update, 2026-07-28",Closed,Official-like,Static/structured sampling,Latest multi-agent update
C08,Architecture-matched full dimensions,Multifidelity cubature,"Cheaper 78,336-row rotated pilot",Predicted error-cost ratio 1.091x relative to baseline.,Rejected,Pasted text(10).txt,Scientific / recorded,Synthetic / mixed,Static/structured sampling,Prior catalog
C09,Architecture-matched full dimensions,Cubature modification,Best single added rotated basis,Predicted error-cost ratio 1.0012x.,Rejected / neutral,Pasted text(10).txt,Scientific / recorded,Synthetic / mixed,Static/structured sampling,Prior catalog
C10,Architecture-matched full dimensions,Cubature modification,"Fixed-count basis swaps at 66,048 rows",Best result 1.0029x MSE relative to baseline.,Rejected / slightly worse,Pasted text(10).txt,Scientific / recorded,Synthetic / mixed,Static/structured sampling,Prior catalog
C11,Architecture-matched full dimensions,Particle compression,"Propagate all particles to layer 24, retain 33,024 using randomized-Hadamard features + Morton pairing, reweight 128 mean features","Development projected-score ratio 0.873x, but frozen holdout 1.069x; holdout bootstrap roughly 0.95–1.30 before overhead.",Failed on holdout,Pasted text(10).txt,Closed,Synthetic / mixed,Particle compression,Prior catalog
C12,Synthetic / exact finite-width layer 2,Sigma sampling design,Random orthonormal basis + antipodes,6.47x lower sigma MSE than IID at width 256 layer 2; advantage faded with depth.,"Strong shallow result, limited deep transfer",Pasted text (5).txt,Scientific / recorded,Synthetic / mixed,Moment/cumulant closure,Prior catalog
C13,Synthetic / exact finite-width layer 2,Sigma sampling design,One Kerdock basis,6.25x lower sigma MSE than IID at width 256 layer 2.,Strong shallow result,Pasted text (5).txt,Scientific / recorded,Synthetic / mixed,Moment/cumulant closure,Prior catalog
C14,Synthetic depth 16,Sigma sampling design,"Sobol, orthogonal blocks, and 50/50 mixture","Sobol 2.19x; orthogonal blocks 1.42x; pooled half-Sobol/half-orthogonal 2.62x; learned layerwise blend 2.67x (train 12, test 8).",Promising synthetic result,Pasted text (5).txt,Scientific / recorded,Synthetic / mixed,Moment/cumulant closure,Prior catalog
C15,"Synthetic width 64, depth 32",Sampling design,Independent Haar-orthogonal bases,"At equal 4,096 points, about 5.6x lower MSE than IID and 2.5x better than random signed-Hadamard bases.",Strong synthetic result,Pasted text (3).txt,Scientific / recorded,Synthetic / mixed,Static/structured sampling,Prior catalog
C16,Synthetic width 256,Sampling design,Haar-orthogonal bases vs IID and Sobol,"At 4,096 points, reported about 3.7x better effective variance than IID and 1.4x better than Sobol in one suite; later larger bootstrap found much weaker sigma differences. Later paired width-256 tests resolved this toward a small, reliable Haar advantage for sigma, not a transformative final-mean gain.",Superseded by larger follow-up; modest robust Haar advantage,Pasted text (3).txt; Pasted text (2)(1).txt; CONTINUATION_REPORT.md,Superseded,Synthetic / mixed,Static/structured sampling,Prior catalog
C17,Synthetic,Sampling design,Eight pairwise-MUB bases under a common rotation,Effective variance 0.0198 vs Haar 0.0298 vs Sobol 0.0418; about 2.1x better than Sobol in that test.,Promising synthetic result,Pasted text (3).txt,Scientific / recorded,Synthetic / mixed,Static/structured sampling,Prior catalog
C18,"Synthetic width 256, 32-network bootstrap",Sampling design,"IID, Sobol, orthogonal, and generic antipodal pilots","Orthogonal/IID next-sigma ratio 1.006 with wide interval [0.92,1.09]; mean MSE favored orthogonal over IID by ~1.70x [1.02,2.71]; generic antipodal helped means but hurt covariance.",Uncertain; reference noise large,Pasted text (2)(1).txt,Scientific / recorded,Synthetic / mixed,Static/structured sampling,Prior catalog
C19,Synthetic width 256,Sampling design scaling,"4,096-point IID, Sobol, orthogonal pilots","Next-sigma errors: IID 1.53%, Sobol 1.44%, orthogonal 1.49%; mean sampling constant improved about 25–40%.","Modest gain, not decisive",Pasted text (2)(1).txt,Scientific / recorded,Synthetic / mixed,Static/structured sampling,Prior catalog
C20,Official development,QMC variant,Interlaced order-2 Sobol,1.30x worse than ordinary approach.,Failed,PUBLIC_POST.md,Closed,Official-like,Other,Prior catalog
C21,Official development,Geometry,Random two-dimensional plane angular integration,1.66x to 4.17x worse than Sobol.,Failed,PUBLIC_POST.md,Closed,Official-like,Other,Prior catalog
C22,Official development,Extrapolation,Nested Richardson extrapolation,9.3e-7 vs 9.2e-7 direct.,No gain,PUBLIC_POST.md,Scientific / recorded,Official-like,Other,Prior catalog
C23,Official development,Last-layer approximation,Terminal smoothing,"Reported ratios 0.45x–0.97x across variants, described as no-op at best; gain convention was not consistently documented.",Inconclusive / not adopted,PUBLIC_POST.md,Scientific / recorded,Official-like,Other,Prior catalog
C24,Official development,Analytic integration,Exact Gaussian-line propagation,"6,081x worse at 90–96% of budget.",Catastrophic failure,PUBLIC_POST.md,Scientific / recorded,Official-like,Other,Prior catalog
C25,Official development,Analytic proxy,Smoothed-delta forward-Laplacian proxy,"360,482x worse.",Catastrophic failure,PUBLIC_POST.md,Scientific / recorded,Official-like,Other,Prior catalog
C26,"Synthetic width 256, 6,144 points",Structured sigma sampling,"IID Gaussian, random orthogonal bases, Kerdock subsets, and Sobol for raw layerwise sigma",Squared relative sigma error: Gaussian 9.47e-5; orthogonal 6.91e-5 (1.37x gain); Kerdock subset 7.91e-5 (1.20x); Sobol 1.07e-4.,Modest positive for orthogonal pilots,CONTINUED_EXPERIMENT_REPORT.md,Scientific / recorded,Synthetic / mixed,Moment/cumulant closure,Prior catalog
C27,Synthetic matched-cost and doubled-cost sweeps,Structured sigma sampling,Same-cost mixtures and doubled-compute blends of sampling designs,"Best same-cost mixture gained about 1.09x; doubled-compute optimal blend gained 1.66x MSE, below the 2x needed to offset cost.",Closed / score-negative,CONTINUED_EXPERIMENT_REPORT.md,Closed,Synthetic / mixed,Moment/cumulant closure,Prior catalog
C28,Synthetic network-adaptive sampling,Adaptive sampling geometry,Jacobian/eigenvector-derived point sets,Concentrated samples into too few activation regions and performed hundreds to thousands of times worse in tested cases.,Strongly failed in tested form,CONTINUED_EXPERIMENT_REPORT.md,Closed,Synthetic / mixed,Control variates,Prior catalog
C29,"Synthetic width 256; 24 paired networks; 4,096 points",Haar moment pilot,"Powered one-step comparison of IID, Sobol antipodal, signed-Hadamard bases, and Haar-orthogonal antipodal bases","Next-layer sigma RMS: IID 1.4201%, Sobol 1.3609%, signed-Hadamard 1.3790%, Haar 1.3352%. IID/Haar ratio 1.0636; paired 95% CI [1.0220, 1.1093].",Robust incremental Haar improvement,CONTINUATION_REPORT.md,Scientific / recorded,Synthetic / mixed,Moment/cumulant closure,Prior catalog
C30,Synthetic width 256; 76 paired cases,Haar vs Sobol,Combined Haar-versus-Sobol comparison for sigma and final means,"Final direct and recursive Edgeworth means were statistically tied. Haar sigma RMS 1.3726% versus Sobol 1.4195%; Sobol/Haar ratio 1.0342, 95% CI [1.0153, 1.0547].","Haar preferred for moment estimation, not proven for final score",CONTINUATION_REPORT.md,Leading / active,Synthetic / mixed,Moment/cumulant closure,Prior catalog
C31,Synthetic width 256; 24 paired networks,Haar point-count scaling,"Sigma RMS at 512, 1,024, 2,048, and 4,096 points",Haar beat IID at every size: 2.964% vs 3.399%; 2.213% vs 2.497%; 1.698% vs 1.908%; 1.360% vs 1.498%.,Consistent variance-constant reduction,CONTINUATION_REPORT.md,Scientific / recorded,Synthetic / mixed,Moment/cumulant closure,Prior catalog
C32,Synthetic width 256; 24 paired networks,Haar point-count scaling,"Recursive fourth-order Edgeworth final MSE under IID, Haar, and Sobol pilots","IID/Haar MSE ratios: 1.58, 1.65, 1.82, and 1.62 at 512, 1,024, 2,048, and 4,096 points; every paired interval excluded no improvement. High-count absolute differences were truth-noise limited.",Strong synthetic evidence; official validation required,CONTINUATION_REPORT.md,Scientific / recorded,Synthetic / mixed,Moment/cumulant closure,Prior catalog
C33,Synthetic width 256; 27 networks,Haar floor-filling sweep,"Haar pilots at 4,096, 5,120, 6,144, and 6,656 points",Sigma RMS improved 1.226% -> 1.135% -> 1.066% -> 1.044%; observed Edgeworth MSE approached the 6.70e-6 reference-noise floor.,"Supports 5,632–6,144 official test range",CONTINUATION_REPORT.md,Scientific / recorded,Synthetic / mixed,Other,Prior catalog
C34,Synthetic fixed-total-count comparisons,Sampling mixtures,"Full Sobol, full Haar, 50/50 and 25/75 mixtures, and split Sobol scrambles",50/50 matched Sobol and remained worse than Haar for sigma; 75% Haar mixture was worse on both objectives; split Sobol did not help.,Closed; use one coherent design,CONTINUATION_REPORT.md,Closed,Synthetic / mixed,Static/structured sampling,Prior catalog
C35,Synthetic discovery then 28-network validation,Point-set selection,"Select a lucky fixed 6,144-point Haar seed","A discovery-suite 40% advantage disappeared on new networks; fresh/fixed Edgeworth ratio 1.110 with 95% CI [0.812, 1.418], and fixed sigma was slightly worse.",Selection noise; closed,CONTINUATION_REPORT.md,Closed,Synthetic / mixed,Other,Prior catalog
C36,Synthetic geometric search,Hadamard geometry,Random signed-Hadamard sign/permutation search for Kerdock-like geometry,Fourth frame potential stayed near 3 rather than the MUB value 1; random search barely changed it.,Not a route to Kerdock geometry,CONTINUATION_REPORT.md,Scientific / recorded,Synthetic / mixed,Static/structured sampling,Prior catalog
C37,Synthetic width 256,Fast orthogonal approximations,"One-, three-, and five-factor randomized Hadamard products versus dense Haar QR",Sigma RMS: Haar 1.3536%; one factor 1.3826%; three factors 1.3947%; five factors 1.3952%. Similar low-order frame potentials did not recover Haar performance.,Dense Haar statistically best; fast transform only fallback,CONTINUATION_REPORT.md,Scientific / recorded,Synthetic / mixed,Other,Prior catalog
V01,Official development,Control variate,Spherical Stein directional control variate,2.10x worse than baseline.,Failed,PUBLIC_POST.md,Closed,Official-like,Control variates,Prior catalog
V02,Official development,Control variate,"Degree-2 spherical harmonic control, theoretical coefficient",54x worse.,Failed,PUBLIC_POST.md,Closed,Official-like,Theory & proof,Prior catalog
V03,Official development,Control variate,Tempered degree-2 harmonic control,0.98x; statistically indistinguishable.,Neutral,PUBLIC_POST.md,Scientific / recorded,Official-like,Theory & proof,Prior catalog
V04,Official development,Control variate,"Quadratic controls, rank 16 and rank 32",1.011x and 1.029x; harmful.,Failed,PUBLIC_POST.md,Closed,Official-like,Control variates,Prior catalog
V05,Official development,Control variate,Cross-fitted layer-1 linear control,"Raw MSE ratio 0.93x, but cost about 3% of budget; net score wash.",Neutral after cost,PUBLIC_POST.md,Scientific / recorded,Official-like,Control variates,Prior catalog
V06,"Synthetic, oracle moments",Final integration,"Degree-1, degree-2, and degree-4 Hermite control variates","With 8,192 samples: sample mean 6.94e-7; degree 1: 1.13e-8 (61x); degree 2: 1.92e-8; degree 4: 4.39e-8. Degree 1 was best.",Huge oracle upper bound,Pasted text (4).txt,Scientific / recorded,Oracle / diagnostic,Control variates,Prior catalog
V07,Synthetic,Recursive estimator,Naive recursive linear mean control variate,Collapses algebraically back to the sample mean.,No independent benefit,Pasted text (4).txt,Scientific / recorded,Synthetic / mixed,Control variates,Prior catalog
V08,Synthetic,Recursive estimator,Exact layer 1 before recursive control variate,Final MSE 2.953e-6 → 2.864e-6; all-layer 6.012e-6 → 4.924e-6.,Small gain,Pasted text (4).txt,Scientific / recorded,Synthetic / mixed,Control variates,Prior catalog
V09,Synthetic,Structural closure,Conditional-Hermite structural closure,About 1.68x gain.,Modest positive,Pasted text (4).txt,Scientific / recorded,Synthetic / mixed,Other,Prior catalog
V10,Synthetic,Covariance correction,Radial covariance deconvolution,About 1.06x gain.,Tiny positive,Pasted text (4).txt,Scientific / recorded,Synthetic / mixed,Moment/cumulant closure,Prior catalog
V11,Synthetic,Multilevel estimation,Affine-tail multilevel Monte Carlo,First two networks predicted 1.9–3.5x efficiency; direct validation after training gave 1.26x vs ~2.7x predicted.,"Small real gain, model overoptimistic",Pasted text (4).txt,Scientific / recorded,Synthetic / mixed,Other,Prior catalog
V12,Oracle synthetic width 256,Local variance control variate,Linear surrogate g = diag(Phi(mu/sigma))(z-mu) with true surrogate variance,"6,000-sample sigma error fell from 2.07% to 0.65%; late layers reached roughly 0.42–0.45%.",Real oracle variance-reduction mechanism,CONTINUED_EXPERIMENT_REPORT.md,Scientific / recorded,Oracle / diagnostic,Control variates,Prior catalog
V13,Deployable synthetic width 256,Local variance control variate,Same local surrogate with analytically approximated surrogate variance,The surrogate variance was wrong by about 7%; reported error worsened from roughly 2.33% to 6.82%.,Failed because anchor expectation is inaccurate,CONTINUED_EXPERIMENT_REPORT.md,Closed,Synthetic / mixed,Control variates,Prior catalog
V14,Synthetic doubled-stream test,Local variance control variate,Estimate surrogate variance using an independent orthogonal or Kerdock stream,Reduced error only 13–16% while approximately doubling compute.,Score-negative,CONTINUED_EXPERIMENT_REPORT.md,Scientific / recorded,Synthetic / mixed,Control variates,Prior catalog
V15,Synthetic width 64 and 256,Recursive homogeneous residual estimator,"Recursive residual correction using Gaussian, Sobol, orthogonal, or Kerdock-subset directions","At width 64 structured directions helped strongly; at width 256 results were Gaussian 3.95e-6, Sobol 2.33e-6, orthogonal 4.42e-6, Kerdock subset 3.63e-6.","Some direct-QMC gain, not a competitive recursive correction",CONTINUED_EXPERIMENT_REPORT.md,Scientific / recorded,Synthetic / mixed,Learned white-box models,Prior catalog
V16,Synthetic width 256,Recursive covariance sketch,"Reduce recursive covariance correction from 6,000 rows to 128 rows",Predictions changed negligibly; estimated total compute fraction was about 10.4%.,"Useful implementation fact, insufficient accuracy",CONTINUED_EXPERIMENT_REPORT.md,Scientific / recorded,Synthetic / mixed,Moment/cumulant closure,Prior catalog
V17,Synthetic width 256; 21 networks,Recursive affine control variate,Affine Gaussian-sample recursive CV with 128-row covariance sketch,Final mean MSE 6.92e-6 -> 4.06e-6 (1.71x); 90% of networks improved; projected adjusted proxy 4.2e-7. Separate held-out blend gain was only about 1.22x.,Legitimate improvement but worse than Kerdock,CONTINUED_EXPERIMENT_REPORT.md,Scientific / recorded,Synthetic / mixed,Control variates,Prior catalog
V18,Algebraic identity + numerical validation,Recursive homogeneous control variate,Apply homogeneous recursive correction to full antipodal Kerdock design,Recursive and direct Kerdock predictions agreed to approximately 1e-12 because the homogeneous recursion telescopes.,Exact no-op; branch closed,CONTINUED_EXPERIMENT_REPORT.md,Closed,Synthetic / mixed,Control variates,Prior catalog
V19,Synthetic depth sweep,Hermite control variate,Exact degree-1 Hermite controls across layers,Helped early layers slightly but lost usefulness with depth.,Not a full-depth solution,CONTINUED_EXPERIMENT_REPORT.md,Scientific / recorded,Synthetic / mixed,Control variates,Prior catalog
V20,Synthetic paired point-count sweep,Final-output blending,"Blend direct radial pilot means with Edgeworth predictions from the same pilot at 512–4,096 points",Best scalar blends improved MSE by only about 0.01–0.14%; all paired intervals included no improvement.,Closed; errors too redundant,CONTINUATION_REPORT.md,Closed,Synthetic / mixed,Moment/cumulant closure,Prior catalog
V21,"Synthetic 6,144-point Haar; 20 train / 20 held-out networks",Final-output blending,"Direct Haar radial mean, fourth-order Edgeworth, tuned blend, and equal average","Held-out MSE: direct 6.93e-6; Edgeworth 7.70e-6; tuned blend 7.00e-6; average 7.13e-6. Direct/blend ratio 0.990, 95% CI [0.955, 1.025].",Direct/Edgeworth blend rejected,CONTINUATION_REPORT.md,Scientific / recorded,Full-width holdout,Moment/cumulant closure,Prior catalog
M01,Official-like benchmark,Moment propagation,Full Gaussian mean/covariance propagation,"Final MSE 6.19e-5, roughly 270x worse than strong sampling.",Failed baseline,PUBLIC_POST.md,Closed,Official-like,Moment/cumulant closure,Prior catalog
M02,Oracle,Moment propagation,Gaussian marginals with exact per-layer mean and covariance,"MSE 1.25e-6, around Monte Carlo parity.",Shows Gaussian marginal ceiling,PUBLIC_POST.md,Scientific / recorded,Oracle / diagnostic,Moment/cumulant closure,Prior catalog
M03,Oracle,Marginal approximation,Edgeworth with κ3,MSE 1.86e-7 vs Gaussian 1.25e-6.,Strong improvement,PUBLIC_POST.md,Scientific / recorded,Oracle / diagnostic,Moment/cumulant closure,Prior catalog
M04,Oracle,Marginal approximation,Edgeworth with κ3 and κ4,"MSE 3.84e-8, about 32x better than Gaussian oracle.",Best oracle marginal model,PUBLIC_POST.md,Scientific / recorded,Oracle / diagnostic,Moment/cumulant closure,Prior catalog
M05,Oracle,Marginal approximation,Edgeworth extended through κ5 and κ6,MSE worsened to 4.37e-8.,Higher order did not help,PUBLIC_POST.md,Scientific / recorded,Oracle / diagnostic,Moment/cumulant closure,Prior catalog
M06,Official-like,Hybrid moments,Propagate mean; sample sigma and cumulants,Measured MSE ~6.0e-6 vs 9.6e-6 predicted.,Failed to beat sampling,PUBLIC_POST.md,Closed,Official-like,Moment/cumulant closure,Prior catalog
M07,Official-like,Sigma sampling sweep,Replace propagated sigma with sampled sigma at 6k/25k/67k/400k samples,Sigma error 1.83%/0.89%/0.55%/0.22%; MSE 3.62e-6/1.10e-6/2.81e-7/1.48e-7. Best in-budget adjusted score still worse than cubature.,Characterized target; not competitive,STRATEGY(1).md,Scientific / recorded,Official-like,Moment/cumulant closure,Prior catalog
M08,Oracle injection,Precision requirement,Independent sigma-error injection across layers,Originally implied ~0.1% sigma accuracy; later shown too pessimistic because injected noise structure was unrealistic.,Superseded diagnostic,PUBLIC_POST.md; STRATEGY(1).md,Superseded,Oracle / diagnostic,Moment/cumulant closure,Prior catalog
M09,Oracle injection,Layer patching,"Exact covariance at six worst layers, 19 deep layers, or all layers",MSE: none 2.82e-5; six layers 9.23e-6; 19 layers 5.28e-6; all 32 layers 2.82e-7.,Local patches fail; errors reappear,STRATEGY(1).md,Scientific / recorded,Oracle / diagnostic,Moment/cumulant closure,Prior catalog
M10,Oracle injection,Mean vs sigma ablation,Supply exact means alone or exact means and sigmas from layers 5/25/31,From layer 25: mean only 1.29e-5 vs mean+sigma 3.08e-7; about 42x gap attributable to sigma over last eight layers.,Sigma was dominant in this architecture,STRATEGY(1).md,Scientific / recorded,Oracle / diagnostic,Moment/cumulant closure,Prior catalog
M11,Oracle injection,Neuron targeting,Exact sigma only for neurons with |μ/σ| below thresholds,τ=1 (32% neurons): 9.76e-6; τ=2 (54%): 8.48e-7; τ=3 (73%): 2.44e-7; all: 2.43e-7.,Need most neurons recursively,STRATEGY(1).md,Scientific / recorded,Oracle / diagnostic,Moment/cumulant closure,Prior catalog
M12,Held-out calibration,Sigma correction,"Per-layer and per-(layer, |t|) calibration","Per-(layer,|t|) held-out ratio 0.96x; earlier per-layer version much worse. No useful gain in tested calibration families.",Failed tested calibrations,STRATEGY(1).md,Closed,Full-width holdout,Moment/cumulant closure,Prior catalog
M13,Oracle / diagnostics,Rank analysis,Activation covariance effective-rank collapse,Effective rank fell from about 160–165 to 2.7–3 by depth 32.,Important structural diagnostic,PUBLIC_POST.md; Pasted text (2)(1).txt,Scientific / recorded,Oracle / diagnostic,Moment/cumulant closure,Prior catalog
M14,Oracle / diagnostics,Mixed cumulant rank,Low-rank approximation of third cumulant,"At layers 26/30, covariance rank ~3 but κ3 needed rank around 64 for small error; r=8 errors ~0.29, r=64 ~0.03–0.05.",Killed naive low-rank κ3 route,PUBLIC_POST.md,Scientific / recorded,Oracle / diagnostic,Moment/cumulant closure,Prior catalog
M15,Official-like,Particle representation,Rank truncation of activation batch,Rank 8 over only last four layers produced about 600x the noise target.,Failed catastrophically,PUBLIC_POST.md,Closed,Official-like,Particle compression,Prior catalog
M16,Official-like,Distribution handoff,"Fit a Gaussian at layer k, sample from it, then propagate exactly",About 5e-6 for every handoff layer k=2…28.,Failed; distortions amplified,PUBLIC_POST.md,Closed,Official-like,Other,Prior catalog
M17,Synthetic / rollout,Learned moment map,Teacher-forced learned closures vs free rollout,Free rollout was 16–21x worse than teacher-forced.,Failed due state/rollout mismatch,PUBLIC_POST.md,Closed,Synthetic / mixed,Moment/cumulant closure,Prior catalog
M18,Official-like,Edgeworth covariance,Correct covariance diagonal only,Sigma error 3.70% → 3.64%.,Failed; error mostly off-diagonal,PUBLIC_POST.md,Closed,Official-like,Moment/cumulant closure,Prior catalog
M19,Synthetic width 64,Spectral correction,Shrink dominant covariance eigenvalue by 7.5–10%,Reduced Gaussian-closure MSE roughly 2.3–2.5x across 32 networks.,Repeatable but far from competitive,Pasted text (3).txt,Scientific / recorded,Synthetic / mixed,Moment/cumulant closure,Prior catalog
M20,Synthetic,Hybrid covariance,Blend sampled moments/covariance with Gaussian closure,Did not beat direct sampling at equal sample count; another experiment improved 9.80% → 4.61% but remained worse than direct methods.,Failed as a competitive hybrid,Pasted text (3).txt; Pasted text (5).txt,Closed,Synthetic / mixed,Moment/cumulant closure,Prior catalog
M21,Synthetic oracle,Closure-error spectrum,Best rank-r approximation of covariance correction,At depth 32: rank 8/12/16/24/32 gave next-sigma error 1.06%/0.76%/0.50%/0.29%/0.22%.,Residual is compressible in oracle form,Pasted text (4).txt,Scientific / recorded,Oracle / diagnostic,Moment/cumulant closure,Prior catalog
M22,Synthetic pilot,Closure-error spectrum,"Estimate low-rank correction from 8,192 pilot samples",Stayed around 2.2% error despite oracle rank-16 reaching 0.5%.,Failed to identify subspace,Pasted text (4).txt,Closed,Synthetic / mixed,Other,Prior catalog
M23,Synthetic,Rare-switching hypothesis,Measure switching after apparent gate stabilization,"Median |μ/σ| ~3.31, but about 12.8 sign deviations/input and sensitivity-weighted switching around 30%.",Rare-switching expansion not justified,Pasted text (2)(1).txt,Scientific / recorded,Synthetic / mixed,Other,Prior catalog
M24,Synthetic,Pruning,"Classify neurons always-on/off from 1,200-input pilot","About 39% appeared stable, but some had true missed-switch probabilities ~0.4–0.46%.",Exact pruning unsafe,Pasted text (2)(1).txt,Scientific / recorded,Synthetic / mixed,Other,Prior catalog
M25,Analytic,Homotopy,Globally scale positive weights to simplify gates,Positive homogeneity leaves activation regions and standardized moments unchanged.,Dead analytically,Pasted text (2)(1).txt,Scientific / recorded,Proof / analytic,Other,Prior catalog
M26,Synthetic,Pair distribution model,Naive Gaussian mixture and Gaussian-copula models,Neither beat directly estimating the target moment from the same pilot samples.,Failed implementations,Pasted text (2)(1).txt,Closed,Synthetic / mixed,Other,Prior catalog
M27,Synthetic held-out,Learned pairwise correction,Universal symmetric bivariate residual model with oracle current moments,Held-out residual R² 0.85; residual RMSE improved 2.84x; one-step next-sigma 3.18% → 1.62%; width-256 check about 2x.,Strong one-step oracle result,Pasted text (2)(1).txt,Scientific / recorded,Full-width holdout,Moment/cumulant closure,Prior catalog
M28,Synthetic held-out,Learned pairwise correction,Extended model with accurate current-layer moments,"Next-sigma 2.93% → 0.75%; at width 256, 1.45% → 0.60%.",Near target with oracle moments,Pasted text (2)(1).txt,Scientific / recorded,Full-width holdout,Moment/cumulant closure,Prior catalog
M29,Synthetic held-out,Learned pairwise correction,"Same model using 900–1,200-sample pilot moments","900 samples: 3.69% vs direct empirical covariance 3.13%; width 256/1,200: 2.33% vs empirical 2.29%.",No deployment gain,Pasted text (2)(1).txt,Scientific / recorded,Full-width holdout,Moment/cumulant closure,Prior catalog
M30,Synthetic free rollout,Learned covariance recursion,Full recursive rollout,"Final sigma error 25.3% → 14.2%, but final mean MSE worsened 3.23e-4 → 1.11e-3.",Improves target but hurts final output,Pasted text (2)(1).txt,Scientific / recorded,Synthetic / mixed,Moment/cumulant closure,Prior catalog
M31,Synthetic free rollout,Mean/covariance ablation,Edgeworth mean alone; learned covariance with Gaussian mean; both together,Edgeworth mean alone: 3.23e-4 → 1.59e-4. Learned covariance + Gaussian mean: 2.57e-4. Full combination failed.,Components individually help; inconsistent jointly,Pasted text (2)(1).txt,Scientific / recorded,Synthetic / mixed,Moment/cumulant closure,Prior catalog
M32,Synthetic free rollout,Damping,Scale Edgeworth mean correction on top of learned covariance,25% roughly neutral; 50% already worse.,Did not resolve inconsistency,Pasted text (2)(1).txt,Scientific / recorded,Synthetic / mixed,Moment/cumulant closure,Prior catalog
M33,Synthetic scaling,Pilot denoising,Increase pilot size and train residual denoiser,"Model fit R² ~0.98, but learned all-pairs covariance was worse than empirical at every sample size; at 4,800, empirical 2.17% vs learned 3.87%.",Failed,Pasted text (2)(1).txt,Closed,Synthetic / mixed,Learned white-box models,Prior catalog
M34,Synthetic,Direct downstream training / shrinkage,Optimize correction for downstream sigma and shrink toward empirical covariance,Optimal solution was effectively 100% empirical covariance.,No learned advantage,Pasted text (2)(1).txt,Scientific / recorded,Synthetic / mixed,Moment/cumulant closure,Prior catalog
M35,Synthetic held-out,Pairwise closure,"O(n²) closure using c21, c31, c22, correlation, skew, kurtosis","Gaussian map 9.80%; accurate moments 1.48%; moments from 1,000 samples 2.41%; transfer retained ~3.0–3.7x improvement on deeper/wider networks.",Promising synthetic local law,Pasted text (5).txt,Scientific / recorded,Full-width holdout,Other,Prior catalog
M36,Held-out,Cheap residual learning,Per-neuron EMP residual regression on local features,Train R² 0.177; held-out R² −0.118.,Failed / overfit,STRATEGY(1).md,Closed,Full-width holdout,Learned white-box models,Prior catalog
M37,Synthetic,Linear residual control variate for covariance,Decompose ReLU residual around D(z−μ) and sample only nonlinear residual,"Width 64/depth 32: Gaussian 4.32%; direct sample 8,192: 0.886%; CV 4,096: 0.441%; CV 8,192: 0.290%; cross-fit 0.304%; oracle regression 0.159%.","Excellent synthetic result, not validated at target scale",Pasted text (4).txt,Scientific / recorded,Synthetic / mixed,Control variates,Prior catalog
M38,Synthetic,Factor model,Low-rank factors plus diagonal particle/covariance model,Failed badly / poor reconstruction.,Failed,Pasted text (4).txt; Pasted text (5).txt,Closed,Synthetic / mixed,Particle compression,Prior catalog
M39,Synthetic / diagnostics,Sensitivity modes,Jacobian and actual error-impact spectra,90% of Jacobian energy in 11 modes; 90% of actual sigma-error impact in 6 modes.,Useful compression clue,Pasted text (5).txt,Scientific / recorded,Synthetic / mixed,Control variates,Prior catalog
M40,Synthetic width 256; oracle pair moments,Explicit bivariate Edgeworth closure,"Third- and fourth-order pair correction using c21, c31, c22 and marginal cumulants",Gaussian next-variance relative RMS 2.564%; third order 1.009%; third+fourth order 0.288%.,Strong one-step mathematical result,CONTINUED_EXPERIMENT_REPORT.md,Scientific / recorded,Oracle / diagnostic,Moment/cumulant closure,Prior catalog
M41,Synthetic sampled higher moments with oracle first/second moments,Edgeworth moment sampling,Sample-count sweep for pairwise higher moments,"Layer-31 relative RMS: 1.381% at 1,500; 1.008% at 3,000; 0.779% at 6,000; 0.632% at 12,000; 0.552% at 24,000; 0.516% at 48,000.",Higher moments are estimable but expensive,CONTINUED_EXPERIMENT_REPORT.md,Scientific / recorded,Oracle / diagnostic,Moment/cumulant closure,Prior catalog
M42,"Fully deployable synthetic 6,000-sample moments",Edgeworth covariance closure,"Estimate first, second, and higher pair moments from the same pilot",Performance became roughly tied with directly sampled sigma at about 1.8–2.4%; the earlier ~0.9% result relied on oracle first/second moments.,No deployable advantage,CONTINUED_EXPERIMENT_REPORT.md,Scientific / recorded,Synthetic / mixed,Moment/cumulant closure,Prior catalog
M43,Synthetic depth ablation,Higher Edgeworth terms,Add the formal kappa3-squared term,Improved early layers but worsened deep-layer errors by roughly 14–48%.,Asymptotic series should be truncated,CONTINUED_EXPERIMENT_REPORT.md,Scientific / recorded,Synthetic / mixed,Moment/cumulant closure,Prior catalog
M44,Synthetic self-consistent width-64 rollout,Edgeworth rollout stability,Damp oracle and sampled covariance corrections during recursive rollout,"Gaussian final MSE 8.52e-5; oracle strengths 0.25 and 0.50 gave 6.53e-5 and 3.92e-5; 0.75 was unstable; 6,000-sample correction was unstable even at low strengths.",One-step accuracy is insufficient; stability unresolved,CONTINUED_EXPERIMENT_REPORT.md,Scientific / recorded,Synthetic / mixed,Moment/cumulant closure,Prior catalog
M45,"Synthetic width 256; 6,000 samples",Covariance shrinkage,Raw sample covariance versus Ledoit–Wolf and OAS,"Quadratic-form errors 2.1096%, 2.1089%, and 2.1082%, respectively.",No meaningful gain,CONTINUED_EXPERIMENT_REPORT.md,Scientific / recorded,Synthetic / mixed,Moment/cumulant closure,Prior catalog
M46,Oracle synthetic width 256,Covariance compression,Replace/correct top sample-eigenvector blocks of size 8–128,Errors: top 8 1.605%; 16 1.369%; 32 1.058%; 64 0.736%; 128 0.371%.,Relevant covariance defect remains high-dimensional,CONTINUED_EXPERIMENT_REPORT.md,Scientific / recorded,Oracle / diagnostic,Particle compression,Prior catalog
M47,Synthetic held-out learning,Pairwise denoising,Learn pair residuals with ordinary pairwise loss,"Held-out pair residual R2 about 0.91, but contracted next-variance error worsened to 4.68% versus 2.19% for direct sampled covariance.",Pairwise RMSE/R2 is the wrong objective,CONTINUED_EXPERIMENT_REPORT.md,Scientific / recorded,Full-width holdout,Learned white-box models,Prior catalog
M48,Synthetic,Mehler/Hermite covariance closure,Naive empirical Mehler and Hermite expansions at increasing order,Became unstable at moderate order and worsened deep-layer errors.,Failed in naive form,CONTINUED_EXPERIMENT_REPORT.md,Closed,Synthetic / mixed,Moment/cumulant closure,Prior catalog
M49,Synthetic width 256,Edgeworth component shrinkage,Term-wise shrinkage of noisy Edgeworth corrections,Improved error by only about 4%.,Too small,CONTINUED_EXPERIMENT_REPORT.md,Scientific / recorded,Synthetic / mixed,Moment/cumulant closure,Prior catalog
M50,Synthetic structured sampling,Higher-moment estimation,"Use structured directions for centered M21, M22, and M31 estimates",Did not improve consistently; cancellation dominated the estimates.,No reliable gain,CONTINUED_EXPERIMENT_REPORT.md,Scientific / recorded,Synthetic / mixed,Moment/cumulant closure,Prior catalog
M51,Official Mini records; 20 fit / 20 test,Output calibration,Fit a global quadratic/calibration direction on official records,Gained 2.2% in-sample but worsened the untouched records; held-out gain about 0.996x.,Does not generalize,CONTINUED_EXPERIMENT_REPORT.md,Scientific / recorded,Official-like,Control variates,Prior catalog
M52,Synthetic cross-width held-out learning,Learned bivariate correction,Universal extra-trees and histogram-gradient-boosting pair-residual models,Extra-trees pair R2 0.561 and next-sigma RMS 1.782%; HGB R2 0.746 and 1.699%; direct empirical covariance achieved 1.459%.,"Residual is learnable, but model loses downstream",CONTINUATION_REPORT.md,Scientific / recorded,Full-width holdout,Learned white-box models,Prior catalog
M53,Synthetic width 256; pilot-aware held-out learning,Learned bivariate correction,Allow model to see empirical pilot ReLU residual features,"Pair residual R2 reached 0.904 and next-sigma RMS 1.467%, still slightly worse than direct empirical covariance at 1.459%.",High pair accuracy still not operationally useful,CONTINUATION_REPORT.md,Scientific / recorded,Full-width holdout,Learned white-box models,Prior catalog
M54,Synthetic held-out tuning,Covariance blending,Blend empirical covariance with learned pair correction,Chosen beta was 0.05 for universal models and 0.575 for pilot-aware model; best apparent gain was below 0.03% relative and within uncertainty.,Closed for current models/features,CONTINUATION_REPORT.md,Closed,Full-width holdout,Moment/cumulant closure,Prior catalog
M55,Reduced-width full-rollout ablation,Recursive compatibility,Combine learned covariance and Edgeworth mean corrections separately and jointly,"Learned covariance reduced final sigma error about 25.3% -> 14.2%; each component helped with the other Gaussian, but applying both at full strength worsened final mean MSE.",Approximate mean and covariance states are mutually inconsistent,CONTINUATION_REPORT.md,Scientific / recorded,Synthetic / mixed,Moment/cumulant closure,Prior catalog
M56,Synthetic sensitivity audit,Rare-switching follow-up,Measure modal-sign deviations and sensitivity-weighted switching,"Sensitivity-weighted switching remained around 30%, despite large median |mu/sigma| in deep layers.",Global rare-switch expansion closed,CONTINUATION_REPORT.md,Closed,Synthetic / mixed,Other,Prior catalog
M57,Synthetic larger-sample audit,Pruning follow-up,Validate neurons labeled always-on/off by a finite pilot,Some candidates had true switching probabilities around 0.4–0.46 under larger samples.,Pilot-only exact pruning unsafe,CONTINUATION_REPORT.md,Scientific / recorded,Synthetic / mixed,Other,Prior catalog
M58,Analytic identity,Weight-scale homotopy,Scale every layer by positive global factors,Activation regions and standardized moments are unchanged; activations only receive deterministic scale powers.,Closed analytically,CONTINUATION_REPORT.md,Closed,Proof / analytic,Other,Prior catalog
M59,Synthetic pair-model follow-up,Pair distribution models,Naive Gaussian-mixture and Gaussian-copula pair estimators,Did not beat direct empirical pair moments at matched samples.,Closed in tested forms,CONTINUATION_REPORT.md,Closed,Synthetic / mixed,Other,Prior catalog
M60,Synthetic held-out learning,Direct quadratic-form correction,Models trained on next-layer variance corrections and analytic/empirical covariance shrinkage,Held-out models selected almost entirely empirical covariance and produced no material improvement.,Closed for current feature/model classes,CONTINUATION_REPORT.md,Closed,Full-width holdout,Control variates,Prior catalog
A01,Local full 31-layer forward,Arithmetic,Dense Kerdock propagation,~268.4B analytical FLOPs.,Reference implementation,PUBLIC_POST.md,Scientific / recorded,Synthetic / mixed,Suffix compilation & arithmetic,Prior catalog
A02,Local full 31-layer forward,Arithmetic,Three-level batched Strassen,~211.1B analytical FLOPs; projected local adjusted score ~1.79e-7.,Large counted-FLOP improvement,PUBLIC_POST.md,Scientific / recorded,Synthetic / mixed,Suffix compilation & arithmetic,Prior catalog
A03,Local analytical,Arithmetic,Three-level Winograd variant,~208.0B projected; projected score ~1.75e-7.,Slight theoretical improvement over Strassen,STRATEGY(1).md,Scientific / recorded,Proof / analytic,Suffix compilation & arithmetic,Prior catalog
A04,Official graded,Implementation,First Strassen submission,Timed out / failed all MLPs because implementation overhead exceeded guard.,Failed operationally,PUBLIC_POST.md,Closed,Official-like,Other,Prior catalog
A05,Local and official graded,Implementation,Replace einsum with fnp.matmul and improve batching,Matmul measured ~69x faster; local runtime 18.75s → 5.28s. Graded score 2.39e-7 because residual wall-clock erased projected benefit.,"Engineering improvement, score gain lost",PUBLIC_POST.md,Scientific / recorded,Official-like,Other,Prior catalog
A06,Local grader,Implementation,Assembly-free / persistent-layout Kerdock-Winograd kernel,"170.91B tracked, 175.52B effective, multiplier 0.6453, no failures; one-network adjusted result ~1.12e-7. Not validated over full official suite in supplied logs.",Strongest local compute result,Pasted text(7).txt; Pasted text(10).txt,Leading / active,Synthetic / mixed,Suffix compilation & arithmetic,Prior catalog
A07,Local,Implementation,Quadtree assembly-free transform,Reduced billed work by ~2.8%; persistent layout retained.,Small positive,Pasted text(7).txt,Scientific / recorded,Synthetic / mixed,Other,Prior catalog
A08,Local,Matrix factorization,Five-coordinate rank-7 factorization,Reduced additions but wall-clock/materialization overhead was worse.,Rejected,Pasted text(7).txt,Scientific / recorded,Synthetic / mixed,Other,Prior catalog
A09,Local,Matrix multiplication,Alternative-basis Strassen construction,"Algebraically worked, but finite-size arithmetic cost was worse than Winograd.",Rejected,Pasted text(7).txt,Scientific / recorded,Synthetic / mixed,Static/structured sampling,Prior catalog
A10,Local numerical validation,Bivariate Gaussian integral,"Drezner–Wesolowsky integral after r=sin(theta), 8-node quadrature",Matched Cho–Saul arc-cosine kernel to ~1.1e-16.,Successful numerical primitive,PUBLIC_POST.md,Scientific / recorded,Synthetic / mixed,Other,Prior catalog
A11,Analytical FLOP proxy; grader validation pending,Moment-pilot budget sizing,"Complete Haar bases at 10, 11, 12, and 13 bases","5,120 points 7.880%; 5,632 8.668%; 6,144 9.456%; 6,656 10.244% of budget from sample-forward FLOPs alone. Excludes moment operations and residual wall time.","Start with 5,632; validate actual accounting",CONTINUATION_REPORT.md; RECOMMENDED_NEXT_ESTIMATOR.md,Scientific / recorded,Proof / analytic,Moment/cumulant closure,Prior catalog
T01,Numerical theory audit,Harmonic spectrum,Compose infinite-width ReLU dual kernel and expand in Gegenbauer harmonics,"At d=256/depth32, ~39.8% of nonconstant variance above degree 12; heavy tail robust.",Core theoretical model,Pasted text (7).txt,Scientific / recorded,Synthetic / mixed,Theory & proof,Prior catalog
T02,Numerical theory audit,Kerdock frame potentials,Closed-form harmonic potentials from Kerdock/MUB inner products,Exact cancellation through degree 5; N·P6=2.062035; limiting-kernel MSE 2.43366e-7; gain 1.572x vs IID.,Successful / central result,Pasted text (7).txt,Scientific / recorded,Synthetic / mixed,Theory & proof,Prior catalog
T03,Official-development validation,Parameter-free prediction,Predict Kerdock-vs-Sobol gain from spectrum and point geometry,Predicted 1.4972x; measured 1.4855x; 0.78% discrepancy. Absolute Kerdock prediction within ~5%.,Strong validation,PUBLIC_POST.md,Scientific / recorded,Official-like,Static/structured sampling,Prior catalog
T04,Numerical stability audit,Spectrum evaluation,Monomial-to-Gegenbauer recurrence and truncation convergence,"Harmonic reconstruction at truncation 4,096 agreed with direct kernel evaluation to 0.071%; avoided negative-variance cancellation.",Successful,PUBLIC_POST.md; Pasted text (7).txt,Scientific / recorded,Synthetic / mixed,Other,Prior catalog
T05,Analytic / numerical,Fixed-node weighting,Optimize weights over the 129 Kerdock bases and competing configurations,Uniform Kerdock/MUB weights remained optimal for fixed support/family; unequal basis weighting did not help.,Closed within tested family,PUBLIC_POST.md; Pasted text (7).txt,Closed,Proof / analytic,Static/structured sampling,Prior catalog
T06,Low-dimensional numerical search,Global geometry,d=4 MUB perturbations and random searches,"224,000 tangent perturbations, 4,000 random configurations, and 6,000 orthogonal-basis searches initially found nothing better; closest alternatives ≥11% worse.","Strong local evidence, later superseded globally",Pasted text (7).txt,Superseded,Synthetic / mixed,Other,Prior catalog
T07,Low-dimensional numerical search,Global geometry,"d=16, N=288 comparison",Median limiting-kernel MSE: MUB 5.3e-5; random orthogonal 6.4e-5; Sobol 7.1e-5; IID antipodal 8.2e-5; optimized random orthogonal still 21.7% worse.,Strong evidence for MUB,Pasted text (7).txt,Scientific / recorded,Synthetic / mixed,Other,Prior catalog
T08,Finite-width analysis,Kernel approximation,First-order finite-width correction and direct finite-network tests,Correction helped shallow networks but sometimes failed badly at depth; finite-width effects were nonuniform.,Infinite-width model not exact at width 256,Pasted text (7).txt,Scientific / recorded,Synthetic / mixed,Other,Prior catalog
T09,Numerical optimization bound,Kernel-energy lower bound,"Delsarte-style auxiliary polynomial at d=256/depth32/N=66,048",Kerdock 2.433660e-7 vs numerical lower bound 2.428983e-7: within ~0.192% of optimal among nonnegative-weight rules. Lacks interval-certified continuum proof. This first bound was later tightened to a 0.02337% maximum gap.,Superseded by T13 tightened certificate,Pasted text (7).txt; EXPERIMENT_REPORT_V3.md,Superseded,Synthetic / mixed,Theory & proof,Prior catalog
T10,Low-dimensional counterexample,Kernel-energy optimization,"Explicit d=4, 24-point configurations optimized against deep-ReLU kernel","Relative to MUB: 0.96353 at depth4, 0.99873 at depth16, 0.99983 at depth32; finite-width confirmation at widths 64/256 with paired z≈−5.0/−9.7.",Disproves exact global optimality from design exactness,Pasted text (7).txt,Scientific / recorded,Synthetic / mixed,Theory & proof,Prior catalog
T11,Differential geometry audit,Local optimality,Complete Riemannian Hessian at d=4 MUB,Depths 1–64: exactly six rotational zero modes and all other eigenvalues positive; depth32 smallest nonrotational eigenvalue 1.96e-5.,Strict antipodal local minimum,Pasted text (7).txt,Scientific / recorded,Synthetic / mixed,Other,Prior catalog
T12,Finite-width numerical audit,Resolve sub-percent target differences,"Coupled finite-width simulation, common randomness, Sobol QMC innovations, first-order 1/width corrections",Target difference remained too noisy; first-order correction unreliable at large depth.,Open / inconclusive,Pasted text (7).txt,Scientific / recorded,Synthetic / mixed,Other,Prior catalog
T13,Rigorous computer-assisted proof,Tight kernel-energy certificate,"KKT-tightened degree-5 Delsarte auxiliary polynomial at d=256, depth32, N=66,048","Final V5 package certifies 1 <= Kerdock/optimum <= 1.0002336550102949. Relative excess is therefore in [0, 0.02336550102949%] for the stated infinite-width, network-independent, nonnegative-weight estimator class.",Theorem complete within explicit scope; static positive-weight cubature is effectively closed.,"V5 proof package and clean-room audit, 2026-07-28",Theorem complete,Proof / analytic,Theory & proof,Latest multi-agent update
T14,High-precision dimension sweep,Kernel-energy certificate scaling,"Apply tightened auxiliary bound at d=4, d=16, and d=256","Maximum possible improvements over MUB: 0.8757%, 0.2764%, and 0.02337%, respectively.",Explains rapid high-dimensional near-optimality,EXPERIMENT_REPORT_V3.md,Scientific / recorded,Synthetic / mixed,Theory & proof,Prior catalog
T15,100-digit numerical certificate,Continuum inequality audit,Isolate and evaluate all stationary points of h(t)-K32(t),"Exactly five isolated stationary points, bracketed below 7e-61; largest upper value <= -1.00479e-13. Coefficient rounding remained safe.","Strong computer-assisted evidence, not formally directed-rounded",EXPERIMENT_REPORT_V3.md,Scientific / recorded,Synthetic / mixed,Moment/cumulant closure,Prior catalog
T16,Exact finite arithmetic plus analytic Gegenbauer tail,Auxiliary-LP dual optimality,Prove strict negativity of every unused normalized-Gegenbauer reduced cost,"Exact integer recurrence verifies degrees 6–14,658; a normalized-Gegenbauer tail bound proves strict negativity for every degree ≥14,659. The worst mode is r7=-2327215/9290262647272.",Proved dual component of T30. Higher harmonic coefficients cannot improve the named auxiliary objective; primal feasibility and equality are recorded separately in T30.,T16_FULL_LP_THEOREM.md; T16_ALL_DEGREE_CERTIFICATE.json; independent C++ audit,Proved / incorporated into T30,Proof / analytic,Theory & proof,2026-07-30 closure
T17,Symbolic/numerical feasibility audit,Exact-contact certificate,Force a degree-5 auxiliary polynomial to touch Kerdock inner products -1 and ±1/16,"Nonnegative Gegenbauer coefficients require parameter >= 0.00069297, while pointwise lower-bound validity requires <= -0.02387692; intervals are incompatible.",Exact degree-5 Kerdock-contact proof impossible,EXPERIMENT_REPORT_V3.md,Scientific / recorded,Synthetic / mixed,Theory & proof,Prior catalog
T18,Explicit d=16 construction + adversarial optimization,Intermediate-dimensional MUB search,"Construct nine real MUBs / 288 antipodal nodes and optimize bases, lines, non-antipodal nodes, homotopies, and twists",Explicit and pair-count MSE agreed to 1.11e-16; uniform weights were optimal on support; broad searches found no better rule.,"Strong stress test, not global proof",EXPERIMENT_REPORT_V3.md,Scientific / recorded,Synthetic / mixed,Other,Prior catalog
T19,Low-dimensional signed-weight search,Signed-weight loophole,"10,000 random d=4 rules and 16 joint node/weight optimizations",255 random rules used negative weights; the best was at least 1.508x MUB. Joint optimizations converged to positive nearly uniform weights; best 0.0172% improvement used positive weights.,No practical signed-weight evidence; theorem loophole remains,EXPERIMENT_REPORT_V3.md,Scientific / recorded,Synthetic / mixed,Other,Prior catalog
T20,Approximate finite-width theory,Finite-width CLT-state recursion,"Three-dimensional covariance-state propagation across widths 128–1,024","Estimated finite/infinite MSE multipliers: 1.196, 1.137, 1.123, 1.078, 1.065, 1.032; width256 16-scramble mean multiplier 1.12254.","Plausible 9–12% correction, not theorem",EXPERIMENT_REPORT_V3.md,Scientific / recorded,Synthetic / mixed,Moment/cumulant closure,Prior catalog
T21,Finite-width direct validation,Finite-width kernel audit,"20,000-sample neuron Markov checks plus full d=4/d=16 network tests","CLT-state kernel predictions improved tested individual correlations, but on 1,000 d=4 networks infinite-width and first-order predictions were excellent while CLT-state was about 4% high; d=16 was too noisy.",Exact d=256 finite-width correction unresolved,EXPERIMENT_REPORT_V3.md,Scientific / recorded,Synthetic / mixed,Other,Prior catalog
C38,Exact construction audit + 32 synthetic networks,Kerdock implementation,Independent finite-field construction of the complete dimension-256 real MUB/Kerdock rule,"Validated 128 alternating binary 8x8 matrices; every nonzero difference had GF(2) rank 8; 128 Hadamard bases plus the standard basis; cross-basis |inner product| exactly 1/16; 66,048 antipodal points.",Construction independently validated,EXPERIMENT_REPORT(2).md,Scientific / recorded,Synthetic / mixed,Static/structured sampling,Prior catalog
C39,32 architecture-matched synthetic networks,Partial Kerdock stopping,"Randomly stop after 8, 13, 32, or 64 complete Kerdock bases instead of all 129","Once the 0.1 multiplier floor was reached, the score proxy was nearly flat; none beat the complete rule reliably.",Closed; keep full rule,EXPERIMENT_REPORT(2).md,Closed,Synthetic / mixed,Static/structured sampling,Prior catalog
C40,Bidirectional held-out cross-validation,Kerdock aggregation,"Coordinate trimming, mean/median blends, early-layer deviation weighting, and standard-basis reweighting",Best median blend gained below 1%; aggressive aggregation failed out of sample.,Equal weighting remains default,EXPERIMENT_REPORT(2).md,Scientific / recorded,Full-width holdout,Static/structured sampling,Prior catalog
C41,Discovery plus untouched 16-network holdout,Adaptive basis selection,Early-layer greedy herding of Kerdock bases to match the full-design mean,A 48-basis layer-1 rule looked 12.7% better in discovery but was slightly worse on holdout; score-gain estimate 0.986x with wide interval.,Selection leakage; closed,EXPERIMENT_REPORT(2).md,Closed,Full-width holdout,Static/structured sampling,Prior catalog
C42,"16 synthetic networks, six complete rotations",Rotation selection,Choose among Kerdock rotations using exact layer-1 mean/covariance diagnostics,"Oracle best-of-six gap was 1.79x, but all cheap predictors had approximately zero Spearman correlation with final quality.",Real inaccessible oracle gap; no deployable selector,EXPERIMENT_REPORT(2).md,Scientific / recorded,Synthetic / mixed,Moment/cumulant closure,Prior catalog
C43,"Discovery, validation, and final 16-network holdout",Antipodal reduction,Evaluate one network-adaptively selected sign per Kerdock line,Looked 10–15% better initially; final holdout score gain was 0.883x and all-32 result 0.996x before selection overhead.,Rejected,EXPERIMENT_REPORT(2).md,Scientific / recorded,Full-width holdout,Static/structured sampling,Prior catalog
C44,"Prospective 16-network holdout at 4,096 directions",Small-budget hybrid sampling,Blend a small structured sampler with a corrected Gaussian analytic anchor,Fixed blend improved MSE from 6.17e-6 to 4.81e-6 (28.2%); target-free split-noise blend improved about 16.6%.,Useful only for cheap/partial estimators; too costly atop full Kerdock,EXPERIMENT_REPORT(2).md,Scientific / recorded,Full-width holdout,Static/structured sampling,Prior catalog
C45,Kernel audit and holdout analysis,Rotated Kerdock augmentation,"Reassess 90,624-row and 78,336-row rotated-basis pilots using ensemble kernel error-cost","Predicted error-cost ratios were 1.229 and 1.091; single additions, swaps, and convex reweighting did not improve.",Rotated-pilot branch rejected,arc_experiment_report.md,Scientific / recorded,Full-width holdout,Static/structured sampling,Prior catalog
C46,8-network development + 8-network strict holdout,Intermediate particle thinning,Morton-group actual-particle thinning after layer 24 with positive reweighting to match 128 prefix features,Development projected 0.873x score; strict holdout reversed to 1.069x. Weights stayed positive and well conditioned.,Selector failed; real-particle recombination remains mechanistically informative,arc_experiment_report.md,Closed,Full-width holdout,Particle compression,Prior catalog
C47,Five full-width synthetic networks,Network-adaptive anchor coreset,"Propagate full Kerdock to layer 28, retain 8,192 rows, and reweight to match anchor means","Reduced compression error roughly 40–170x versus ordinary subset thinning; cost ratio 0.8983, but added MSE 1.15e-7 versus break-even 2.26e-8.","Real effect, still 5.1x short of score break-even",ARC_NEW_PATHS_REPORT_20260728.md,Scientific / recorded,Full-width holdout,Particle compression,Prior catalog
C48,Full-width synthetic screening,Kink-aware coreset,Add 64 first-tail kink-neuron activation features to anchor-mean coreset weighting,"Improved over mean-only weighting while retaining stable near-uniform weights, but remained far above break-even error.",Only coreset refinement worth bounded follow-up,ARC_NEW_PATHS_REPORT_20260728.md,Scientific / recorded,Full-width holdout,Particle compression,Prior catalog
C49,Full-size synthetic,Particle compression,Tangent/JVP grouping of nearby particles through a shared suffix linearization,"Produced approximately 9,000–16,000x worse error-cost.",Catastrophic; closed,arc_experiment_report_round2.md,Closed,Synthetic / mixed,Particle compression,Prior catalog
C50,Full-size synthetic,Kernel particle thinning,Remaining-depth ReLU-kernel Nyström representation and thinning,Suffix-kernel effective rank collapsed to about 1.001 and did not support accurate nonlinear tail compression.,Closed in tested form,arc_experiment_report_round2.md,Closed,Synthetic / mixed,Particle compression,Prior catalog
C51,Development plus frozen seeds,Balanced thinning,Vector-balanced actual-particle thinning,Strong single-network cancellation reversed on frozen networks.,Failed holdout,arc_experiment_report_round2.md,Closed,Synthetic / mixed,Particle compression,Prior catalog
C52,Full-size synthetic,Tail pilot design,Extreme-enriched pilot for detecting rare final-layer switching,Safe but detected too many low-impact events and spent more compute than it saved.,Inferior; closed,arc_experiment_report_round2.md,Closed,Synthetic / mixed,Other,Prior catalog
C53,Full-size synthetic,Tiered suffix sampling,"Three-tier sampled-tail estimator for stable, borderline, and switching outputs",Genuinely switching outputs still required exact propagation; no score gain.,Closed,arc_experiment_report_round2.md,Closed,Synthetic / mixed,Suffix compilation & arithmetic,Prior catalog
V22,"Two independent width-256 batches, 8 networks",Exact-mean layer-1 control,Low-rank final-output PCA/ridge control using exact fixed-radius mean of layer-1 activations,"With 2,048 fitting trajectories, gross gain 1.2302x and net gain 1.1920x; 8/8 networks improved.",Strong synthetic candidate; official/Kerdock validation required,EXPERIMENT_SUMMARY_V2.md,Scientific / recorded,Full-width holdout,Control variates,Prior catalog
V23,Matched width-256 training-size sweep,Exact-mean layer-1 control,"Vary fitting trajectories from 512 to 4,096 and control rank/ridge","Best matched net gain was 1.2329x at 2,048 trajectories; 4,096 improved gross fit but lost more production directions.","2,048 was best reserved-sample point in tested sweep",EXPERIMENT_SUMMARY_V2.md,Scientific / recorded,Full-width holdout,Control variates,Prior catalog
V24,Eight width-256 networks,Soft-Jacobian control,Training-free expected-gate Jacobian from layer 1 to final layer with universal scale 1.25,8/8 improved; mean gross gain 1.1978x. Pilot-estimated-gate deployable version projected roughly 1.14–1.16x net.,"Robust mechanistic control, weaker than fitted low-rank control",EXPERIMENT_SUMMARY_V2.md,Scientific / recorded,Full-width holdout,Control variates,Prior catalog
V25,Large-point width-64 validation; width-256 unresolved,Cross-fitted layer-1 control,Four-fold antipodal-pair-preserving cross-fitting without discarding production directions,Mean MSE improvement 1.244x at width 64; width-256 fold mode instability remained unresolved.,Promising but not target-scale validated,EXPERIMENT_SUMMARY_V2.md,Scientific / recorded,Full-width holdout,Control variates,Prior catalog
V26,Synthetic width 256,Layer-1 nonlinear controls,Add exact quadratic cross-products of dominant layer-1 covariance modes,Gain changed only from about 1.206x to 1.207x.,Negligible; closed,EXPERIMENT_SUMMARY_V2.md,Closed,Synthetic / mixed,Control variates,Prior catalog
V27,Synthetic width 256,Pair-specific exact-mean controls,Regress antipodal pair averages on centered powers |h1| through degree 4,Reached only about 1.125x net.,Inferior to basic low-rank layer-1 control,EXPERIMENT_SUMMARY_V2.md,Scientific / recorded,Synthetic / mixed,Control variates,Prior catalog
V28,Synthetic width 256,Deeper multifidelity controls,Estimate layer-2/4/8 surrogate means with many shallow trajectories,Best deeper result roughly 1.087x net versus about 1.202x for exact layer 1.,Deeper surrogate means cost more than they save,EXPERIMENT_SUMMARY_V2.md,Scientific / recorded,Synthetic / mixed,Control variates,Prior catalog
V29,Synthetic width 256,Nonlinear random-feature controls,"ReLU, tanh, and cosine shallow features with sampled feature means",Best net gain only 1.029x.,Closed,EXPERIMENT_SUMMARY_V2.md,Closed,Synthetic / mixed,Control variates,Prior catalog
V30,Synthetic width 256,Output-mode selection,Choose regression modes by predictable variance instead of final-output PCA,Best net result about 1.135x; ordinary dominant output modes were better.,Alternative mode objective rejected,EXPERIMENT_SUMMARY_V2.md,Scientific / recorded,Synthetic / mixed,Other,Prior catalog
V31,Synthetic width 256,Composite controls,Combine empirical Jacobian control with a learned residual,"Best matched result about 1.169x net, below strongest exact-mean layer-1 control.",Small composition gain only,EXPERIMENT_SUMMARY_V2.md,Scientific / recorded,Synthetic / mixed,Control variates,Prior catalog
V32,Synthetic width 256,Pathwise Jacobian control,Rank-2 average true pathwise backpropagated Jacobian using 512 pilot directions,"Approximately 1.24x gross and 1.21x net, outperforming a larger ridge-control pilot.",Promising derivative-enhanced control,"User-provided AI run summary, 2026-07-28",Scientific / recorded,Synthetic / mixed,Control variates,Prior catalog
V33,Six fresh width-256 networks,Pathwise Jacobian validation,Frozen average-Jacobian control on independent networks,About 1.25x gross and 1.23x net; 6/6 networks improved.,Replicated on fresh synthetic networks,"User-provided AI run summary, 2026-07-28",Scientific / recorded,Full-width holdout,Control variates,Prior catalog
V34,Cross-validated synthetic,Jacobian residual fitting,Fit a small residual correction around the mechanistic pathwise-Jacobian prior,With 128 pilot pairs the correction collapsed back to the prior.,Residual not learnable at tested pilot size,"User-provided AI run summary, 2026-07-28",Scientific / recorded,Synthetic / mixed,Control variates,Prior catalog
V35,Synthetic width 256,Exact-mean nonlinear controls,Random one-hidden-layer ReLU features on original input with analytic Gaussian means,Diluted the useful layer-1 basis and reduced performance.,Failed,"User-provided AI run summary, 2026-07-28",Closed,Synthetic / mixed,Control variates,Prior catalog
V36,Synthetic width 256,Gradient-direction controls,Use network-local input-gradient directions as exact-mean |u^T x| ridge features,Local kink directions did not form a useful shallow dictionary.,Failed,"User-provided AI run summary, 2026-07-28",Closed,Synthetic / mixed,Control variates,Prior catalog
V37,Synthetic width 256,Intermediate path-gradient multifidelity,Attach pathwise derivative controls at multiple intermediate depths and estimate their shallow means,Deeper controls explained more variance but mean-estimation cost exceeded savings.,Closed,"User-provided AI run summary, 2026-07-28",Closed,Synthetic / mixed,Control variates,Prior catalog
V38,Oracle mode diagnostic,Pathwise Jacobian mode selection,Replace pilot PCA output modes with oracle output modes,Improved the control by less than 0.2%.,Pilot PCA is not the bottleneck,"User-provided AI run summary, 2026-07-28",Scientific / recorded,Oracle / diagnostic,Control variates,Prior catalog
V39,Synthetic paired comparison,Jacobian pilot design,Estimate average Jacobian with scrambled Sobol-antipodal rather than random pilot directions,No material improvement.,Pilot QMC does not solve Jacobian noise,"User-provided AI run summary, 2026-07-28",Scientific / recorded,Synthetic / mixed,Control variates,Prior catalog
V40,Synthetic width 256,Pair-selected Jacobian control,Use the branch-selected derivative identity for q=|h1|/2 instead of averaging antipodal path gradients,Best net gain increased from about 1.226x to 1.249x.,Strongest pathwise control mechanism,"User-provided AI run summary, 2026-07-28",Leading / active,Synthetic / mixed,Control variates,Prior catalog
V41,Synthetic pilot-size sweep,Pair-selected Jacobian control,Vary pair-selected Jacobian pilot from 256 to 512 directions,Optimum was flat; 256 directions preserved more production compute.,Freeze 256-pilot setting for transfer test,"User-provided AI run summary, 2026-07-28",Scientific / recorded,Synthetic / mixed,Control variates,Prior catalog
V42,Synthetic width 256,Stein control variate,Half-normal Stein-kernel weighting of pair-selected path derivatives,"Small consistent improvement, raising best net gain to about 1.252x.",Mechanistically supported incremental gain,"User-provided AI run summary, 2026-07-28",Scientific / recorded,Synthetic / mixed,Control variates,Prior catalog
V43,Synthetic width 256,Sphere Stein control,Replace Gaussian half-normal Stein kernel with exact fixed-radius beta-density sphere kernel,Numerically indistinguishable at dimension 256.,Confirms large-dimension mechanism; no extra gain,"User-provided AI run summary, 2026-07-28",Scientific / recorded,Synthetic / mixed,Control variates,Prior catalog
V44,Synthetic width 256,Multivariate Stein control,Multiply Stein-weighted derivative by inverse exact covariance of absolute layer-1 features,"Added a small gain, reaching about 1.2525x net on tuning networks.",Best tuned pathwise variant,"User-provided AI run summary, 2026-07-28",Scientific / recorded,Synthetic / mixed,Control variates,Prior catalog
V45,Eight completely new width-256 networks,Frozen Stein validation,"Rank-2, 256-pilot, 50% multivariate-Stein pathwise estimator with frozen settings","Validated at 1.243x net with 8/8 wins on antithetic random/Sobol-style points, but a later frozen complete-Kerdock transfer test failed.",Superseded by V59; useful on ordinary sampling but not demonstrated on full Kerdock.,"Pathwise-Stein report plus Kerdock transfer audit, 2026-07-28",Superseded,Full-width holdout,Control variates,Latest multi-agent update
V46,Synthetic cross-validation,Nonlinear pathwise controls,Centered powers of half-normal layer-1 magnitudes along selected derivative modes,Improved only about 0.15%.,Marginal,"User-provided AI run summary, 2026-07-28",Scientific / recorded,Synthetic / mixed,Control variates,Prior catalog
V47,Synthetic tuning batch,Gradient-curvature control,Coordinatewise derivative-versus-magnitude curvature term centered analytically,Raised tuned net gain to about 1.2565x.,Small tuning improvement,"User-provided AI run summary, 2026-07-28",Scientific / recorded,Synthetic / mixed,Control variates,Prior catalog
V48,Synthetic width 256,Low-rank curvature control,Fit full cross-coordinate gradient-versus-magnitude Jacobian and compress to rank 1–8,Failed to beat the simpler diagonal term.,Dense cross-coordinate curvature closed,"User-provided AI run summary, 2026-07-28",Closed,Synthetic / mixed,Control variates,Prior catalog
V49,Eight completely new width-256 networks,Diagonal curvature validation,Frozen diagonal gradient-curvature correction,"Validated around 1.243x net with 8/8 wins, nearly identical to frozen Stein estimator.",Optional; no demonstrated gain over simpler Stein form,"User-provided AI run summary, 2026-07-28",Scientific / recorded,Full-width holdout,Other,Prior catalog
V50,Synthetic cross-validation,Higher-order homogeneity controls,Cubic and higher centered derivative-power expansion,Higher powers reduced generalization; only first curvature term survived.,Closed beyond first curvature term,"User-provided AI run summary, 2026-07-28",Closed,Synthetic / mixed,Control variates,Prior catalog
V51,Width-64 discovery then full width-256 falsification,Affine suffix residual,Analytically average a fitted affine tail and sample only its nonlinear residual,Width-64 suggested 1.22x; at width 256 the tail-8 hybrid was about 7x worse and tail lengths 1–4 remained negative.,Scale-dependent false positive; closed,ARC_NEW_PATHS_REPORT_20260728.md,Closed,Full-width holdout,Learned white-box models,Prior catalog
V52,Full-width Kerdock screening,Final-layer Rao–Blackwell control,Exact full-cloud final preactivation mean plus subset ReLU and linear Hermite correction,"At 8,192 rows, additional MSE 3.24–4.60e-8 versus break-even 5.63e-9; only 2.74% compute saved.","Real variance reduction, 6–8x too noisy for score",ARC_NEW_PATHS_REPORT_20260728.md,Scientific / recorded,Full-width holdout,Control variates,Prior catalog
V53,Full-width Kerdock screening,Final-layer Edgeworth control,Use pilot variance/skew/kurtosis and third/fourth/sixth-order marginal corrections,"Best Edgeworth additional MSE 5.56e-8, worse than linear CV 3.24e-8 at every pilot size.",Closed,ARC_NEW_PATHS_REPORT_20260728.md,Closed,Full-width holdout,Control variates,Prior catalog
V54,Full-width screening,Kink-feature ridge control,Predict tail outputs from anchor PCA plus 16–128 selected kink activations and sample a residual,Best added MSE 2.03e-7 versus break-even 1.88e-8.,Closed,ARC_NEW_PATHS_REPORT_20260728.md,Closed,Full-width holdout,Control variates,Prior catalog
V55,Six width-256 development networks,Safe structure-aware multifidelity,Large Kerdock surrogate stream with dead/on/kink simplification plus small exact residual stream,"Best projected adjusted gain 1.0632x, CI [1.0449,1.0701], 6/6 wins, but nearly all from idealized sparse arithmetic.",Missed predeclared 1.15–1.20x gate; closed,PRIORITY_EXPERIMENTS_REPORT.md,Closed,Full-width holdout,Learned white-box models,Prior catalog
V56,Full-size frozen synthetic,Multilevel suffix control,Linear multilevel prefix/suffix estimator,Aggregate score ratio 1.248x with network range 0.62x–1.77x.,Worse and unstable,arc_experiment_report_round2.md,Scientific / recorded,Synthetic / mixed,Control variates,Prior catalog
V57,Full-size frozen synthetic,Multilevel suffix control,Nonlinear multilevel prefix/suffix estimator,Aggregate score ratio 1.105x with a 4.30x outlier.,Worse; closed,arc_experiment_report_round2.md,Closed,Synthetic / mixed,Control variates,Prior catalog
V58,Full-size synthetic,Low-rank final-layer control,Rank-32 final-layer low-rank control,Remained about 1.31x worse.,Catastrophic; closed,arc_experiment_report_round2.md,Closed,Synthetic / mixed,Control variates,Prior catalog
M61,"Target-width synthetic, three networks",Dead/on/kink analytic rollout,Pilot-classify stable gates inside recursive Gaussian moment propagation,Strict correction improved Gaussian rollout by only 1.9%; absolute final MSE remained about 1.3e-4.,Stable but hundreds of times too inaccurate,ARC_NEW_PATHS_REPORT_20260728.md,Scientific / recorded,Synthetic / mixed,Suffix compilation & arithmetic,Prior catalog
M62,Held-out reduced width/depth free rollout,Rollout-aware PSD closure,"Permutation-equivariant, bounded, PSD-preserving learned closure trained through full rollout",State-only model improved final MSE 3.36x at width24/depth12 and 4.29x transferring to width32/depth16.,Strong small-regime fit,PRIORITY_EXPERIMENTS_REPORT.md,Scientific / recorded,Full-width holdout,Learned white-box models,Prior catalog
M63,Depth-32 target training plus width transfer,Rollout-aware PSD closure,Fine-tune through width32/depth32 rollout and transfer to width64/depth32,10.40x improvement at training width but 0.75x at width64; oracle local moments did not fix transfer.,Width-specific model class closed,PRIORITY_EXPERIMENTS_REPORT.md,Closed,Synthetic / mixed,Other,Prior catalog
M64,Held-out width-256 synthetic,Transported-cumulant learned closure,Feature ablation for symmetric x1 and antisymmetric x1a transported k21 slices,Marginals only 0.81x; x1 1.71x; x1a 1.47x; x1+x1a 3.58x next-variance gain.,Real localized mechanistic signal,BOUNDED_ML_REPORT.md,Scientific / recorded,Full-width holdout,Control variates,Prior catalog
M65,Fresh width-256 model-size sweep,Transported-cumulant learned closure,Small coefficient network widths 8–96 using x1/x1a,64-unit model achieved 2.20x gain at about 9.2B inference FLOPs; 96-unit 2.33x at about 20B.,64-unit best tested compute/accuracy compromise,BOUNDED_ML_REPORT.md,Scientific / recorded,Full-width holdout,Control variates,Prior catalog
M66,Held-out width-256 synthetic,Transported-cumulant learned closure,"Direct full-width 10,082-parameter nonlinear coefficient model",Strongest run reduced one-step variance error 3.25% to 0.856% (3.80x) on every held-out case.,Promising one-step target-width result,BOUNDED_ML_REPORT.md,Scientific / recorded,Full-width holdout,Control variates,Prior catalog
M67,Four-network oracle recursive diagnostic,Transported-cumulant rollout,Use oracle marginals and oracle k21 features while recursively propagating off-diagonal covariance,"Final propagated variance error fell from 31.6% to 3.63% (8.68x), but remained inadequate.",Shows no inherent explosion; not deployable,BOUNDED_ML_REPORT.md,Scientific / recorded,Oracle / diagnostic,Control variates,Prior catalog
M68,Finite-pilot deployability test,Transported-cumulant closure,Restrict learned model to ordinary finite-pilot features,Learned next-variance error 3.75% versus raw sampled covariance 3.56%.,No gain without factorized K3 x1/x1a,BOUNDED_ML_REPORT.md,Scientific / recorded,Synthetic / mixed,Control variates,Prior catalog
M69,Cross-width synthetic,Transported-cumulant transfer,Train flexible tree and compact coefficient models at smaller width and transfer with x1/x1a,Tree model transferred width64→256 with 3.29x gain; compact neural coefficient model did not transfer.,Feature law transfers in flexible model; compact runtime must train at target width,BOUNDED_ML_REPORT.md,Scientific / recorded,Synthetic / mixed,Control variates,Prior catalog
M70,Reduced-width full rollout,Joint mean/covariance compatibility,Combine learned covariance correction with full Edgeworth mean correction,"Each component helped with the other held Gaussian, but full-strength combination worsened final output; damping did not robustly fix it.",Need a mutually realizable joint state,CONTINUATION_REPORT.md,Scientific / recorded,Synthetic / mixed,Moment/cumulant closure,Prior catalog
M71,Full-size synthetic,Tail-risk classification,Rank stable-gate approximations by raw pilot tail risk,Pilot ranking noise caused 8–13% misses.,Failed,arc_experiment_report_round2.md,Closed,Synthetic / mixed,Suffix compilation & arithmetic,Prior catalog
M72,Full-size synthetic,Gate certification,Clustered interval bounds for stable final outputs,Certified none of 151 outputs that were actually stable in the reference run.,Axis-aligned certification ineffective,arc_experiment_report_round2.md,Scientific / recorded,Synthetic / mixed,Suffix compilation & arithmetic,Prior catalog
A12,30 full-width synthetic networks + arithmetic threshold,Dead-channel arithmetic,Switch from persistent Winograd to compact dense multiplication when pilot-stable channels are dead,Mean active width 222.3/256; only 0.43% of layer/network cases crossed the ~163-channel break-even; mean theoretical saving 0.011%.,Essentially zero gain,ARC_NEW_PATHS_REPORT_20260728.md,Scientific / recorded,Full-width holdout,Suffix compilation & arithmetic,Prior catalog
A13,Functional package tests; official execution pending,Official Haar runner,"Build IID, Sobol, Haar-10, Haar-11, Haar-12, and Haar-12-direct estimator packages and paired Mini-100 runner",All packages passed contract/shape/finite-output tests; CDF approximation max error 7.45e-8. Official Mac run remains pending.,Implementation complete; evidence unresolved,PRIORITY_EXPERIMENTS_REPORT.md,Scientific / recorded,Official-like,Other,Prior catalog
A14,Software/schema validation only,Factorized K3 learned runtime,"Implement selective corpus downloader, MLP-level trainers, get_dslice((2,1)) adapters, NumPy inference, and cost models",Pipeline smoke-tested end to end on schema-compatible generated files; no real-corpus training completed.,"Research infrastructure complete, not a result",BOUNDED_ML_REPORT.md,Scientific / recorded,Synthetic / mixed,Moment/cumulant closure,Prior catalog
A15,Eight fresh full-width networks,Final-layer sequential compiler,Pilot-classify nearly deterministic final outputs and exactly propagate only kink outputs with minority-tail corrections,Frozen holdout score ratio 0.989754x.,Small reproducible fallback gain,arc_experiment_report_round2.md,Scientific / recorded,Full-width holdout,Suffix compilation & arithmetic,Prior catalog
A16,Twelve fresh full-width networks,Two-layer suffix compiler,Jointly compile stable-on/off paths in the final two layers and exactly propagate penultimate kink channels/final kink outputs,"MSE ratio 1.001211; effective score ratio 0.984341, bootstrap [0.979540,0.989634]; projected 1.4499e-7 from 1.4730e-7 baseline.",Best validated fallback compiler; later modestly superseded by adaptive A19.,arc_experiment_report_round2.md,Superseded,Full-width holdout,Suffix compilation & arithmetic,Latest multi-agent update
A17,Dense timing and shape-padding audit,Two-layer suffix compiler,"Benchmark exact, pad-16, and pad-32 compiled shapes",Exact score ratio 0.984341; pad-16 0.987799; pad-32 0.992829. Representative compiled layers took 0.081s versus 0.163s dense.,"Timing supports gain, but blocked-layout conversion still unmeasured",arc_experiment_report_round2.md,Scientific / recorded,Synthetic / mixed,Suffix compilation & arithmetic,Prior catalog
A18,Representative runtime benchmark,Sparse arithmetic,CSR propagation for stable/kink channel subsets versus dense BLAS,CSR was approximately 12x slower.,Generic sparse matrices rejected,arc_experiment_report_round2.md,Scientific / recorded,Synthetic / mixed,Suffix compilation & arithmetic,Prior catalog
T22,Rigorous computer-assisted proof plus clean-room regeneration,Final Kerdock near-optimality theorem,Directed-rounding Delsarte certificate for the scoped static nonnegative class,"The certified statement is one-sided: actual Kerdock relative excess lies in [0, 0.02336550102949%] for the d=256, depth-32 infinite-width normalized ReLU kernel, ≤66,048 nodes, nonnegative mass-one weights, and rules independent of the realized network.","Complete within its explicit trust base and scope. It does not prove strict suboptimality or cover finite width, arbitrary signed nodes, adaptive support/weights, or nonlinear estimators.",T22 v5/v5.1 proof package; PROOF_AUDIT.md; canonical one-sided theorem JSON,Computer-assisted certified,Proof / analytic,Theory & proof,2026-07-30 release reconciliation
C54,13 full-width synthetic networks,Stratified tail coresets,"Split a fixed 41,280-row tail budget into 1, 2, 4, or 5 calibrated strata","Projected score ratios were 0.99890, 0.99960, 1.00802, and 1.01930.",Extra strata add calibration cost and instability; closed.,"Adaptive coreset continuation, 2026-07-28",Closed,Full-width holdout,Particle compression,Latest multi-agent update
C55,30-network cross-fit + 8-network independent-rotation proxy,Adaptive tail row count,"Use disagreement between nested estimates to choose 37,152, 41,280, or 45,408 tail rows","Cross-fitted projected ratio 0.99798. Independent-rotation aggregate-MSE ratio 0.99432, but uncertainty remained too large for a sub-1% claim.",Plausible sub-percent adaptive gain; not submission-ready.,"Adaptive coreset continuation, 2026-07-28",Open / pending,Synthetic / mixed,Particle compression,Latest multi-agent update
C56,Full-width synthetic tail experiments,Tail-surrogate coreset features,"Add predicted final preactivations, ReLU outputs, partial contributions, and layer-31 features to coreset calibration",No tested feature set materially reduced compression error after its computation and calibration cost.,Closed.,"Adaptive coreset continuation, 2026-07-28",Closed,Full-width holdout,Particle compression,Latest multi-agent update
C57,20 full-width synthetic networks,Network-adaptive particle selection,"Select tail rows using kink scores, norms, random projections, downstream proxies, leverage proxies, or quantiles",Balanced random selection was best at about 0.99971 projected ratio; adaptive selectors introduced damaging outliers.,Cheap network-specific row scoring failed; balanced random selection remains safer.,"Adaptive coreset continuation, 2026-07-28",Closed,Full-width holdout,Particle compression,Latest multi-agent update
C58,16-network development; fresh holdout incomplete,Multi-start balanced coresets,Generate multiple balanced subsets and choose minimum prefix feature-mean discrepancy,Four candidates gave about 0.99798 projected ratio on development; the planned fresh holdout was incomplete.,Weak open lead; requires completed untouched holdout.,"Adaptive coreset continuation, 2026-07-28",Open / pending,Full-width holdout,Particle compression,Latest multi-agent update
C59,Full-width synthetic frozen selection,Adaptive Kerdock early stopping,Choose number of complete Kerdock bases using cheap network diagnostics,"Oracle mean ratio was about 0.6245, but the frozen selector averaged about 1.390 with a worst network near 6.31x.",Large inaccessible oracle gap; closed for tested diagnostics.,"Non-K3 continuation report, 2026-07-28",Closed,Full-width holdout,Static/structured sampling,Latest multi-agent update
C60,Frozen partial-Kerdock holdout,Direct residual learning,Predict the residual from 16 bases using cheap trajectory and weight statistics,"An apparent strong result was traced to target leakage. After removal, gain was only 1.006x and residual MSE remained 16.07x full Kerdock.",Closed in the tested low-dimensional feature form.,"Non-K3 continuation report, 2026-07-28",Closed,Full-width holdout,Learned white-box models,Latest multi-agent update
V59,20 fresh width-256 networks x 4 complete-Kerdock rotations,Pathwise Stein Kerdock transfer,"Apply frozen rank-2, 256-pilot, 50% multivariate-Stein control to complete Kerdock","Aggregate gain 0.9369x with bootstrap interval 0.8349–1.0868, below the preregistered 1.10x continuation threshold.",Provisionally closed on Kerdock; test used rotation variance rather than high-precision truth MSE.,"Kerdock-Stein transfer results, 2026-07-28",Closed,Full-width holdout,Control variates,Latest multi-agent update
V60,Fresh 16-network full-Kerdock synthetic holdout,Exact second-moment quadratic control,Use z=(u^T a1)^2 with analytically known expectation and downstream sensitivity direction,Unamplified control reduced raw MSE 4.43%; fixed amplitude 2.209 reduced untouched-set MSE 7.33%.,Superseded by V65: promising development result reversed on 12 genuinely fresh networks; branch closed.,"Quadratic-control continuation, 2026-07-28",Superseded,Full-width holdout,Control variates,Latest multi-agent update
V61,Fresh 16-network synthetic comparison,Cheap quadratic-control direction,Replace the leading Jacobian singular vector with u=J·1 from one backward vector propagation,"Fresh-set gain 4.45%, essentially identical to the expensive singular-vector direction.",Superseded by V65: promising development result reversed on 12 genuinely fresh networks; branch closed.,"Quadratic-control continuation, 2026-07-28",Superseded,Full-width holdout,Control variates,Latest multi-agent update
V62,"32 untouched synthetic networks; two independent 262,144-point references",Exact and doubled first-layer two-moment transport,Match exact first-layer mean and second moment after the Kerdock first layer; test exact transform two1 and doubled correction two2,"Baseline raw MSE 3.05233e-7. two1: 2.86201e-7, 6.24% reduction, 20/32 wins, gain-ratio CI 1.018–1.113. two2: 2.75980e-7, 9.58% reduction, 20/32 wins, CI 1.007–1.209. Added arithmetic about 0.1354B operations; projected adjusted improvement about 9.54%, not official. Later cross-fitted layer-origin attribution found the causal first-layer intervention only 1.052x, with a confidence interval crossing no improvement and harmful networks.",SUPERSEDED / STOP as a major submission path. The earlier two1/two2 synthetic average gain did not remain robust under the later attribution study; retain only as historical mechanism evidence.,"Agent 5/6 transport report and final 64-network one-pass summary, 2026-07-29",Superseded,Full-width holdout,Control variates,Late-agent update
V63,Fresh synthetic composition test,Composite exact-mean controls,Combine layer-1 mean transport with exact quadratic second-moment correction,"Raw MSE improved about 9.42%, but the tested implementation duplicated downstream trajectories.",Statistically positive but budget-infeasible as implemented.,"Quadratic-control continuation, 2026-07-28",Scientific / recorded,Full-width holdout,Control variates,Latest multi-agent update
V64,"6,656-point synthetic budget-floor tests",Small-count exact-moment controls,Apply quadratic and layer-1 transport controls near the 10% multiplier floor,Quadratic gained only 1.88%; transport worsened 4.86%; combined worsened 17.0%.,Controls become too noisy at small point counts; closed for the floor-budget route.,"6,656-point control results, 2026-07-28",Closed,Synthetic / mixed,Control variates,Latest multi-agent update
M73,15 held-out MLPs; oracle current diagonals/features,Transported-cumulant contraction,Contract learned x1/x1a covariance corrections through actual next-layer weights,"Validation-fitted alpha achieved 2.04x variance-MSE gain, 2.03x sigma-MSE gain, 98.3% case improvement, and sigma RMS 1.59% to 1.12%.",Passes downstream-contraction gate; still relies on accurate/oracle transported features.,"User-run next-variance evaluation, 2026-07-28",Leading / active,Oracle / diagnostic,Control variates,Latest multi-agent update
M74,15 held-out MLPs; recursive PSD-repair ablation,Covariance consistency repair,Apply diagonal-preserving eigenvalue clipping at every recursive rollout step,"435 repairs caused severe amplification; mean, variance, and sigma gains were all below 1 and only 13.3% of variance cases improved.",Repeated PSD projection is destructive; closed.,"recursive_rollout_psdclip.json, 2026-07-28",Closed,Full-width holdout,Moment/cumulant closure,Latest multi-agent update
M75,"Held-out synthetic widths 32, 64, and 128",Permutation-equivariant weight-space learning,Predict diagonal mean-field error directly from all network weights,"Held-out gains were about 2.43x at width32, 1.94x at width64, and about 1.64x at width128 with cleaner labels.",Broad analytic bias is learnable; scientifically positive but far from standalone challenge accuracy.,"Weight-space learning reports, 2026-07-28",Scientific / recorded,Full-width holdout,Learned white-box models,Latest multi-agent update
M76,Historical held-out residual-learning report; decisive rows incomplete in archive,Weight-space Kerdock correction,Predict Kerdock error vector or multiplicative scale from network weights,The archived qualitative conclusion is that tested weight-space representations did not recover stable signed network-specific Kerdock residuals. The previously quoted 0.94–0.99x numerical range lacks the decisive row package and should not be used as a paper number.,"Retain as qualitative historical evidence only; do not treat as universal unlearnability or cite exact ratios until the original rows, splits, metric code, and hashes are restored.",Historical weight-space report; Agent9 evidence audit,Scientific / incomplete provenance,Historical full-width holdout,Learned white-box models,2026-07-30 evidence audit
M77,Oracle diagnostic at widths 32 and 64,Kerdock residual mode structure,Fit one oracle multiplicative scalar per network in Y≈(1+c)K,Oracle scalar correction improved 17.68x at width32 and 3.82x at width64; most width32 error lay in this mode.,Residual is simple within a network but unpredictable from tested observables.,"Weight-space decisive comparison, 2026-07-28",Scientific / recorded,Oracle / diagnostic,Learned white-box models,Latest multi-agent update
M78,Synthetic holdout through seeds 8–15,Spectral-ramp Gaussian closure,"Shrink only the leading covariance eigenvalue in early layers, fading from 0.8 to 1 by layer 16",Holdout analytic-estimator MSE improved to about 2.60e-5; broader shrinkage variants failed.,"Specific finite-width mechanism identified, but absolute error remains far above Kerdock.","Spectral-ramp continuation, 2026-07-28",Scientific / recorded,Full-width holdout,Moment/cumulant closure,Latest multi-agent update
A19,60 fresh width-256/depth-32 networks,Adaptive 2–6-layer suffix compiler,Select suffix depth 2–6 from pilot kink counts and compile stable-on/off paths,"Raw-MSE ratio 1.00170; ideal arithmetic ratio 0.95358; calibrated effective-score ratio 0.97865 [0.97566,0.98163], with 59/60 calibrated wins. Projected score about 1.442e-7.",Strongest new honest near-term candidate; integrate and grade.,"Non-K3 adaptive compiler report, 2026-07-28",Leading / active,Full-width holdout,Suffix compilation & arithmetic,Latest multi-agent update
A20,Untouched 20-network compiler extension,Deeper suffix compiler,Extend candidate maximum depth from 6 to 7–8,Depth 7 was selected once and depth 8 never; gain was negligible while symbolic complexity grew.,Stop at maximum depth 6.,"Non-K3 adaptive compiler report, 2026-07-28",Closed,Synthetic / mixed,Suffix compilation & arithmetic,Latest multi-agent update
A21,Compiler pilot and threshold sweeps,Adaptive compiler robustness,"Test minority threshold 2, half-size pilots, and alternative pilot geometries",Threshold 2 was marginal and post-selected; smaller pilots increased missed-switch error; alternate geometries gave no robust gain.,"Freeze threshold 1 and the existing 2,064-row balanced pilot.","Non-K3 adaptive compiler report, 2026-07-28",Scientific / recorded,Synthetic / mixed,Suffix compilation & arithmetic,Latest multi-agent update
A22,Official subprocess smoke tests,FlopScope accounting bypass,"Run raw-BLAS 90,624-row multifidelity estimator through local and subprocess runners","Local mode misleadingly recorded zero FLOPs. Subprocess mode enforced immutable FlopScope arrays; honest functional execution would charge roughly 373B FLOPs, above budget.",Scoring/accounting workaround invalid; do not pursue.,"Official subprocess logs and accounting audit, 2026-07-28",Closed,Official-like,Suffix compilation & arithmetic,Latest multi-agent update
T25,Analytic identity; exact spherical-design argument,Exact first-layer Hermite subtraction,Compute exact degree-1 and degree-2 first-layer Hermite controls with analytically known Gaussian expectation,"After exact radial integration the control is an angular polynomial of degree <=2. Complete Kerdock is exact through degree 5, so E[g]-Q_K(g)=0 exactly; linear downstream propagation does not change this.",Analytic no-op; STOP before implementation or holdout use.,"Agent 5/6 report, #34, 2026-07-29",Closed,Proof / analytic,Theory & proof,Brainstorm-agent round
V66,Finite-population identity plus prior 32-network transport artifacts,Transport with untouched-subset debiasing,"Apply aggressive first-layer moment transport to all Kerdock rows, then estimate its bias from an untouched uniform subset of row differences",The subset correction restores the original Kerdock row mean in expectation and adds finite-population sampling variance. It therefore removes the transport gain rather than debiasing toward Gaussian truth.,STOP subset debiasing. Continue only undebiased two1/two2 transport for official validation.,"Agent 5/6 report, #40, 2026-07-29",Closed,Proof / analytic,Control variates,Brainstorm-agent round
M79,Analytic identity for arbitrary learned coefficients,Weight-conditioned Hermite controls,Train a permutation-equivariant weight encoder that outputs multivariate Hermite coefficients of degrees 1–4,"Correct radialization leaves an angular polynomial of degree <=4, which Kerdock integrates exactly. The learned coefficients cannot create a nonzero correction in exact arithmetic.",Analytic no-op; STOP before training.,"Agent 5/6 report, #41, 2026-07-29",Closed,Proof / analytic,Learned white-box models,Brainstorm-agent round
M80,Closest completed screens and cost lower bound,Weight-conditioned nonlinear ridge controls,Use 4–16 learned projections with one-dimensional nonpolynomial ridge functions and exact Gaussian integrals,Closest nonlinear controls achieved only about 1.029x net; degree<=4 pair controls about 1.125x; complete-Kerdock pathwise transfer was 0.9369x. Inference lower bound is about 0.271B–1.082B FLOPs before the encoder.,Below the 1.3x major-path gate; STOP full training. Reopen only for a preregistered degree>=6 oracle screen.,"Agent 5/6 report, #45, 2026-07-29",Closed,Synthetic / mixed,Learned white-box models,Brainstorm-agent round
V67,Analytic blockwise identity plus prior Kerdock-transfer evidence,Stein-potential and signed neural controls,"Use polynomial Stein fields through degree 4 or one-hidden-layer bias-free ReLU Stein components, including separate positive and negative components","Polynomial fields are integrated exactly by Kerdock. Every tested one-hidden-layer bias-free ReLU Stein component averaged to zero on each individual basis block; maximum numerical block residual was 3.12e-17. A meaningful depth-2 rank-2 8x8 field would add about 0.839B FLOPs, while prior full-Kerdock transfer was negative.",STOP current Stein/signed-neural family on complete Kerdock.,"Agent 7/8 report, #42/#44, 2026-07-29",Closed,Proof / analytic,Control variates,Brainstorm-agent round
T26,Exact linear-algebra certificate,Signed network-dependent basis-block cubature,"Fit signed weights on the 129 Kerdock basis-block means while preserving exactness through degree 5, including cross-fit and residual variants",The degree-4 basis-block moment tensors have a full-rank Gram matrix. Total weight one plus degree<=5 exactness uniquely forces all 129 weights to 1/129. Half-fold rules cannot satisfy the constraints; recombination reduces to uniform Kerdock.,Analytically closed unless the degree<=5 guarantee is explicitly abandoned.,"Agent 7/8 report, #21/#22/#26, 2026-07-29",Closed,Proof / analytic,Theory & proof,Brainstorm-agent round
A34,Software tests plus full-width integration smoke,Residual control-variate benchmark infrastructure,"Build a versioned harness for E[g]+Q_K(f-g), standalone g accuracy, paired CIs, target-noise correction, worst tails, layer/PCA/Gegenbauer attribution, and immutable 8/24/64 splits",Four tests passed; the full width-256/depth-32 smoke had control-variate identity error 4.34e-19. The harness exports the exact seed-3 Kerdock rotation and evaluates Kerdock only once per network.,CONTINUE; this is the canonical harness for future analytic or learned surrogates.,"Agent 1/2 package, #91/#92, 2026-07-29",Leading / active,Infrastructure,Implementation / compute,Brainstorm-agent round
M81,Implementation complete; fresh screen not executed,Gaussian-closure residual Kerdock,"Construct a homogeneous Gaussian-closure pointwise surrogate and an early dominant-eigenmode-corrected variant, then evaluate E[g]+Q_K(f-g)",Surrogate and screen runner are implemented and smoke-tested. No scientific MSE claim was made because the fresh high-precision caches were unavailable and reused/noisy holdouts were intentionally not substituted. Later residual-spectrum work identified the layer-31 mean-defect channel as far stronger than a generic homogeneous residual surrogate.,"SUPERSEDED as the broad next screen. Continue only a depth-local layer-31 residual formulation through A34, using oracle versus deployable anchors and complete adjusted-score accounting.","Agent 1/2 package, #1/#2, 2026-07-29",Superseded,Infrastructure,Moment/cumulant closure,Late-agent update
V68,24 frozen full-width synthetic networks,Exact one-direction preintegration,Fix 255 orthogonal coordinates and integrate the full ReLU network exactly along one Gaussian direction by tracking all one-dimensional breakpoints,"Asymptotic MSE gain was 1.415x with 95% CI 1.393–1.438x, passing the theory gate. Optimistic exact breakpoint tracking cost was a median 9,154x one forward pass per outer point, requiring roughly 6,470x further cost reduction merely to break even.","Real statistical mechanism, but STOP direct implementation because cost is prohibitive.","Agent 9/10 report, #11, 2026-07-29",Scientific / recorded,Full-width holdout,Control variates,Brainstorm-agent round
V69,Frozen full-width low-rank oracle sweep,Penultimate conditional integration,Condition on a low-dimensional approximation of layer-31 activations and analytically integrate the final ReLU,Rank 128 produced MSE ratio 1.0165 with CI 1.0061–1.0280. Extending through rank 252 found no meaningful interior optimum.,STOP; low-rank conditioning does not clear the 1.3x oracle gate.,"Agent 9/10 report, #17, 2026-07-29",Closed,Full-width holdout,Moment/cumulant closure,Brainstorm-agent round
V70,Frozen synthetic coupled-allocation evaluation,Multilevel surrogate residual estimator,Evaluate a cheap analytic surrogate on all points and the exact network on an optimally allocated smaller coupled subset,"Best fixed allocation had raw-MSE ratio 1.0956, adjusted-score ratio 1.0913, CI 0.9055–1.3197, and a 2.02x worst-network failure, even with a deliberately favorable runtime-trained oracle surrogate.",STOP; optimal allocation did not beat full-fidelity Kerdock spending.,"Agent 9/10 report, #81, 2026-07-29",Closed,Full-width holdout,Control variates,Brainstorm-agent round
V71,16-network discovery + 16 frozen validation + 16 shrinkage networks,Degree-6+ spherical-harmonic controls,Target the first live Kerdock harmonic degrees with network-adaptive Gegenbauer controls and uncertainty-aware shrinkage,"Post-selected discovery gain was 1.19%, but frozen validation reversed to MSE ratio 1.00444, 6/16 wins, bootstrap [0.99637,1.01347]. Across 18 shrinkage variants, the best apparent gain was only 0.012% and effectively turned the correction off. Later exact limiting-kernel attribution placed degree 6 at 13.93% of total Kerdock MSE, an ideal ceiling of only 1.162x, below the 1.3x major-path gate; finite-width probes were variance-intractable.",Close as a major control path. Degree 6 may remain only as a very cheap additive correction if a new exact zero-mean construction appears.,"ARC harmonic CV campaign, 2026-07-29",Closed,Full-width holdout,Control variates,Late-agent update
M82,8 validation MLPs; gamma tuned on the same set,Calibrated standalone K3 closure,Jointly recalibrate ARC K3 mean correction with covariance treatment against the post-ReLU target,"Upstream ARC K3 MSE 4.4528e-5; best tested hybrid at gamma=0.55 reached 1.9239e-5, a 2.314x gain with 100% wins on the tuning/validation set. It remains roughly 8.5–17x behind Kerdock after the compute floor.","Close standalone K3. Retain only as a possible pointwise surrogate/feature source, with gamma tuned inside the residual-control objective on untouched networks.","Latest K3 calibration memo, 2026-07-29",Scientific / recorded,Oracle / diagnostic,Moment/cumulant closure,Brainstorm-agent round
A35,Official full-100 baseline plus row-0 implementation checkpoints,Current Kerdock/Winograd checkpoints,"Record the current dense, depth-5 Winograd, and partial-tree Winograd benchmark state","Dense Kerdock official full-100: raw 2.2826e-7, effective 268.9B, adjusted 2.2566e-7. Depth-5 Winograd row 0: raw 1.7292e-7, 181.3B, adjusted 1.1525e-7. Partial-tree row 0: same raw, 175.5B, projected about 1.12e-7. Strict holdout raw MSE is 2.8064e-7, indicating a real generalization gap.",Use as current checkpoint context; row-0 compute results are not a full official generalization result.,Shared project context supplied 2026-07-29,Scientific / recorded,Official-like,Suffix compilation & arithmetic,Brainstorm-agent round
M83,Oracle perturbation curve plus component ablations in the validated residual-control harness,Deep-anchor tolerance,"Inject controlled errors into the layer-29 mean, covariance, and connected c21 anchor separately, then score the complete residual control.","Mean error dominated the control: 0.1% -> 0.649 MSE ratio; 0.2% -> 0.690; 0.3% -> 0.772; about 0.45% was break-even; 0.65% -> 1.450. The reported covariance and c21 curves were comparatively flat through roughly 10% perturbations. Current propagation delivers about 0.65% mean error, so it remains harmful.",CONTINUE only as a mean-focused closure problem. Target <=0.3% layer-29 mean error and independently reproduce the curve before redirecting the program; do not infer that c21 is universally irrelevant outside this control.,"anchor_tolerance.py and user-supplied agent update, 2026-07-29",Scientific / recorded,Oracle diagnostic,Moment/cumulant closure,Late-agent update
M84,Deployable same-design pre-moment test in the existing Edgeworth/control harness; network count not stated in the update,Kerdock-derived Edgeworth anchor,"Estimate layer-29 pre-activation mean, covariance, and c21 from the Kerdock cloud, apply the Edgeworth post-ReLU transform, and use the result as the control anchor.",The preregistered prediction of a near-neutral 0.96 ratio was wrong: measured MSE ratio was 12.996. The cloud-driven Edgeworth mean correction actively damaged the critical mean estimate; this was not merely the all-sample cubic degeneracy.,"STOP this same-cloud Edgeworth-mean construction. Any reuse must isolate an externally anchored mean and verify the complete control, not only local next-variance accuracy.","User-supplied agent update; existing Edgeworth/control harness, 2026-07-29",Closed,Architecture-matched / diagnostic,Moment/cumulant closure,Late-agent update
A36,Eight numerical/Monte Carlo assertions on a real network,Moment-state convention audit,"Create permanent tests for pre- versus post-ReLU state, c21 orientation, explicit index-pair identities, raw-to-connected conversion, and Frobenius-versus-RMS normalization.",All eight assertions passed. Measured c21 asymmetry was 0.317; raw-to-connected identity held to 2.2e-16; Frobenius norm equaled 256 times RMS; and ||raw M21||/||connected c21|| was about 278. The audit exposed earlier false 4030x and 126x interpretations caused by state and norm conventions.,"ADOPT as mandatory regression infrastructure for every cumulant export, anchor, and rollout before scientific scoring.","test_conventions.py and user-supplied agent update, 2026-07-29",Leading / active,Implementation / numerical audit,Implementation / compute,Late-agent update
M85,Eight-network selection plus eight untouched full-width holdout networks,Corrected connected-K3 quadratic-Hermite control,"Repair the missing marginal K_iii/diagonal export, recenter the factorized anchor consistently, and evaluate the positive quadratic-Hermite residual control with fixed and prespecified shrinkage.",Connected-K3 quadratic-Hermite control with factorized anchor; frozen 70% blend,"Frozen holdout candidate/base 0.8814, 6/8 wins, worst 1.4277. Unshrunk factorized anchor was 0.9588, 5/8 wins, worst 1.8312. Full K3 rollout about 272B.",Transferable signal is real but tail-risky and score-negative at full-tensor cost. Continue only compressed contracted anchors with an independent center/source.,"M85 result JSONs and arc_code deep audit, 2026-07-29",Mechanism validated / deployment rejected,Frozen full-width holdout,Moment/cumulant closure
M86,Mechanism and cost decomposition; implementation in progress,Adjoint-compressed K3 contractions,"Transport only the few downstream K3 contractions used by the control, optionally starting from an empirical checkpoint and regenerating cumulant sources only in the final layers.",The proposed targeted calculation replaces an approximately 272B full tensor rollout with an estimated 10–40B correction. No frozen final-MSE result exists yet. The intended decomposition transports two control directions rather than all 256^2/256^3 state entries.,OPEN. Continue only if the compressed calculation reproduces most of M85's 0.881 held-out raw gain and improves adjusted score after exact FlopScope and wall-time accounting.,"Exact-anchor agent update, 2026-07-29",Open / pending,Implementation / proposed,Moment/cumulant closure,Late-agent update
V72,"Eight-network oracle screen, four-network reuse validation, and explicit compute lower bound",Compressed-kink / hinge conditional integration,"Use target-aware exact ReLU hinge contributions, compress them to the top 32 events, and search for observable selectors or a suffix-local implementation.","Top 32 target-aware hinges captured 93.9% of the conditional-mean correction on screen and 95.0% on reuse validation. Centered variance gain was 1.462x on screen, but the worst validation network reached only 1.296x, below the 1.3x gate. Hinges were distributed across depth; final-four-layer hinges captured only about 30–37%. All observable selectors failed. A full-depth method needs both a primal and directional-JVP trajectory, imposing at least 2x arithmetic; even a perfect line oracle would worsen adjusted score from 1.1157e-7 to about 1.5770e-7.",STOP permanently in this formulation. Reopen only if a separate method supplies the full JVP essentially for free and a target-aware signed selector becomes observable.,"AGENT_9_CONTINUATION_REPORT.md and continuation metrics, 2026-07-29",Closed,Oracle diagnostic + compute bound,Control variates,Late-agent update
V73,"Cross-fitted randomized-Kerdock rotations: 8-network screen, 24-network validation, 64-network holdout",Layer-origin residual attribution,"Measure each layer's post-ReLU Kerdock mean defect, oracle-remove it, replay the true suffix, and rank channels by final-layer MSE removed.","The dominant repairable channel was the layer-31 post-ReLU mean defect: 5.777x improvement on the 8-network screen, 4.233x on 24 validation networks, and 4.572x on 64 holdout networks. Holdout removed 78.13% of noise-corrected MSE, won 64/64, and had 95% CI 3.760–5.588x with worst-network improvement 1.16x. Idealized final-layer replay adds 3.125% compute and gives an oracle adjusted ceiling near 4.4226e-8. First PCA mode held 39.45%, first two 54.25%, and layer-31/final-error linear CKA was 0.9828.","CONTINUE as the highest-upside mechanism. This is an unavailable-reference oracle, not a submission projection: build a deployable layer-31 residual mean control, translate the real particles to the corrected mean, and replay the true final layer. Do not claim the error originates at layer 31.","AGENT1_FINAL_REPORT.md, AGENT1_FINAL_SUMMARY.json, LAYER_CHANNELS_SCREEN.csv; user-supplied update, 2026-07-29",Leading / active,Oracle diagnostic / full-width holdout,Moment/cumulant closure,Late-agent update
C61,Sandboxed scaled surrogate: 33 synthetic networks across widths 48/64/128/256; exact protected holdouts unopened,Selective nonlinear suffix-residual kernel coreset,Layer-28 anchor plus realized final-four-layer residual features; 12.5% retained support on a 32-basis scaled Kerdock surrogate,"Width 48: inverse-gain 1.0859, 2/12 wins, worst 2.649x candidate/base. Width 64: 1.0038, 2/12 wins, deceptive optimistic score proxy. Width 128: 1.1880, 0/6. Width 256: 1.2829, 0/3. Oracle-output features were nearly lossless, so compressibility exists but the deployable sketch did not transfer.",Negative warning for this tested scaled representation; insufficient to close the overall network-specific coreset avenue.,"NETWORK_SPECIFIC_KERNEL_CORESET_REPORT.md; sandbox agent report, 2026-07-29",Scientific / recorded,Scaled synthetic / sandbox,Particle/tail compression,Canonical consolidation 2026-07-29
C62,"Sandboxed exact-geometry synthetic: 20 width-256 networks on the actual 66,048-row, 129-basis Kerdock asset; protected official/Mini holdouts unopened",Exact-Kerdock network-specific kernel coreset diagnostic,"Retain 8,192 rows with positive basis-preserving weights; compare random, anchor kernel, deployable suffix kernel K2, K2 support with oracle weights, and full oracle support","Mean added MSE: random 2.069e-7; anchor kernel 1.341e-7; deployable K2 1.282e-7; K2 support + oracle weights 2.941e-8; oracle support + oracle weights 2.391e-9. Deployable K2 failed 0/20 gates and missed the 1.1e-8 gate by 11.7x; oracle support was excellent. Larger q, longer exchange, pilot metrics, signed calibration, and low-dimensional output modes did not rescue the sandbox implementation.","PAUSE, do not close globally. Strong negative evidence against this exact finite-feature K2 implementation, but lower-confidence than local full-repository work. Preserve oracle harness and require matched local replication before closing the avenue.","NETWORK_SPECIFIC_KERNEL_CORESET_EXACT_KERDOCK_REPORT.md; exact_kerdock_coreset_diagnostic.py; sandbox agent, 2026-07-29",Paused / awaiting local validation,Exact geometry synthetic / sandbox N=20,Particle/tail compression,Canonical consolidation 2026-07-29
V74,Eight-network target-aware oracle screen; protected 24/64 sets not opened for this sparse selector,Sparse layer-31 coordinate oracle,"Select the most consequential layer-31 coordinates using true defects, replace only their means, and replay the final layer","12 coordinates achieved 1.784x baseline/candidate gain, 8/8 wins, CI 1.624–1.932, capturing 55.2% of full layer-31 oracle benefit. 32 coordinates achieved 2.96x and captured 81.4%. Observable ranking by Gaussian mean discrepancy times final sensitivity gave 1.179x at K=12 and 1.365x at K=24 when exact signed corrections were granted.",Strong oracle concentration result; not a deployable selector or signed estimator. Continue target-free support tests and signed coefficient estimation on fresh networks.,"ARC_ACTIVATION_REGION_CONDITIONAL_INTEGRATION_REPORT.md; sandbox agent, 2026-07-29",Leading / active,Oracle screen N=8 / sandbox full-width synthetic,Moment/cumulant closure,Canonical consolidation 2026-07-29
V75,Sandboxed full-width synthetic: 8 screen + frozen 24 validation; later 64-train/18-dev phase-learning study; protected 64 high-precision holdout unopened,Conditional-region and Kerdock-phase residual estimators,"Integrate 0–8 influential late gates, fit residual controls, use basis/Walsh phase statistics, rotated pilots, internal subdesigns, and learned invariant phase models","Direct conditional integration had inverse gain 0.897 (worse), 0/8 wins. Residual CV screened at 1.017 inverse gain but froze at 0.989 inverse gain (normalized candidate/base ~1.011), 8/24 wins, worst 1.195. Correction correlation -0.0092 and downstream cosine -0.0013. Rotated 1,032-point and internal 516-row pilots also reversed; 64-train/18-dev learned phase models were effectively 1.000.",Close activation-region/phase-prediction constructions tested here. Retain only the sparse layer-31 oracle finding and a qualitatively new near-free companion cubature concept.,"ARC_ACTIVATION_REGION_CONTINUATION_REPORT.md and bundles, 2026-07-29",Closed tested form,Frozen synthetic validation N=24 plus learned synthetic corpus,Control variates,Canonical consolidation 2026-07-29
V76,Fresh sandbox screen N=8; larger pilot-size ablations on same screen; 24/64 protected stages unopened,Sampled partial-MUB layer-31 coefficient pilot,"Use 16–128 independent partial-MUB bases to estimate 12 observable layer-31 PCA coefficients, translate the particles, and replay the final layer","16 bases: 1.353x raw gain, wide CI 0.813–1.746, 4/8 wins, worst candidate/base MSE 1.586; compute 1.122x, adjusted gain 1.206x point estimate. 64 bases: 1.489x raw but 1.482x compute, adjusted ~1.004x. 128 bases: robust raw gain but adjusted 0.814x inverse gain, clearly score-negative. True rank-12 coefficients gave 7.226x raw gain and 8/8 wins.",Close extra-trajectory pilot estimation as a score path. The target space is adequate; coefficient sign estimation is the bottleneck. Continue only near-zero-extra-trajectory estimators.,"AGENT1_CONTINUATION_SUMMARY.json; FRESH_SCREEN_SUMMARY.json; sandbox continuation, 2026-07-29",Closed tested form,Sandbox screen N=8 / pilot ablations,Moment/cumulant closure,Canonical consolidation 2026-07-29
V77,Sandboxed exact-Kerdock block experiments; network count limited and exact protected suite not used,Stable-gate suffix multilevel estimator,Use the nonlinear stable-gate compiler as a cheap level on many Kerdock blocks and exact suffix residuals on a nested subset,Use the nonlinear stable-gate compiler as a cheap level on many complete-design blocks and exact suffix residuals on a nested subset,"Residual variance was 0.056% of exact block variance and correlation 0.99944, but actual candidate/base was 1.2645; median 1.5077; deeper hierarchies 1.2598–1.3373. A worst-network ratio was not reported for this run.",Close stable-gate MLMC statistically. The contradiction shows pointwise correlation/block variance is not a valid proxy when partial allocation destroys global Kerdock cancellation.,"FULL_MULTILEVEL_PREFIX_SUFFIX_REPORT.md, 2026-07-29",Closed tested form,Architecture-matched sandbox / exact-design proxy,Control variates
V78,Sandbox discovery N=4 + frozen validation N=4; exact protected larger sets unopened,Generic Gaussian layer-31 multilevel surrogate,Apply a homogeneous low-rank Gaussian closure correction to the layer-31 Kerdock mean and replay the final layer; then estimate a network-specific coefficient using small exact pilots,"Discovery improved 1.1086x inverse gain, but frozen validation inverse gain 0.8775 (normalized candidate/base ~1.140), 0/4 wins, worst 1.4235; correction cosine changed +0.208 to -0.071. Pilot coefficient estimate had correlation -0.060 and normalized ratio ~1.015 with 18.47B added proxy compute.","Close this generic Gaussian surrogate and pilot sign rescue. Layer-31 formulation remains valid, surrogate direction does not transfer.","FULL_MULTILEVEL_PREFIX_SUFFIX_REPORT.md; sandbox agent, 2026-07-29",Closed tested form,Small frozen synthetic N=4,Moment/cumulant closure,Canonical consolidation 2026-07-29
V79,Frozen exact-Kerdock holdout N=8 after an eight-network selection screen,Exact ridge harmonic control q=8,"Use 32 exact-expectation features: eight learned input directions at harmonic degrees 6, 8, 10, and 12 with ridge 1","Selection ratio 0.833 candidate/base; frozen holdout 0.995006, 4/8 wins, worst 1.471. Per-network ratios ranged from about 0.535 to 1.471. Extra compute makes it score-negative.","Close as a standalone correction. May be retained only as an internal feature for an independently validated anchor, without retuning on IDs 168–175.",exact_ridge_harmonic_q8_frozen_holdout8.json; 2026-07-29,Closed,Frozen synthetic/exact-design N=8,Control variates,Canonical consolidation 2026-07-29
M87,Eight-network development claim only; frozen script/probe arrays and untouched corpus unavailable in shared sandbox,128-probe sparse connected-cubic exact-anchor control,Decompose the cubic control into coordinate-sparse rank-one probes and fit the cancellation with exact anchors,Reported exact-anchor raw MSE ratio 0.190 on all 8 development networks. The lower-order sample-centering term reportedly carries essentially all remaining error. No untouched validation has been recorded.,Highest-upside unvalidated oracle ceiling. Freeze the construction and run an untouched exact-anchor holdout before further tuning or deployment work.,"Sparse cubic agent log and Agent 1 reconstruction, 2026-07-29",Leading / active,Oracle development N=8; provenance incomplete,Control variates,Canonical consolidation 2026-07-29
M88,Analytic derivation plus sandbox numerical algebra tests; no real-network frozen MSE result,Sparse cubic centering map,Expand every sparse cubic anchor around an imperfect center and identify shared lower-order center dependence,Reconstruct exact lower-order recentering dependence of 128 sparse cubic probes,"All probe center errors share e_center=Bδ+Q(δ^2), so they are not 128 independent means. Toy d=20 rank90=6/rank99=9, but a width-256 terminal-span proxy has rank 128 and the real frozen probe-map rank is unknown.",Analytic shared-map result is strong; low-rank compressibility is not established on real ARC probes. Measure the real B spectrum before designing a 2–8 coefficient estimator.,sparse_cubic_center_and_channel_report.md; agent2_agent1_terminal_test.json,Infrastructure / active,Analytic + synthetic unit tests,Moment/cumulant closure
M89,Analytic derivation and sandbox exactness/cost prototypes; no frozen final-MSE evaluation,Shared-adjoint compression for sparse probes,Batch all sparse-probe pullbacks in common coordinate spans and evaluate source contractions implicitly over a short suffix,Batched exact sparse-probe adjoint and source-localization diagnostics,Exact terminal contractions and recentering identities agree to floating precision. Shared pullbacks are 0.06–0.25B for support 8–32; source rollout dominates. Toy localization retained only ~4.7% of exact gain at depths 2–4 and became harmful at 6–16; full depth was needed. Local factorized-anchor q32/layer24 implementation achieves 2.31% relative error at ~10.16B analytic / ~10.34B measured proxy but remains ~31% from oracle.,Adjoint algebra and factorized-anchor handoff are implemented. Closure/source localization—not backward compute—is the decisive blocker. Do not assume a short suffix from synthetic cost arguments.,AGENT2_EXACT_SPARSE_ADJOINT_REPORT.md; agent2_sparse_adjoint_results.json; adjoint_k3_full_holdout8.json; arc_code audit,Leading / active,Local implementation + analytic/synthetic diagnostics,Moment/cumulant closure
M90,Sandbox synthetic suffix experiments; no challenge-scale frozen validation,Externally centered adjoint-span short-suffix micro-cubature,"Use an independent 1,024-row pilot for absolute center, protected Kerdock only for centered shape, and a fresh 2,048–4,096-row cloud with selected covariance/skew transported through 4–8 suffix layers",Externally centered adjoint-span micro-cubature for sparse anchors or selected layer-31 coordinates,"Proposed h24/depth8/2,048-row and h28/depth4/4,096-row configurations. Synthetic shrinkage was encouraging, but no real-network ratio exists; real M83 tolerance is far stricter than the toy tolerance, and toy adjoint source localization was unfavorable for short suffixes.","One bounded experiment remains defensible, but first measure real target-map rank/source attribution. Do not promote synthetic center tolerance.",Independent Short-Suffix Micro-Cubature report; sparse-adjoint toy diagnostics,Open / bounded experiment,Synthetic sandbox only,Moment/cumulant closure
M91,Sandbox screen N=8 with target-free low-dimensional analytic features; exact protected holdout not used,Targeted low-dimensional center predictor,Predict a few downstream-sensitive layer-31 mean-defect coefficients or correction scale using invariant summaries and small models,"Best reported raw ratio 0.9681 candidate/base, 5/8 wins, worst 1.036; CI included no gain. Optimistic adjusted ratio 0.9747 before full wall-time accounting. It failed the branch's own continuation gates.","Close this tested small-feature predictor, but do not close a future model trained on a stronger independent analytic anchor and a real width-256 corpus.","Targeted predictor/auditor report, 2026-07-29",Closed tested form,Small sandbox screen N=8,Learned weight-space models,Canonical consolidation 2026-07-29
M92,"Sandbox widths 32/64 with up to 1,024 training networks, 128 calibration/validation groups, Sobol reference labels, and rotation augmentation; no decisive width-256 labeled-corpus run",Expanded permutation-equivariant weight-to-layer-31 modeling,"Bidirectional forward/suffix encoder, nonlinear basis probes, complete Kerdock basis tokens, and weight-aware phase augmentation to predict layer-31 defect followed by final replay",Expanded permutation-equivariant weight-to-layer31 correction study,"Width-32/64 forward, bidirectional, basis-probe, and phase-augmented models remained near neutral. Best phase-augmented weight encoder gain 1.01142 [0.98266,1.03259], worst candidate/base 6.12; replay alone needs 1.03125 gain to break even. Three incomplete zero-target rows were repaired before comparison.","Narrowed, not universally closed. One bounded width-256 edge-state DWS experiment on grouped phase augmentations and a downstream-weighted low-dimensional target is the only justified continuation.",EQUIVARIANT_WEIGHT_MODEL_RESEARCH_20260729.md,Paused / bounded local test,Large reduced-width synthetic corpora,Learned white-box models
A37,Cross-report audit of split manifests and experiment IDs,Network split contamination and evidence governance,"Track all network IDs, distinguish development/validation/protected holdout, normalize ratio conventions, and prevent reused sets from supporting fresh claims",Global IDs 0–199 are considered exposed after overlapping learned-anchor and M85 use; 160–167 and 168–175 were explicitly reused. Several attractive gains reversed on genuinely fresh networks. Protected 64-network sets remain unopened in some recent sandbox branches.,"Adopt mandatory split registry, environment field, sample scale, confidence, and reopen criteria for every ledger row. No closure from a small synthetic screen alone.","Agent 7 research audit, 2026-07-29",Leading / active,Governance / cross-experiment audit,Implementation / compute,Canonical consolidation 2026-07-29
M93,Local archive full-width N=15; deployable-shaped closure test,Factorized-K3 hybrid closure screen,Compare upstream K3 closure to selected factorized hybrid in submission-readiness test15,"Upstream final MSE 9.03065e-5; hybrid 6.08095e-5; 1.4851x gain, 10/15 wins, worst gain 0.72765. Absolute error remains hundreds of times above Kerdock.","Record as a surrogate/feature-source result only, not a challenge estimator.",submission_readiness/test15.json; arc_code_deep_audit_20260729.md,Scientific / recorded,"Local code archive, full-width N=15",Moment/cumulant closure,Reconciliation audit 2026-07-29
M94,16 full-width networks; oracle state/anchor,Oracle-state rank-4 c21 control,Cross-fit rank-4 connected-cubic pointwise controls with oracle late state/anchors,"Candidate/base 0.5993, 16/16 wins, worst 0.9835. Sample-direction variant with oracle anchor reached 0.5832.",Strong evidence that the features/regression can cancel Kerdock error when legally anchored. The unavailable absolute anchor remains the blocker.,arc_code_deep_audit_20260729.md and connected-cubic result JSONs,Oracle mechanism / leading,"Local full-width N=16, oracle inputs",Moment/cumulant closure,Reconciliation audit 2026-07-29
M95,Local implementation on frozen 160–167 block; exact factorized-anchor target,Adjoint K3 checkpoint handoff,Reproduce factorized K3 contractions via checkpoint rank-q handoff and exact adjoint,"Layer24 q32: relative error 0.02310 vs factorized, cosine 0.999984, ~10.16B analytic and ~10.34B measured proxy; error vs oracle 0.311. Layer24 q64: 0.00117 error at 13.34B.",Backward contraction implementation is substantially solved. Factorized closure-to-oracle gap remains large.,adjoint_k3_full_holdout8.json; arc_code_deep_audit_20260729.md,Implementation validated / active,Local full-width frozen block; no final-control holdout,Moment/cumulant closure,Reconciliation audit 2026-07-29
M96,Local code-archive source-model tests; limited/frozen blocks,Adjoint source-closure falsification,"Test Born/Gaussian local sources, checkpoint sample-only insertion, and factorized-anchor deltas",Born/Gaussian sources remain ~18% from factorized and ~38% from oracle. Sample-only checkpoint layer20/24 variants had candidate/base about 1.71/1.69 with severe tails. Direct factorized insertion was catastrophic; a 10% delta was approximately neutral.,"Close tested source closures. Future work must generate independently centered, target-contracted sources rather than insert same-cloud/checkpoint state wholesale.",arc_code_deep_audit_20260729.md and archive result JSONs,Closed tested source models,Local archive / small frozen blocks,Moment/cumulant closure,Reconciliation audit 2026-07-29
ARCI-4,8-network cross-fitted oracle screen,Sparse layer-31 coordinate oracle grid,Apply exact corrections to top target-aware layer-31 coordinates,Gains: K=4 1.2991x; K=8 1.5612x; K=12 1.7844x; K=16 2.0597x; K=32 2.9565x. K=12 captures 55.23% and K=32 81.39% of full oracle benefit.,Retain as strong sparsity mechanism. Coordinate support is easier than signed amplitude.,ARC_ACTIVATION_REGION_CONTINUATION_REPORT.md,Oracle mechanism / leading,"Sandbox full-width N=8, target-aware",Control variates,Reconciliation audit 2026-07-29
ARCI-5,8 screen + frozen 24 validation,Conditional-region integration and residual CV,Integrate 0–8 selected late gates and use as direct correction or control variate,"Direct screen gain 0.8967, 0/8 wins. Residual CV screen 1.0174 but frozen validation 0.9889 gain (candidate/base 1.0112), 8/24 wins, worst 1.195; correction correlation approximately zero.","Close tested gate/orthant construction. It approximates activation distributions, not signed complete-Kerdock phase.",ARC_ACTIVATION_REGION_CONTINUATION_REPORT.md,Closed tested form,Sandbox full-width N=8/24,Control variates,Reconciliation audit 2026-07-29
ARCI-6,64 training + 18 development + 24 high-precision validation,Basis/Walsh phase learning,Predict layer-31 signed defect from 129 basis means and Walsh coefficients,An apparent 1.0410x point estimate did not persist. Across 96 models the best validation-optimistic gain was 1.00056; raw-Walsh Ridge 0.99941.,Close tested basis-label phase-learning family; earlier signal was small-sample instability.,ARC_ACTIVATION_REGION_CONTINUATION_REPORT.md,Closed tested form,"Sandbox synthetic corpus, frozen N=24 validation",Learned white-box models,Reconciliation audit 2026-07-29
ARCI-7,8 screen + 24 validation,Invariant phase contractions,"Test cubic/quintic/septic, output-weighted, cross-neuron, and PCA-skew phase statistics",All validation ratios approximately 1.000; best 1.00092 with worst candidate/base 1.0266.,Close tested symmetry-respecting phase-statistic family.,ARC_ACTIVATION_REGION_CONTINUATION_REPORT.md,Closed tested form,Sandbox full-width N=24 validation,Control variates,Reconciliation audit 2026-07-29
ARCI-8,Frozen 8-to-24 pilot evaluation,Independent rotated companion pilots,"Estimate phase with 1,032, 2,064, or 8,256 extra points to layer31","1,032-point screen winner froze at 0.9296 gain with an 81.1% harmful tail. 2,064 reached 1.0394 raw but only ~0.9912 optimistic adjusted. 8,256 reached 1.0705 raw but cost multiplier 1.1211, score-negative.","Ordinary extra-point pilots are closed, but sign information becomes more stable with enough points. Reopen only through <1–2% incremental shared arithmetic.",ARC_ACTIVATION_REGION_CONTINUATION_REPORT.md,Closed tested score path,Sandbox full-width frozen N=24,Control variates,Reconciliation audit 2026-07-29
ARCI-9,8 screen + frozen 24 validation,Internal Kerdock subdesign phase pilot,Use a fixed 516-row subset of the protected Kerdock cloud as a free disagreement signal,"Screen gain 1.0445 reversed to 0.9651 on validation, 7/24 wins.",Close same-cloud/internal-subdesign phase probes.,ARC_ACTIVATION_REGION_CONTINUATION_REPORT.md,Closed tested form,Sandbox full-width N=24 validation,Control variates,Reconciliation audit 2026-07-29
M97,"224 train, 32 calibration, 64 untouched validation; width32",Forward equivariant layer31 predictor,Predict layer31 defect and replay final layer with forward message-passing model,"Replay gain 1.00235 [0.99989,1.00493]; worst candidate/base 1.55.",No meaningful deployable signal; below replay break-even.,EQUIVARIANT_WEIGHT_MODEL_RESEARCH_20260729.md,Closed tested reduced-width form,Width32 synthetic,Learned white-box models,Reconciliation audit 2026-07-29
M98,"224 train, 32 calibration, 64 validation; width32",Bidirectional compact equivariant predictor,Add forward/backward states and basis-block encoding,"Replay gain 1.00287 [0.99048,1.00896]; worst candidate/base 9.85.",Close tested compact architecture due neutral mean and catastrophic tail.,EQUIVARIANT_WEIGHT_MODEL_RESEARCH_20260729.md,Closed tested reduced-width form,Width32 synthetic,Learned white-box models,Reconciliation audit 2026-07-29
M99,"176 train, 32 calibration, 32 validation; width64",Forward equivariant layer31 predictor at width64,Evaluate target redesign at a closer but still reduced width,"Replay gain 1.00300 [0.99166,1.01773]; worst candidate/base 1.08.",No evidence of sufficient signal; below replay break-even.,EQUIVARIANT_WEIGHT_MODEL_RESEARCH_20260729.md,Closed tested reduced-width form,Width64 synthetic with duplicated high-precision labels,Learned white-box models,Reconciliation audit 2026-07-29
M100,"176 train, 32 calibration, 32 validation; width64",Bidirectional compact predictor at width64,Evaluate bidirectional model at width64,"Replay gain 0.98933 [0.96033,1.03495]; worst candidate/base 1.23.",Close tested reduced-width architecture.,EQUIVARIANT_WEIGHT_MODEL_RESEARCH_20260729.md,Closed tested reduced-width form,Width64 synthetic,Learned white-box models,Reconciliation audit 2026-07-29
M101,"1,024 train, 128 calibration, 128 validation; width32",Large nonlinear basis probe,Ask whether high-capacity invariant models can extract residual signal from full basis diagnostics,"Replay gain 1.00815 [0.94623,1.05560]; worst candidate/base 4.62.",No robust phase signal despite large corpus/capacity.,EQUIVARIANT_WEIGHT_MODEL_RESEARCH_20260729.md,Closed tested reduced-width form,Large width32 synthetic corpus,Learned white-box models,Reconciliation audit 2026-07-29
M102,512 base networks x4 rotations; 128 validation,Phase-augmented basis probes,Use exact orthogonal phase augmentation with sorted and ordered basis features,"Sorted gain 0.96380 [0.82991,1.07185], worst 16.62; ordered 0.97973 [0.84929,1.07632], worst 8.08.",Phase augmentation alone does not make basis summaries predictive.,EQUIVARIANT_WEIGHT_MODEL_RESEARCH_20260729.md,Closed tested reduced-width form,Width32 grouped rotations,Learned white-box models,Reconciliation audit 2026-07-29
M103,512 base networks x4 rotations; 128 validation,Phase-augmented equivariant weight encoder,Expose rotated first-layer weights to equivariant model; compare identity-only control,"Phase model gain 1.01142 [0.98266,1.03259], worst candidate/base 6.12. Identity control gain 1.00013 with shrinkage effectively zero.",Weak nonzero signal but far below 1.03125 replay break-even and tail-unsafe. Only bounded width256 edge-state DWS remains open.,EQUIVARIANT_WEIGHT_MODEL_RESEARCH_20260729.md,Paused / bounded width256 test,Width32 grouped rotations,Learned white-box models,Reconciliation audit 2026-07-29
A38,Dataset-integrity audit during equivariant training,Resume-completion bug repair,"Require nonzero completion across weights, both targets, Kerdock stats, and layer31 particles",Three rows had written weights but zero QMC targets; all were regenerated before reported comparisons.,Record as a repaired integrity issue. Future dataset manifests must hash/validate every label component.,EQUIVARIANT_WEIGHT_MODEL_RESEARCH_20260729.md,Infrastructure / repaired,Training-pipeline audit,Evidence governance,Reconciliation audit 2026-07-29
C63,Fresh exact-geometry synthetic screen,Network-specific coreset,Adjoint radial-Hermite phase row representation with equal-mass support,On 12 fresh width-256 exact-geometry networks (seeds 62000–62011): row-importance Spearman 0.551; top-importance recall 46.0%; actual oracle-support recall 12.22% (chance); same-support oracle-weight added MSE 8.020e-6 mean and 2.818e-5 worst; 0/12 support gates. Uniform-weight MSE 3.911e-4 vs 5.617e-6 for balanced random. Arithmetic ~1.60B but NumPy wall 0.604s vs 0.222s tail time saved.,Close this radial-Hermite row-score representation and its equal-mass support rule. Per-row importance does not encode the joint cancellation needed by a coreset.,QUALITATIVELY_NEW_CORESET_REPRESENTATION_REPORT.md,Closed tested representation,"Sandbox exact geometry, width256, N=12",Network-specific coresets,Coreset continuation 2026-07-29
C64,Fresh exact-geometry synthetic screen,Network-specific coreset,Signed cancellation-edge representation for pairwise complementarity,On 12 fresh width-256 exact-geometry networks (seeds 63000–63011): complementarity Spearman 0.590; top-complementarity recall 35.64% vs 12.40% chance; oracle-support recall 12.23% (chance); same-support oracle-weight added MSE 2.168e-6 mean and 4.855e-6 worst; 0/12 gates; 197x above the 1.1e-8 gate and 25.2x worse than balanced random support with oracle weights. Cost ~6.47B and 1.154s vs 0.328s tail time saved.,Close this pairwise edge representation. Pairwise complementarity is real but insufficient; the unresolved object is whole-set span quality and conditioning.,CANCELLATION_AWARE_CORESET_EXTENSION_REPORT.md,Closed tested representation,"Sandbox exact geometry, width256, N=12",Network-specific coresets,Coreset continuation 2026-07-29
M104,Reproducible archive audit + cost frontier,Joint scalar Hermite anchor,"Verify the complete 32-probe 128-scalar interface, component ablations, source localization and <14B compute intersection","Exact complete anchor 0.223995; lower-order only 0.633203; connected-only 1.580440; one-basis lower pilot 1.04936 on 16 untouched; fold cross-fit 1.006825; fixed lower+adjoint 1.008463. Last8/16/24 signed connected fractions 23.554%/33.79%/82.49%; 19.222 effective layers. No tested 4,096-row depth/support configuration both retains the source and stays below14B.",Close tested joint-scalar source families. Full-depth shared-arithmetic complete-state recurrence or absolute inherited checkpoint are untested exceptions.,JOINT_SCALAR_ANCHOR_REPORT.md; JOINT_SCALAR_ANCHOR_AUDIT.json; hash-matched source JSON pack,Closed tested design space,Archive-level reproducible; synthetic/full-width branch cohorts,Sparse cubic / adjoint source,Joint-scalar closure 2026-07-29
M105,Frozen fresh validation + convergence,Layer31 residual control,Sparse radial-Hermite layer31 four-arm factorial separating coefficient quality and E[g] anchor quality,"On 24 fresh width256 synthetic networks, full oracle layer31 replay candidate/base 0.021; best Arm B (deployable coefficients, 131k independent anchor) 1.387; best Arm D 35.352 with 0/24 wins. Arm A/B corrections cosine 0.9996–0.9999 and 1.5–3% relative gap. Four independent 131k anchors (524k total) still gave 2.259 and 2.288 on four representative networks.","Close sparse radial-Hermite as a layer31 residual surrogate for the tested layer, probe families and regression class. Coefficient fitting is not the blocker; the feature target and expectation do not transfer.",SPARSE_RADIAL_HERMITE_LAYER31_FACTORIAL_REPORT.md; layer31_final_gate_fresh24_merged.json,Closed tested form,Sandbox width256 fresh N=24 + convergence N=4,Layer31 residual / sparse Hermite,Layer31 factorial closure 2026-07-29
M106,Frozen 50-network shared-arithmetic screen,External phase / blockwise cubic control,Final-gate Stein flux (FGSF) used only to sign and continuously suppress the frozen V80 blockwise H3 correction,"No extra trajectories. Raw baseline/candidate gain 1.002085 (candidate/base 0.997919); adjusted gain 0.986599 (candidate/base 1.013583), adjusted gain CI [0.977387,0.997463]; 29/50 wins; signed correlation 0.058620; sign accuracy 30/50; mean correction cosine 0.065544; worst candidate/base 1.083634. Arithmetic increment 1.5696%; optimized wall increment 0.676%. Blind V80 was harmful (gain 0.911566), so FGSF mainly suppressed damage.","Close final-marginal Gaussian Stein/H3 flux as a phase source for V80. It is nearly free but too weak to be score-positive; do not tune thresholds, amplitude, shrinkage, or agreement gates.",SHARED_ARITHMETIC_EXTERNAL_PHASE_REPORT.md; SHARED_ARITHMETIC_EXTERNAL_PHASE_RESULTS.json,Closed tested representation,Sandbox width256 frozen N=50; no trajectory increment,External phase / control gating,Shared phase closure 2026-07-29
M107,Compatibility reconstruction + frozen exposed screen,Joint scalar recurrence / inherited checkpoint,Implement complete target-contracted joint scalar anchor through inherited-checkpoint and full-depth recurrence families,"Exact anchor candidate/base 0.225957. Exact checkpoint + candidate sources 0.526440, 8/8 wins, worst0.905677, retaining61.18% of exact benefit at6.744B. Candidate checkpoint + candidate sources1.784617,worst2.892195; legal agreement-safe inherited1.014314, CI[0.9918,1.0459]. Full-depth raw1.736051; legal1.000775 at10.310B. Factorized checkpoint+exact sources3.499011. Depth12 retained18.87%. Algebra/telescoping errors ~1e-15; stored baselines matched within6.57e-6.","Close the tested inherited-checkpoint and full-depth recurrence candidates. The source approximation has meaningful oracle-checkpoint signal, but legal absolute checkpoint/source accuracy is insufficient. Preserve the interface and near-miss only as a target for a fundamentally better absolute checkpoint.",JOINT_SCALAR_RECURRENCE_REPORT.md; joint_scalar_recurrence_screen8.json; joint_scalar_recurrence.py,Closed tested implementations,Compatibility reconstruction; exposed width256 synthetic N=8,Sparse cubic / adjoint source,Joint recurrence closure 2026-07-29
M108,Sandbox frozen full-width selector audit,Layer31 support,Target-free layer-31 coordinate support across two complete-design rotations,"New width-256 N=8 cohort, rotations 3 and 19, with two independent 524,288-row scrambled-Sobol references per split. At K=32, Basis-PCA12×sensitivity captured 53.21% / 38.90% of the full layer-31 oracle gap; sparse-Hermite loading×sensitivity captured 51.08% / 36.50%. Both won 8/8 under both rotations, but failed the preregistered >=50% capture-on-every-rotation gate. Coordinate overlap remained high (0.875 PCA; 1.000 Hermite), showing effectiveness—not support identity—was rotation dependent. Stage B amplitude tests were not run.","Close the four tested target-free coordinate-selector families under the rotation-stability gate. Preserve the full layer-31 oracle as mechanism evidence, but do not continue fixed-coordinate support sweeps.",TARGET_FREE_LAYER31_SUPPORT_REPORT.md / TARGET_FREE_LAYER31_SUPPORT_HIGHREF_RESULTS.json / STAGE_B_SOURCE_AUDIT.json,Closed tested form,"Architecture-matched synthetic width256, N=8, two rotations, high-reference exact amplitudes",Sparse layer31 and sparse cubic center,Target-free layer31 support closure
M109,Frozen fresh full-width oracle validation,Sparse radial-Hermite direct-output control,128 sample-row probes with complete exact anchor on 24 new networks,"Frozen layer-29 (zero-based) construction, rotation seed 3, 129 sequential 512-row basis blocks, six whole-block folds, and trace-normalized ridge reproduced. On synthetic width256/depth32 IDs 1000–1023 with independent reference halves: conservative candidate/base 0.427073, bootstrap 95% CI [0.329203,0.542314], 24/24 wins, median 0.426251, p90 0.729773, worst 0.985945. Cross-half noise-corrected ratio 0.147524 with CI [-0.037308,0.286359]. A leaked same-stream preliminary run was quarantined; terminal anchor and evaluation streams were independent.","PASS as a winning-scale oracle mechanism with residual reference-noise uncertainty. Nondeployable because the exact anchor uses 262,144 oracle trajectories per network.",REPRODUCTION_REPORT.md / SPARSE_RADIAL_PROBE_MANIFEST.json / FROZEN_VALIDATION_RESULTS.json / PASS_FAIL_CERTIFICATE.json,Oracle mechanism validated on fresh synthetic cohort,Architecture-matched synthetic frozen validation N=24,Sparse layer31 and sparse cubic center,Fresh sparse radial validation
M110,Frozen component ablation / spectrum,Sparse radial-Hermite anchor decomposition,"Lower-order, connected, omitted-component, and downstream-rank ablations","On the same 24 fresh networks: sample anchor approximately neutral at 1.0002; exact lower-order mean/covariance anchor 0.421527 with 24/24 wins; exact connected-c21 only 1.008336; complete anchor with mean omitted 1.886385; complete anchor with pair moments omitted 16.319718. Pooled downstream-weighted rank-16 energy was 70.54%, below the 90% compression gate.",The useful transferable signal is the lower-order absolute mean and pair-moment anchor. Connected c21 is diagnostic and should be dropped from the deployment path unless nearly free. Rank-16 compression is blocked.,COMPONENT_ABLATION.json / downstream-weighted spectrum / SPARSE_RADIAL_PROBE_MANIFEST.json,Mechanism decomposition validated,Architecture-matched synthetic frozen validation N=24,Sparse layer31 and sparse cubic center,Fresh sparse radial validation
A23,Software/API/numeric validation,Implementation / compute,Factorized-K3 submission-readiness scaffold,"Build calibration, fresh-100 audit, guard, float32, API-check, and flopscope.numpy inference scaffolding around the x1/x1a model. Gaussian primitive matched reference closely; float32/float64 relative RMS difference was about 2.58e-7; estimated ML inference cost was about 11.8B FLOPs before K3.",Infrastructure complete; no deployable factorized-K3 score.,Submission-readiness stage work report,Scientific / recorded,Infrastructure,Implementation / compute,Restored canonical row
A24,60-network full-width compiler suite,Suffix compilation & arithmetic,Minimum-saving compiler guard,"Fallback to the full Kerdock suffix when predicted compiler cost ratio exceeded 0.995. Calibrated mean ratio changed from 0.978654 to 0.978617, retained 59 wins, introduced one exact fallback, and removed the only material failure.","Historically adopted for the calibrated adaptive compiler; superseded for production shipping by A39, which shows the calibrated savings are nonportable to the partial-tree baseline.","Latest compiler continuation update, 2026-07-29",Superseded by A39,Full-width holdout,Suffix compilation & arithmetic,Restored canonical row
A25,24 untouched full-width networks,Suffix compilation & arithmetic,Boundary-certified suffix compilation,"Use Gaussian missed-tail risk, downstream sensitivity, rank-16 boundary prediction, and exact audit of 512 suspicious Kerdock rows. Three-layer compiler MSE fell from 1.03e-9 to 2.23e-11, a 46.4x reduction, with 24/24 wins and compiled fraction rising from 42.62% to 52.64%.","Excellent validation/debugging oracle, but too conservative and costly for submission runtime.","Certified compiler holdout update, 2026-07-29",Scientific / recorded,Full-width holdout,Suffix compilation & arithmetic,Restored canonical row
A26,Adaptive full-width integration screen,Suffix compilation & arithmetic,Certified adaptive compiler,"Integrate boundary certification into adaptive depth 2–6. Compiler MSE improved from 2.58e-10 to 1.75e-11, but ideal cost ratio worsened from 0.9451 to 0.9669; selective audits were 0.35–1.61% worse than the existing adaptive rule.",Retain certification only as a validation tool; reject at runtime.,"Certified adaptive selector and selective-audit results, 2026-07-29",Closed,Full-width holdout,Suffix compilation & arithmetic,Restored canonical row
V65,12 genuinely fresh width-256/depth-32 networks,Control variates,Fresh quadratic-control validation,Frozen exact first-layer quadratic control: quadratic-only score ratio 1.0188; linear+quadratic 1.0769; amplified combination 1.1307. Only 4/12 improved in the least-harmful version.,Selection-leakage reversal; quadratic-control branch closed.,"Fresh QCV validation summary, 2026-07-29",Closed,Full-width holdout,Control variates,Restored canonical row
A27,20 fresh full-width networks; second 30-network suite incomplete,Suffix compilation & arithmetic,Energy-based suffix classification,"Classify stable neurons by minority-sign activation-energy fraction <=3e-5 rather than minority-event count. Fresh 20-network ideal score ratio was 0.94381 versus 0.94942 for count<=1, about 0.56% better; bootstrap difference interval [-0.0128,+0.00135] included no advantage.","Positive unresolved proxy signal, but production compiler measurement A39 makes this non-actionable for shipping.","Energy-classifier holdout update, 2026-07-29",Paused / superseded,Full-width holdout,Suffix compilation & arithmetic,Restored canonical row
A28,16 fresh full-width networks,Suffix compilation & arithmetic,Risk-aware suffix-depth selector,"Penalize depths using stable counts, minority energy/events, and depth penalties. Frozen risk penalty averaged 0.95029 versus 0.94904 for simple minimum arithmetic cost and changed 10/16 choices while helping only five.",Risk-aware selector failed; retain simple minimum-cost depth selection for diagnostics only.,"Selector holdout summary, 2026-07-29",Closed,Full-width holdout,Suffix compilation & arithmetic,Restored canonical row
A29,Strict 50-network full-width synthetic holdout,Suffix compilation & arithmetic,Fixed three-layer suffix compiler with layerwise shrinkage,"Use c=8 pilot, rare threshold 8, zero middle-layer correction, and final correction alpha=0.875. Mean score proxy 0.979672; beat global alpha=0.75 on 43/50; paired improvement interval about 0.044–0.078 percentage points.",Historical proxy candidate; rejected by current partial-tree production measurement A39 (score ratio 1.042129 on 97 completed Mini networks).,"Three-layer shrinkage holdout update, 2026-07-29",Superseded / rejected in production,Full-width holdout,Suffix compilation & arithmetic,Restored canonical row
A30,50 untouched full-width networks,Suffix compilation & arithmetic,Adaptive compiler rule selector,"Select among six c=8 two- and three-layer compiler rules using pilot risk. Mean exact-perturbation score proxy 0.976424 [0.97318,0.97974], 48/50 wins, pilot-risk correlation about 0.80.",Historical proxy result; not portable to the current partial-tree production baseline. Await A39 adaptive production measurement only.,"Adaptive compiler selector update, 2026-07-29",Superseded / production result pending,Full-width holdout,Suffix compilation & arithmetic,Restored canonical row
A31,50-network paired pilot comparison,Suffix compilation & arithmetic,Compiler pilot size and rare threshold,"Compare c=7, rare=6 against c=8, rare=8. c=8/rare=8 averaged 0.982429 versus 0.983118, won 35/50, and had safer upper-tail behavior.",Historical fixed-three specification only; does not overcome A39 production overhead.,"Pilot pair holdout analysis, 2026-07-29",Scientific / superseded,Full-width holdout,Suffix compilation & arithmetic,Restored canonical row
A32,50-network shrinkage ablations,Suffix compilation & arithmetic,Compiler correction shrinkage refinements,"Per-output James-Stein, class-specific coefficients, and stable-off shrinkage were all slightly worse than fixed final alpha=0.875; stable-off coefficient 0.75 was about 0.0053 percentage points worse.",Closed; no further shrinkage tuning.,"Class shrinkage and James-Stein holdout analyses, 2026-07-29",Closed,Full-width holdout,Suffix compilation & arithmetic,Restored canonical row
A33,Eight completed networks; frozen holdout incomplete,Suffix compilation & arithmetic,Shrunk four-layer compiler,"Four-layer coefficients [0,0.25,0.25,0.875] with observable gating. Seven of eight still selected three layers; one showed a large four-layer opportunity near 0.9433.",Insufficient evidence and now superseded by production-baseline compiler rejection.,"Shrunk four-layer compiler update, 2026-07-29",Closed / superseded,Full-width partial holdout,Suffix compilation & arithmetic,Restored canonical row
T23,Clean-room reproducibility and release-integrity audit,Theory / proof,T22 certificate reproduction and v5.1 release hardening,"Agent2 regenerated all 32 canonical outputs and all 23 curvature chunks byte-for-byte. The v5.1 release tracks 59 files, pins mpmath==1.3.0, adds provenance and CI, and quarantines the stale v4 two-sided artifact. The current coordinator pass verified shipped outputs but did not freshly regenerate all 1,421 boxes.",Verified after release corrections. Publish an externally anchored archive digest and retain the distinction between full prior clean-room regeneration and the current fast verification.,T22_RELEASE_CLOSURE.md; Agent2 T22/T23 audit; v5.1 manifest,Verified / release-hardened,Certified theory,Theory / proof,2026-07-30 release reconciliation
T24,Paper and competition-package build validation,Theory / proof,Research dissemination,"Produced concise paper, arXiv-ready source, contribution writeup, public explainer, reviewer guide, and minimal proof bundle. Sources compiled cleanly and proof package verified; remaining placeholders were graded submission ID, official score, and permanent repository URL.",Submission package ready for human review and competition metadata.,Paper/contribution package report,Scientific / recorded,Synthetic / analytic,Theory / proof,Restored canonical row
A39,Official Mini-100 paired production measurement completed,Suffix compilation & arithmetic,All compiler variants against current partial-tree production baseline,"Paired official Mini-100: baseline raw MSE 2.2819408e-7, effective compute 1.7562e11, adjusted 1.4736806e-7. two_layer ratio 1.02796 [1.0233,1.0329], 8/100 wins, worst 1.0971, 1.8113e11. fixed_three 1.04162 [1.0332,1.0507], 9/100, worst 1.1522, 1.8293e11. adaptive_2_6 1.11956 [1.1120,1.1267], 0/100, worst 1.2340, 1.9608e11. Approximation error was negligible; regressions were tracked arithmetic and no fallbacks fired.",Close A19/A24/A29/A30/A31 as deployable candidates. Preserve the unmodified production partial-tree baseline; retain compiler code only as arithmetic/diagnostic infrastructure.,Post-cutoff completed official transcript; raw official_paired bundle unavailable in shared Library,Closed in production,Official/public Mini-100,Suffix compilation & arithmetic,Post-v12 continuation
M111,Frozen untouched full-width continuation,Sparse radial-Hermite / layer31,Universal alpha=0.40 radial-Hermite correction,"On synthetic networks 32–47, frozen alpha=0.40 gave candidate/base 0.7290, bootstrap CI [0.5567,0.9148], 14/16 wins, optimistic adjusted ratio 0.7743, and captured 35.6% of full layer31 oracle reduction, but worst was 1.5827. Higher-reference diagnostics improved aggregate to about 0.680 and 15/16 wins but retained a 1.465 tail and only 37.3% oracle capture. Mode truncation and expectation-split confidence gating did not remove the tail; network41 had split cosine0.967. Direct shrunk anchor0.7280 and g31 replay0.7290 were tied.","Close universal shrinkage, mode truncation, confidence-threshold, and replay variants for this exact surrogate. Average signal is real, but network-specific signed phase and tail safety remain unresolved.",RADIAL31_CONTINUATION_REPORT.md / RADIAL31_CONTINUATION_SUMMARY.json,Closed tested universal-shrink branch,Architecture-matched synthetic N=16,Sparse layer31 and sparse cubic center,Radial continuation
M112,Uniform independent high-reference oracle experiment,Sparse radial-Hermite / layer31,Low-dimensional oracle signed anchors on 24 fresh networks,"Final audited protocol used complete 66,048-row Kerdock, 524,288 independent target-reference samples and separate 524,288 oracle-anchor samples per network, target-free sample-row support, and six-fold basis-block crossfit. K=32: raw candidate/base0.4030, noise-corrected0.3272, captured80.56% of the full layer31 oracle gap, CI for capture68.48–87.86%, 23/24 wins, worst1.1069. K=128:0.3218 raw,0.2357 noise-corrected,91.53% capture [85.91–95.01%],24/24,worst0.9811. Two earlier analyses with reference reuse or selective deepening were rejected.","Continue the low-dimensional signed-anchor program as an oracle mechanism. The remaining question is legal estimation of 32–128 signed expectations, not support capacity.",INDEPENDENT_LAYER31_RESIDUAL_FINAL_REPORT.md / UNIFORM_INDEPENDENT_LAYER31_RESIDUAL_RESULTS.json,Oracle mechanism validated; legal anchor unresolved,Architecture-matched synthetic fresh N=24,Sparse layer31 and sparse cubic center,Uniform independent oracle validation
M113,Rotation and formulation audit,Sparse radial-Hermite / layer31,Direct control versus replay and hard-rotation robustness,"With identical oracle scalar anchors, layer31 replay and direct final-output control were effectively tied: K32 0.403016 versus0.404372; K128 0.321780 versus0.322067. Replay adds about8.657B FLOPs. On four hard networks across three rotations, K32 won8/12 with worst3.083 and K128 won11/12 with worst2.621; restricting to pairs where the full layer31 oracle helped gave K32 8/10,worst1.107 and K12810/10,worst0.981.",Use direct final-output control as the cost baseline. Preserve K32 as the deployable-sized target and K128 as robustness ceiling. Any legal estimator needs a no-headroom/rotation-safe abstention or shrinkage signal.,UNIFORM_HARD_ROTATION_PANEL.json / independent residual report,Mechanism retained; rotation-safe deployment unresolved,Hard-rotation diagnostic panel,Sparse layer31 and sparse cubic center,Uniform independent oracle validation
A40,Local full-shape implementation benchmark plus archived exact FlopScope operation accounting; official subprocess pending,Implementation / compute,Final-layer chunked direct accumulation,"Keep the complete 66,048-row Kerdock propagation unchanged through layer 31. Evaluate only the final layer in fixed 2,048-row chunks with the existing partial-tree Winograd kernel, then ReLU, cast to float64, sum each chunk immediately and divide once.","Seven-pair single-thread local median final-layer wall time fell 2.032s -> 0.990s (51.27%); isolated peak RSS fell 2.03 GiB -> 0.36 GiB (82.42%). Worst RMS output-mean drift was 4.24e-8. Exact shape accounting projects 170.954B package FLOPs, only +47.5M versus the archived partial-tree package; break-even requires 0.475 ms lower official residual time.","Freeze the 2,048-row package and run a paired final-subprocess measurement. Promote only if measured effective compute falls with raw-MSE and tail parity. Keep 512 rows only as the frozen lowest-memory fallback.",PATH6_FINAL_REPORT.md; PATH6_RESULTS.json; submission_path6_final_chunk2048.tar.gz,Implementation candidate / official measurement pending,Local exact geometry / implementation,Implementation / compute
A41,Exact algebra plus 16-case full-shape numerical panel; no legal-anchor statistical validation,Implementation / compute,Cached final-preactivation translation reuse and in-propagation K32 summaries,"For a uniform layer-31 translation delta, cache Z=HW and use (H+1delta^T)W = Z+1(delta^T W), then ReLU and reduce; also extract K32/K128 basis summaries from already propagated, basis-ordered rows.","Dense translation reuse replaces a 5.549B-FLOP second final replay with 0.0847B FLOPs, saving 5.464B (98.47%); the 16-case worst RMS output-mean drift was 3.73e-8. K32 basis means cost at most 12.6M FLOPs and 2.516 ms locally; selected 8-coordinate mean+Gram cost about 2.10M FLOPs and 0.478 ms.",Adopt as a shared implementation primitive only when a correction would otherwise require a translated final replay. Do not count this saving for direct-output controls that already avoid replay. Never pay for separate K32/K128 propagation.,PATH6_FINAL_REPORT.md; PATH6_RESULTS.json; translation_reuse.py; k32_features.py,Implementation primitive validated,Algebraic identity / local full-shape numerical,Implementation / compute
A42,"Local full-shape 66,048-row × 32-layer pair plus three-seed 8,192-row depth-31 panel; official subprocess pending",Implementation / compute,Weight-preencoded 512-row full-depth streaming,"Precompute every right-side depth-5 Winograd form once per later weight, materialize the unchanged first Kerdock activation, then stream 512-row blocks through all 31 later layers and reduce final chunks immediately. Shape-level FlopScope is exactly equal to the 170.906815488B production package. Full-shape local time 63.995s -> 28.011s (2.285x); peak RSS 2.172GiB -> 0.375GiB; RMS final-mean drift 3.42e-12.",Freeze as the zero-incremental-FLOP fallback. It supersedes A40 locally because it chunks all later layers without repeatedly recomputing weight transforms.,PATH6_CONTINUATION_REPORT_20260729.md; PATH6_CONTINUATION_RESULTS_20260729.json; submission_path6_stream512_preencoded.tar.gz,Implementation candidate / official measurement pending,Local exact geometry / NumPy single-thread,Implementation / compute,Path 6 continuation
A43,"Local full-shape 66,048-row × 32-layer pair, multi-seed numerical panel and unchanged-source package smoke; official subprocess pending",Implementation / compute,Fused ReLU-to-next-encoding 512-row streaming,"A42 plus omit the final block materialization at every layer: retain four decoded quadrants, ReLU them, and directly construct the next layer first Winograd encoding; reduce final quadrants directly. Projected tracked FLOPs 170.382691584B, saving 0.524123904B. Full-shape local time 25.702s (2.490x baseline), peak RSS 0.375GiB, RMS drift 3.42e-12; bit-identical to A42 locally.","Primary frozen Path 6 package. Run baseline, A42 and A43 in the same official final subprocess. A43 may tolerate 5.241ms extra residual time versus baseline and still improve effective compute.",PATH6_CONTINUATION_REPORT_20260729.md; PATH6_CONTINUATION_RESULTS_20260729.json; submission_path6_stream512_fused.tar.gz,Primary implementation candidate / official measurement pending,Local exact geometry / NumPy single-thread,Implementation / compute,Path 6 continuation
A44,Local exact-shape implementation ablations,Implementation / compute,"Path 6 dispatch, layout and basis-streaming closures","Standalone terminal quadrant reduction had no wall win; float32 final reduction was slower and added ~3e-8 RMS drift; preallocated slice-assignment decoding was locally faster but conflicts with immutable FlopScope arrays; on-demand first-layer basis groups 1–32 took 37.9–52.6s versus 25.1s materialized, although group1 reduced RSS to ~292MiB.",Close these unchanged forms. Retain one-basis streaming only as an emergency memory fallback. Keep functional immutable-array kernels for official packaging.,terminal_fusion_focus_threads1.json; inplace_reduce_threads1.json; layout_decode_threads1.json; basis_stream_seed3301_g*.json,Closed tested forms / memory fallback retained,Local exact geometry / NumPy single-thread,Implementation / compute,Path 6 continuation
M114,Audited high-precision synthetic infrastructure and canonical/hard panels,Sparse radial-Hermite / scaling,Continuous-scale quadratic labels and exact-K32 scale audit,"Saved baseline error norm, error–correction inner product and correction norm so MSE is exact in alpha. Across canonical24 and hard12 every optimal exact-K32 scale was positive. Fixed alpha0.50 scored canonical0.5528 with24/24 wins,worst0.9222 and hard0.7677,worst1.0495.","Adopt quadratic label infrastructure and freeze alpha0.50 as the simplest safe exact-direction scale baseline. Overscaling, not sign reversal, is the dominant exact-K32 failure.",PATH2_CONTINUATION_REPORT.md / continuous-scale runner,Mechanism validated / infrastructure adopted,High-precision synthetic,Sparse layer31 and learned scale,Late continuation synthesis
M115,Immutable 12-base ×3-rotation high-reference holdout,Sparse radial-Hermite / scaling,Frozen bounded exact-K32 scaling,"Frozen ordinary0.55/high-risk0.45 policy scored0.52707, grouped95% CI[0.47764,0.58312],36/36 wins,worst0.88546,p900.74352. Fixed0.50 scored0.54989,36/36,worst0.89195. No fresh case triggered the high-risk branch.",Raw oracle-anchor scaling and tail gate passed. Use fixed0.50 by default; the two-level high-risk branch was not independently exercised. This is not legal until the K32 anchor is estimated.,FRESH_SCALE_HOLDOUT_RESULTS.json / PATH2_CONTINUATION_REPORT.md,Oracle-anchor scale mechanism validated,Immutable high-precision holdout,Sparse layer31 and learned scale,Late continuation synthesis
M116,Immutable 12-base ×3-rotation holdout plus exposed terminal audit,Learned sign/scale/abstention,Layer-8 dispersion abstention generalization,"Dedicated audit: all36 immutable exact-oracle cases fell below threshold0.00279066317598334, including3 full-K32 ratios>1.10 and worst2.479162; the gate caught0/3 and changed neither p90 nor worst. On an independent48-case legal scalar panel it flagged6 already-zero cases, made0 new decisions and caught0/6 severe tails. Fixed112 scout worsened adjusted0.366043→0.386906.",Close l08 dispersion as a general harmful-tail or allocation gate. It may appear only inside bounded policies where missed triggers cannot create a large scale.,EXPERIMENT_REPORT(3).md / DECISION(2).md / PATH2_CONTINUATION_REPORT.md,Closed tested abstention signal,"Immutable12-base exact panel + independent16-base legal panel, each3 rotations; 28 distinct groups total",Learned sign/scale/abstention,Late continuation synthesis
M117,Grouped 112-base/272-rotation audit,K32 phase identifiability,Rotation-dependent versus absolute phase decomposition,"Same-cloud final-output observables predicted within-base rotation phase differences at Pearson0.839 and95.8% pairwise sign accuracy, while weight-global absolute offset prediction reached only Pearson0.320 and64.6% sign accuracy. 39.3% of bases changed template-scale sign across tested rotations.",Rotation deviations are observable; the rotation-averaged absolute signed offset remains the missing state. Stop treating another generic architecture as the primary fix.,K32_PHASE_IDENTIFIABILITY_TERMINAL_REPORT.md,Scientific mechanism recorded,Large grouped synthetic rotation corpus,K32 phase / learned anchor,Late continuation synthesis
M118,Independent 50-network production-rotation terminal,Shared arithmetic / phase,Complete-basis adjoint covariance and direct covariance-vector terminal,"Frozen adjoint basis covariance produced phase Pearson0.436 but raw0.9912,adjusted1.0039,24/50,worst2.411. Direct covariance-vector validation was0.9790 with worst2.148. Hierarchical absolute-offset and 3,680-feature invariant rescues also failed.","Close tested weight/same-cloud absolute-offset learners, broad basis-moment regressions, adjoint basis-flux scalars and direct covariance-vector forms. Preserve reduction infrastructure only for a new exact identity.",K32_PHASE_IDENTIFIABILITY_TERMINAL_REPORT.md,Closed tested absolute-phase sources,Fresh full-width synthetic N=50,K32 phase / shared arithmetic,Late continuation synthesis
M119,Prospectively frozen 24-network full-width validation,Legal signed anchor / companion design,Full 129-basis companion-rotation lower-moment estimator,"Primary rotation3 plus independent rotation97 complete companion through layer29,32 probes and50% shrink achieved raw0.772831, noise-corrected0.747783,19/24 wins,median0.835643,worst1.519876. Heavy-propagation proxy1.935x and adjusted proxy1.496.",First legal anchor source with a large prospective raw reduction; full companion is rejected for cost and tail. The independent angular phase mechanism is validated.,DIRECT32_DEFECT_ESTIMATOR_REPORT.md / DIRECT32_COMPANION_VALIDATION_RESULTS.json,Mechanism validated / deployment rejected,Fresh width256 N=24,Legal signed anchor / independent companion,Late continuation synthesis
M120,Post-hoc grouped frontier on the M119 block,Legal signed anchor / companion design,Frozen 16-basis companion candidate,"Full129 primary plus16 fixed rotation97 companion bases and10% shrink scored exploratory raw0.848861,19/24,worst1.201863, cost proxy1.1160 and adjusted proxy0.94735, CI[0.8285,1.0511]. A5% version was tail-safe at worst1.0786 but adjusted≈1.006.","Leading compact companion successor, but selected post hoc and still tail-risky. Freeze exactly and test once on a new immutable block with measured FlopScope.",DIRECT32_DEFECT_ESTIMATOR_REPORT.md / DIRECT32_COMPANION_FRESH_FRONTIER.json,Live post-hoc candidate / validation required,Exposed width256 N=24,Legal signed anchor / independent companion,Late continuation synthesis
M121,24-network development plus 8-network higher-reference diagnostic,Sparse lower-order anchor,Center-defect structure and pair-moment ablation,"Per-network downstream-weighted lower matrix had median rank2 energy0.999948, but its right space was essentially span(mu,mu-m), so compression retains the unknown defect. Exact-center exact-pair versus primary-pair ratios were0.889350/0.889914. A new24-network full-companion-center ablation at alpha0.50 gave independent pairs0.726008 versus primary pairs0.726019; paired difference -0.000010, bootstrap95%[-0.000390,+0.000366], median pair increment0.174% of correction norm and cosine0.999999479.","Freeze the lower-order runtime contract: accumulate 128 s_p and128 t_p from the primary cloud, and estimate only 128 d_i plus128 v_p^T d externally. Close independent covariance/pair estimation and connected cubic work for this construction.",CONTINUED_EXPERIMENTS_REPORT.md / PAIR_MOMENT_ABLATION.json / PAIR_TARGET_DERIVATION.md / DECISION(4).md,Target contract frozen / independent pair branch closed,Full-width synthetic development and diagnostic,Sparse lower-order center,Late continuation synthesis
M122,Fresh 24-network width256 confirmations and rank frontiers,Independent micro-cubature,EC-R32-MEG and h24 depth8 low-rank suffix family,"The apparent rank32 screen0.594 reversed: fresh oracle-center rank32 scored0.868619,16/24,p901.959,worst2.263. Ranks32–80 plateaued0.732–0.756; ordinary1,024-row center was harmful at1.133. Best target family remained≈0.642–0.645.","Close h24/depth8 Gaussian, skew, quadratic, empirical-factor, pilot-bagged and disagreement-guarded micro-cubature as primary anchors. Preserve only residual-harness components.",AGENT3_CONTINUATION_REPORT.md / DECISION(1).md,Closed tested micro-cubature family,Fresh width256 synthetic,Independent micro-cubature,Late continuation synthesis
M123,"Large reduced-width and 2,400/800/800 synthetic continuation",Learned white-box models,"Targeted equivariant center, scale and abstention","Residual coefficient R2 reached0.95–0.96 around a poor analytic center, yet calibrated final replay remained≈0.987–0.995 with unsafe tails; direct signed target R2 was0.036. Gain classifiers stayed near chance and conformal gates selected zero.",Close standalone weights-only center/scale and larger DWS/message-passing escalation. Reopen learning only after an independent anchor alone reaches complete candidate/base<=0.75.,agent4_continuation_report.md,Closed standalone learned-center family,Large synthetic grouped corpora,Learned center / phase,Late continuation synthesis
M124,High-reference 24-network tests plus 240/600/400-network corpora,Layer31 direct estimator,Direct layer31 rank4/8 amplitude estimation,"Rank8 oracle suffix corrections had0.549–0.615 ceiling, but 8–64-basis pilots scored0.887–0.709 with severe tails. On240 networks learned gates left worst2.04–2.67; on600 networks coefficient models had R2≈-0.006 and near-zero cosine despite exact-coefficient ratio0.387.","Close tested direct layer31 pilots, low-rank Gaussian/skew suffixes, harmonic residual controls, safety gates and weight-based amplitude/residual learners. Preserve rank4/8 sensitivity interface only.",AGENT5_CONTINUATION_DECISION.md,Closed tested direct layer31 estimator family,Large synthetic/full-width studies,Layer31 direct estimation,Late continuation synthesis
M125,"Multiple frozen full-width synthetic blocks, IDs4000–4262 exposed",Legal signed anchor,"Thirteen legal analytic, source, residual-pilot and confidence constructions","None met0.75. Best repeatable transport-only centered state scored0.9386845,5/8,worst1.1019. Pilot-phased and output-benefit selectors reversed to1.196/worst3.198 and1.141/worst2.791; cross-scale confirmation later failed1.136/worst2.503. Six complete folds agreed at cosine>0.997 while the source was51–182x harmful.","Retain the cheap0.939 transport state only as a weak residual baseline. Close tested analytic closures, marginal sources, residual pilots, affine-CV phasing, cross-scale confirmation and same-design stability gates.",CONTINUATION_REPORT.md / RESULTS_SUMMARY.json,Leading weak negative / tested families closed,Architecture-matched synthetic,Legal signed anchor continuation,Late continuation synthesis
M126,Exposed 16-base ×3-rotation terminal,Learned sign/scale/abstention,Frozen l08 risk-gate immutable audit,"Dedicated audit: all36 immutable exact-oracle cases were below threshold0.0027906632, including3 exact-K32 ratios>1.10 and worst2.479162; the gate caught0/3 and changed neither p90 nor worst. On an independent48-case legal scalar panel it flagged6 already-zero cases, made0 new decisions and caught0/6 severe tails. The statistic was rotation-stable but phase-uninformative.","Close l08_fold_rel_mean as correction-risk gate, allocation selector and first-stage abstention. Retain only descriptive between-network metadata. The separate fixed112 package execution is recorded in M131.",EXPERIMENT_REPORT(3).md / DECISION(2).md,Closed frozen gate,"28 distinct base groups across two panels,84 rotations",Learned sign/scale/abstention,Late continuation synthesis
M127,Frozen 12 train /4 calibration /8 untouched validation actual-width synthetic,Legal signed anchor / partial MUB,112 original bases plus17-basis independent partial-MUB companion,"Frozen chirp17_r3 amplitude0.20 scored train0.9336,calibration0.9634,untouched validation0.9427,4/8 wins,worst1.482. Propagation ratio≈0.9918 gives adjusted proxy≈0.935 before small anchor overhead. Sign-reversal tails remain.",Leading live average-economics candidate. Do not submit directly. Freeze it as the high-headroom arm and develop only a target-free safety layer using <=4 paired bases.,WHestBench_Independent_Anchor_and_Partial_MUB_Research_Report_20260729.md,Promising mechanism / tail-unsafe,Actual-width synthetic frozen validation,Legal signed anchor / partial MUB,Latest partial-MUB synthesis
M128,Grouped 12-network development and cost frontier,Legal signed anchor / paired phase,Paired replacement difference probes,"A17-basis paired probe scored raw0.959,10/12,worst1.036 but cost≈12% baseline. Two paired bases scored0.9816 with≈1.45% extra propagation and adjusted proxy≈0.996; safer scale raw0.9847,worst1.064.","Not a standalone winner, but the safest available cheap phase-disagreement signal. Use 1–4 paired bases to gate, suppress or replace M127 corrections.",WHestBench_Independent_Anchor_and_Partial_MUB_Research_Report_20260729.md,Live safety mechanism / validation required,Actual-width synthetic development,Legal signed anchor / paired phase,Latest partial-MUB synthesis
M129,Broad actual-width synthetic synthesis,Independent anchor / harmonic controls,"Complete companions, harmonic phase controls and diversified partial companions",Thirty-two complete companions reached only0.844 with worst1.187; generic degree6/8/10 harmonic control reversed to1.034 on untouched validation; rule-specific modes had isolated0.619 points but no safe selector. Splitting the17-basis budget across rotations was≈0.998 pooled.,"Close ordinary complete companion averaging, generic harmonic banks, heat extrapolation and blind multi-rotation budget splitting. Preserve one coherent partial-MUB family and tiny paired differences.",WHestBench_Independent_Anchor_and_Partial_MUB_Research_Report_20260729.md,Closed tested broad independent-phase forms,Actual-width synthetic,Independent anchor / phase controls,Latest partial-MUB synthesis
C65,Consolidated exact-geometry evidence,Network-specific coresets,Fixed structured support-library coverage and completed selector closures,"A deterministic128-support library contained a primary-gate support on every fully resolved network; frozen top8 covered30/32 training,8/8 development and15/16 exposed validation. Final-coordinate sketches, learned rankers and early Gramian rules each passed only6/8 development with unsafe tails.",Support existence and offline codebooks are validated; completed selector representations are closed. Preserve libraries and exact labels.,PATH5_CONSOLIDATED_RESULTS_REPORT_20260729.md,Positive existence / selectors closed,Exact geometry synthetic,Network-specific coresets,Latest Path5 consolidation
C66,Preregistered large-corpus campaign,Network-specific coresets,Joint invariant-indexed codebook and weight-only selector campaign,"Campaign uses512 positive bounded supports, training seeds70000–70127 and sealed holdout71000–71031. Smoke network had182/512 primary-gate supports. No training or holdout result was available at cutoff.","In progress. Do not infer success or open the sealed holdout until codebook, selector, thresholds and fallback are frozen.",PATH5_CONSOLIDATED_RESULTS_REPORT_20260729.md,In progress / no result,Exact geometry synthetic planned N=128+32,Network-specific coresets,Latest Path5 consolidation
M130,Fresh 24-network full-width ablation plus high-reference exact-center diagnostic,Sparse lower-order anchor,Independent selected pair-moment estimation,"Exact-center exact pairs scored0.889350 and primary-cloud pairs0.889914. With a full-companion center and128 probes at alpha0.50, independent pairs scored0.726008,20/24,worst1.231 versus primary pairs0.726019,20/24,worst1.235; paired ratio difference -0.000010 with bootstrap95%[-0.000390,+0.000366]. Median pair increment was0.174% of correction norm and full-versus-primary-pair cosine0.999999479. Alpha0.20 was safer at23/24,worst1.012 but raw0.790.",Close independent pair-moment estimation as a standalone Path1 branch. Retain only fused primary-cloud accumulation of128 diagonal s_p and128 row-direction t_p. Estimate the256 selected center contractions externally.,PAIR_TARGET_DERIVATION.md / DECISION(4).md,Closed standalone / module retained,Full-width synthetic N=24 plus high-reference diagnostic,Sparse lower-order center,Latest markdown rereview
M131,Preregistered compatibility execution; hard-stopped after5 new base networks,Kerdock allocation / legal scalar anchor,Actual fixed112 legal-anchor package,The preregistered package stopped when guarded worst reached1.578572 above the1.25 hard stop. The frozen guard marked every opened rotation safe and caught none of8 fixed112 harmful cases. Fixed112 scalar rescue pooled raw1.013228 and adjusted0.896245 but amplified tails; baseline-only fixed112 worst was1.715077. Exact K32 at112 remained strong.,Close this fixed112 scalar-anchor package and preserve the production129-basis baseline. The favorable adjusted mean cannot override the hard tail stop. Reopen Path4 only after a different legal anchor first passes at129 with safe tails.,DECISION(3).md,Closed by preregistered hard stop,5 new base networks; remaining planned IDs unopened,Kerdock allocation / scalar rescue,Latest markdown rereview
M132,Preregistered 32-base ×3-rotation grouped study,Legal signed anchor / partial MUB,112+17 partial-MUB with paired safety layer,"Frozen absolute/paired/zero policy failed untouched validation: raw1.120,4/8 grouped wins,row worst2.630,group worst1.819,grouped CI[0.985,1.308],projected adjusted lower bound1.143. Calibration set paired-4 substitution coefficient to zero; paired probes did not identify broad severe failures.","Close this paired-safety architecture. Do not retune amplitude, paired substitution, nested convergence, basis removal or simple legal confidence gates. The repair channel remains large, but phase/scale is unobserved.",REPORT(10).md / Priority1 paired-safety artifacts,Closed immutable safety architecture,"32 new base networks,96 grouped rotations",Legal signed anchor / partial MUB,Post-v11 markdown synthesis
M133,Fresh 5-base ×3-rotation P32/P128 compatibility study,Legal signed anchor / paired phase,Target-free paired-block selector,"A P32 selector appeared successful but collapsed at production P128. No fixed,adaptive,diversity,codebook or tiny learned selector met75% severe recall and20% false suppression. Best low-false-suppression extension had62.5% recall,raw1.0121,worst2.573; raw-improving rules suppressed42.9–57.1% of safe cases.",Close tested paired-block ranking and cosine/two-statistic safety rules. Retain paired blocks only as diagnostic objects for a qualitatively different observable.,Path1_PairedBlockSelector REPORT.md / DECISION(7).md,Closed tested selector architecture,"5 base networks ×3 rotations, P32 then P128",Legal signed anchor / paired phase,Post-v11 markdown synthesis
M134,Fresh 8-base ×3-rotation preregistered confirmation,Legal signed anchor / orientation codebook,Eight coherent 17-basis companion orientations,"Oracle best-of-eight scored0.596 raw,0.651 adjusted proxy,21/24,worst1.241, but legal norm/paired selectors scored1.008–1.018 raw with2.10–2.50 worst. Consistency fallback corrected only4/24 and adjusted1.067. Orientation identity was rotation-specific.",Close tested orientation-selection architecture and codebook expansion. Preserve eight-way oracle labels only as mechanism data; no more orientations without a new observable.,PRIORITY6_REPORT.md,Closed selector / oracle ceiling retained,8 new base networks ×3 rotations,Legal signed anchor / orientation codebook,Post-v11 markdown synthesis
M135,18 new base networks ×3 rotations with independent refined targets,Legal signed anchor / uncertainty,Nested c2/c4/c8/c12/c17 convergence certificate,"Calibration failed at16.7% severe recall and100% false suppression after target refinement; validation frozen rule reached63.6% recall and50% false suppression. Severe cases often had smooth convergence with median cos(c12,c17)=0.888.","Close nested convergence, extrapolation, trimming and prefix choice as standalone safety signals. Retain prefix arrays and basis influences only as free diagnostic features.",NestedPartialMUB REPORT.md,Closed standalone uncertainty certificate,18 bases ×3 rotations; validation IDs5013–5017,Legal signed anchor / uncertainty,Post-v11 markdown synthesis
M136,Exposed 24-network direct32 companion block,Sparse lower-order center,Orthogonalized selected center contractions,"Best budget-relevant 16-basis first-layer cross-fitted GREG scored0.8230,21/24,worst1.207 and projected21.4B added; tail-bounded scale0.8427,worst1.150. Only sub-14B arm scored0.9409,14/24,worst1.235. Full129 companion reached≈0.703 but cost≈165B added.","Close standalone orthogonalized center estimator. Retain the256-scalar center API, primary pair accumulator and first-layer scalar CF-GREG only as a nearly free ablation inside another accepted companion package.",PRIORITY7_REPORT.md,Scoped closure / module retained,Exposed width256 N=24,Sparse lower-order center,Post-v11 markdown synthesis
M137,Sequential frozen 16-network primary evaluation plus12-base×2-rotation audit,Legal signed anchor / analytic companion blend,Weak analytic transport plus compact/partial companion,"Compact frozen convex blend scored0.8412 on16 primary-orientation networks and0.8790 on24 grouped rotations, but projected adjusted≈0.991 tied analytic/companion alone and worst1.173 exceeded the companion's1.154. Partial-MUB combinations retained tails to1.84–5.8. Error cross-cosines remained0.84–0.93.","Close analytic–companion control-variate architecture. Retain transport as a feature and compact blend as a diagnostic only; no partial-MUB blends, residual subtraction or agreement gates.",PRIORITY8_FINAL_REPORT.md / DECISION.md,Closed deployable combination / diagnostics retained,16 sequential frozen +12 bases×2 rotations,Legal signed anchor / analytic companion,Post-v11 markdown synthesis
M138,Exposed compact24 and partial-MUB archives,Learned sign/scale/abstention,Tiny residual/gate precondition audit,"No eligible frozen anchor or row-aligned legal feature corpus exists. Compact discrete oracle bounded scale reached0.7726 raw/0.8622 adjusted proxy with five zero actions, but historical confidence features corrected all five losing cases and remained adjusted-negative. No model was validly trainable.",Close learning at the current state. Reopen only after an anchor-plus-safety package independently passes and creates a new grouped feature corpus; then compare a simple bounded three-action rule before any encoder.,Priority10 REPORT(6).md,Blocked/scoped closure,Exposed compact24 and partial-MUB data,Learned residual / gate,Post-v11 markdown synthesis
M139,24 validation bases ×3 rotations plus independent reference audit,Network-specific lower-defect factorization,Low-rank subspace and signed coefficient prediction,"Exact per-network rank2 scored0.4301 and legal beta_bar rank2 subspace with oracle coefficients0.6582, but predicted signed coefficients scored0.9993 with mean cosine0.027; direct vector learner1.0541. Independent labels were too noisy for promotion.","Retain the128×256 contribution representation and beta_bar SVD subspace. Close tested coefficient-learning, template and codebook families; require high-precision independent labels or an analytic phase estimator before reopening.",DECISION(5).md,Module retained / learned family closed,24 bases×3 rotations; independent audit,Network-specific factorization,Post-v11 markdown synthesis
C67,128 training bases×3 rotations and32 frozen validation bases×3 rotations,Network-specific coresets,Final joint support-codebook and selector campaign,"A16-support sublibrary had oracle passing support on96/96 validation rotations, but selector passed43/96 and frozen/uniform weights passed0/96; mean frozen-weight error was≈7157× oracle best. Terminal/protected holdouts remained unopened.","Close Path5. Preserve support generators, compact codebooks and exact oracle labels only. Reopen only with a fundamentally new observable predicting both support identity and bounded calibration.",DECISION(6).md,Path closed / oracle assets retained,"384 train rotations,96 frozen validation rotations",Network-specific coresets,Post-v11 markdown synthesis
M140,Public-source audit plus reduced synthetic width sweep,Public/competitor reconnaissance,Public baselines and terminal moment closure,"The first public audit found no legitimate method replacing the canonical package. Exact fourth-order terminal closure had a2.7094e-8 oracle floor but same-cloud moments were neutral. A later continuation, M149, explains much of the visible frontier through high-row sampling plus underinstrumented native compute.",Retain exact-moment closure as an oracle mechanism; use M149 for current leaderboard interpretation. Close public sampling/control and same-cloud closure as primary branches.,REPORT(11).md / REPORT(14).md,Reconnaissance complete / modules retained,Public evidence plus width256 synthetic screen,Public methods / moment closure,Post-v11 markdown synthesis
A46,Official Phase1 Mini parquet and frozen seed-3 Kerdock asset,Evaluation infrastructure,Exact-ground-truth Mini-100 harness persistence,"Recreated official.py, b11_official.py, b5_cheap_corrections.py and b22b_estimator_compare.py with the frozen seed-3 asset, manifests and hashes. Synthetic contract passed; frozen archive integrity equals 2.28259132946107e-7 exactly. Raw 100-parquet recomputation was not run here because the official dataset and pinned ARC environment are not mounted.","Implementation is persisted, but archive verification is not clean-checkout proof. Run the raw 100-network gate under arc_whitebox/.venv with data/official_phase1_mini; mark Mini-100 exposed and preserve strict/unopened cohorts.",arc_whitebox_continuation_20260729 bundle and Pasted text(57).txt,Implementation persisted / raw reproduction pending local dataset,Official exposed Mini-100,Evaluation infrastructure,Post-v12 continuation
M141,Exact official Mini-100 ground truth,Final-stage moment closure,Matched-N Edgeworth final-stage estimator,"Edgeworth versus empirical at matched trajectories was effectively neutral (reported0.979x). Median |mu/sigma| at final preactivation was3.52, so ReLU(h)≈h; moment-based and direct estimators had identical measured variance9.088e-7. Edgeworth reduced marginal formula bias but did not create a better legal mean estimate.",Close B2 final-stage closure as a deployable same-data estimator. Preserve only the exact-moment oracle floor; reopen only with a new independent or controlled moment estimator.,Pasted text(57).txt / recreated b22b_estimator_compare.py,Closed local branch / recreated script persisted,Official exposed Mini-100,Final-stage moment closure,Post-v12 continuation
M142,Exact official Mini-100 across2–128 bases,Partial-design controls,Frozen layer1 exact-mean control versus basis count,"Correct block-level evaluation scored1.005 candidate/base with24–55/100 wins across basis counts. The design integrates the layer1 features better than1/N, but the control remains neutral. A pointwise ridge fit was invalid and nearly doubled MSE.",Close B1 control revival and composition descendants for the tested control. Do not use pointwise residual fitting for deterministic quadrature.,Pasted text(57).txt / reconstructed b11_official.py; original scratchpad unavailable,Closed local branch / reconstructed script persisted,Official exposed Mini-100,Partial design / controls,Post-v12 continuation
M143,Exact official Mini-100 cached block means,Cheap correction diagnostics,"Global calibration, affine, Richardson and split-half signals","Leave-one-network-out global scalar and affine scored0.992 and0.991, not meaningful. Richardson basis-count extrapolation was unstable/negligible, and split-half disagreement had cosine+0.008 with true error.",Close these cheap shared corrections and disagreement signals. They reinforce that the error is network-specific and not observable from simple global design summaries.,Pasted text(57).txt / recreated b5_cheap_corrections.py,Closed local diagnostics / recreated script persisted,Official exposed Mini-100,Cheap corrections,Post-v12 continuation
M144,Exact official Mini-100 nested basis subsets,Kerdock allocation,Official-shape local score-versus-basis scaling,"Across a43× point-count range, local exact MSE followed approximately N^-1.150, so score followed N^-0.150 and improved with more points;128 bases beat2 bases by0.569× score. The 0.1 floor is the wrong operating point for this estimator family.",Do not spend four submissions on the previously proposed floor curve unless official evidence contradicts the exact Mini harness. Preserve full basis count as the statistical operating point; reductions need a new mechanism.,Pasted text(57).txt local branch,Mechanism resolved locally,Official exposed Mini-100,Kerdock allocation,Post-v12 continuation
M145,Transcript-only width/shared-rank diagnostics; scripts and rows not persisted,Learned/shared corrections,Width scaling of oracle scalar and shared low-rank correction,"The qualitative lesson is that shared/global low-rank corrections lose value at the target width and most residual structure appears network-specific. Exact width-scaling, rank-share, and gain numbers are not paper-ready because the underlying scripts and rows were not persisted.","Retain only the qualitative mechanism statement. Any exact numerical use requires recovered rows, grouped splits, target construction, metric code, and hashes.",Pasted text(57).txt; Agent9 evidence audit,Oracle/exploratory — incomplete provenance,Mixed width plus exposed Mini,Learned/shared corrections,2026-07-30 evidence audit
A47,Frozen official-shape instrumentation package,Implementation and compute,Production/A42/A43 official deployment comparison,"Pristine T0 hashes and package verification pass. A42 and A43 are locally output-identical. Frozen tracked counts are 170,906,815,488 for production/A42 and 170,382,691,584 for A43, a saving of 524,123,904 operations. A43's residual-wall break-even is 5.24123904 ms. Official subprocess cost is still pending.","Run production, A42 and A43 in identical official subprocesses and submit the measured winner. Use A43-delta64 only to calibrate marginal official cost. Do not reopen neighboring suffix-compiler tuning.",T0_official_grader_instrumentation_20260729_FINAL.zip and local continuation audit,Frozen official package / official measurement pending,Official-shape local instrumentation,Arithmetic / implementation,Post-v12 continuation
A48,Frozen full-width grouped synthetic / official-shape instrumentation,Kerdock allocation / implementation economics,Recovered Prompt-7 basis-count curve and frozen seven-arm local official suite,"On 16 base networks with two grouped rotations each, 129 bases is the raw reference (3.013100e-7). The 96/64/32-base raw candidate/base ratios are 1.3847/2.2475/4.2476 with 0/16 base-network wins. Row-scaled adjusted ratios are 1.0275/1.1123/1.0522; tracked-only 96-base lower bound is 1.000554. With +5B control compute, 96 bases requires a 1.067x raw gain. Prefix outputs are bit-identical to the frozen A43 basis packages.",Preserve 129 as the standalone estimator. Treat 96 only as the cheapest possible control host. Run the frozen seven-arm local official-subprocess suite; do not spend four leaderboard submissions on basis count.,T0_Unblocked_20260729/REPORT.md; RESULTS_test.json; CONTROL_HURDLES.csv,PASS economic screen / official subprocess pending,"Frozen full-width grouped synthetic, exposed historical",Kerdock allocation / arithmetic,Post-v13 T0 reconciliation
M146,Reported perturbation curve; original source package missing,Layer-31 anchor / final replay,Reported anchor precision curve and layer comparison,"The four reported gain points are arithmetically consistent with a quadratic risk curve (fitted break-even ≈5.80e-4), but the 60-network rows, IDs, rotations, perturbation directions, reference streams, replay outputs, metric implementation, and manifest were not located. Synthetic adversarial checks show that Euclidean break-even is strongly direction- and gate-geometry-dependent.","PROVISIONAL / NON-EVIDENCE. Do not cite 1.012, 41.2x, or ~5e-4 as verified or universal. The invariant gate is downstream-weighted error eta_J<1 plus exact nonlinear replay, safe tails, and complete cost.",Agent6 final report; EVIDENCE_QUARANTINE.md; historical local transcript,Provisional / source package missing,Reported exact-truth cohort; unverified,Layer31 absolute phase,2026-07-30 evidence quarantine
T27,"Exact depth32 ReLU-kernel calculation restricted to the33,024 antipodal Kerdock projective lines",Quadrature theory,Global antipodal Kerdock-support theorem,"For arbitrary real line weights summing to one inside the Kerdock-line universe, the exact kernel risk depends only on basis masses and squared line weights. Cauchy-Schwarz and convexity imply the optimum at every line budget fills complete bases as aggressively as possible, with at most one partial basis.","Proved within the restricted Kerdock-line universe, including signed/unequal real weights there. Do not conflate this with T22, which covers arbitrary nodes but requires nonnegative weights, or with unrestricted signed-weight optimality.",GLOBAL_SUPPORT_THEOREM.md,Exact restricted theorem,Infinite-width d256 depth32 kernel; Kerdock line universe only,Static quadrature theory,Paper/proof audit
M147,Fresh T4 development on16 base networks with literal rotations3/11/97; protected cohorts unopened,Legal layer-31 anchor,Exhaustive T4 hedge closure,"The best of2250 frozen absolute/paired/zero policies scored1.127854 raw,17/48 wins,worst2.480711 and failed the detection gate at57.14% severe recall with35.00% false suppression. Affordable selected-center estimators remained around0.94; the first stronger16-basis arms cost21.4B and remained tail-unsafe.","Close the specified T4 hedge before calibration/validation. Retain the exact selected-center API, pair accumulator and instrumentation only. No learner, threshold, orientation or nested-safety child may open on the same observables.",REPORT(12).md,Closed before protected cohorts,Fresh grouped width256 development; calibration6016–6023 and validation6024–6031 sealed,Layer31 anchor hedge,Paper/proof audit
M148,"Exhaustive standard recursion, published bilinear cores, sparse-event lower bounds and exact local packages",Implementation / arithmetic,Same-row legal arithmetic lower-bound closure,"Standard rank7 recursion bottoms near161.54B with an undeployable dispatch tree. The moderate164.75B exact package lost all6 fresh timing pairs. An intentionally favorable rank48 lower bound is159.54B, and an impossible oracle ReLU-sparse floor has minimum130.587B with0/48 below126.6B.","Close the claim that unfinished legal arithmetic on the same66,048-row dense computation explains the competitor127B point. Possible explanations are a different estimator/row allocation, changed accounting, underinstrumented compute or invalid accounting.",REPORT(15).md / DECISION(9).md,Closed same-row legal arithmetic tree,"Same66,048-row A43 architecture",Implementation lower bounds,Paper/proof audit
M149,"Released public package, public score metadata and fresh high-row Sobol experiments",Public frontier forensics,High-row sampling plus accounting-channel explanation,"A released90,624-row raw-BLAS multifidelity package reports raw2.045449e-7 at51.847B effective compute with zero tracked FLOPs despite at least242.726B intended later-layer arithmetic. Near-1/N scaling from this anchor predicts several visible rank7–9 raw-MSE points closely; fresh Sobol measured noise-corrected exponent1.046616.","This is explanatory sufficiency, not participant attribution. The leaderboard does not by itself prove an accessible low-compute statistical breakthrough. Reopen on source release, fixed-cost regrade or a public legal raw-MSE result below1e-7 with complete analytical accounting.",REPORT(14).md,Public explanatory module / no estimator promoted,Public metadata plus fresh12-network width256 experiments,Leaderboard interpretation,Paper/proof audit
M150,Public Phase1 submission314695 and associated method report,Public analytic methods,Trajectory-calibrated cumulant-chain corroboration,"The public chain documents error-compensating dynamics and approximately16:1 amplification of coherent biases. Trajectory fitting improves ordinary moment propagation but remains at raw MSE about5.89e-6, far above the Kerdock estimator.",Use as independent corroboration for coherent-bias amplification and deployment-state loss. Do not present it as a baseline replacement or as proof of the anchor theorem.,Public AIcrowd cumulant-chain writeup / REPORT(14).md,Public corroboration / no replacement,Public Phase1 method,Cumulant propagation,Paper/proof audit
M151,"Public RQMC, Rao-Blackwell, analytic-suffix, ridge and dead/on/kink writeups",Public hybrid estimators,Public statistical-method audit,"Public methods report adjusted scores around4.10e-7,4.47e-7 and1.551e-7; none clearly replaces the canonical package. Replicated noisy-feature benefits fade or reverse at width256, and structure-aware gate substitution is statistically neutral or harmful.",Retain as related work and independent negative evidence. Public methods are not exhaustive of private or future nonlinear network-adaptive estimators.,Public AIcrowd writeups / REPORT(11).md / REPORT(14).md,Public methods closed as current replacements,Public Phase1 methods plus local replications,Sampling / hybrid methods,Paper/proof audit
T28,Formal Hilbert-space derivations plus certified signed residual constant,Proof and observability,"Correction risk, selector value, replacement, common-bias, ReLU remainder, and signed stability","The package proves exact correction-risk and conditional-selector formulas; general and subspace replacement criteria; correlated-noise shrinkage; common-bias gauge non-identifiability under an equal-loading model; ReLU gate-crossing bounds; and a signed-weight lower bound. The residual supremum is exactly M=0.017021894267861247..., but the resulting unrestricted signed exclusion curve is practically weak.",Paper-ready under explicit assumptions. Use downstream-weighted eta_J and exact replay rather than a universal Euclidean layer-31 threshold. Do not extrapolate the common-bias theorem to new observables or claim arbitrary signed closure.,PAPER_APPENDIX_LAYER31.md; Agent5 signed-weight audit; proof memo,Proved / certified under stated models,Proof / analytic,Proof and observability,2026-07-30 strengthening
M152,Claimed corpus and result with no recoverable primary experiment package,Learned Kerdock residual,"Claimed 1,100-network scalar-predictability campaign","No corpus, target equation, feature definitions, grouped split, preprocessing chronology, row predictions, script, or hashes were located. The separate Path-2 audit is a different narrow experiment and cannot be relabeled as M152.","INVALID AS EVIDENCE / REMOVED. Omit every numerical M152 claim from the abstract, results tables, and conclusion. Mention only in a reproducibility-failure appendix unless the original immutable package is recovered.",Agent7/Agent9 audits; EVIDENCE_QUARANTINE.md,Removed / not citable,Unverified,Learned scalar correction,2026-07-30 evidence quarantine
T29,Exact proof plus exhaustive Kerdock row-profile audit,Finite-width fixed-linear symmetry,All-width complete-support mass-one weight optimum,"For any finite width with a rotationally invariant ensemble/input law and zonal second moment, uniform mass-one weights minimize ensemble MSE among fixed linear rules on the complete 66,048-point Kerdock support. If total mass is free, the optimum is alpha-scaled uniform; at the infinite-width kernel alpha*=0.9999997503247287 and the relative risk reduction is only 2.49675e-7.","Exact scoped theorem; fixed reweighting of complete support is operationally exhausted. Excludes data-dependent weights, nonlinear aggregation, changed support, and compute-adjusted partial rules.",Agent3 Cascade FINAL_REPORT.md; MATH_DESIGN_AUDIT.json,Proved under explicit model,Proof / analytic,Static quadrature theory,2026-07-30 closure
T30,Computer-assisted certified primal–dual proof with independent exact audit,Delsarte auxiliary LP / harmonic tail,Unique all-degree optimum of the degree-five auxiliary certificate,"The degree-five Hermite interpolant at the roots of 22102t^3+21930t^2-87t-85 is globally feasible because K32^(6)>0, has five strictly positive nonconstant Gegenbauer coefficients, attains exact primal–dual equality, and is the unique optimizer over finite or absolutely convergent admissible nonnegative Gegenbauer expansions. The tightened Kerdock-over-auxiliary relative-excess upper bound is 0.023324172950039%.","Closes the higher-certificate-degree objection. It proves optimality of the auxiliary lower-bound certificate, not exact optimality of Kerdock cubature.",T16_FULL_LP_THEOREM.md; T16_PRIMAL_DUAL_CERTIFICATE.json; C++ Boost audit,Computer-assisted certified,Proof / analytic,Theory & proof,2026-07-30 closure
T31,Exact construction certificate plus implementation-diverse proof audit,Proof dependency elimination / release integrity,Explicit real-MUB incidence and T22 v5.1 canonical release,"A GF(128) integer construction verifies the full 129-basis incidence and production asset. A direct-C GMP/MPFR verifier independently regenerates the full 1,079-to-1,421 curvature tree, global minorant, spherical mean, Kerdock energy, exact Delsarte bound and final one-sided ratio; GCC and Clang primary outputs are byte-identical and sanitizer builds pass.",Complete implementation-diverse numerical reproduction of T22/T23. The mathematical derivation and rational witness are shared; no proof-assistant or cross-operating-system claim.,Agent2 T22/T23 dual-engine package; T22_RELEASE_CLOSURE.md,Verified / dual-engine release-hardened,Computer-assisted proof audit,Theory & proof,2026-07-30 project closeout
T32,Exact distributional argument plus constructive nonlinear counterexample,Estimator-class scope,Invalidate Gaussian Bayes/no-adaptation extrapolation for post-ReLU outputs,"The retained challenge output applies ReLU after the final matrix multiplication, so the limiting observed field is not Gaussian. Kernel quadrature is best in its linear class, not automatically Bayes-optimal among nonlinear algorithms. An antipodal orthonormal-basis nonlinear estimator exactly integrates f_a(u)=ReLU(a^T u), while the equal-weight linear estimator does not.",The proposed universal observability-gap/no-adaptation theorem is false as formulated. Retain only class-specific static-linear theorems and empirical closures.,Agent3 Cascade FINAL_REPORT.md; MATH_DESIGN_AUDIT.json,Proved counterexample / invalidation,Proof / analytic,Estimator-class scope,2026-07-30 hostile audit
T33,Exact Hilbert-space conditional-expectation theorem,Adaptive information value,Runtime-information value and observability ratio,"Among all corrections measurable with runtime information G, the optimal correction is E[e|G] and attainable risk reduction is V(G;e)=E||E[e|G]||^2. Value is monotone under richer information and decreases under statistics. For nested runtime/oracle correction spaces, their squared-projection ratio gives a class-specific observability ratio.","Mathematically standard but the correct organizing quantity for oracle-versus-runtime gaps. Failed finite dictionaries bound only those dictionaries, not all measurable corrections.",STRONGER_CLAIMS_PROOF_ATTEMPTS_20260730.md,Proved,Proof / analytic,Proof and observability,2026-07-30 strengthening
T34,Exact deterministic kernel perturbation bound plus counterexample,Finite-width transfer,Quantitative transfer condition from infinite- to finite-width kernels,"If ||K-Ktilde||_infinity≤epsilon and rule weight l1 norm≤B, then |R_K(Q)-R_Ktilde(Q)|≤epsilon(1+B)^2; additive near-optimality transfers with penalty 2epsilon(1+B)^2. Qualitative kernel convergence alone does not preserve the optimizer, and the current width-256 package supplies no epsilon near the required ~7.1e-12 scale.",A useful conditional theorem and explicit statement of what finite-width proof would require. Width-256 quantitative transfer remains open.,STRONGER_CLAIMS_PROOF_ATTEMPTS_20260730.md,Proved condition / width-256 open,Proof / analytic,Finite-width theory,2026-07-30 strengthening
T35,Exact algebraic identity and positive-semidefinite residual kernel,Analytic-plus-residual estimation,Residual-kernel recertification principle,"For estimator I(g_theta)+Q(f_theta-g_theta), error is exactly (Q-I)h_theta and ensemble MSE is kernel discrepancy for K_res(x,y)=E[h_theta(x)h_theta(y)]. Kerdock optimality does not automatically persist after transformation; the residual protocol and kernel must be frozen and recertified.","Provides a constructive proof methodology: certify, transform, derive residual kernel, recertify. It is not a theorem that Kerdock remains optimal for every control.",STRONGER_CLAIMS_PROOF_ATTEMPTS_20260730.md,Proved identity / automatic transfer disproved,Proof / analytic,Control variates,2026-07-30 strengthening
T36,Exact linearity identity,Control-nullspace theorem,Uniformly annihilated control families remain pathwise useless under adaptive global tuning,"If every member g_eta of a family satisfies I(g_eta)=Q(g_eta), then I(g_eta_hat)+Q(f-g_eta_hat)=Q(f) pathwise even when eta_hat is selected from the network, pilot observations, or quadrature outputs. Independence of the selected global parameter is unnecessary.","Strengthens named low-degree/Hermite/Stein no-op results. Excludes node-specific parameters, leave-one-node-out fields, incorrect radialization, and functions outside the uniformly annihilated family.",STRONGER_CLAIMS_PROOF_ATTEMPTS_20260730.md; Agent8 harmonic audit,Proved,Proof / analytic,Control variates,2026-07-30 strengthening
T37,Exact association-scheme optimization plus PSD counterexample,MUB support extremality,General complete-basis support theorem under explicit kernel sign conditions,"For mutually unbiased bases with association values A,O,C satisfying A-O>0, O-C<0 and (A-O)+d(O-C)>0, every minimum-energy real-weight rule at line budget P uses all lines, complete bases plus at most one partial basis, equal positive within-basis weights and positive analytic basis masses. A PSD degree-4 counterexample shows the unconditional kernel statement is false.",Generalizes the mechanism behind T27 while making its sharp assumptions explicit. Do not extrapolate to kernels or node universes that violate the sign conditions.,STRONGER_CLAIMS_PROOF_ATTEMPTS_20260730.md,Proved under sharp conditions,Proof / analytic,Static quadrature theory,2026-07-30 strengthening
M153,Grouped fresh development audit with frozen feature dictionary,Layer-31 phase observability,T4 grouped phase-predictability audit,"On 16 base networks with rotations 3/11/97 grouped, nested ridge and ExtraTrees had negative grouped out-of-fold R2 for every tested phase/ratio target. The learned selector was 56.25% accurate and produced lower mean ideal cosine than the best fixed arm.",Close this exact nine-feature T4 dictionary. Failure does not upper-bound the value of all trajectory information or all nonlinear functions.,Agent3 Cascade FINAL_REPORT.md; TEST2_T4_OBSERVABILITY_PROBE.json,Closed tested feature class,Fresh grouped development,Layer31 phase learning,2026-07-30 closure
M154,Fresh synthetic architecture-matched diagnostic,Cascade transfer,Mode-resolved late-layer transfer probe,"Across 12 width-256/depth-32 networks with 192 Gaussian rows each, positive-homogeneity scale response matched to 2.25e-7. Maximum tested transfer gains were 1.0112 for mean directions, 1.1956 for random directions and 0.1432 for rank-one shape; no tested mode exceeded the preregistered 1.5 amplification gate.","Diagnostic evidence against a large tested compounding mode, not a uniform theorem over networks or perturbation directions.",Agent3 Cascade FINAL_REPORT.md; TEST3_TRANSFER_PROBE.json,Diagnostic / retained,Fresh synthetic,Cascade transfer,2026-07-30 closure
M155,Archived external cases with development-only scalar fit,Downstream-weighted anchor rescoring,Re-score archived anchors in final-output geometry,"Best frozen external arm reduced112/companion_8 scored pooled raw 0.851978, cross-MSE 0.843621 and 21/28 wins, but p90 was 1.3407, worst 1.9242 and the rotation-expansion group regressed to 1.0778. A full-129 mean-only arm was more stable but still had worst 1.477.","Downstream-weighted replay is the correct gate, but no archived arm is submission-safe or remotely large enough for the ~4.34x adjusted winning gap. Close submission revival.",REOPENED_PATHS_FINAL_REPORT_20260730.md; downstream rescoring bundle,Closed for submission / diagnostic retained,Exposed archived external groups,Layer31 anchors,2026-07-30 reopened-path closure
M156,Preregistered full-width synthetic terminal test,Analytic high-degree controls,Weight-derived symmetrized spherical Poisson controls,"An exploratory mid-radius arm reached raw 0.92858 on 16 networks, but the frozen terminal evaluation scored raw 1.03794, cross 1.04457, 7/16 wins and worst 1.18595.","Close the tested Poisson dictionary. Analytically integrable high-degree controls remain mathematically open, but this family has no transferable gain.",REOPENED_PATHS_FINAL_REPORT_20260730.md,Closed tested family,Frozen synthetic terminal,High-degree analytic controls,2026-07-30 reopened-path closure
M157,Preregistered full-width synthetic terminal plus no-refit extension,Analytic-plus-residual controls,Exact-mean projected ReLU control dictionary,"The 16-network terminal result was raw 0.92724, but the frozen 48-network extension reversed to raw 1.01268, cross 1.01625, 18/48 wins, worst 1.31239. Even a favorable optimized implementation projects adjusted ratio 1.06687.",Close this nonlinear projected-control family. The apparent terminal gain was a hard-network concentration fluctuation and fails both raw performance and complete economics.,REOPENED_PATHS_FINAL_REPORT_20260730.md; projected-ReLU extension bundle,Closed tested family,Frozen synthetic extension,Analytic-plus-residual controls,2026-07-30 reopened-path closure
M158,Frozen global coefficients on 64 full-width synthetic networks,Outside-Kerdock signed probes,Network-derived signed near-collision difference features,"Per-network oracle coefficients gave pooled raw 0.13118, but frozen global weights scored raw 1.55731, cross 1.71609, 8/64 wins and worst 5.40356. Median oracle absolute signed mass was 0.09565.",A genuinely new signed-node class has large same-network capacity but no transferable phase in the tested representation. Close generic global coefficient learning; reopen only with an analytic per-network phase mechanism.,REOPENED_PATHS_FINAL_REPORT_20260730.md; SIGNED_64_VALIDATION.json,Closed transferable estimator class / oracle retained,Frozen synthetic validation,Signed adaptive probes,2026-07-30 reopened-path closure
A49,Isolated local subprocesses on deterministic seed-51000 synthetic contract,Implementation / shipping,Frozen seven-arm local subprocess comparison,"Production/A42/A43/A43-delta64/96/64/32 all completed. Full-width algorithm times were 64.248/25.671/27.153/25.346 seconds; A42 and A43 were bit-identical. A42 was fastest among the full-width shipping arms in this single run. Official whestbench, FlopScope, cohort and parquet data were unavailable.",Local smoke and package comparison complete; official promotion remains externally blocked. Retain production as the externally verified shipping package until a true official-environment run.,LOCAL_SUBPROCESS_REPORT.md; LOCAL_SUBPROCESS_RESULTS.json,Local complete / official blocked,Deterministic synthetic contract,Implementation / compute,2026-07-30 project closeout
M159,Preregistered fresh full-width experiments; no protected holdout opened,Final competition descendants,"Exact-mean Stein, downstream-aligned, signed-calibration and T4 shrink closeout","The fresh Stein primary scored 1.010720 candidate/base, 9/16 wins and worst 1.13020. Downstream-aligned development gain was only about 1.3% with an interval touching no gain. Signed calibration used negligible negative mass. Frozen T4 shrink scored 1.000097 on 8 networks x 3 rotations while its same-span oracle gain was 1.167584x.",Close every final descendant in the tested information classes. No executable change. Reopen only for a materially new runtime observable with >=1.3x fresh grouped raw gain or a complete measured adjusted-score win.,Agent5_Competition_Opportunity_Experiments_20260730.md and bundle,Frozen empirical closure,Fresh synthetic grouped validation,Adaptive correction / controls,2026-07-30 project closeout
T38,Exact Hermite/noise-stability derivation,Finite-width Kerdock-line theory,Finite-width extension of fixed MUB-line support theorem,"For any finite-width Gaussian-first-layer ensemble, the kernel has a nonnegative power-series expansion. Under nondegenerate even Hermite content, the antipodal MUB association signs hold and arbitrary real weighting/deletion in the fixed MUB line universe is optimized by complete bases plus at most one partial basis.",Exact finite-width extension of T27 in its fixed-line support scope. Does not provide arbitrary-node finite-width T22.,OPEN_QUESTIONS_PROGRESS_20260730.md,Proved under explicit ensemble model,Proof / analytic,Finite-width theory,2026-07-30 project closeout
T39,Exact conditional-expectation and group-action proof,Runtime information / observability,Group-invariant information projection theorem,"A runtime information class can recover only the error component invariant under every symmetry discarded by its observations. Under conditional orientation-sign symmetry, norms, Gram matrices and disagreement magnitudes have zero correction value for an orientation-changing candidate.","Stronger generalization of common-bias non-identifiability, conditional on an explicit measure-preserving group model. Actual WHestBench symmetry remains an empirical hypothesis.",OPEN_QUESTIONS_PROGRESS_20260730.md,Proved under explicit symmetry model,Proof / analytic,Proof and observability,2026-07-30 project closeout
T40,Exact harmonic representation identity,Residual-kernel theory,Equivariant residual spectral multiplier and recertification,A deterministic rotation-equivariant linear surrogate multiplies degree-l residual variance by |1-tau_l|^2. Low-degree filters leave complete-Kerdock risk unchanged; live-degree filters require residual association-value recertification.,"Constructive recertification method for a tractable surrogate class, not all network-dependent residual methods.",OPEN_QUESTIONS_PROGRESS_20260730.md,Proved identity / scoped method,Proof / analytic,Control variates,2026-07-30 project closeout
T41,Complete independent directed-rounding implementation,Proof software verification,Full dual-engine T22/T23 numerical reproduction,"Direct-C GMP/MPFR independently verifies all 1,421 intervals, the full sign chain, spherical mean, Kerdock energy, Delsarte lower bound and ratio 1.00023365501029481377..., nested inside the published safe bound. GCC and Clang outputs match; ASan/UBSan/LSan pass.","Removes implementation-monoculture qualification. Shared derivation/witness, no proof assistant and no cross-OS matrix remain.",arc_cubature_proof_v5_dual_engine_20260730.zip; Agent2 report,Computer-assisted certified / compiler-diverse,Proof / analytic,Theory & proof,2026-07-30 project closeout
T42,Exact conditional convex-optimization / projection theorem,Adaptive information / correction,Downstream-weighted conditional normal equation,"For a random positive-semidefinite downstream weight W=J*J and runtime sigma-field G, the optimal G-measurable layer correction satisfies Sigma_G C=mu_G with Sigma_G=E[W|G] and mu_G=E[WA|G]; the minimum-norm solution is Sigma_G^dagger mu_G. The simpler E[A|G] rule is valid when J is runtime-observable.","Corrects the informal layer-space projection formula while preserving T33 in score space. It is a class-restricted value theorem, not a universal white-box impossibility result.",WHESTBENCH_CONDITIONAL_OBSERVABILITY_THEOREM_PROGRAM_20260730.md,Proved,Proof / analytic,Proof and observability,2026-07-30 post-v17 reconciliation
T43,"Exact probability, decision-theory and symmetry inequalities",Runtime information / phase observability,Quantitative phase-flip and phase-information ceilings,"A transcript-preserving involution bounds observable correction energy by E||Y+Y∘tau||^2/(4E||Y||^2). For balanced binary phase, observable fraction equals half the triangular discrimination, lies between TV^2 and TV, is at most 2I, and obeys sequential-information and Fano finite-action ceilings.",Turns an actual symmetry or divergence bound into an all-measurable-algorithm ceiling for the declared transcript. No such small symmetry defect or KL/TV bound is yet proved for the full WHestBench transcript.,WHESTBENCH_CONDITIONAL_OBSERVABILITY_THEOREM_PROGRAM_20260730.md; BEST_THEOREM_TARGETS_EXHAUSTIVE_CHECK_20260730.md,Proved / WHestBench application open,Proof / analytic,Proof and observability,2026-07-30 post-v17 reconciliation
T44,Exact harmonic positivity plus directed interval coefficient enclosure,Kernel structure / auxiliary residual,Positive-definite optimized T16 residual,"The optimized residual q=K32-h* has nonnegative normalized-Gegenbauer coefficients in every degree, with strict positivity in degrees 0 through 5. Hence q is a positive-definite zonal kernel on S^255.",A genuine structural strengthening. It does not restore the positive-weight diagonal residual term for arbitrary signed rules and therefore does not imply signed near-optimality.,BEST_THEOREM_TARGETS_EXHAUSTIVE_CHECK_20260730.md; verify_best_theorem_targets.py,Computer-assisted / independent second stack pending,Proof / analytic,Theory & proof,2026-07-30 post-v17 reconciliation
T45,Exact rank/trace obstruction plus computer-assisted coefficient domination,Signed arbitrary-node cubature,Global arbitrary-signed-node rank floor,"Every static mass-one rule using at most 66,048 arbitrary spherical nodes and arbitrary real weights satisfies R_K32(Q)>=1.7017556669835916e-8, at least 0.069925767 of complete-Kerdock risk. The theorem permits at most approximately 14.30088x improvement.","Partially closes the unrestricted signed-node loophole by ruling out vanishing risk. It is superseded numerically by T47, is not signed near-optimality, and remains infinite-width only.",BEST_THEOREM_TARGETS_EXHAUSTIVE_CHECK_20260730.md; ORACLE_CONTINUATION_HOSTILE_AUDIT.md,Computer-assisted theorem / independent audit pending,Proof / analytic,Theory & proof,2026-07-30 post-v17 reconciliation
T46,Exact exchangeable covariance algebra and score accounting,Companion aggregation / compute economics,Exchangeable deterministic companion frontier,"For exchangeable correction sources, equal coefficients minimize source energy for any fixed total coefficient. The exact optimally shrunk raw ratio is r_m=1-Q/u_m. If V>=Q and kappa(U-V)>=Q, the compute-adjusted score is nondecreasing in the number of companions.",Closes deterministic exchangeable companion averaging under its stated population moments. A frozen empirical instantiation is recorded separately; adaptive orientation-sensitive coefficients remain outside scope.,STRONGER_IMPOSSIBILITY_BOUNDS.md,Proved under explicit moment model,Proof / analytic,Control variates,2026-07-30 post-v17 reconciliation
M160,Authenticated row-level oracle arrays with independent summary recomputation,Oracle mechanism / cross-layer structure,Cross-layer oracle repair coherence,Authenticated per-rotation and per-base reanalysis gives mean effective rank 3.680/3.852/4.111 on development/validation/confirmation; every base needs4-5 components for90% energy and mean absolute off-diagonal cosine is about0.09. Pooled heterogeneity results remain valid.,"The layer31/checkpoint repair interface is genuinely multi-component within a typical base network. Future legal sources should target four or five channels, not one scalar bias.",OracleContinuation_20260730/FINAL_REPORT.md; FINAL_REVIEW_REPORT.md,Authenticated within-network multi-component result,Authenticated archived arrays,Adaptive correction / oracle structure,2026-07-30 v21 correction
M161,Grouped development selection with validation and confirmation diagnostics,Adaptive coefficient synthesis,Five-source downstream coefficient model,"The selected grouped-development feature rule scored candidate/base 1.132 with worst 2.212. On confirmation it scored 0.872 with worst 3.055, worse than a fixed global linear combination at 0.778, while the per-case oracle span reached 0.454.","Close this exact source, feature-set and ridge-policy class. Preserve the oracle span as a target for genuinely new representations; confirmation diagnostics are not promotion evidence because development selection failed.",OracleContinuation_20260730/FINAL_REPORT.md,Closed tested class / oracle retained,Grouped archived validation,Adaptive correction / coefficient learning,2026-07-30 post-v17 reconciliation
M162,Width-256 independent-network split with exact scalar oracle labels,Phase learning / source ceiling,Projected-ReLU source ceiling and invariant weight-summary models,"The untouched-test scalar oracle gain was 1.144709x, below the frozen 1.15x raw continuation gate. Test raw ratios were 1.070 for invariant ridge, 1.030 for Extra Trees and 1.011 for random forest, all with unsafe or nonwinning tails.","Do not train the full Edge-DWS architecture on this label; the source itself lacks sufficient scientific headroom. Close the cheap invariant-summary models, not the broader architecture on a future stronger source.",OracleContinuation_20260730/FINAL_REPORT.md,Frozen empirical closure / source ceiling,Independent width-256 synthetic,Learned sign / scale,2026-07-30 post-v17 reconciliation
M163,Frozen confirmation-moment certificate on 12 grouped cases,Companion aggregation / compute economics,Exchangeable companion confirmation certificate,"Normalized moments give squared alignment eta=0.043160 versus score-positive requirement 0.109961; correlation 0.207750 versus 0.331604 required. One optimally shrunk companion has adjusted ratio 1.075054 with grouped bootstrap approximately [1.014,1.104].",The frozen confirmation moment model is score-negative by a substantial margin. The all-m population monotonicity claim remains conditional because one population-margin interval crosses zero.,STRONGER_IMPOSSIBILITY_BOUNDS.md; EXCHANGEABLE_COMPANION_CONFIRMATION_CERTIFICATE.json,Frozen empirical certificate / population claim conditional,Frozen grouped confirmation,Control variates / compute economics,2026-07-30 post-v17 reconciliation
M164,Prospectively frozen 24-network untouched validation,Partial-MUB companion / terminal falsifier,24-basis rank-24 partial-MUB candidate,"Untouched validation scored candidate/base0.900038, raw inverse gain1.111064 with grouped95% interval[1.024848,1.224765],19/24 wins and worst1.260358. Compute ratio was1.182324; adjusted inverse performance0.939729 with interval[0.866808,1.035896]. The64-network holdout remained sealed.","Close M164. The raw effect transfers, but the adjusted-score gate and tail gate fail. No partial-MUB descendant is active.",Remaining-items continuation report and frozen M164 validation results,Closed after untouched validation,Fresh grouped width256 N=24,Legal signed anchor / partial MUB,2026-07-30 non-compute continuation
T47,Exact weighted rank theorem plus computer-assisted harmonic coefficient certificate,Signed arbitrary-node cubature,Weighted harmonic rank floor for arbitrary signed static rules,"For the d=256 depth-32 limiting ReLU kernel, the degree15 witness proves R(Q)>=0.505177125470747 R_K for every static network-independent mass-one arbitrary-signed rule with<=66,048 nodes.","Valid historical specialization, but superseded numerically by T56/D47 and then T57's0.9370459569 floor. Retain for proof genealogy only.",T47_WEIGHTED_HARMONIC_RANK_FLOOR.md; ORACLE_PROOF_COMPLETION_REPORT.md,Proved in scope / superseded numerically by T57,Proof / analytic,Theory & proof / signed cubature,2026-07-30 v21 supersession
T48,Exact quotient/gauge representation argument,Runtime information / phase observability,Gauge-invariant coefficient obstruction,"If a correction-basis transcript is invariant under independent sign-gauge reversals while the desired signed coefficients transform oddly, every representation-consistent orientation-blind coefficient policy must output zero. The exact M153 norm/cosine/angle feature map lies in this quotient class.","Exactly closes the architecture mistake of predicting signed coefficients from a sign-quotient representation. It does not close orientation-sensitive features, a canonically oriented basis, or the underlying physical estimator class.",ORACLE_PROOF_COMPLETION_REPORT.md; ORACLE_CONTINUATION_HOSTILE_AUDIT.md,Proved for declared representation,Proof / analytic,Proof and observability,2026-07-30 post-v18 proof completion
A50,Development-only grouped leave-one-network-out experiment; four new networks x three rotations,Orientation-sensitive adaptive correction,Canonical four-mode orientation-odd phase observable on the K32 radial source,"The full K32 half-scale oracle scored mean0.425151 and the canonical rank4 span0.768891 across12 cases. Frozen grouped policies failed: constants1.141200, even features1.103315, odd features1.107654, even+odd1.079003, and the best single odd scalar1.072363; worst cases ranged1.2636-1.8231.","Close this exact singular-vector orientation, rank4 source, feature dictionary and ridge policy. The full 128-probe radial source remains open; no validation cohort was opened.",WHestBench_noncompute_statistical_continuation_20260730.md; a50_radial_odd_v2/ANALYSIS.json,Development failure / exact construction closed,Fresh width256 4 networks x3 rotations,Learned sign / scale / orientation,2026-07-30 non-compute continuation
M165,Same-design development on three width256 networks at layers16 and24,Finite-width analytic residual / cross-cumulants,Third/fourth-order Edgeworth one-step covariance source,"Cumulants estimated from the existing66,048 Kerdock trajectories reduced one-step Gaussian variance-closure error by typical factors around20-25x. At layer24 a rank32 covariance correction retained essentially all of the full correction.",A real low-rank finite-width non-Gaussian source is established for the intermediate task. It is not a final estimator and receives no promotion without final-output source capacity.,WHestBench_noncompute_statistical_continuation_20260730.md; kerdock_edgeworth34 results,Mechanism validated / final value unresolved,Development same-design synthetic,Analytic-plus-residual controls,2026-07-30 non-compute continuation
M166,Direct final-output development tests,Finite-width analytic residual / cross-cumulants,"Edgeworth recursive, marginal and downstream-propagated final estimators","Layer24 moment rollout scored approximately4.423 Gaussian,4.810 third-order,4.787 fourth-order and4.810 even from an empirical oracle state. Final marginal fourth-order replacement averaged about1.043; tiny blends were approximately neutral. The generic downstream-gated source had only about1-2% target-labeled capacity on the first evaluable case.","Close recursive Gaussian/Edgeworth rollout, final marginal replacement/blending and the generic expected-gate propagation source. Intermediate accuracy does not survive the suffix.",WHestBench_noncompute_statistical_continuation_20260730.md; edgeworth_rollout_final; edgeworth_final_mean; downstream_edgeworth_source,Closed tested analytic final forms,Development synthetic,Analytic-plus-residual controls,2026-07-30 non-compute continuation
M167,Five development cases on three width256 networks,Radial-Hermite center estimation,Third/fourth-order Edgeworth estimate of the missing radial center,Gaussian center ratio1.090559; third-order Edgeworth0.978178 with3/5 wins and worst1.010361; fourth-order1.004289. A10% third-order blend scored0.997835. Median reference-noise fraction was17.8%; the exact center oracle remained about0.040.,"Retain as a weak scientific signal that skewness carries a small center component. Do not open validation: effect is small, changes sign by network and is far below competition scale.",WHestBench_noncompute_statistical_continuation_20260730.md; edgeworth_radial_center results,Exploratory weak signal / no validation,Development synthetic,Legal signed anchor / analytic center,2026-07-30 non-compute continuation
M168,Eight-network development and frozen four-network cross-rotation holdout,Adaptive nonlinear finite-width aggregation,Robust and power-mean aggregation of 129 basis estimates,"Development geometric-median mean ratio0.972815 and nested nonlinear combination0.974115. Frozen geometric-median alpha0.777360 reversed on four new networks x three rotations to mean1.005381,7/12 wins,median0.944836 and worst1.340251.","Close coordinate medians, trimming, Huber, geometric median, central-basis subsets, power means and the nested nonlinear dictionary in this representation. Development signal was unstable and tail-driven.",WHestBench_noncompute_statistical_continuation_20260730.md; nonlinear_basis_aggregation/HOLDOUT_GEOMED.json,Frozen proxy holdout failure / class closed,"Cross-rotation proxy, 12 development +12 holdout cases",Adaptive nonlinear aggregation,2026-07-30 non-compute continuation
A51,Exact-interface research target; no cohort opened,Full radial-Hermite phase recovery,Direct estimation of all 128 probe-wise center contractions,"The full K32 source retains mean half-scale oracle ratio0.425151, while four-mode compression loses substantial value and all tested phase policies fail. The exact lower-recentering interface requires selected center-coordinate defects and directional center contractions for128 probes.",Highest-value remaining non-compute path. Reopen only for an explicit identity or new legal observable for the full contraction vector; another generic learner or output-mode compression is not justified.,WHestBench_noncompute_statistical_continuation_20260730.md,Genuine open target / identity required,Theory and development only,Legal signed anchor / full contraction interface,2026-07-30 non-compute continuation
T49,Exact representation theorem,Orientation-sensitive phase / gauge,Minimal odd information under global and independent sign gauges,"For a single global Z2 quotient, one nonzero odd scalar channel is algebraically sufficient to escape the even-feature obstruction. For (Z2)^m independent signs, observed odd characters must span the full dual group; fewer channels leave an invisible subgroup.","Sharp representation-level theorem. Forces every experiment to declare whether the ambiguity is one shared sign, independent column signs, or a basis gauge.",PROMPT4_CANONICAL_ODD_GAUGE_THEOREM_REPORT.md,Proved,Proof / analytic,Proof and observability / gauge,2026-07-30 post-v20 proof frontier
T50,Exact topology,Orientation-sensitive phase / gauge,No continuous global sign section,"For d>=2, the antipodal covering S^(d-1)->RP^(d-1) has no continuous section; every continuous odd scalar has a zero.",A globally stable deterministic sign convention is impossible. Any legal gauge must expose a degeneracy set and use a local margin with abstention.,PROMPT4_CANONICAL_ODD_GAUGE_THEOREM_REPORT.md,Proved,Proof / analytic,Proof and observability / gauge,2026-07-30 post-v20 proof frontier
T51,Exact linear algebra,Orientation-sensitive phase / gauge,Canonical local polar reference gauge,"For an orthonormal source frame U and legal gauge-invariant reference frame B, U polar(U^T B) is invariant to U->UO, ambient-covariant, and unique exactly when U^T B is nonsingular.",Canonical construction for a low-dimensional unoriented source subspace. A full O(k) gauge requires rank-k reference alignment.,PROMPT4_CANONICAL_ODD_GAUGE_THEOREM_REPORT.md,Proved,Proof / analytic,Proof and observability / gauge,2026-07-30 post-v20 proof frontier
T52,Perturbation and finite-precision theorem,Orientation-sensitive phase / gauge,Cross-Gram gauge stability and certified abstention,Polar orientation error is bounded by cross-Gram perturbation divided by the sum of smallest singular values. A deterministic numerical-plus-physical margin yields a certified acceptance rule.,Replaces informal eigensolver tie-breaking with a checkable stability statistic sigma_min(U^T B).,PROMPT4_CANONICAL_ODD_GAUGE_THEOREM_REPORT.md,Proved,Proof / analytic,Proof and observability / gauge,2026-07-30 post-v20 proof frontier
T53,Exact Hilbert-space risk identity,Adaptive correction / phase,"Phase, amplitude and abstention error transfer","For a frozen source span, R(c_hat)=R_oracle+||c_hat-c*||^2 in the physical source Gram norm. For scalar scaling t, retained oracle fraction eta=2E_Delta[t]-E_Delta[t^2]. A full wrong sign costs four oracle-improvement units.","Improvement-weighted sign accuracy, not ordinary accuracy, controls risk. Random independent odd gauges have zero optimal value.",PROMPT4_CANONICAL_ODD_GAUGE_THEOREM_REPORT.md,Proved,Proof / analytic,Adaptive correction / phase,2026-07-30 post-v20 proof frontier
T54,Exact counterexample and scope correction,Orientation-sensitive phase / gauge,Positive-pivot instability and repeated-block ambiguity,Largest-coordinate sign orientation jumps by norm 2 across an arbitrarily small coordinate tie; repeated singular values leave an unresolved O(k) block rotation.,The A50 pivot rule is only a local comparator. Use direct signed contractions when columns are physically oriented or polar-align the full block.,PROMPT4_CANONICAL_ODD_GAUGE_THEOREM_REPORT.md,Counterexample / narrowed,Proof / analytic,Proof and observability / gauge,2026-07-30 post-v20 proof frontier
T55,Exact analytic theorem,Static signed arbitrary-node theory,All-rank trace-preserving Frobenius obstruction,"For PSD A with eigenvalues lambda_j, the minimum over symmetric rank<=r matrices with the same trace is sum_{j>r}lambda_j^2+(1/r)(sum_{j>r}lambda_j)^2. The optimizer is PSD on the top-r eigenspace and rank r is weakly best.",Indefinite signed moment matrices and accidental rank loss cannot evade the weighted-rank lower bound; using r=N is conservative.,PROMPT1_WEIGHTED_SIGNED_FLOOR_REPORT.md,Proved,Proof / analytic,Static quadrature theory / signed cubature,2026-07-30 post-v20 proof frontier
T56,Computer-assisted primal/dual theorem,Weighted signed-floor optimization,Degree-47 completely-positive comparison-class window,"For degree<=47 completely-positive mixtures of squared zonal harmonic kernels, 0.7910122891000876 R_K <= beta_47^CP <= 0.8767108950916256 R_K after the corrected untruncated projection audit. D47 remains within factor about 1.10834 of the class optimum.",The 1.10 same-cost target is impossible in the degree-47 CP proof class. The correction affects the ninth decimal place of the upper method ceiling only; D47 and T57 lower theorems are unchanged.,PROMPT1_WEIGHTED_SIGNED_FLOOR_REPORT.md; PROMPT1_CONTINUATION_DEGREE123_REPORT.md,Computer-assisted theorem / human review pending,Proof / analytic,Static quadrature theory / signed cubature,2026-07-30 post-v20 proof frontier
T57,Computer-assisted theorem with directed interval certificate,Static signed arbitrary-node theory,Degree-280 block-trace signed near-optimality certificate,"For the d=256 depth-32 infinite-width normalized ReLU kernel, every static network-independent mass-one rule with <=66,048 arbitrary spherical nodes and real weights has R(Q)>=2.2804515985314021e-7 =0.9370459569114724 R_K.","Static same-cost arbitrary-signed improvement is at most 1.067183517x. At the recorded 4.34x adjusted gap, even a floor-attaining rule would need cost<=24.5895% of baseline. Finite-width, adaptive, nonlinear and free-mass classes remain open.",SIGNED_NEAR_OPTIMALITY_CERTIFICATE_BLOCKTRACE_ORDER320.json; SIGNED_NEAR_OPTIMALITY_VERIFICATION_BLOCKTRACE_ORDER320.json,Computer-assisted theorem / external Arb-FLINT review pending,Proof / analytic,Static quadrature theory / signed cubature,2026-07-30 post-v20 proof frontier
T58,Exact theorem using Schur-Horn,Static signed proof-method boundary,Abstract sharpness of rank plus harmonic block-trace relaxation,"Whenever Na_j/T<=1 in every active harmonic block, a scaled rank-N projection attains T^2/N-S2 with the prescribed individual block traces. Every released certificate component satisfies the condition.",No stronger universal matrix bound can follow from rank and individual block traces alone. Further progress must use point-evaluation realizability.,BLOCKTRACE_RELAXATION_SHARPNESS_AND_EQUALITY.md; BLOCKTRACE_RELAXATION_SHARPNESS_CHECK.json,Proved,Proof / analytic,Static quadrature theory / realizability,2026-07-30 post-v20 proof frontier
T59,Exact equality characterization,Static signed proof-method boundary,Atomic equality forces a spherical zero code,"An actual atomic rule attaining a profile's abstract rank floor must use exactly N equal positive weights and satisfy L_a(x_i,x_j)=0 for all i!=j.",Signed cancellation cannot attain the abstract boundary. The remaining theorem gap is a zero-code / shared spherical moment realizability problem.,BLOCKTRACE_RELAXATION_SHARPNESS_AND_EQUALITY.md,Proved under full active-node rank,Proof / analytic,Static quadrature theory / realizability,2026-07-30 post-v20 proof frontier
T60,Exact corollary of released certificate,Finite-width signed theory,Finite-width subcertificate degree frontier,Truncating the released witness gives valid exact subcertificates: 90% of the infinite-width signed floor requires coefficients only through degree 128; 93% through degree 194; the full 93.7046% witness uses degree 280.,Creates a compressed width-256 proof program using nonnegative noise-stability/Hausdorff-moment constraints rather than full harmonic reconstruction.,FINITE_WIDTH_TRANSFER_FRONTIER.md; FINITE_WIDTH_SUBCERTIFICATE_FRONTIER.json,Proved conditional frontier / width-256 coefficients open,Proof / analytic,Finite-width theory / signed cubature,2026-07-30 post-v20 proof frontier
M169,Numerical audit with bug correction,Weighted signed-floor optimization,Continuous-radius and multiblock comparison-cone audit,"A double-precision overflow bug omitted interior stationary points. After rescaling repair, continuous adjacent reaches 0.9370496015 and general contiguous multiblock 0.9370553398, only 0.000364 and 0.000938 percentage point above the exact released 0.9370459569 witness.",Quarantine the earlier saturation claim. Radius-grid and adjacent-profile restrictions do not explain a material part of the remaining 6.3% theorem gap.,CONTINUOUS_CONE_AND_MULTIBLOCK_AUDIT.md; COMPARISON_CONE_SEARCH_AUDIT.json,Corrected numerical diagnostic,Synthetic / analytic,Static quadrature theory / signed cubature,2026-07-30 post-v20 proof frontier
M170,Archived high-reference oracle capacity diagnostic,Layer31 source support,Target-free support-menu exact-amplitude ceiling,"At K=32, target-labeled best-of-four support selection captures 40.53% on rotation19 and 48.54% pooled; radial-H3 and PCA-sensitivity supports are lower. Stable support indices do not imply stable downstream-signed capacity.",Close amplitude-learning and selector descendants restricted to the four tested K<=32 support families. Larger/different or multi-checkpoint bases remain open.,TARGET_FREE_SUPPORT_CAPACITY_REPORT.md; TARGET_FREE_SUPPORT_CAPACITY_ANALYSIS.json,Closed exact support menu,Oracle / diagnostic,Sparse layer31 and source support,2026-07-30 post-v20 proof frontier
M171,Authenticated diagnostic,Adaptive coefficient synthesis,Constant-first coefficient drift diagnosis,The five-source feature policy matches the globally useful negative first-coefficient sign in only 25-33% of cases and is worse than the global rule on 8/12 confirmation cases; pooled confirmation ratio is 0.872 versus 0.778 for the global rule.,Future policies must freeze the matched global action and predict only a Gram-whitened bounded residual with zero residual as the default.,ORACLE_CONSTANT_FIRST_DIAGNOSIS.md; ORACLE_COEFFICIENT_DRIFT_ANALYSIS.json,Diagnostic / protocol correction,Authenticated archived arrays,Adaptive correction / coefficient learning,2026-07-30 post-v20 proof frontier
T61,Exact linear-algebra theorem,Static signed proof-method boundary,Simultaneous abstract block-trace sharpness,One profile-independent abstract block matrix simultaneously attains the rank/block-trace floor for every nonnegative harmonic profile after diagonal rescaling.,Joint SDPs using only shared rank and individual block traces are exhausted. Any stronger theorem must use genuine spherical evaluation identities or atomic moment constraints.,BEST_PATHS_BEYOND_V21_20260730.md,Proved,Proof / analytic,Static quadrature theory / realizability,2026-07-30 post-v21 agent dispatch
T62,Exact algebraic theorem,Static signed realizability,Strict nonattainment of the degree-280 signed certificate,"No actual mass-one atomic spherical rule with at least two active nodes attains the 0.9370459569114724 R_K certificate floor. Two positive degree-3/4 components would require a common zero of G3 and G4, ruled out by an exact Bezout identity.","The abstract boundary is unrealizable, but strictness alone does not produce a uniform numerical improvement for unrestricted signed rules.",BEST_PATHS_BEYOND_V21_20260730.md,Proved,Proof / analytic,Static quadrature theory / realizability,2026-07-30 post-v21 agent dispatch
T63,Exact compactness corollary,Static signed realizability,Bounded-total-variation gap and blow-up,For every finite total-variation bound V there exists epsilon(V)>0 above the released certificate floor; any sequence approaching the abstract floor must have total variation tending to infinity.,Stable bounded signed weights cannot approach the abstract boundary. The current epsilon(V) is existential and not competition-sized.,BEST_PATHS_BEYOND_V21_20260730.md,Proved / nonconstructive constant,Proof / analytic,Static quadrature theory / realizability,2026-07-30 post-v21 agent dispatch
T64,Exact conditioned stability theorem,Static signed realizability,Two-profile near-equality forces degeneracy,"With active weights bounded below and both evaluation matrices uniformly well conditioned, the excesses for the two incompatible degree-3/4 profiles obey a strictly positive quantitative lower inequality.","A near-floor sequence must develop vanishing weights, ill-conditioned/coalescing evaluation geometry, rank failure or unbounded variation. The present explicit constant is conservative.",BEST_PATHS_BEYOND_V21_20260730.md,Proved under conditioning assumptions,Proof / analytic,Static quadrature theory / realizability,2026-07-30 post-v21 agent dispatch
T65,Exact bivariate-Gaussian theorem,Nonlinear finite-width replay,Exact Gaussian ReLU gate-crossing moments,"For prefix-measurable perturbations followed by an independent Gaussian row, the exact first and second moments of the ReLU crossing remainder are closed-form functions of the angle between baseline and perturbed activation vectors.",Replaces a generic anti-concentration lemma for local independent suffix rows. Deep downstream cross terms and realized-network certification remain open.,BEST_PATHS_BEYOND_V21_20260730.md,Proved,Proof / analytic,Adaptive correction / exact replay,2026-07-30 post-v21 agent dispatch
T66,Exact counterexample,Finite-width signed theory,Finite-width coefficientwise monotonicity no-go,"A width-one Gaussian ReLU network retains kappa(t) at every later layer, while the infinite-width depth-two kernel kappa(kappa(t)) has a strictly positive cubic coefficient; therefore finite-width coefficients need not dominate limiting coefficients.",Width-256 transfer requires architecture-specific quantitative coefficient or moment bounds; qualitative Gaussian-ReLU monotonicity cannot supply the theorem.,BEST_PATHS_BEYOND_V21_20260730.md,Counterexample / proved no-go,Proof / analytic,Finite-width theory / signed cubature,2026-07-30 post-v21 agent dispatch
T67,Exact conditional linear-algebra theorem,Layer31 contraction interface,Conditional A51 full-interface equivalence,"If the 128 selected coordinates are distinct and V_{I^c} is invertible, then (Vd,Ed) reconstructs the full 256-dimensional center defect exactly.",Generic estimation of the full 128 A51 interface may not be a compression. The actual frozen V rank is unaudited; target only the few final-output-contracted scalars A^T e.,BEST_PATHS_BEYOND_V21_20260730.md,Conditional theorem / frozen-array audit open,Proof / analytic,Sparse layer31 and source support,2026-07-30 post-v21 agent dispatch
T68,Computer-assisted theorem with exact rational certificate,Static signed arbitrary-node theory,Degree-123 signed arbitrary-node floor,"A degree-123 comparison certificate proves R(Q)>=0.90943609313152265 R_K for every static network-independent mass-one signed rule with at most 66,048 arbitrary spherical nodes in the limiting kernel; same-cost gain is at most 1.0995824858420041x.",Independently clears the 1.10x threshold with a lower-degree certificate. It is not the strongest canonical floor: T57 remains stronger at 0.9370459569 R_K.,PROMPT1_CONTINUATION_DEGREE123_REPORT.md,Computer-assisted theorem / external review pending,Proof / analytic,Static quadrature theory / signed cubature,2026-07-30 post-v21 agent dispatch
T69,Computer-assisted primal/dual theorem,Weighted signed-floor optimization,Degree-123 completely-positive comparison-class window,"For degree<=123 completely-positive mixtures, 0.90943609313152265 R_K <= beta_123^CP <= 0.94493296593727343 R_K. D123 attains at least 96.243% of the best absolute floor in the declared class.","Cutoff 123 cannot certify a 1.05x barrier within this proof architecture. The upper endpoint is a proof-method ceiling, not a cubature risk floor.",PROMPT1_CONTINUATION_DEGREE123_REPORT.md,Computer-assisted theorem / external review pending,Proof / analytic,Static quadrature theory / signed cubature,2026-07-30 post-v21 agent dispatch
T70,Exact algebraic theorem,Adaptive contraction theory,Adjoint-potential contraction identity,"For any target-free output direction u in a bias-free ReLU network, u^T(P-Q)h_L equals the discrepancy of the scalar potential Phi_u=(1/2) sum_l q_l(u)^T|z_l|. For a source A, every oracle normal-equation entry is b_j=(P-Q)Phi_{a_j}.",Reduces a rank-r source target from a 256-vector defect to r scalar integration problems. The identity is exact and network-specific.,WHestBench_Best_Path_Continuation_v23.md,Proved; independent numerical verifier passes; hostile review pending,Proof / analytic,Adaptive correction / contracted checkpoint identity,2026-07-30 best-path continuation v23
T71,Exact algebraic theorem and no-op corollary,Adaptive contraction theory,Banded checkpoint potential and total-potential equivalence,The adjoint potential decomposes exactly over arbitrary depth bands. The total potential also equals u^T h_L minus the explicitly linear input term 2^-L u^T W_L...W_1 x.,"Because P and Q integrate linear coordinates exactly, evaluating the unpartitioned potential with the same cubature is algebraically the original output projection. Value requires a band with cheaper or analytic expectation.",WHestBench_Best_Path_Continuation_v23.md,Proved; independent numerical verifier passes; hostile review pending,Proof / analytic,Adaptive correction / contracted checkpoint identity,2026-07-30 best-path continuation v23
T72,Exact optimization theorem,Competition feasibility theory,Source-noise-compute frontier,"For a whitened source with oracle residual r*, independent unbiased coefficient estimators with variance v_j/n_j and per-sample cost gamma_j have optimal adjusted ratio (sqrt(r*)+sum_j sqrt(v_j gamma_j))^2.",The correct gate is sum sqrt(v_j gamma_j)<sqrt(1/4.34)-sqrt(r*). The old 0.20-0.22 oracle gate is only a zero-cost hard gate and is generally too weak.,WHestBench_Best_Path_Continuation_v23.md,Proved in declared sampling model; numerical optimum check passes,Proof / analytic,Competition score / adaptive correction,2026-07-30 best-path continuation v23
T73,Exact finite-cloud theorem,Late-interface replay,Compiled exact final-layer replay for a common checkpoint shift,"For baseline preactivations z_ij and a common late-center shift delta, the exact output correction is F(delta)=g(W delta), where each g_j is a convex nondecreasing 1-Lipschitz piecewise-linear empirical ReLU shift map with an explicit nonnegative crossing remainder.","After sorting final-layer margins, exact replay needs one matrix-vector product and 256 binary searches. A late-interface source can avoid a deep suffix-replay theorem.",WHestBench_Best_Path_Continuation_v23.md,Proved; independent finite-cloud verifier passes; production indexing audit pending,Proof / analytic,Adaptive correction / exact replay,2026-07-30 best-path continuation v23
T74,Exact positive-index theorem plus exact-rational order-320 certificate,Static signed arbitrary-node theory,Inertia-strengthened degree-280 signed atomic floor,"Every static network-independent mass-one real-weight rule with at most 66,048 arbitrary spherical nodes has limiting-kernel risk at least 0.9370605225569535 of Kerdock; same-cost raw gain is at most 1.0671669288460727x.","New strongest canonical static signed floor. It strictly strengthens T57 using the positive inertia of actual atomic moment matrices, while retaining the same static/infinite-width scope and inherited interval-reproduction gate.",T70_INERTIA_STRENGTHENED_SIGNED_ATOMIC_FLOOR.md; WHestBench_Math_Continuation_v23_20260730.md; combined_verification_v23.json,Computer-assisted theorem / exact rational replay / external interval review pending,Proof / analytic,Static quadrature theory / signed cubature,2026-07-30 exhaustive latest-markdown v24
T75,Exact constant-mode optimization plus computer-assisted specialization,Static signed arbitrary-node theory,Arbitrary-total-mass static floor,"Without assuming weights sum to one, every static arbitrary-real-weight rule with at most 66,048 nodes has limiting-kernel risk at least 0.9370603033214825 of Kerdock; same-cost cap is 1.0671671785214067x and the relaxed minimizing total mass is 0.9999997660391557.",Closes the mass-one loophole quantitatively. Mass mismatch cannot create a winning static rule; the constant harmonic forces near-exact mass.,WHestBench_Math_Continuation_v23_20260730.md; combined_verification_v23.json,Proved abstractly / computer-assisted specialization / external interval review pending,Proof / analytic,Static quadrature theory / signed cubature,2026-07-30 exhaustive latest-markdown v24
T76,Exact Hermite/noise-stability theorem and semi-infinite LP dual,Finite-width signed theory,Finite-width chaos-moment representation and coefficient dual,"At every finite width the ensemble zonal kernel has an exact nonnegative Gaussian-chaos power series, and each Gegenbauer coefficient is a positive moment functional. Rigorous finite-width observations induce an exact semi-infinite primal/dual moment LP; finitely many point samples alone are nonidentifying.","Defines the valid width-256 transfer route after T66 rules out universal coefficient domination. No numerical width-256 floor is claimed; begin with the degree-62 subcertificate, then 84 and 128.",T72_FINITE_WIDTH_NOISE_STABILITY_MOMENT_DUAL.md; WHestBench_Math_Continuation_v23_20260730.md,Proved representation and formulation / numerical application open,Proof / analytic,Finite-width theory / signed cubature,2026-07-30 exhaustive latest-markdown v24
T77,Exact Gaussian-ReLU ensemble theorem,Adaptive correction / exact replay,Independent Gaussian suffix nonexpansivity,"For equal-width He Gaussian rows, E||ReLU(Wu)-ReLU(Wv)||^2 <= ||u-v||^2. Iterating shows an independent Gaussian-ReLU suffix cannot amplify checkpoint-state mean-square error; coefficient error transfers in the physical checkpoint Gram metric.",Strengthens the replay bridge for prefix-measurable sources and genuinely replayable checkpoint targets. It is not a fixed-realized-network theorem and does not cover source directions or coefficients that inspect the same suffix weights.,T74_GAUSSIAN_RELU_SUFFIX_NONEXPANSIVITY.md; WHestBench_Math_Continuation_v23_20260730.md; combined_verification_v23.json,Proved / numerical formula audit passed / application scope open,Proof / analytic,Adaptive correction / exact replay,2026-07-30 exhaustive latest-markdown v24
T78,Exact sign-count inertia theorem plus exact-rational order-320 hierarchy,Static signed arbitrary-node theory,Negative-atom count hierarchy,"If at least q nodes have negative weights, each comparison moment has at most N-q positive eigenvalues. Certified thresholds: q>=1,072 caps equal-cost gain below 1.05x; q>=4,160 forces risk above Kerdock.","Near the universal T74 boundary, negativity must be extremely sparse. This controls the number of negative atoms and complements negative-mass and total-variation constraints.",T75_SIGN_COUNT_INERTIA_HIERARCHY.md; WHestBench_Math_Continuation_v23_20260730.md; combined_verification_v23.json,Computer-assisted theorem / exact rational replay / external interval review pending,Proof / analytic,Static quadrature theory / signed cubature,2026-07-30 exhaustive latest-markdown v24
T79,Exact Gaussian-chaos decomposition and association specialization,Adaptive information / posterior contraction,Posterior-score matched scalar contraction,"For a Gaussian quadratic target after a fixed transcript, the residual splits as an observed–hidden cross term plus pure hidden quadratic term. One matched adaptive scalar observation removes the entire cross term. On complete Kerdock, 99.9694% of the second-chaos posterior floor is cross term; one even-global sector carries 99.6666% of that cross energy.",Identifies the missing signed scalar and explains lower-order mean/pair-anchor dominance. It does not provide a cheap estimator; naive residual sampling needs about 18.3M points for 0.5% relative MSE.,T79_POSTERIOR_SCORE_CONTRACTION.md; posterior_score_decomposition.json,Proved abstractly / numerical specialization reproduced / interval audit open,Proof / analytic,Adaptive correction / nonlinear posterior,2026-07-30 non-overlap continuation v25
T80,Exact deterministic physical-projection theorem,Late-interface source capacity,CLAF physical source-span oracle gate,Any fan based on sampled late-source states C can output only W31 C alpha. Its exact oracle residual is d^T G d - b^T H^dagger b in the final-output Gram metric. The union span of both cross-fit folds upper-bounds every corresponding CLAF construction.,"Run this deterministic oracle gate before fan implementation. The frozen s=9, M=64 proposal requires union-span residual <=0.00502; failure closes the construction without coefficient fitting or protected data.",T80_CLAF_PHYSICAL_SOURCE_SPAN_GATE.md; PREREG_PHYSICAL_SOURCE_SPAN_GATE.md,Proved / exposed-array numerical application open,Proof / analytic,Adaptive correction / CLAF capacity,2026-07-30 non-overlap continuation v25
M172,Deterministic limiting-model diagnostic on exact Kerdock incidence,Off-support posterior information,Two-plane capture of dominant posterior-score direction,"Granting exact final-preactivation observations on 64 rays, a same-basis plane captured 6.3969e-5 and a cross-basis plane 6.3956e-5 of the dominant even-global posterior-score energy. Capture was already nearly saturated by 32 rays.",Strongly disfavors the current two-plane geometry in the fixed-preactivation Gaussian channel. It is not a closure of CLAF's richer finite-width transported late-source field; T80 is the decisive physical test.,POSTERIOR_SCORE_PLANE_DIAGNOSTIC.md; plane_capture_diagnostic.json,Diagnostic / reproduced / scoped,Synthetic / analytic,Adaptive correction / CLAF geometry,2026-07-30 non-overlap continuation v25
M173,Frozen 36-case development/validation/confirmation audit,Late-interface direct-output source,Basis-resolved output PCA source frontier,Target-free adaptive energy rule selected mean rank35.75/35.50/36.25; pooled ratios0.0633/0.0782/0.0749 and worst0.2129/0.2260/0.1830.,Gate A passed; leading legal source,AGENT8_WHITEBOX_OBSERVABLE_DISCOVERY_REPORT.md,Scientific / recorded,Full-width grouped frozen splits,Adaptive correction / direct output,2026-07-30 v26 post-agent
M174,Frozen grouped mechanism tournament,Coefficient observability,Signed observable catalog for direct and hidden sources,"All tested gate/margin, skew, Walsh, axis/MUB, antipodal and small-combination mechanisms fail untouched validation/confirmation; sign near chance and ratios generally≥1.",Failed broad tested observable class,AGENT8_WHITEBOX_OBSERVABLE_DISCOVERY_REPORT.md,Closed tested forms,Full-width grouped frozen splits,Adaptive correction / phase,2026-07-30 v26 post-agent
T81,Exact theorem + public-design verifier,Information bound,Finite-design homogeneous-ReLU blind spot,"For any finite nonzero design in d≥2, a width2 three-ReLU-layer homogeneous network can vanish on every design node yet have positive Gaussian mean; identical129-group transcript need not determine target.",Closes universal transcript-only exact identity,AGENT4_REPLAYABILITY_CONTINUATION_V3.md,Theorem complete,Proof / public design,Information / observability,2026-07-30 v26 post-agent
T82,Exact theorem + convex optimization formulation,Coefficient observability,Arbitrary checkpoint-gauge telescope and source-specific SOCP,Every terminal contraction admits exact checkpoint gauges; for a frozen source/partition the globally optimal linear telescope is a convex SOCP with direct estimation feasible.,Use as bounded source-specific falsifier/certificate,WHestBench_Agent2_Checkpoint_Gauge_Continuation_20260730.md,Theorem complete / source-specific application open,Proof + architecture diagnostics,Adaptive correction / checkpoint gauges,2026-07-30 v26 post-agent
M175,Frozen 12-case confirmation + 8-case pilots,Conic adaptive correction,Single-scale conic30 confirmation and estimator closure,"Source pooled0.156212, median0.239277, worst0.311349; only5/12 pass zero-cost gate. Best exact-control pilot adjusted≥2.348 and variance-cost≥27.4× allowed.",Stop conic30 candidate and tested pilot/control descendants,AGENT7_CONTINUATION_FINAL_REPORT.md,Closed tested forms,Full-width confirmation / no protected,Adaptive correction / conic30,2026-07-30 v26 post-agent
T83,Exact linear-algebra identity,Conic adaptive correction,A90 master contains A30 at equal ray cost,"For each plane a64=a16+(a32−a16)+(a64−a32); therefore span(A30)⊂span(A90), both using the same1,920 full-network rays.",Promote master-dictionary framing; numerical reconstruction pending,AGENT6_CONTINUATION_V3_REPORT.md,Theorem complete / numeric audit open,Proof + exposed diagnostic,Adaptive correction / conic master,2026-07-30 v26 post-agent
M176,12-case oracle diagnostic,Conic adaptive correction,Multiresolution A90 provisional capacity,Full90 beat plane30 on all12 diagnostic cases; pooled oracle ratio≈0.02292.,Promising but provisional; full48/tails/noise missing,AGENT6_CONTINUATION_V3_REPORT.md,Scientific / provisional,Exposed 12-case oracle,Adaptive correction / conic master,2026-07-30 v26 post-agent
T84,Exact score/economics theorems,Estimator economics,Charged-overhead joint physical covariance frontier,"All source, training, gating and estimation trajectories are charged; optimal frozen subspace at fixed n is top eigenspace of S−N/n; two-fold cross-fitting is unbiased.",Supersedes incomplete scalar/uncharged deployment arithmetic,AGENT6_CONTINUATION_V3_REPORT.md,Theorem complete / empirical inputs open,Proof / deployment accounting,Estimator economics,2026-07-30 v26 post-agent
T85,Exact algebra + local full-shape benchmark,Replay/implementation,Sorted stop-loss compilation of common-shift ReLU means,Sorting final preactivations with prefix sums gives exact output and active-fraction queries; projected rank32 cost≈1.202B versus2.710B serialized scans.,Replay fallback solved; not the observability solution,AGENT4_REPLAYABILITY_CONTINUATION_V3.md,Theorem complete / official cost pending,Proof + local benchmark,Replay / implementation,2026-07-30 v26 post-agent
M177,Frozen 36-case broad source/phase tournaments,Late-interface source geometry,Natural low-rank closure and phase obstruction,Rank4/5 confirmation≈0.442/0.404; rank12≈0.221 with worst≈0.51 and negligible estimator margin; rank20–32 capacity exists but signed phase does not transfer.,Stop rank4/5 and rank12; conditional high-rank identity/lower-bound only,AGENT5_GEOMETRY_CONTINUATION_REPORT.md; AGENT1_PHYSICAL_LATE_INTERFACE_SOURCE_TOURNAMENT_REPORT.md,Closed/quarantined tested forms,Full-width grouped frozen splits,Adaptive correction / geometry and phase,2026-07-30 v26 post-agent
M178,Official-Mini/exposed score-law audit,Estimator economics,"MC-rate score law and 90,624-row multifidelity re-score","Above the 10% floor, unbiased MC-rate score is governed by V·f/B. The 90,624-row multifidelity arm lowers raw MSE but is an adjusted regression of roughly 9%, with worse V and per-row cost.","Close the live multifidelity candidate; make V, V·f and full score mandatory.",15_score_law_and_v26_lead_path_audit.md; current update Pasted text(63).txt,Closed candidate / governance retained,Official-like exposed harness; no protected data,Estimator economics / sampling,2026-07-30 v27 full synthesis
M179,100-network reproduced baseline; leave-one-network-out,Direct-output observability,Legal scalar features for adaptive PCA source coefficients,"Source capacity reproduced at pooled r*=0.0773, but LORO R²≈−0.04, sign agreement0.492 and applying the correction worsened MSE3.9%; error magnitude is observable, direction is not.",Close tested scalar phase-feature family; does not replace the complete SOCP certificate.,15_score_law_and_v26_lead_path_audit.md; current update Pasted text(63).txt,Closed tested forms,Exposed Mini-style 100 networks,Adaptive correction / phase,2026-07-30 v27 full synthesis
T86,Exact source reconstruction + empirical convex primal/dual + untouched covariance,Checkpoint-gauge class closure,Source-specific linear checkpoint-gauge SOCP certificate,"For the exact adaptive direct-output source r*=0.074860710, selected [1,4,32] untouched S=1.274291533 versus allowed0.206408508; dual S≥1.155929800; ONB escape best1.032107.","Closes the declared linear, unbiased, independent-block checkpoint-gauge estimator class for the promoted source.",AGENT4_SOLE_PATH_FINAL_REPORT.md,Closed in declared class,36 full-width cases + independent covariance; no protected,Adaptive correction / checkpoint gauges,2026-07-30 v27 post-SOCP
T87,Exact terminal inequality + empirical all-layer dual certificates,Checkpoint-gauge class closure,Terminal-innovation frontier and complete all-layer checkpoint dual,"Latest checkpoint≤27 is terminal-noncompetitive in pooled proxy; late [1,29/30/31,32] programs score≈1.96–2.00; all-layer empirical dual score lower bounds6.94–7.09 on a hard case and1.2078 on a favorable case versus0.230415.",Closes the all-layer linear checkpoint-depth loophole on tested confirmation covariances; leaves nonlinear/biased analytic identities.,WHestBench_Priority_Continuation_v27.md; TERMINAL_INNOVATION_AND_ALL_LAYER_DUAL.md,Closed empirical linear class / exact scoped theorem,Confirmation cases; replicated covariance draws; no protected,Adaptive correction / all-layer dual,2026-07-30 v27 priority continuation
T88,Exact analytic reduction + exact-rational directed certificate,Finite-width static signed theory,29-state degree-28 tensor-degree Markov floor,"For the exact width256/depth32 ensemble, the selected finite-width subkernel yields arbitrary-node mass-one signed/static risk floor1.9250241617e-8; selected component Kerdock risk≤2.6030433136e-8.","Strongest recorded actual-width arbitrary-node static floor, but 2.913× below competition-scale closure; degree62 remains open.",WHestBench_Prompt2_FiniteWidth_Reconciliation_and_Closure_20260730.md,Theorem complete in stated trust base / independent implementation pending,Proof / exact-rational certificate,Finite-width static theory,2026-07-30 v27 finite-width
M180,Exposed full-width low-rank surrogate audit,Multilevel estimators,Two-level low-rank activation MLMC telescope,Rank8/32/128 difference-variance ratios≈0.974/0.812/0.508 with estimated score gains0.62/0.44/0.25; every tested level is worse than direct.,Close tested low-rank activation MLMC; deep ReLU trajectories decorrelate too quickly.,15_score_law_and_v26_lead_path_audit.md; current update Pasted text(63).txt,Closed tested form,Exposed full-width diagnostic,Control variates / MLMC,2026-07-30 v27 full synthesis
M181,Six-network angular two-point diagnostic,Harmonic spectrum,Empirical even-harmonic spectrum fit,"Fit attributed roughly42% degree2,23% degree4 and a large high-degree tail, suggesting stronger ordinary designs have little headroom.",Diagnostic only; do not promote as a theorem or override exact kernel/proof spectra. It supports but does not certify cubature closure.,15_score_law_and_v26_lead_path_audit.md; current update Pasted text(63).txt,Provisional diagnostic,Six exposed networks; fitted spectrum,Static sampling / harmonic diagnostic,2026-07-30 v27 full synthesis
M182,Layerwise oracle-current-moment diagnostic,Analytic moment propagation,Marginal Gaussian versus Edgeworth ReLU mean closure,"Edgeworth relative error is about1.9e-4 per layer and stable through depth, improving Gaussian by roughly7–11×; consistent with the measured oracle moment ceiling.",Marginal closure is locally adequate; higher-order truncation and rollout state remain separate issues.,Current update Pasted text(64).txt; closure.py reported,Scientific / reported; script archive not verified in Library,Official Mini cohort per update; oracle current moments,Moment/cumulant closure / marginals,2026-07-30 v27 current update
M183,Layerwise oracle-current-state covariance diagnostic,Analytic moment propagation,Gaussian bivariate covariance closure error,"Next-layer sigma closure error grows from about0.44% early to1.8% deep, mean≈1.34%; error is neuron-specific scatter and the main local analytic blocker.",Prioritize mixed third/fourth pair moments; universal scalar calibration is insufficient.,Current update Pasted text(64).txt; cov_closure.py reported,Scientific / reported; noise-floor reconciliation required,Official Mini cohort per update; empirical reference moments,Moment/cumulant closure / covariance,2026-07-30 v27 current update
M184,Targeted closure falsification suite,Analytic moment propagation,"Delayed closure, universal calibration and activation-rank diagnostics",Delayed Gaussianization worsened error1.67%→3.40%; LORO layer calibration gained≈1.01×; early layers require near-full rank despite participation ratio collapse late.,Close these fixes and low-dimensional state quadrature; compress the moment tensor instead of trajectories.,"Current update Pasted text(64).txt; lag_closure.py, calib.py, rank.py reported",Closed tested diagnostics / scripts not verified in Library,Official Mini cohort per update,Moment/cumulant closure / falsifiers,2026-07-30 v27 current update
M185,Randomized mode-unfolding diagnostic across depth,Cumulant compression,Third-cumulant Tucker/multilinear rank spectrum,"Captured energy for R=32 is0.639 at layer1,0.967 at layer8 and0.9999 at layer31; proposed depth-adaptive schedule costs≈3B FLOPs.","Promising oracle cost diagnostic, not CP-rank proof or deployable recurrence; must preserve mixed/downstream contractions.",Current update Pasted text(64).txt; cp_rank.py reported,Provisional oracle diagnostic / script archive not verified,Official Mini cohort per update; empirical activation moments,Moment/cumulant closure / tensor compression,2026-07-30 v27 current update
M186,Cross-experiment canonical reconciliation,Moment/cumulant closure,Dense pair sufficiency versus deployable transport,"Existing M40 already gives0.288% oracle one-step next-variance error, M66 gives0.856% target-width held-out, while M42/M68 finite pilots and M30/M44/M70 free rollout fail. The new Tucker result changes cost plausibility, not formula sufficiency.","Canonical open problem is analytic propagation of a compressed, PSD, mutually realizable joint moment state, validated by full downstream score.",CONTINUED_EXPERIMENT_REPORT.md; BOUNDED_ML_REPORT.md; CONTINUATION_REPORT.md; current update Pasted text(64).txt,Canonical synthesis,Prior oracle/synthetic corpus + current diagnostic,Moment/cumulant closure / reconciliation,2026-07-30 v27 full synthesis
T89,Exact universal counterexample theorem,Joint sign–magnitude state,Pairwise sign/truncated-moment state nonclosure,"Two three-sign parity laws have identical all-pair sign laws, orthant probabilities, truncated first/product moments, ReLU mean/covariance, and next preactivation mean/variance, but the same dense map followed by ReLU gives expectations 3/4 versus 1/2.","Pairwise sign, orthant, truncated-moment or PSD pair matrices are not complete recursive states. They remain one-step diagnostics only.",T89_PAIRWISE_SIGN_STATE_NONCLOSURE.md; AGENT2_ORTHANT_SIGN_KERNEL_REPORT_20260730.md,Theorem complete,Proof / analytic,Latent joint-state realizability,2026-07-30 v28 agent synthesis
T90,Exact algebra and transform identities,Joint sign–magnitude state,Weighted absolute-kernel representation of ReLU moments,"For every law, E[z_+]=1/2(E[z]+E|z|) and E[z_+z_+^T]=1/4(M+A+B+B^T), where A=E[|z||z|^T] and B=E[z|z|^T]. Under central symmetry the non-Gaussian pair defect after covariance matching is entirely the absolute-kernel residual.",Use orthant/weighted-kernel attribution to locate the defect. Raw sign coincidence alone can miss magnitude-weighted information.,T90_WEIGHTED_SIGN_MAGNITUDE_IDENTITIES.md; AGENT2_ORTHANT_SIGN_KERNEL_REPORT_20260730.md,Theorem complete,Proof / exact algebra,Latent joint-state realizability,2026-07-30 v28 agent synthesis
T91,Exact conditional-moment theorem,Conditional Gaussian mixture,Fixed-component conditional-Gaussian recurrence,"For a finite Gaussian-mixture preactivation state, exact conditional Gaussian ReLU moments followed by componentwise linear transport and Gaussian moment projection preserve every component's conditional first/second moments, preserve unconditional first/second moments, and maintain PSD.",Provides a legal coherent recurrence; its projection error and loss of within-component non-Gaussianity remain unmeasured.,AGENT1_LATENT_VARIABLE_COPULA_CLOSURE_20260730.md,Theorem complete / candidate untested,Proof / analytic,Latent joint-state realizability,2026-07-30 v28 agent synthesis
T92,Exact counterexample / mechanism theorem,Conditional Gaussian mixture,Random-correlation covariance-mixture obstruction,A centered Gaussian correlation mixture can have exactly Gaussian marginals and zero third cumulants while its ReLU pair moment differs from the matched Gaussian by strict convexity; mixed fourth cumulant kappa22=2 Var(R).,Third-order Gate-1 failure does not close finite-moment or latent models; it specifically motivates conditional covariance variation and explains the historical fourth-order signal.,AGENT1_LATENT_VARIABLE_COPULA_CLOSURE_20260730.md,Theorem complete,Proof / analytic,Moment/cumulant closure / copula,2026-07-30 v28 agent synthesis
M187,Partial local oracle result,Conditional Gaussian mixture,Sign–magnitude attribution and covariance-modulation mechanism,"Covariance-mixture half run locally: layer16 sigma error K1=1.641e-2, K8=8.44e-3, K32=5.33e-3; layer29 K1=1.368e-2, K8=6.08e-3, K32=3.58e-3. Mean across tested layers reported about4.8e-3 versus3e-3 gate. Sign–magnitude decomposition remains unrun.","Covariance modulation is real but K32 is about1.6x short of the local gate. Treat as mechanism evidence and input to M192, not a candidate result.",Pasted text(67).txt local covmix.py result; M187 protocol,Partially complete,Oracle / local empirical,Latent joint-state realizability,2026-07-31 v30 local-results audit
M188,Required legal rollout; not yet run,Conditional Gaussian mixture,Free rollout of the best legal mixture family selected by M192,"Initialize nontrivial latent components analytically from the exact Gaussian layer, then propagate a frozen tied, low-rank-covariance, or prototype mixture through all 32 layers using only weights and the prior legal state.","Run only after M192 passes. Candidate gate is raw MSE<=2.962e-7, complete effective compute<=10%, mutually realizable state, and safe grouped tails.",AGENT1_LATENT_VARIABLE_COPULA_CLOSURE_20260730.md; Agent 4 - Deterministic Gaussian Mixture and Transport Propagation.md,Open conditional on M192,Full rollout pending,Latent joint-state realizability,2026-07-30 v29 late-agent audit
T93,Exact generic separation-rank theorem,Network-adaptive tensor integration,Continuous-input tensor-train obstruction,"Across a balanced Cartesian input cut, the cross-Hermite matrix of a generic width-256 shallow ReLU ridge sum has rank 128 almost surely; a query budget below 27.2B supports only black-box TT ranks about 2-3.",Close Cartesian and ordinary rotated functional TT/HT as primary competition routes; covariance participation-ratio collapse does not imply low functional tensor rank.,WHestBench_Agent5_Tensor_Network_Integration_Report_20260730.md,Theorem / economic closure,Proof / analytic,Tensor-network integration,2026-07-30 v28 agent synthesis
T94,Exact finite-field support theorem,Network-adaptive tensor integration,Kerdock-index nonlinear Walsh densification,"A scalar first-layer Kerdock preactivation has exactly 256 Walsh atoms, but its square has exactly 32,641 nonzero sign-even frequencies out of 32,768 because every nonzero derivative of the Kerdock vector quadratic is surjective.",Strongly predicts immediate QTT-rank growth but dense support alone is not a rank theorem. Retain one direct rank audit.,WHestBench_Agent5_Tensor_Network_Integration_Report_20260730.md,Theorem complete / rank implication pending,Proof / finite-field analytic,Tensor-network integration,2026-07-30 v28 agent synthesis
M189,Existing-array oracle and legal gate; not yet run,Network-adaptive tensor integration,Direct final-output Kerdock-index QTT audit,"Use stored 65,536 chirp-node arrays to measure TT/QTT rank curves, first-layer |z| and ReLU matricization ranks, common-output pivots and legal cross reconstruction under 1,024-10,240 queried nodes.","One cheap falsifier only. Close if scalar ranks exceed about 12-16, common output pivots exceed budget, or complete mean/score gate fails.",WHestBench_Agent5_Tensor_Network_Integration_Report_20260730.md,Open bounded audit,Existing-array diagnostic pending,Tensor-network integration,2026-07-30 v28 agent synthesis
T95,Exact generic-density and rotation theorem,Compositional polynomial chaos,Coordinate-sparse PCE obstruction,"For generic dense continuous weights, every coordinate of each allowed nonzero Hermite tensor degree is nonzero almost surely after one ReLU ridge layer; coordinate/ANOVA support sparsity is rotation-unstable.","Close conventional sparse global multi-index and low-interaction-order PCE. Any viable chaos representation must be tensorial, directional and compositional.",AGENT6_SPARSE_HIGH_DEGREE_POLYNOMIAL_CHAOS_REPORT.md; AGENT6_THEOREM_APPENDIX.md,Theorem / scoped closure,Proof / analytic,Compositional chaos,2026-07-30 v28 agent synthesis
T96,Exact positive-homogeneity transfer identity,Compositional polynomial chaos,Radius-weighted directional-measure recursion,"For h_l=r_l s_l, the weighted directional measure obeys nu_{l+1}(phi)=nu_l(q_{l+1} phi o F_{l+1}). The degree-10 expectation reduces to contractions of six normalized homogeneous tensor orders against legal backward query tensors.","Creates a precise contracted expectation engine, but no finite ordinary-moment closure or low-rank legal recurrence is established.",AGENT6_SPARSE_HIGH_DEGREE_POLYNOMIAL_CHAOS_REPORT.md; AGENT6_THEOREM_APPENDIX.md,Theorem complete / algorithm open,Proof / analytic,Compositional chaos / adjoint harmonic,2026-07-30 v28 agent synthesis
M190,Scoped ceiling plus remaining engine gate,Compositional polynomial chaos,Environment-weighted degree-10 contraction audit,"Corrected harmonic spectrum gives residual energy above degree5≈0.399 and above degree11≈0.2532. If M190 only integrates degrees6-10 exactly, its zero-cost standalone gain is at most0.399/0.2532≈1.58x.",Demote as a standalone estimator. Retain only as a contraction/compression engine inside M192/M188 or for theorem value; that broader role is not bounded by the low-band calculation.,Pasted text(67).txt local spectrum analysis; Agent6 reports,Standalone demoted / engine open,Scoped analytic bound,Compositional chaos / adjoint harmonic,2026-07-31 v30 local-results audit
M191,Cross-agent canonical reconciliation,Out-of-box path synthesis,"Latent realizability, contraction engines and bounded falsifiers",Agents1/2 merge into one conditional-covariance latent-law program; pairwise sign matrices are closed as states. Agent6 supplies a possible environment-weighted contraction engine. Agent5 closes broad TT and retains one Kerdock-QTT rank falsifier.,No deployable candidate. Primary=M187 then M188; secondary=M190; cheap tertiary=M189. Direct late innovation remains a separate dormant identity hedge.,AGENT1_LATENT_VARIABLE_COPULA_CLOSURE_20260730.md; AGENT2_ORTHANT_SIGN_KERNEL_REPORT_20260730.md; WHestBench_Agent5_Tensor_Network_Integration_Report_20260730.md; AGENT6_SPARSE_HIGH_DEGREE_POLYNOMIAL_CHAOS_REPORT.md,Canonical synthesis,Cross-agent reviewed,V28 synthesis,2026-07-30 v28 agent synthesis
T97,Exact algebraic and information nonclosure theorems,Characteristic-function closure,Selected low-dimensional characteristic functions are not recursively closed,"A dense linear map followed by coordinatewise ReLU turns one Fourier character into orthant-dependent local characters. All coordinate-pair characteristic functions, and more generally any finite collection of one- or two-dimensional projection CFs, can agree while a downstream ReLU functional differs.",Close standalone uni/bivariate or finite selected-direction Fourier propagation. Spectral methods survive only inside a coherent latent joint distribution or as local downstream contractions.,agent_3_characteristic_function_fourier_closure.md,Theorem complete,Proof / analytic,Characteristic functions / latent state,2026-07-30 v29 late-agent audit
T98,Exact analytic construction,Conditional Gaussian mixture,Tied-covariance latent Gaussian-mixture recurrence,A positive K-component mixture with one shared full covariance preserves the approximate law's global mean and covariance exactly after componentwise Gaussian-ReLU integration and one shared covariance transform; state remains PSD and component count fixed. K=1 is exactly Gaussian closure.,Cheaper primary deployable mixture family. Nontrivial legal initialization is essential and conditional covariance dependence may still be required.,Agent 4 - Deterministic Gaussian Mixture and Transport Propagation.md,Theorem complete / empirical accuracy pending,Proof / analytic,Latent joint-state realizability,2026-07-30 v29 late-agent audit
T99,Exact fan identities plus scoped generic theorem,Activation-fan integration,Facet-current representation and generic failure of exact map merging,"The Gaussian mean of a homogeneous PWL network is a sum of region affine maps times cone first moments, equivalently output-weighted gate-facet currents. Distinct feasible live activation histories have distinct affine maps almost surely under continuous weights.","Close ordinary exact BDD/ZDD or affine-map-equality compression. Retain only low-normal-rank, output-weighted, certified facet compression.",WHestBench_Agent7_Polyhedral_Cone_Activation_Fan_Compression_20260730.md,Theorem/scoped closure,Proof / analytic,Activation fan / boundary geometry,2026-07-30 v29 late-agent audit
T100,Exact architecture-valid counterexample,Transcript observability,Finite baseline-output transcript blind spot,"For any finite antipodal design, a bias-free ReLU network can vanish at every design node yet have positive Gaussian mean. Therefore every measurable recombination of existing baseline output values—including nonlinear jackknives, Walsh transforms, norms, ratios and U-statistics—can be identical for networks with different targets.","Close universal exact identities based solely on the finite baseline output transcript. Full weights, boundary geometry and average-case learned algorithms remain outside scope.",WHestBench_Agent8_Nonlinear_Late_Innovation_Identities_and_Obstructions_20260730.md,Theorem complete,Proof / constructive counterexample,Late innovation / observability,2026-07-30 v29 late-agent audit
T101,Exact distributional identity,Activation-boundary integration,Boundary-Stein decomposition for homogeneous CPWL functions,"For homogeneous piecewise-linear g, E|g(X)| = E[sign(g) Delta g] + 2E[delta(g)||grad g||^2]. For a deep preactivation, Delta g is supported on inherited upstream ReLU boundaries, so final-gate density or local flux alone is incomplete.","Any exact late-innovation identity must evaluate or cancel all-ancestor boundary mass, not merely final near-zero statistics.",WHestBench_Agent8_Nonlinear_Late_Innovation_Identities_and_Obstructions_20260730.md; agent_10_automated_nonlinear_estimator_identity_synthesis.md,Theorem complete / computation open,Proof / distributional analytic,Late innovation / boundary geometry,2026-07-30 v29 late-agent audit
T102,Exact generic quotient theorem,Full-weight equivariant learning,Complete weight quotient and zero full-weight Bayes error,The Gaussian integral factors through a generic quotient removing input rotations and positive hidden gauges while retaining layerwise permutation covariance. The complete realized weights therefore determine the signed target; historical learning failures cannot be promoted to an information-theoretic impossibility.,Full-weight learning is mathematically open but empirically very unlikely. Any test must use an exact quotient and predict a coordinate-free output correction.,AGENT9_FULL_WEIGHT_EQUIVARIANT_NEURAL_OPERATOR_REPORT_20260730.md,Theorem complete / empirical route deferred,Proof / analytic,Full-weight learning / observability,2026-07-30 v29 late-agent audit
M188,Dormant pending the final M192 special case,Analytic closure,Legal 32-layer rollout of compact latent state,No compact mixture state currently survives both representation and evaluation economics. The K1536 heteroscedastic representation is accurate but uneconomic; Taylor and low-rank evaluation shortcuts fail.,Run only if an independently reproduced tied/shared-covariance M192 rung passes both closure and cost. Otherwise archive without rollout.,Pasted text(68).txt; M192 synthesis,Dormant / conditional,Canonical synthesis,Legal rollout,2026-07-31 v31 final local audit
M192,Mostly closed; one special shared-covariance rung remains,Conditional Gaussian mixture,Compact joint-modulation mixture ladder,"A high-accuracy heteroscedastic mixture is reported at K=1536 with delta≈1.781e-3, but all tested evaluation routes fail economics: exact componentwise evaluation caps near K≈100; first/second-order shared-reference Taylor error is mean-offset dominated; low-rank Hermite/direct variance extraction needs rank128 and degenerates to n^3. The exact tied-covariance/shared-correlation K<=64 recurrence has not been independently isolated from these closures.",Close the general heteroscedastic/full-covariance evaluation program. Permit one independently reproduced tied/shared-covariance exact recurrence test that exploits reusable correlation structure; otherwise close M192.,Pasted text(68).txt final local writeup; Agent4 tied-covariance theorem,Mostly closed / one final rung,Local empirical + analytic cost squeeze,Latent joint-state realizability,2026-07-31 v31 final local audit
M193,Open bounded diagnostic; covariance-rank warning added,Activation-fan integration,Output-weighted boundary-normal rank and gate-current localization,"Local covariance spectrum shows apparent late participation-ratio collapse is misleading: at an early layer, rank32 captures about46% and rank128 about93%; the sharp collapse is mainly late. These are activation-covariance ranks, not boundary-normal ranks.",Do not infer a low-normal-rank fan from participation ratio. M193 remains unanswered and should run only as the declared output-weighted boundary-normal/gate-current audit.,Pasted text(67).txt local rank analysis; Agent7 report,Open bounded diagnostic,Local warning only,Activation fan / boundary geometry,2026-07-31 v30 local-results audit
M194,Highest-upside untested class escape after M192 replication,Nonlinear late innovation,Weight-coupled cubic Walsh/boundary bispectrum,The final mixture evaluation closures do not touch the proposed weight-coupled activation-boundary phase primitive. Static LORO and low-band arguments remain out of scope.,"Promote to the leading mathematical escape if the final tied-covariance M192 rung fails. Still allow exactly one algebraically fixed, symmetry-valid kernel with a grouped covariance gate.",Pasted text(68).txt final mixture closure; Agent8 report,Open one-shot / conditional primary,Scope-preserving synthesis,Late innovation / nonlinear phase,2026-07-31 v31 final local audit
M195,Tested feature class closed; full quotient learner deferred,Full-weight equivariant learning,Weight/state-aware LORO feature test and quotient-operator hedge,"Local test used29 weight/state-aware features over25,600 network-neuron observations with leave-one-network-out validation: R2 ranged about-0.018 to-0.002, sign performance was chance, and MSE was worse. This closes that feature dictionary.",It does not close the unrestricted exact-quotient neural operator from T102. No more handcrafted feature expansion; full QERNO remains deferred unless anchored by a substantially better analytic estimator.,Pasted text(67).txt local weight-aware test; Agent9 report,Tested subclass closed / broad class deferred,Grouped local empirical,Full-weight learning / observability,2026-07-31 v30 local-results audit
M196,Superseded canonical synthesis,Late-agent audit,V29 synthesis,"V29 integrated Agents3,4,7,8,9,10 before the local hybrid and mixture experiments were available.",Superseded by M204/V30. Preserve as historical cutoff.,V29 ledger and memo,Superseded,Canonical history,V29 synthesis,2026-07-31 v30 local-results audit
T104,Exact estimator identity plus metric correction,Hybrid structured residual,Complete-block residual variance is the correct hybrid gate,"For an anchor g with known expectation and R sampled complete Kerdock blocks, the stochastic error is governed by Var_b[Q_b(f-g)]/R. Pointwise residual variance or rowwise R2 need not predict this quantity.","All future control-variate, MLMC and surrogate gates must report complete-block residual variance and complete shared cost. Local rank128 changed from0.597 pointwise to0.949 blockwise.",Pasted text(67).txt Gate A; Agent5 structured residual form,Identity complete / empirically validated,Exact variance identity + local empirical,Hybrid estimation governance,2026-07-31 v30 local-results audit
T105,Scoped harmonic ceiling,Compositional polynomial chaos,Standalone exact degree-10 low-band ceiling,"With residual energy above degree5 about0.399 and above degree11 about0.2532, removing degrees6-10 exactly can improve the remaining design error by at most about1.58x before compute.",Closes degree-10 low-band integration as a standalone winning route. Does not close environment-weighted contractions used to compress a richer state.,Pasted text(67).txt corrected spectrum,Scoped theorem/measurement,Harmonic spectrum bound,Compositional chaos,2026-07-31 v30 local-results audit
M197,Completed local experiment,Hybrid sampled moments,Sampled-moment analytic-mean Edgeworth hybrid,Rows4096/16384/66048: direct MSE3.21e-6/6.43e-7/1.68e-7; Gaussian hybrid9.70e-5/8.72e-5/8.28e-5; +k3 5.34e-6/3.76e-6/3.71e-6; +k3+k4 3.01e-6/7.97e-7/2.73e-7.,"Fourth-order marginal closure is strong, but MSE times rows stays roughly constant and the chain variance is about1.20e-2 versus direct1.11e-2. Sampling moments from the same rows does not beat direct information economics.",Pasted text(67).txt hybrid.py,Closed tested architecture,Local empirical / same rows,Hybrid sampled-moment propagation,2026-07-31 v30 local-results audit
M198,Positive mechanism result,Hybrid structured residual,Smoothed-network complete-block residual Gate A,"Full smoothing gives genuine blockwise residual reductions: S_r/S_f≈0.0392 at alpha0.2, about0.064 at0.25, about0.242-0.249 at0.5, and0.553 at1.0. Rank128 anchor is about0.949 blockwise despite0.597 pointwise.",This is the first anchor family measured to preserve design cancellation. It is not a candidate until E[g] is obtained analytically or much more cheaply than E[f].,Pasted text(67).txt gateA.py / alpha scan,Mechanism passed / estimator unresolved,Local complete-block empirical,Hybrid control variate,2026-07-31 v30 local-results audit
M199,Completed matched-cost experiment,Hybrid structured residual,Honestly accounted smoothed-anchor hybrid,At matched cost: R8 direct@2R=1.278e-6 versus hybrid alpha0/0.1/0.2/0.35=2.973e-6/2.940e-6/3.038e-6/4.744e-6; R16 direct5.851e-7 versus1.630e-6/1.608e-6/1.713e-6/3.382e-6; R64 direct1.839e-7 versus4.739e-7/4.655e-7/6.549e-7/2.464e-6.,Closes the sampled-moment smoothed-anchor hybrid: uniformly about2-2.7x worse when anchor moments and both trajectories are fully charged. Earlier10.02x and5687x outputs were accounting artifacts and are quarantined.,Pasted text(67).txt honest.py and artifact audit,Closed / artifacts rejected,Matched-cost grouped local empirical,Hybrid control variate,2026-07-31 v30 local-results audit
M200,Completed local closure experiment,Hybrid analytic anchor,Purely analytic smoothed-network Gaussian closure,Layer16 closure error alpha0/0.25/0.5/1/2 =1.659e-2/1.668e-2/1.592e-2/1.204e-2/5.644e-3; layer29=1.360e-2/1.364e-2/1.309e-2/9.982e-3/5.268e-3. Required mild-smoothing error was about6.6e-4.,The tractability and residual regimes do not overlap: alpha<=0.35 preserves a useful residual but barely improves closure; alpha2 improves closure only2.6x and leaves residual ratio about0.805. Close this smoothed-anchor family.,Pasted text(67).txt anchor_closure.py,Closed tested family,Local empirical,Hybrid analytic anchor,2026-07-31 v30 local-results audit
M201,Partial oracle ladder result,Conditional Gaussian mixture,Full covariance mixture K sweep,"K32 improves sigma closure by3.08x at layer16 and3.82x at layer29, reaching5.33e-3 and3.58e-3 respectively; mean reported about4.8e-3 against3e-3 gate. K64-128 projected dense transforms exceed or pressure the0.1 compute floor.","Real copula mechanism, but full-covariance K32 fails and naive scaling is uneconomic. Use as a bracket for tied/shared-low-rank covariance modulation.",Pasted text(67).txt covmix.py,Partial fail / mechanism positive,Local oracle empirical,Latent joint-state realizability,2026-07-31 v30 local-results audit
M202,Oracle representation bracket,Latent joint-state,Location-latent rank sweep,"Reported layer29 sigma error r32=2.37e-3 and r64=8.6e-4; mean r64 about1.96e-3, passing the3e-3 representation gate. Marginals recover only about5-11% of the gain, so useful information is89-95% joint/copula.",Proves a sufficiently rich latent state can represent the missing geometry. Current particle realization is not economically deployable; seek deterministic/analytic compression rather than more particles.,Pasted text(67).txt local latent comparison,Oracle pass / implementation negative,Local oracle empirical,Latent joint-state realizability,2026-07-31 v30 local-results audit
M203,Completed tested-feature experiment,Full-weight observability,Weight/state-aware leave-one-network-out predictor,"Twenty-nine features,25,600 network-neuron observations: leave-one-network-out R2 about-0.018 to-0.002, sign at chance, and worse MSE.",Close this handcrafted weight/state feature class. Do not label the complete quotient function information-theoretically closed.,Pasted text(67).txt local priority review,Closed tested subclass,Grouped local empirical,Full-weight learning / observability,2026-07-31 v30 local-results audit
M204,Superseded canonical synthesis,V30 synthesis,Hybrid closures and narrowed analytic frontier,"V30 stopped before the final direct-evaluation, official-harness and root-estimator results.",Superseded by M211/V31. Preserve as historical cutoff.,V30 ledger and memo,Superseded,Canonical history,V30 synthesis,2026-07-31 v31 final local audit
T106,Mechanistic closure in tested expansion family,Conditional Gaussian mixture,Mean-spread obstruction to shared-reference Taylor evaluation,Re-centering second-order expansion from global covariance to pooled-within covariance reduced covariance offsets substantially (layer29 K64:0.574 to0.357) while error worsened from4.00e-3 to5.41e-3. The unchanged component-mean offsets dominate.,"Within the tested global/shared-reference Taylor family, increasing K necessarily spreads component means, so reference density must scale approximately with K. This closes first/second-order shared-reference approximations, not arbitrary non-expansion algorithms.",Pasted text(68).txt pooled-within experiment,Scoped closure,Local empirical + mechanism,Mixture evaluation,2026-07-31 v31 final local audit
T107,Rank-cost squeeze in tested direct family,Conditional Gaussian mixture,Low-rank Hermite/direct next-variance evaluation,"Affordable rank from the stated5.7e5 FLOP/component budget is r<=4.4. Measured next-variance errors at layers16/29: r4=0.216/0.174, r16=0.0544/0.0400, r64=0.00673/0.00376, r128=0.000786/0.000223. Only r128 meets the1.5e-3 gate.","For the tested low-rank factorization, required r128 makes2n^2r approximately n^3, eliminating the shortcut. This is not an information-theoretic lower bound for every structured diagonal algorithm.",Pasted text(68).txt rank sweep,Scoped closure,Local empirical + cost identity,Mixture evaluation,2026-07-31 v31 final local audit
M205,Completed reference-centering experiment,Conditional Gaussian mixture,Pooled-within covariance Taylor expansion,"At layer16 K64, covariance offset norm fell0.586 to0.476 while second-order error changed5.39e-3 to5.58e-3. At layer29, offset fell0.574 to0.357 while error changed4.00e-3 to5.41e-3.",Closes pooled-within recentering and supports mean-offset domination of the shared-reference expansion error.,Pasted text(68).txt Gate2 recentering,Closed tested construction,Local empirical,Mixture evaluation,2026-07-31 v31 final local audit
M206,Completed direct diagonal evaluation audit,Conditional Gaussian mixture,Hermite plus low-rank covariance extraction,Rank sweep requires r128 for the next-layer variance error gate; r4 is17-22% error and about145x over the1.5e-3 budget. At r128 the claimed cost2n^2r≈1.7e7 equals n^3≈1.68e7.,Closes the tested low-rank Hermite/direct-diagonal shortcut. Exact componentwise evaluation remains the same order.,Pasted text(68).txt direct/Hermite audit,Closed tested construction,Local empirical + cost accounting,Mixture evaluation,2026-07-31 v31 final local audit
M207,Final local mixture evaluation synthesis,Conditional Gaussian mixture,Accuracy-representation-evaluation squeeze,Reported accurate representation reaches delta≈1.781e-3 at K=1536. Exact evaluation costs8.68e7 per component and caps aroundK100; first/second-order Taylor costs2.6e5 but fails from structural mean spread; direct/Hermite low-rank needs r128 and costs approximately n^3.,Strongly close the current heteroscedastic-mixture implementation program. Preserve only the tied/shared-covariance recurrence as a scope-specific exception requiring independent reproduction.,Pasted text(68).txt final table,Mostly closed / replication gate,Cross-method local synthesis,Mixture evaluation,2026-07-31 v31 final local audit
M208,Official-harness production benchmark,Shipping baseline,129-basis estimator on official Phase-1 Mini 100,Reported whest subprocess run: adjusted final-layer score1.4641716e-7; raw MSE2.2819432e-7; mean multiplier0.6427; effective compute1.748e11; estimator FLOPs1.70873e11 per MLP;0/100 failures. Local prediction2.2826e-7 matched raw MSE within0.03%.,Production baseline is end-to-end validated on the exposed official Mini split. Keep as the only runnable candidate while research continues.,Pasted text(68).txt; reported archived official_129basis_mini100_20260731.json,Production validated,"Official exposed harness, reported locally",Shipping baseline,2026-07-31 v31 final local audit
M209,Deployment incompatibility found,Shipping candidate hygiene,Root estimator.py under FlopScope0.9.1,Reported2/2 smoke-test failure with TypeError: dot() got an unexpected keyword argument 'out'; failures force multiplier1 and zeros-baseline score about0.83.,Quarantine root estimator.py from every submission and comparison path until ported and revalidated. It is not a statistical alternative in its current form.,Pasted text(68).txt root smoke test,Broken / quarantined,Official-like local runtime,Deployment,2026-07-31 v31 final local audit
M210,New robustness diagnostic,Shipping baseline,Official Mini per-network tail decomposition,Reported best raw/adjusted network error3.57e-8 and worst8.52e-7; the worst is about5.8x the mean and contributes roughly6% of total100-network loss.,Run a no-fit tail mechanism audit across all exposed development networks. Promote only a network-independent mechanism that reduces grouped tails without harming mean score; do not tune to the single worst network.,Pasted text(68).txt official per-MLP summary,Open diagnostic / low upside,Exposed official Mini,Robustness,2026-07-31 v31 final local audit
M211,Canonical final-local reconciliation,V31 synthesis,Mixture evaluation closure and official baseline validation,"Final local work closes shared-reference Taylor and low-rank direct evaluation, validates the shipped baseline end-to-end, quarantines the root estimator, and identifies a heavy official-Mini tail. The local author explicitly requests independent reproduction after multiple self-corrections.","No deployable improvement. Independently reproduce M205-M208, run one exact tied/shared-covariance exception, then promote M194 as the leading mathematical class escape. Keep M189/M193 as cheap bounded falsifiers.",Pasted text(68).txt plus v30 ledger,Canonical synthesis,Cross-result reconciliation,V31 synthesis,2026-07-31 v31 final local audit
