case_id,base_id,variant,split,orientation,orientation_seed,mse,mse_nc,ratio,ratio_nc,correction_norm,error_correction_ip,correction_cosine,oracle_scale,oracle_scale_mse,p1_p2_cos,c1_c2_cos,c2_p2_cos,p2_norm,c2_norm,nested_rel,first_layer_relerr,p2_common_cos,p2_consensus_cos
1363462:0,1363462,0,development,0,1005,1.1024189569002137e-07,9.434658621170339e-08,0.6138068168256059,0.5763092578176675,0.0038920627990079535,2.1067596874079123e-05,0.7285013367427399,1.3907700238129939,1.0120618752787472e-07,0.866132768224934,0.5983434647209634,0.7063635964003622,0.001280083983238734,0.007056273959382413,1.1930934098717987,0.011716311476013454,0.5042125482029306,0.9264556988552388
1363462:0,1363462,0,development,1,1007,1.3888892738294843e-07,1.2299361790463046e-07,0.7733082769998745,0.7512975667383992,0.0038697870232663675,1.7314326204394372e-05,0.6021625247681529,1.1561960133012905,1.3746176282368501e-07,0.5931225830159167,0.9318976187448813,0.3345056042023587,0.0008444408165585712,0.010569602176543761,0.8586314478710791,0.01133925721241653,0.5619261389832905,0.6708081488744942
1363462:0,1363462,0,development,2,1011,9.931909832128578e-08,8.342378884296782e-08,0.5529906684659441,0.5095881447638927,0.005008361751374369,2.743348223788099e-05,0.737191705382202,1.0936782046723543,9.845923676384532e-08,0.5313701740869898,0.9207337256526604,0.37280846715117577,0.000726046896959074,0.012198138817578653,0.7008163888049727,0.011262092187166377,0.48647303292154026,0.48098940533345247
1363462:0,1363462,0,development,3,1013,2.3038539306141333e-07,2.1449008358309536e-07,1.2827439502289164,1.310197070635391,0.0030233567719517265,2.685495880083457e-06,0.11954468821921775,0.2937958737439828,2.1257804142522073e-07,0.6534071426100556,0.6433828703594404,0.4963230698886022,0.001113398967551079,0.008842276789103421,0.9614773271832171,0.012103868445590887,0.4176458885127358,0.79405894470608
1363462:0,1363462,0,development,4,1019,1.103097373908798e-07,9.441442791256183e-08,0.6141845470722722,0.5767236639116313,0.005339669275631625,2.7740870707220553e-05,0.6991991985660345,0.9729518999943902,1.1022825527848716e-07,0.6247218331324143,0.20121282125108983,0.6860444455639029,0.001259594285167217,0.006830376963191186,1.3791329140649187,0.012013225685593645,0.4412181301714903,0.9143805468786369
1363462:0,1363462,0,development,5,1021,8.292964475735449e-08,6.703433527903652e-08,0.46173717306275935,0.4094743600608411,0.0046777655377325715,2.793023379074901e-05,0.8035840600291642,1.2764319635907297,7.639813692307727e-08,0.6945546515932074,0.6019407076120884,-0.22587637563998333,0.0007842809003278208,0.005567358948832411,1.4698275871208972,0.011606696086162977,0.4538042997061172,0.8837845986505654
1363462:0,1363462,0,development,6,1031,2.859976482269301e-07,2.7010233874861214e-07,1.5923828684095385,1.6499004853205748,0.002676272744589389,-5.421997964640516e-06,-0.27266172092623014,-0.7570047555668783,1.9962690613076378e-07,0.8441168919697096,0.31926389244924025,0.24895895629415266,0.0009948812180526508,0.005301968447586152,2.131694587985941,0.011466599487261253,0.4059356001156459,0.8993596283311923
1363462:0,1363462,0,development,7,1033,2.450817801508326e-07,2.2918647067251463e-07,1.3645707595533672,1.399968881955616,0.0019875349447618495,-1.7908371742902863e-06,-0.12126529294245907,-0.45334262460762953,2.1248868511150025e-07,0.807518350728067,0.8934274707778577,0.5049283689248647,0.0010105109226200728,0.0121696238747357,0.7180251441945208,0.012458695808275327,0.24449549390983408,0.5589136762032404
1363462:1,1363462,1,development,0,1005,1.439158566345245e-07,1.280205471562065e-07,1.525808490615888,1.632379226061483,0.0031638806200877767,5.56492656841331e-06,0.2854722015160133,0.5559289127817943,1.3620495421956278e-07,0.7749962510697749,0.9508431130346308,0.9031610126993208,0.0011298565470587373,0.01078453947109578,0.4198646237100388,0.0131061132956903,0.44546070955101674,0.5382640709314755
1363462:1,1363462,1,development,1,1007,1.4269963866073825e-07,1.2680432918242028e-07,1.51291404135756,1.6168713330015603,0.0023946182456583277,3.58263045119369e-06,0.24282321237701002,0.6247833370687645,1.3954610956373573e-07,0.8811252570722764,0.9644678724516151,0.9379273739305541,0.0013675423403397904,0.013889803508302422,0.6348867875847837,0.011295226123361413,0.4669787003967797,0.6625300937388142
1363462:1,1363462,1,development,2,1011,1.4698759276533156e-07,1.3109228328701358e-07,1.5583753055515026,1.6715466750316372,0.004707291553866777,1.1245970941138916e-05,0.3877486850041521,0.5075218696769678,1.2599451429186494e-07,-0.01948768577175247,0.4604641348861564,0.8316907266282307,0.0009205568399677584,0.010695147810240604,1.0533402065611286,0.011630395203383107,0.29043830466128245,0.6437663210295136
1363462:1,1363462,1,development,3,1013,1.1184969026574507e-07,9.59543807874271e-08,1.1858401921174442,1.2235062365095928,0.003873115631637963,1.216483792255223e-05,0.5097653810531779,0.8109337974601745,1.0975505330107014e-07,0.6061970664991879,0.24149374252777037,0.7730912092901499,0.0007738545528377082,0.009484509376129123,1.4984763233084215,0.011939118318633531,0.261885733095078,0.22512212437114032
1363462:1,1363462,1,development,4,1019,1.4477972556762935e-07,1.2888441608931137e-07,1.534967304548796,1.6433943461477893,0.002928462132695306,4.737226287206967e-06,0.26254816813421117,0.5523888519623182,1.3806789401101908e-07,0.5157544778641611,0.7451396868932408,0.7889097056400934,0.0008200169979254251,0.00979358491086325,0.8665568922757008,0.011828282402884258,0.44958162964508985,0.5707331867257293
1363462:1,1363462,1,development,5,1021,1.4401332907406094e-07,1.2811801959574297e-07,1.5268419019391688,1.633622088937383,0.0027851886359391534,4.4260176759511734e-06,0.2579188026857412,0.5705634072544403,1.384251880130402e-07,0.5668646871518229,0.665154379763299,0.8943661637489914,0.0010281601274024373,0.009029158541294616,1.0698675387207042,0.011052409464910847,0.5270557296933222,0.8834023765501414
1363462:1,1363462,1,development,6,1031,1.4935828471818315e-07,1.3346297523986517e-07,1.583509588839561,1.7017751686694917,0.004583407103460161,1.0367035822645683e-05,0.3671052878992594,0.4934892905061455,1.283052761887854e-07,0.617063029670905,0.8800019661685885,0.9016918156518513,0.0011879607033897068,0.01403451970420357,0.5584826750617747,0.011547470151230246,0.3200249718714446,0.6108777860254025
1363462:1,1363462,1,development,7,1033,1.1035537217072515e-07,9.446006269240719e-08,1.1699973010672067,1.204452312201162,0.0029518258453371947,9.212236201296272e-06,0.5065225776315087,1.057264384869074,1.1024376022056647e-07,0.3948056303553898,0.39124873165294716,0.685693660555469,0.0007026120162971134,0.006272099216574244,1.8461917890707589,0.011674697027933218,0.6014634681510732,0.8213130503743782
1363462:2,1363462,2,development,0,1005,1.01293696561922e-07,8.539838708360404e-08,0.7317525862433557,0.6969542001102035,0.002787139823155465,4.491845204359901e-06,0.3093194835346337,0.5782388513502074,9.589597235680099e-08,0.4445637262098721,0.8027015935854587,0.5975556986678282,0.0007496015691593413,0.009331900395429105,0.9697597448898481,0.01126409803809501,0.4007811326797644,0.4866834652185778
1363462:2,1363462,2,development,1,1007,1.0170118836492825e-07,8.580587888661027e-08,0.7346963348757349,0.7002798264283872,0.004038132465272639,8.708868960210105e-06,0.41392575176407526,0.5340730129835677,8.787326738083604e-08,0.7348435746755445,0.7565933804859434,0.6066779101453964,0.0007844752235115167,0.008913587174960118,0.745836102303607,0.012298600075777462,0.47151194923212064,0.5863335982145452
1363462:2,1363462,2,development,2,1011,1.0953718504367013e-07,9.364187556535215e-08,0.7913041103848303,0.7642310435860622,0.004665069151144512,1.0434039574266514e-05,0.4292750479544421,0.47944225580490035,8.650081587542613e-08,0.608928754372262,0.7172746638785881,0.6527505809861388,0.0008701673939722715,0.007966794490789542,1.0727606367144726,0.011649519344922194,0.4300491673740869,0.7367478445673972
1363462:2,1363462,2,development,3,1013,7.357562019470579e-08,5.768031071638782e-08,0.5315153083491463,0.4707411485194938,0.003168566181783911,9.175590606626626e-06,0.555792263294718,0.9139205921397402,7.32850278684094e-08,0.7806652798205915,0.9140407847233296,0.8134536533426431,0.0011304480851044188,0.012929109049923615,0.5563145088275024,0.012125406277463575,0.647165493810501,0.469159577103484
1363462:2,1363462,2,development,4,1019,1.327104955689444e-07,1.1681518609062643e-07,0.9587096892534398,0.9533533051720627,0.0024731295310101735,-3.553944268714041e-07,-0.027580682028606928,-0.05810545235662363,1.0596124211255665e-07,0.8684538876316736,0.9497262584826821,0.7792073458083179,0.0010065881526115136,0.012167896348996598,0.4232005948838021,0.011469674594898803,0.19970641367024783,0.46121022474540097
1363462:2,1363462,2,development,5,1021,1.4158103738946996e-07,1.2568572791115199e-07,1.0227910895662558,1.025747662843198,0.002174209964526803,-2.1854141335518917e-06,-0.19291834039813693,-0.4623073347588913,1.0209529434111704e-07,0.17526102407162936,0.684143990917011,0.8813430444549981,0.001336576445304692,0.013140898080968614,0.7474143900688891,0.011914460701105856,0.6796336130956036,0.6605690816493018
1363462:2,1363462,2,development,6,1031,1.1608193386290318e-07,1.001866243845852e-07,0.8385838231146278,0.8176441153547974,0.003197544153997912,3.827020941307897e-06,0.2297129822116696,0.3743068182789935,1.0044628243251811e-07,0.7191045011503655,0.9150896980124059,0.7800262554529103,0.0010486933896866407,0.009583097872397018,0.6775450731667405,0.012969633447305506,0.5443010866215914,0.7115190669417689
1363462:2,1363462,2,development,7,1033,1.0955187254662987e-07,9.365656306831189e-08,0.7914102139099364,0.7643509113871589,0.0027575490930616055,3.3527629817302353e-06,0.23335700989277286,0.44091649538081945,1.0026734308986446e-07,0.6602084787164644,0.7807871227698449,0.607780322175354,0.0008188972116464196,0.0077766151970209176,0.8566387706921343,0.011865348351092818,0.5664050785131919,0.7077545328679914
1650126294:0,1650126294,0,development,0,1005,2.0877926024204994e-07,2.0430571648854807e-07,0.9184424111444695,0.9168051701789074,0.00411324553428091,6.055498183947266e-06,0.21109104396474612,0.3579155840575597,1.8153258201293214e-07,0.44167939580755483,0.5510435371553571,0.7565101585685751,0.0009101342111240323,0.0074674997640493766,1.050014087094061,0.011071175534118642,0.50739767820632,0.8355045139284822
1650126294:0,1650126294,0,development,1,1007,3.1084392060167374e-07,3.0637037684817183e-07,1.3674358247845764,1.3748119744843674,0.008482989304925477,2.0512381019013875e-05,0.3467142725970423,0.2850481561234974,1.6715891319298923e-07,0.2606673570719607,0.46477216511470826,0.8855913169725727,0.0013017432703717965,0.015011674989420498,0.9560478416655045,0.012248976219159336,0.21488081813972457,0.5112823708016906
1650126294:0,1650126294,0,development,2,1011,2.0649669942445471e-07,2.0202315567095284e-07,0.9084011807154241,0.9065623654508448,0.0053606724398861435,1.2256676059836222e-05,0.32783702618398575,0.42651485961884844,1.6957829568563502e-07,0.6975789454776958,0.5538619178968478,0.7682567379551857,0.0009431579345202954,0.009954918535124343,0.9322662964139454,0.01161819062953505,0.4348374582928318,0.5784351677175236
1650126294:0,1650126294,0,development,3,1013,1.610787765770639e-07,1.5660523282356202e-07,0.708602855341678,0.7027531563844474,0.0039446125852476985,1.1481749904271374e-05,0.41735756624564707,0.7379031611065117,1.5690343209054715e-07,0.7010121253432605,0.8241364248030179,0.7908318034645395,0.0009730530631102164,0.011403951735332804,1.245765796436712,0.012434387355711264,0.2993570482847581,0.2684730820410373
1650126294:0,1650126294,0,development,4,1019,2.260866639319592e-07,2.2161312017845732e-07,0.994579540652362,0.9944707267673434,0.004692951748883849,6.392654157674372e-06,0.19531683813777834,0.2902612303352085,1.827506191549265e-07,0.7158340951617232,0.6521576952803355,0.792017696893074,0.0009703749014381094,0.008379035316819057,1.1329243060087333,0.010320813874022563,0.5926298321489755,0.7638426301089136
1650126294:0,1650126294,0,development,5,1021,1.826995481800706e-07,1.7822600442656872e-07,0.8037149540187567,0.7997745982196538,0.0031278192388197556,5.825933510604722e-06,0.26707205100366566,0.5955006373671714,1.7644668377247706e-07,0.7675024161009641,0.9110786929498648,0.9474795344246723,0.0018699151854340219,0.023223811378693567,0.4195764091339442,0.011926851958982574,-0.04614336440599255,0.3805385861034193
1650126294:0,1650126294,0,development,6,1031,3.1248154320721617e-07,3.0800799945371427e-07,1.3746399026830962,1.3821606718060466,0.007304508508063548,1.1000133823952426e-05,0.21592927857980784,0.20616548979567353,1.8114003979275505e-07,0.6959095461299689,0.7621546152099518,0.8588915631948445,0.0011558955781461424,0.011245257430103113,1.3232484074116078,0.011652535939394063,0.5352734115686534,0.6926614264214433
1650126294:0,1650126294,0,development,7,1033,2.1427897287172246e-07,2.0980542911822059e-07,0.9426362382628433,0.94148468018011,0.00527232619537759,1.079085230994064e-05,0.29346616787464025,0.3881961328494446,1.7363566807698695e-07,0.6384247920447611,0.8025176433099266,0.7255950693625036,0.0008715873970555535,0.009244618960544211,1.1830322103006385,0.010360385574105624,0.46885264903387736,0.6012727916058536
1650126294:1,1650126294,1,development,0,1005,1.5074824165645056e-07,1.4627469790294868e-07,1.127785330967429,1.1322100989807147,0.0037243548330293786,1.87246824419828e-05,0.6376357252614923,1.349933449990234,1.4411336194074163e-07,0.8022842748025,0.5021016905213243,0.6761858410964726,0.0010940143441796203,0.014085373930275098,1.0018623869894916,0.012240641800692651,0.09361257385828509,0.7395081182206903
1650126294:1,1650126294,1,development,1,1007,2.690768217217254e-07,2.646032779682235e-07,2.0130310583169235,2.0481088515923345,0.003135298503757244,1.5582630863036227e-06,0.06303345598737245,0.15851960897688624,2.4188703347884545e-07,0.7439460079292113,0.6394016457347809,0.6387852366313787,0.001139734099991207,0.0071266723208992504,1.8973175102130238,0.01173325957725368,0.7209121314756709,0.6663387791931931
1650126294:1,1650126294,1,development,2,1011,2.716042567124196e-07,2.671307129589177e-07,2.0319394321470785,2.0676719575977205,0.004197999574822912,5.131303268770204e-06,0.15502242431587435,0.2911675032630882,2.3701573072051948e-07,0.5974858108757009,0.7742962300249504,0.7631452208392796,0.0012418162876476427,0.016700681259101388,0.763514451332726,0.01165034567592816,0.26266829933615166,0.622729278537283
1650126294:1,1650126294,1,development,3,1013,2.542302765072267e-07,2.497567327537248e-07,1.9019603371962446,1.9331921321062202,0.002164553180335211,8.862177551775322e-07,0.05192558739093213,0.1891489462088985,2.4219714324688956e-07,0.8384114668617648,0.8903847085242417,0.754683550875896,0.0013030126842837474,0.009281219057556831,0.8100167460636236,0.011510898191127623,0.6051471638981338,0.6273922163351248
1650126294:1,1650126294,1,development,4,1019,2.572235520334672e-07,2.527500082799653e-07,1.9243537806815167,1.956360983783425,0.0040240918712058866,6.257090946522062e-06,0.19720313367490086,0.3863996221055172,2.3340764940816746e-07,0.7176150385297393,0.9157838930980821,0.6330476843509806,0.001128200862743877,0.011450402731528163,0.7246480377095587,0.01219679122903663,0.3845556748345,0.8779240433517548
1650126294:1,1650126294,1,development,5,1021,1.3549118973810565e-07,1.3101764598460378e-07,1.0136435064376863,1.0141159343010215,0.0051219149371463935,2.6859181938057998e-05,0.6650735113949164,1.023830487682921,1.3543299407539302e-07,0.7721067678433942,0.8385924553022283,0.8396897640989928,0.0014130724585727328,0.009467225628982808,0.8050371137308385,0.011199300831839388,0.6835173970718236,0.6310283200923608
1650126294:1,1650126294,1,development,6,1031,1.6893372123469082e-07,1.6446017748118895e-07,1.263835455861669,1.2729711733734455,0.003173001729148343,1.449550158140287e-05,0.5793915679386274,1.4397683756577606,1.6132785570119953e-07,0.75907170525196,0.8964191742438794,0.5699805983435294,0.0008593442179586608,0.013121557384826087,0.5947786683480243,0.011309298340311328,0.1592070798363692,0.6753602641412048
1650126294:1,1650126294,1,development,7,1033,1.8232569596646549e-07,1.778521522129636e-07,1.3640241710945915,1.3766290804071688,0.003795109701168062,1.4948787651096157e-05,0.4995636962357418,1.0379042840451485,1.8224486359903952e-07,0.6962554898637447,0.8880717514368006,0.6784265389318305,0.0011110339715972293,0.0141949926566655,0.9541367245112617,0.01199426737491652,0.44278485132984136,0.6666545592396133
1650126294:2,1650126294,2,development,0,1005,4.5123040016529003e-07,4.4675685641178813e-07,1.3187020671391656,1.3229238919045965,0.0046071673056899964,1.1128062557179827e-05,0.2237373726000182,0.5242658764906918,4.324650527494951e-07,0.6809653186204513,0.44032187726309624,0.7847780595537507,0.001260502612878158,0.009584151515038643,1.2283153239553113,0.011947431154343848,-0.21515947247630315,0.711595593588783
1650126294:2,1650126294,2,development,1,1007,5.530981095803779e-07,5.486245658268761e-07,1.6164062088175648,1.6245717002475752,0.002972750097418161,-8.10537796841084e-06,-0.25256189562330456,-0.9171839948778319,4.262148204257556e-07,0.5222384735375255,0.45017867119190474,0.6855198409341938,0.000953519105765404,0.013753149237221188,0.9995057817038939,0.011667830222812337,0.6839987267279316,0.5199895139237956
1650126294:2,1650126294,2,development,2,1011,2.918159238502941e-07,2.873423800967922e-07,0.8528198939267956,0.8508702089988742,0.004405045863592303,3.062233476436613e-05,0.6439332108150457,1.578110578215135,2.664831505967344e-07,0.9028311748674843,0.7896567255637653,0.6280658225568196,0.0010416997036416737,0.009828397672952491,0.6807779427928575,0.011851107216895682,0.32963470495721175,0.7514607199339938
1650126294:2,1650126294,2,development,3,1013,3.378772319661178e-07,3.334036882126159e-07,0.9874321501161407,0.9872656646572788,0.003572160360526017,2.1404437616021298e-05,0.5550419824151039,1.6774204286009522,3.150034220868217e-07,0.8812631205977633,0.9406695375565011,0.7252351101873244,0.0011207365451147981,0.013806847271581494,0.6979330922483936,0.011716824487784832,0.6782950469676614,0.6505995148940124
1650126294:2,1650126294,2,development,4,1019,2.602564184044556e-07,2.557828746509537e-07,0.760588552567543,0.7574170852878638,0.008484251702961767,6.095100041086243e-05,0.6654573908968415,0.8467471619244702,2.536524623425803e-07,0.8805727409069259,0.9231498384968947,0.8611971014737133,0.0015727300112481613,0.015030446109449204,0.4337277057272744,0.011780855342642244,-0.0902359521117871,0.6084218423638108
1650126294:2,1650126294,2,development,5,1021,2.6095500747776043e-07,2.5648146372425853e-07,0.7626301500634353,0.7594857276879405,0.00867215150218549,6.247342336830375e-05,0.6673004339844251,0.8306949914820352,2.525342073487125e-07,0.8994263428690655,0.9176122539545338,0.8183902335391283,0.001280735101184518,0.017350506080741495,0.5260300791279804,0.011296811206096925,0.8481272798275007,0.4813812087706225
1650126294:2,1650126294,2,development,6,1031,2.698311480757989e-07,2.65357604322297e-07,0.7885703015925956,0.7857695066529938,0.003568336401073523,3.0100683868938535e-05,0.7813822316121205,2.0,1.8388468821565182e-07,0.7475659688804276,0.6256419075385605,0.46902195351312187,0.0009081513972458476,0.007820392164746209,1.1808477620782445,0.01195956833557818,0.36704241422992173,0.8227564702625664
1650126294:2,1650126294,2,development,7,1033,5.498970925475496e-07,5.454235487940477e-07,1.607051369745126,1.615092938253559,0.004028366295298864,-4.0004018545079055e-06,-0.09198724780233047,-0.24651634083651439,4.514021583867375e-07,0.7591443889815435,0.7870137712209144,0.7925783965271146,0.0012517506523450305,0.009013695367738273,0.783330627070706,0.010911764395874088,-0.24591267734660818,0.7107171053889162
1969434888:0,1969434888,0,calibration,0,1005,1.5143980456071325e-07,1.3374843895207296e-07,0.27268972972691446,0.24875823510330367,0.005425037359574808,4.627285983713145e-05,0.8450300450038308,1.5722473621368414,1.1379256824829994e-07,0.8484567222027567,0.9450561140137251,0.21160274704193607,0.0017423798468519786,0.017640137477985082,0.5072645974606714,0.011755483968138455,0.7395468333035153,0.7856419632664815
1969434888:0,1969434888,0,calibration,1,1007,1.2794615902850347e-07,1.1025479341986319e-07,0.23038595187232924,0.2050624892349775,0.00983217936664478,8.290040683780008e-05,0.8353248697562525,0.8575453107688877,1.2028290681419615e-07,0.8997268326446703,0.9552814824686462,0.41777734072427636,0.0016698794515758297,0.024878769248342803,0.2958038169416153,0.011418845699523672,0.3869879962655302,0.5132599815481756
1969434888:0,1969434888,0,calibration,2,1011,3.1983176325698526e-07,3.02140397648345e-07,0.5759043161315279,0.5619498265646693,0.004342751448170476,1.943291901791074e-05,0.4433243740638594,1.0304053223628735,3.1976365665593445e-07,0.9426207589887926,0.9118169237932384,0.7862568572988387,0.0027849474586921926,0.015110584032183905,0.795148671893099,0.01150172774307971,0.9060408378760705,0.9321698077513313
1969434888:0,1969434888,0,calibration,3,1013,2.994699656386087e-07,2.817786000299684e-07,0.5392398928947479,0.524078993239332,0.004163647094714696,2.1277462607433785e-05,0.5062843073072811,1.2273601306639177,2.9596941407409327e-07,0.08220386967161554,0.6030589433537079,-0.22713789164588255,0.001776142965289382,0.008027828987768588,2.9118368128879415,0.011567391662702514,0.9197111069203487,0.9566930524659785
1969434888:0,1969434888,0,calibration,4,1019,4.606100696400885e-07,4.429187040314482e-07,0.8293964441118625,0.823782886532134,0.0028556491056175273,-3.939083362210353e-06,-0.13665919962024514,-0.48304266183808614,3.905489608458552e-07,0.9716327133118361,0.9653502446717143,0.9432549000026103,0.003533164667349204,0.02255064544081983,0.37957405656430926,0.011261378093938172,0.8766078251123708,0.925408345271542
1969434888:0,1969434888,0,calibration,5,1021,3.888259041305582e-07,3.7113453852191794e-07,0.7001384544555286,0.6902717782124849,0.004231281361745459,1.0123794896924777e-05,0.23703909233718623,0.5654569261704189,3.7561995838057013e-07,0.9011706822334188,-0.11981332370209866,-0.36191975742321725,0.0013383821418232866,0.013868732794654151,1.5762688062687564,0.012438510814444796,0.8971396691128631,0.8925278663802214
1969434888:0,1969434888,0,calibration,6,1031,4.6264088618625604e-07,4.449495205776157e-07,0.8330532291737935,0.8275599948393513,0.0031220234608448218,-3.4028785422968905e-06,-0.10798385520167267,-0.349119513452351,3.933408905781162e-07,0.941651559901869,0.6703443470550199,0.33808301853432987,0.002137663331090201,0.009894255587613206,1.0411240322184339,0.011728959128165309,0.8735595259746737,0.9379534460384068
1969434888:0,1969434888,0,calibration,7,1033,6.394430831164184e-07,6.217517175077781e-07,1.1514116913750712,1.1563937578000836,0.004673903472395152,-1.998438815975659e-05,-0.42360361731777435,-0.9148110012817523,3.26567738853866e-07,0.9561419403615421,0.31153464465395614,0.08112580376454351,0.0018563700475186934,0.012068045234507874,1.3209121634070542,0.011942215209695262,0.8725786857331064,0.8768815159316128
1969434888:1,1969434888,1,calibration,0,1005,1.6123162366376147e-07,1.4354025805512118e-07,0.8333655224154434,0.8165945223104357,0.002741601694583665,7.745602268107969e-06,0.40257535501920505,1.0304963853457672,1.6120431719837544e-07,0.16325138220323276,0.25106315806094065,0.5976005490054019,0.001216099509917192,0.008019987111334233,1.7502121324318929,0.011423963965109335,0.6153118382575663,0.6591115551141636
1969434888:1,1969434888,1,calibration,1,1007,1.8248374877923235e-07,1.6479238317059206e-07,0.9432123871113389,0.9374969728974012,0.005319595703725789,1.541618955300531e-05,0.4129474294522402,0.5447782853553261,1.5957701183982865e-07,0.6904100256171629,0.7616812284047761,0.6974205781212427,0.0009138209251050626,0.017228042361250983,0.6482969511785874,0.012352185677251996,0.27477919936329537,0.39325016745069635
1969434888:1,1969434888,1,calibration,2,1011,4.4940338292749735e-07,4.317120173188571e-07,2.3228525302807466,2.4559916035736085,0.011932712156018701,3.829623685567512e-05,0.45731272696409137,0.2689538536410077,1.521492182035628e-07,0.31448950720485963,0.7654016242610168,0.7942514445425723,0.001075855141447874,0.01979100899287044,0.6529974739537794,0.011005722494894071,-0.008355710385208244,0.21105450180393837
1969434888:1,1969434888,1,calibration,3,1013,2.6019193513847483e-07,2.425005695298345e-07,1.3448663669551337,1.3795755937625527,0.006506048179298326,1.2484823929147549e-05,0.2734396559334867,0.29494964098664117,1.7799892971371344e-07,0.8705003876020706,0.9747094227562627,0.9239352393424433,0.001716144563482585,0.028074351086692446,0.22353375787787233,0.01234907985878917,-0.06944619263955094,0.0011588225815775245
1969434888:1,1969434888,1,calibration,4,1019,2.3615504868539159e-07,2.184636830767513e-07,1.2206257745637248,1.2428307524411155,0.005997111595340294,1.237988768294924e-05,0.29415140437212467,0.3442171019600494,1.7573730969366693e-07,0.5019272169419691,0.41429715495400105,0.4903684840066219,0.0011244598865885022,0.008137007020476855,1.4936970262901672,0.011311740306505655,0.7332726436189582,0.7206915523084186
1969434888:1,1969434888,1,calibration,5,1021,2.166295883727433e-07,1.98938222764103e-07,1.1197036039367885,1.1317512256732623,0.002922110710465382,1.165838361595234e-06,0.05685098942173573,0.13653531900929222,1.9176149308508338e-07,0.8307209929677009,0.8388777787004995,0.9412876809779073,0.0019217036208899587,0.014051453263077582,0.5444089147234621,0.011922007533366221,0.6270572382869981,0.7096943150095083
1969434888:1,1969434888,1,calibration,6,1031,1.8717965641444468e-07,1.694882908058044e-07,0.9674843471071929,0.9642117949560155,0.004466808531339545,1.0642253377972555e-05,0.33949439592929875,0.5333826942802474,1.7020986938452738e-07,0.7717304774981153,0.5838366745858558,0.5331825580704899,0.0011299361627814372,0.01063512652228408,0.9500423601054774,0.011482734509065853,0.8669985993187588,0.8054956998590743
1969434888:1,1969434888,1,calibration,7,1033,1.546873868132282e-07,1.369960212045879e-07,0.7995400157448135,0.7793646326804797,0.006787078502714062,2.7857291960106015e-05,0.5848606133409747,0.6047462038944573,1.2657628429195257e-07,0.33348464475720185,0.29194100026223085,0.730750915965849,0.001401759336288486,0.010569734740855992,1.438711242652604,0.01112574208954425,0.6471650616495203,0.7438837250834441
1969434888:2,1969434888,2,calibration,0,1005,1.4014897517862525e-07,1.2245760956998497e-07,0.5061363754981383,0.47242941805416444,0.005128235532190722,2.904371091705465e-05,0.6884881210115329,1.104374012407274,1.390298447091676e-07,0.5144951405841648,0.8159498929540842,0.42723580516137294,0.001210191592140223,0.012531113183228164,1.656323290371383,0.011537959889947994,0.48768954158319455,0.7465380543822884
1969434888:2,1969434888,2,calibration,1,1007,4.243352666236622e-07,4.066439010150219e-07,1.5324515471568874,1.5687921901007724,0.003894519884103701,-1.2897891660882967e-05,-0.40260309446917547,-0.8503757628545748,2.2147931775731964e-07,0.514545305643215,0.30451352942929377,0.5468901768898551,0.0013837699383058178,0.0068854487873124415,2.563271381551034,0.011205031949011865,0.8069257339875502,0.8743130626891182
1969434888:2,1969434888,2,calibration,2,1011,1.9370620196859238e-07,1.760148363599521e-07,0.6995538486880528,0.6790479334231002,0.004433275677539886,1.8865952667659864e-05,0.5173283894315831,0.9599072330173009,1.9358279446392295e-07,0.7916000473726365,0.8713627452731048,0.3654672969728455,0.0011101150856810285,0.012794157969443571,0.9897686632294466,0.011234993852205907,0.47434646680307757,0.7569276014559116
1969434888:2,1969434888,2,calibration,3,1013,1.1859512712039603e-07,1.0090376151175574e-07,0.428296444665069,0.38927679135555426,0.005109460532244652,3.1706497096977606e-05,0.7543719385191595,1.2145018106466987,1.1390297528386206e-07,0.9524137096952177,0.9818012066039089,0.8263897939770372,0.0018487559985548544,0.028340602253956123,0.5021364403794868,0.011727704012175202,-0.2295339976081839,0.29725818364685985
1969434888:2,1969434888,2,calibration,4,1019,3.9482200985063095e-07,3.771306442419907e-07,1.4258668732896032,1.4549329471257755,0.002654725725371549,-1.318005301930025e-05,-0.6035452113250791,-1.8701560245036397,1.680390790972274e-07,0.8081980665832846,0.7216530002953404,0.8226828319281572,0.001906703640537373,0.014095397113005809,0.9228823196410024,0.01061794860010629,0.8083806779737815,0.8642137891647149
1969434888:2,1969434888,2,calibration,5,1021,2.0771374853738662e-07,1.9002238292874634e-07,0.7501409388962742,0.7330876709053193,0.004675505586744578,1.817619633615986e-05,0.47259240134077246,0.8314685841903909,2.052883733305496e-07,0.7257676193149546,0.8609161702458845,0.6801809414724489,0.0013303054241613336,0.02115229570486161,0.5159639333740097,0.012187587789882203,-0.05501181213799874,0.3545235882924525
1969434888:2,1969434888,2,calibration,6,1031,2.3129495341029058e-07,2.136035878016503e-07,0.8353025003635531,0.824061640871271,0.003297253755463445,9.663567030548006e-06,0.35628488755507814,0.8888586850993626,2.3077036844557952e-07,0.8943011014532638,0.805687515577558,0.9568719648889958,0.0031827131371951127,0.0280582610211003,0.6571607974007713,0.01291883350340113,0.943952960505268,0.7025967393015056
1969434888:2,1969434888,2,calibration,7,1033,3.140166573622872e-07,2.963252917536469e-07,1.1340450588441315,1.14319384176693,0.003668800777657667,3.692973338037902e-07,0.012236701111723019,0.027436449746334423,2.6428370155653094e-07,0.8500790913744539,0.5668715012479063,0.6951963083107352,0.0015997207015927928,0.01097791116777654,1.2995661628096067,0.011157328116048155,0.7964568058004184,0.8507043765205772
2102261066:0,2102261066,0,development,0,1005,2.883592004270606e-07,2.8053355829506364e-07,1.7185049171775868,1.7536535722776203,0.00248672244139908,-5.176295581977769e-06,-0.2750278633088737,-0.8370751330694522,2.068383880145478e-07,0.7086166862700038,0.3711209241243698,0.5771369682395737,0.0007728221960432814,0.011305806659921683,1.1134071367789642,0.011431755890895715,0.2833174810741425,0.48733837230494015
2102261066:0,2102261066,0,development,1,1007,1.6948792318975926e-07,1.616622810577623e-07,1.0100798898472916,1.0105729895648,0.003202857833045078,1.2076482803467708e-05,0.4981816721555087,1.1772403620783987,1.6822911193994687e-07,0.7249026207998865,0.7467472279695722,0.903749103260192,0.0015271373623647387,0.012538604144227864,0.6989983924828406,0.011303687224165172,0.8532399465896494,0.7306732558656461
2102261066:0,2102261066,0,development,2,1011,1.150474481823151e-07,1.0722180605031815e-07,0.685636543301666,0.670258147898405,0.003797895090651139,2.112771801486708e-05,0.73501223497003,1.464760647973437,1.028770535748352e-07,0.9549465700475571,0.955847875209744,0.9641538629151893,0.0019231538820053881,0.01597396989450806,0.6922613149536785,0.011729948035328274,0.8481526345313021,0.7827096354130291
2102261066:0,2102261066,0,development,3,1013,2.245094330343089e-07,2.1668379090231195e-07,1.3379859704521684,1.3545199593227513,0.0024136664551033496,2.8174732722610464e-06,0.1542295142349029,0.4836211611664194,2.1844135136457025e-07,0.8155528164835006,0.7317508755079725,0.7452578624991507,0.0011079959164271346,0.009700697327844567,0.7943978859279383,0.011667093086590918,0.5919951452670946,0.8129780463669137
2102261066:0,2102261066,0,development,4,1019,2.5712749485702745e-07,2.493018527250305e-07,1.532376506797559,1.5584199169029391,0.0019599115116728594,-2.3499049524980976e-06,-0.15841590158276153,-0.6117547765729379,2.1814847681887782e-07,0.736132175316354,0.397954005250653,0.5511204384044144,0.0008814279768087204,0.004769736170012875,1.4941157687242654,0.01076112925924795,0.7911658484443478,0.9079788530318283
2102261066:0,2102261066,0,development,5,1021,2.054192905920983e-07,1.9759364846010137e-07,1.2242163955332028,1.2351848726667023,0.002508495651078409,5.494393842358361e-06,0.28939523425529085,0.873158491487323,2.0502382424133869e-07,0.4624700247358037,0.8582869407367927,0.5359360402665871,0.0007388997506819391,0.010458884223442894,0.7735570600485037,0.011709036363300378,0.5397174269201327,0.5497637110437524
2102261066:0,2102261066,0,development,6,1031,2.82503568266777e-07,2.7467792613478006e-07,1.6836077034048778,1.7170492162132938,0.0027481035598263706,-3.7426323279746906e-06,-0.17994053628393902,-0.49557680930598924,2.165188041301235e-07,0.6769475845863758,0.8765186102363528,0.6546834255330115,0.0007990517264805702,0.012847694193269059,0.6081824969489432,0.012340849542372152,0.009521039163489203,0.4015278134480599
2102261066:0,2102261066,0,development,7,1033,2.8019395063890896e-07,2.72368308506912e-07,1.6698433107847948,1.702611481104804,0.002778969304142981,-3.3617026626888987e-06,-0.1598308058147732,-0.43530313886961003,2.180477184523417e-07,0.860228383305446,0.9295242901780345,0.7976820158654432,0.0011215162462690207,0.016488010152442795,0.4555207086661513,0.01117164390253161,-0.06098937034951265,0.35640010052185317
2102261066:1,2102261066,1,development,0,1005,3.444965605651331e-07,3.366709184331361e-07,1.9371585031298229,1.9802962639424777,0.0038004462684566504,-7.440195598684283e-06,-0.25515998226441894,-0.5151280032696202,2.1497923189528113e-07,0.5530287430543314,0.7257687825315913,0.6751045902690603,0.0008157372299789953,0.008384968356002406,0.7528140929375258,0.011543914302187725,0.29126096765731413,0.6332717333096165
2102261066:1,2102261066,1,development,1,1007,2.831895970171983e-07,2.7536395488520136e-07,1.5924197761505792,1.6196890828035329,0.0036101025707863457,-2.981798984634353e-07,-0.010765188237409776,-0.022879118088288738,2.299238842764474e-07,0.5324856938294602,0.6218068886738686,0.767310058432216,0.0009052027232067425,0.006404232959040567,1.3950871445812325,0.011784963470348684,0.22715777807410864,0.86681379404677
2102261066:1,2102261066,1,development,2,1011,7.213531545315464e-08,6.43096733211577e-08,0.40562825787519236,0.3782691014892109,0.006908239365742591,4.40622334231334e-05,0.8313079555575557,0.9232764380469665,7.10379474241183e-08,0.9069433745424489,0.8711822909355736,0.9127087120114145,0.0013734873745559729,0.012680482791997382,0.6954464470269276,0.011357100318305636,0.28018781667939224,0.8468741007880005
2102261066:1,2102261066,1,development,3,1013,1.0468024285212412e-07,9.685460072012717e-08,0.5886335184828284,0.5696981635489864,0.0040161785258893135,2.4099442124774624e-05,0.7820900965945841,1.4941044866187048,8.929785884470525e-08,0.7312753296082549,0.7877711606277177,0.9636873870054186,0.001542312576892227,0.012626649427330421,0.64786945095317,0.012256543238796361,0.2603635344950565,0.9138255746393713
2102261066:1,2102261066,1,development,4,1019,2.704034489060414e-07,2.6257780677404443e-07,1.5205212483534576,1.5444810385430425,0.0022862008916224707,-2.5646159676060593e-06,-0.14620787299136803,-0.49067458330382363,2.250349398306189e-07,0.5398744705478332,0.8322394005668368,0.6319538173943333,0.0006210761747511806,0.010265277187327445,0.9095076062074304,0.011764956538336622,0.3601830527174969,0.1399065427797612
2102261066:1,2102261066,1,development,5,1021,2.113262246360041e-07,2.0350058250400714e-07,1.188320697067045,1.1969891700724327,0.002258702476061308,4.934779918213688e-06,0.28475513716643314,0.9672744868599608,2.1130488185438119e-07,0.5715570589002847,0.2713719774707894,0.6247495075166789,0.0007692001664353222,0.004825940708591237,1.5500102117760384,0.012210534010863971,0.46535316848376995,0.890455802485263
2102261066:1,2102261066,1,development,6,1031,1.7931034152554432e-07,1.7148469939354739e-07,1.0082903359484998,1.0086719432518627,0.0024772738304698998,9.55038733423543e-06,0.502469583983973,1.5562270357114871,1.7189361522197295e-07,0.7854528687471029,0.7809891423497011,0.8978250385398994,0.0012151500795760752,0.010052331671493855,0.8981650838730535,0.011773711109299942,0.22486123845806938,0.8854427200559273
2102261066:1,2102261066,1,development,7,1033,1.739931074805088e-07,1.6616746534851184e-07,0.9783906901390478,0.9773960054224333,0.0038285862612780232,1.4491586856457497e-05,0.4933331673792337,0.9886420332116839,1.7398572099080697e-07,0.8913682864183897,0.84269079840463,0.893264656309057,0.0011716107523253505,0.009470846538087737,0.705625781633575,0.012024815003199118,0.41003530779635816,0.8291622045611052
2102261066:2,2102261066,2,development,0,1005,1.6395737205871875e-07,1.561317299267218e-07,1.1746779742325129,1.1850533747368415,0.004003910622492724,8.49918338222185e-06,0.32393735218949365,0.5301618232791694,1.501336374229021e-07,0.04495294429176607,0.5726289057383456,0.8686649376240599,0.0010916378142058548,0.007461590985082178,1.034205694066768,0.011192915599877229,0.6278829360825717,0.84016744585874
2102261066:2,2102261066,2,development,1,1007,1.9832955341275785e-07,1.905039112807609e-07,1.4209385958558887,1.4459412130371547,0.002639985290953254,-4.3134479932552677e-07,-0.024933960177343072,-0.06189015236663484,1.6763069430942392e-07,0.5843307331008546,0.7732440742786544,0.8644877646326884,0.0011845302475831732,0.009497065982590555,0.8735936563641434,0.012013896899155227,0.7046985813302348,0.9107166908505069
2102261066:2,2102261066,2,development,2,1011,1.3479122345979886e-07,1.269655813278019e-07,0.9657161451781067,0.9636797766767413,0.002450767530301482,7.219931010219031e-06,0.44957187315892533,1.2020673800414245,1.3383324291028242e-07,0.4802351896015607,0.8836660321425611,0.78503823257445,0.0010431055956725067,0.009175936294434434,0.7246380110029792,0.012683613326744187,0.7240287870420701,0.8535130945196484
2102261066:2,2102261066,2,development,3,1013,1.4992938913400794e-07,1.4210374700201098e-07,1.0741740300813094,1.0785797673959023,0.003585187605734525,8.705900144285988e-06,0.37056977829392407,0.677313775883715,1.4470127984130245e-07,0.6538270247163729,0.8750085779420067,0.9616568937197115,0.0016970970979449068,0.014634375064959248,0.6428884968010714,0.01203859270901931,0.6155991563555129,0.9247007317571055
2102261066:2,2102261066,2,development,4,1019,1.6370611616076552e-07,1.558804740287686e-07,1.1728778431038194,1.1831463206746613,0.003082251863101016,5.2658322744999405e-06,0.2607156496020451,0.5542819988578055,1.5633358476486676e-07,0.4306348079059538,0.777781356517876,0.7430181959528038,0.0009726824448565443,0.008459208202791713,1.2393119499649805,0.01198925303177569,0.7375395748852267,0.8573751140146254
2102261066:2,2102261066,2,development,5,1021,1.845672579198881e-07,1.7674161578789116e-07,1.322338178031652,1.3414841963525557,0.003676045094659981,4.60212162452387e-06,0.19104930589037522,0.3405621911283718,1.6161267622765103e-07,0.6276583798013032,0.7986029368536764,0.7937806438366709,0.0010376665635360685,0.008185101119899141,1.1421367171681667,0.011482633198480079,0.6448341041887206,0.8504724375839311
2102261066:2,2102261066,2,development,6,1031,1.526094436560235e-07,1.4478380152402654e-07,1.093375368680628,1.0989216137155702,0.0028614414995677367,6.029991809036629e-06,0.32158816179553806,0.7364562959736234,1.5038800119582228e-07,0.5736538216097141,0.4496826623602659,0.5035428986160435,0.0006949288821266653,0.007829101175651658,1.3378631952236788,0.010767857889201206,0.4536045905948154,0.594077245280595
2102261066:2,2102261066,2,development,7,1033,1.5425623108170656e-07,1.4643058894970963e-07,1.1051738312499118,1.1114208731370592,0.003670211035823512,8.460503814564807e-06,0.3517818199145321,0.6280788253415447,1.4697769703482938e-07,-0.046956694080345016,0.30531751974463456,0.8640704757231199,0.001150929732870275,0.008831709994696806,1.2580434695410727,0.011187982669726898,0.5942631860108244,0.8621870296141768
2966161469:0,2966161469,0,test,0,1005,2.234558970052515e-07,2.1164801608471578e-07,0.7396039264707004,0.7290131559018694,0.005124622721744416,2.341368789513943e-05,0.518084934429645,0.891550666915826,2.2224936845911082e-07,0.8098223333459627,0.8479685483755135,0.9299394146705027,0.0014502648252524336,0.01437347566093189,0.8313589866970745,0.011529641088429321,0.8372940803169046,0.7282391376026437
2966161469:0,2966161469,0,test,1,1007,2.953434806041606e-07,2.8353559968362487e-07,0.9775405386022404,0.9766270724368744,0.00432353668083605,1.042768288963627e-05,0.27349015926675785,0.5578398300166659,2.810677755186853e-07,0.935442042536332,0.9051139688884731,0.8813280580670239,0.0011748365112922874,0.01162614663132637,1.5876346533780585,0.012509245963616975,0.8200002829773705,0.7162002754186623
2966161469:0,2966161469,0,test,2,1011,5.259466931156975e-07,5.141388121951617e-07,1.7408009569490506,1.7709306469473716,0.004995475237272543,-1.5958626604005203e-05,-0.3622527901981669,-0.6395019783333064,2.6392482069789163e-07,0.7567894318957914,0.8766681664306338,0.8349755125873556,0.000931189539795229,0.013490800327235541,0.9101743272806584,0.01214923035493406,-0.09430757817941889,0.09637517874375401
2966161469:0,2966161469,0,test,3,1013,3.279622859568244e-07,3.1615440503628866e-07,1.0855036617014113,1.0889812474099867,0.0036949714493524,3.732398094993058e-06,0.11454335736461621,0.2733793994293897,2.99804557163145e-07,0.8902757255873506,0.8210207832033272,0.8434799887043846,0.0010556277137094387,0.011178518813287634,0.9769409865964955,0.011146315758564252,0.6511832897314196,0.7742608524468946
2966161469:0,2966161469,0,test,4,1019,2.539140234013501e-07,2.4210614248081436e-07,0.8404155415473255,0.8339249583257116,0.002982752780008868,1.0832575769654294e-05,0.41182007437485746,1.217579190831183,2.522687833717646e-07,0.7984209854022385,0.8405780821462605,0.8752205442325754,0.0011722470886258583,0.013351079094748503,0.6201596729126374,0.011176645426381693,0.3710047074148075,0.6265759765427734
2966161469:0,2966161469,0,test,5,1021,4.068374465970056e-07,3.9502956567646986e-07,1.346568056475984,1.3606635945648478,0.004595621347923464,-2.630161685969495e-06,-0.06489798986249551,-0.12453572994876663,3.025108526482746e-07,0.4628246599706611,0.7332113696339481,0.6662252967759077,0.0006173603198737468,0.009628826134504154,1.2814958924387172,0.011800124515677876,0.11125348121791455,0.3153551658910248
2966161469:0,2966161469,0,test,6,1031,3.3458440366266766e-07,3.227765227421319e-07,1.107421831337712,1.1117908679148067,0.0029998914564746933,5.580343981948953e-07,0.021093491179451574,0.06200830900745335,3.036551742734582e-07,0.6259577770465298,0.701534120191568,0.7952989915735619,0.0008439655190472464,0.012012465614997617,0.9870954527903082,0.012116218289337255,-0.19751946909586243,0.05028701957404033
2966161469:0,2966161469,0,test,7,1033,1.5504637355950497e-07,1.4323849263896924e-07,0.5131791472343998,0.4933792789419045,0.003620486078899385,2.5593187599837666e-05,0.8015867588098026,1.9524980834933823,1.0859249079779008e-07,0.5809245632133467,0.6825519151400807,0.8982317890087096,0.0012319056000032178,0.011977994397152114,1.0634927621230303,0.01254856092284854,0.702012400696622,0.8889860180750089
2966161469:1,2966161469,1,test,0,1005,1.0649263287902468e-07,9.468475195848894e-08,0.44245834829581404,0.4136943765341516,0.005601873298332716,3.447745808929976e-05,0.7643525123026185,1.0986735659489535,1.0529911687981132e-07,0.7331749328167622,0.7249284387065449,0.63619035919529,0.001218145438867524,0.008744232869338038,1.7090134202458591,0.011453706644352614,0.7381314741439112,0.8709994039780234
2966161469:1,2966161469,1,test,1,1007,2.866545614187615e-07,2.7484668049822576e-07,1.1909997935809116,1.2008536092595286,0.004584569631932986,6.23537836594846e-06,0.16891023980616926,0.29666455811956227,2.460399608492792e-07,0.12085309142100255,0.7024138041002015,0.29596136299530407,0.000956645171629395,0.006664985231708024,1.8511192664801448,0.011121800218663248,0.6172205891029177,0.8342461372049103
2966161469:1,2966161469,1,test,2,1011,2.2924008680266716e-07,2.1743220588213144e-07,0.9524526479227949,0.9499996460917924,0.00335623889579484,8.707461524610194e-06,0.3222036366867892,0.7730112808465528,2.2697296780857386e-07,0.6387661560409851,0.5947478400362639,0.8124816840236179,0.0015036980418374792,0.010984927017021957,0.9117010398337985,0.01254123399297422,0.7867636882736542,0.9187573474074163
2966161469:1,2966161469,1,test,3,1013,2.629467632065876e-07,2.5113888228605185e-07,1.092498019748301,1.0972700586083886,0.0050221025099827276,1.1371593992472898e-05,0.2812078967697339,0.450868816338849,2.3323808055384685e-07,0.3625327850774687,0.18358856524127817,0.8044643043932665,0.0014534517558734829,0.010106425095222731,1.413455130665406,0.011647680038404757,0.5431342511537501,0.9017298639321456
2966161469:1,2966161469,1,test,4,1019,1.7020589766842277e-07,1.5839801674788704e-07,0.7071758704484986,0.6920688645991462,0.0039327947053704754,1.8365105068265636e-05,0.5799410904184056,1.187383102572162,1.6808449339857826e-07,0.5042585274542479,0.7820480655591939,0.6917604982508536,0.001310279347884245,0.01136612566185711,0.8183210076736482,0.011083159632272877,0.6282948266936483,0.842878031731449
2966161469:1,2966161469,1,test,5,1021,2.1578480846950466e-07,2.0397692754896894e-07,0.896548309132387,0.8912111625609752,0.00798615030183332,3.6686865710169235e-05,0.5705121140681989,0.5752222162436689,1.7083181853210917e-07,0.5695899838692887,0.4072539061476717,0.5161072169390575,0.0010119395325421383,0.011519286050592483,1.3486145619444936,0.011757930841014883,0.7475816619500568,0.6868595444508004
2966161469:1,2966161469,1,test,6,1031,1.7689878131727485e-07,1.6509090039673913e-07,0.7349836367187833,0.721311253379352,0.004172505067577689,1.847987813339777e-05,0.5500396158712667,1.0614642146513953,1.7664186099740702e-07,0.43384236134257564,0.7215991666327121,0.5445107003341387,0.001029572880054176,0.012157910460066892,0.9390311150690526,0.011452750645442804,0.4557146592014351,0.6466169029056681
2966161469:1,2966161469,1,test,7,1033,3.062807652356158e-07,2.9447288431508005e-07,1.272543253342932,1.286603954313031,0.004727506267452238,4.388742676769907e-06,0.11529215170115277,0.19637033962144437,2.4989932365276797e-07,0.7118687383788146,0.7451714524400531,0.692461438477382,0.0013078119292060954,0.011352960689458054,1.745087289847594,0.011758552830268767,0.2293439352551254,0.6765936598921035
2966161469:2,2966161469,2,test,0,1005,1.335999231879004e-07,1.2179204226736468e-07,0.8458992727358732,0.8334473643244229,0.0042080956616918595,1.0093201468935993e-05,0.3960310004018496,0.569977529063546,1.208086568063284e-07,0.7340731268388624,0.4749434153236824,0.8257217186802565,0.0010128808410260432,0.009421455777091962,1.1390592794066685,0.01168969776899068,0.4908474963923106,0.697349645737339
2966161469:2,2966161469,2,test,1,1007,1.3558412437948477e-07,1.2377624345894904e-07,0.8584624112832079,0.8470256509072607,0.004892252206037199,1.2952254991176314e-05,0.43714185678286077,0.541162519783428,1.1590093448485839e-07,0.7069605881930144,0.5592798786831361,0.8332942143511426,0.000985294513558747,0.007978986296331696,2.4056536872449414,0.012610875516194248,0.5218358958518728,0.6957086489542075
2966161469:2,2966161469,2,test,2,1011,3.4890477260798744e-07,3.370968916874517e-07,2.209120232712089,2.306821617147198,0.009020102021145249,1.4361266430125514e-05,0.2628858038202571,0.1765102134213105,1.3337892177126728e-07,0.8676327148791994,0.9261676250633637,0.9514626096784083,0.0015159924145905306,0.014489800146130483,1.1552251544625722,0.012161889599951353,0.6663285702920497,0.7641971913085241
2966161469:2,2966161469,2,test,3,1013,1.9959081346512314e-07,1.8778293254458742e-07,1.2637262052722464,1.2850362575481242,0.0062948049557168895,1.2604617679735181e-05,0.3306231382229027,0.3181010635796941,1.2761864018002866e-07,0.35955496548875976,0.8276535652329637,0.8483551867888192,0.0009771054795489741,0.013812615840404925,0.6197197452238828,0.011690777223133495,-0.4733513199620473,0.21931284834417356
2966161469:2,2966161469,2,test,4,1019,1.2200889382330877e-07,1.1020101290277303e-07,0.772509684809402,0.7541276264016562,0.0025285032909597265,5.919483124825963e-06,0.38655038323731766,0.9258843435800846,1.2187170870571426e-07,0.4174895152387479,0.7712050341881507,0.8017043346362236,0.0009511692989177556,0.011483135911967627,0.9312120494673066,0.011931363621498848,0.26307200396007996,0.6108702985526896
2966161469:2,2966161469,2,test,5,1021,8.771344157011405e-08,7.590556064957831e-08,0.5553651129646733,0.5194369704555867,0.0044003056828995244,1.6793981618516838e-05,0.6301684713812997,0.8673372103368726,8.638230081473773e-08,0.7301233811555701,0.8354814406178638,0.9317935209159416,0.0015377901100070044,0.01700421360566248,0.7376467161109475,0.011682197677105162,0.5133530343358913,0.6940388067887362
2966161469:2,2966161469,2,test,6,1031,2.568066071630391e-07,2.4499872624250333e-07,1.6259928677313467,1.6765754054883009,0.004508697280142359,-4.367113046874909e-06,-0.15992972909454584,-0.21482868982589537,1.3961614453845322e-07,0.6854532256234627,0.6774909547883099,0.8534663107652711,0.0010934741513695665,0.010458202439709111,1.0618718271353405,0.010546373346821085,0.37727680254287993,0.7371154189306195
2966161469:2,2966161469,2,test,7,1033,1.7791020123994138e-07,1.6610232031940565e-07,1.1264535656169365,1.136671481166839,0.004547886181466419,5.909085689086503e-06,0.21453420497115208,0.2856939959153823,1.3668642138009585e-07,0.6487692252319566,0.4759372104989916,0.8023156035209893,0.0009282905731597288,0.007383750072279642,1.597699374070485,0.01161023598662912,0.4193846409619559,0.8442234738480136
3141865115:0,3141865115,0,test,0,1005,1.0907107895891253e-07,9.869824767339041e-08,1.0535304200653757,1.0594909624416298,0.0032574272440713736,9.045924671953812e-06,0.4667205265026561,0.8525179230495419,1.0816953278740036e-07,0.3146497731922428,0.8535615591317589,0.46074225970434873,0.0011397545270983268,0.013909075558558479,0.7494392398445694,0.012304879724653469,0.11568271854716873,0.6602459205380251
3141865115:0,3141865115,0,test,1,1007,1.1078146547266009e-07,1.0040863418713797e-07,1.0700512451961275,1.0778513598784139,0.005750118056579963,2.0053507905288058e-05,0.5861277067384939,0.6065084149800902,9.078356254899914e-08,0.3214768026491007,0.8616757828332022,0.24585484966507748,0.0007042750722205932,0.014450899482260724,0.9403954805008269,0.011683798633670995,0.35366551016008024,0.41919443810605694
3141865115:0,3141865115,0,test,2,1011,7.915117702938823e-08,6.877834574386611e-08,0.7645305573244849,0.7383113423497796,0.0029913223267299875,1.2044260624920668e-05,0.6766990881101232,1.3460268392367774,7.496607518384827e-08,0.5286087621074833,0.7601097499272723,0.6169958257923042,0.0014436294083159911,0.009895703871504105,0.7916183638923532,0.011586896867890453,0.6053395903232625,0.8645487870831882
3141865115:0,3141865115,0,test,3,1013,1.4123342712118627e-07,1.3086059583566413e-07,1.364190335536216,1.4047424538520206,0.004595430456750039,1.0182718523386536e-05,0.37240559723976446,0.4821823868223652,1.1911439759775041e-07,0.058276723967637015,0.8550695759555988,0.29043666223410847,0.0009345195806325778,0.012938558175579666,0.7459740818613768,0.011346707796264623,0.1266455590113045,0.6328579165620578
3141865115:0,3141865115,0,test,4,1019,1.495888404012587e-07,1.3921600911573657e-07,1.4448962581950588,1.4944348756161427,0.0015546777761003623,-2.372534241255156e-07,-0.02564783775544441,-0.0981593577522727,1.382028307157561e-07,0.6784832716095933,0.8852630785234419,0.7550766357081389,0.001623268685312963,0.01036412395000534,1.1126286905902598,0.011441664230610056,0.8236781221178899,0.8667263120786037
3141865115:0,3141865115,0,test,5,1021,1.2681702409750437e-07,1.1644419281198225e-07,1.2249405978574244,1.249987439709808,0.002728153352231488,5.190437925650891e-06,0.31975245077012143,0.6973751116134569,1.2415441827830908e-07,-0.03943124224773502,-0.025825138495295483,0.8899563052274699,0.0016717604610877227,0.008160140413710484,1.6692178336150363,0.010881544744716549,0.7639967508332944,0.9704983410381075
3141865115:0,3141865115,0,test,6,1031,1.246438341792142e-07,1.1427100289369207e-07,1.2039495000398208,1.2266590105596067,0.003622943679479558,8.310056330885799e-06,0.3854970367838484,0.6331123746446777,1.177422414448949e-07,0.24819038982754021,0.6543737928147872,0.8644129996195128,0.0018900897625420223,0.012587577155449782,0.7915455334942677,0.011853703059651128,0.8856232405538995,0.879165284374794
3141865115:0,3141865115,0,test,7,1033,1.365447617048257e-07,1.2617193041930355e-07,1.318901963102446,1.3544112802836175,0.0024030395072890585,3.1111765920640977e-06,0.21759174287349808,0.5387692998542108,1.317461205966455e-07,0.4355434775783148,0.8158893655739319,0.570777269834109,0.001350137793603359,0.006464825700114805,1.226695888004478,0.011276972513637866,0.757401740380054,0.9058654108400819
3141865115:1,3141865115,1,test,0,1005,1.1537968116364098e-07,1.0500684987811886e-07,0.8870702301515221,0.8772837122852424,0.005693532417629246,2.5257903562987166e-05,0.6427538632159979,0.7791726596726607,1.0920478990759161e-07,0.7859038203633327,0.36170506916398654,0.5315185563062993,0.0015755110105648551,0.007784588733592961,1.673385976038033,0.01163580875390204,0.8796074698244692,0.9367995320079567
3141865115:1,3141865115,1,test,1,1007,1.5546925811346351e-07,1.4509642682794138e-07,1.1952897527996986,1.2122136042999712,0.002081778501667673,6.085182883115334e-06,0.4235145237073115,1.404121199404138,1.5270453056577712e-07,0.883036294730475,0.9133905306675025,0.8940352128250327,0.0022954731093360516,0.014929404287684623,0.6267291266745254,0.010602666025797146,0.9211808944818783,0.944263963549712
3141865115:1,3141865115,1,test,2,1011,2.297532049969911e-07,2.1938037371146898e-07,1.7664048503104677,1.8328216575919352,0.0040727309305549015,2.703505433370254e-06,0.09617688800022242,0.16298806692457896,1.8435958979986767e-07,0.6538897272420798,0.18380708466653894,-0.06597639528744578,0.000841732523513668,0.013259686610081003,1.3468743226158257,0.011544343094598598,0.7185263816415923,0.7533844306685878
3141865115:1,3141865115,1,test,3,1013,1.5384709356236615e-07,1.43474262276844e-07,1.1828181124972375,1.1986611689971693,0.004745742945634441,1.5386957133672573e-05,0.46976182993702653,0.6831944382581462,1.450172288196496e-07,0.6465254994023357,0.7953321925430784,0.28526585356810613,0.0013585166106757783,0.009824441816008944,0.9764986734749516,0.011900287777941321,0.6371167922183206,0.829748125442479
3141865115:1,3141865115,1,test,4,1019,1.8933371551348576e-07,1.7896088422796363e-07,1.4556488707728947,1.4951354987944714,0.0030288875097737437,4.170711244342157e-06,0.19950609641497577,0.45461507651326016,1.786743199289451e-07,0.9198103419958884,0.7211654784926615,0.5807908020431529,0.0016229219069451909,0.00836909094791098,1.1626702964736677,0.01065671725496378,0.8753067652884997,0.9183957647492101
3141865115:1,3141865115,1,test,5,1021,2.1160362616094117e-07,2.0123079487541904e-07,1.62686597385601,1.6811903124350758,0.0027435428253272027,4.965965252367749e-07,0.02622533987893411,0.06597512002705962,1.859528558512242e-07,0.8922895801309507,0.5862220957827575,0.2699340389025429,0.0012777520411182688,0.011817340850544441,1.2418191489625114,0.010521876817264407,0.5410875270408702,0.7651591610828428
3141865115:1,3141865115,1,test,6,1031,2.1950402736561534e-07,2.091311960800932e-07,1.687606397509808,1.7471945141173852,0.0035988488230256047,2.197687979333336e-06,0.08847725123874225,0.16968319207021934,1.8462415391313476e-07,0.8578148127246419,0.667366307711006,0.05587183763464245,0.0011708832149267172,0.009833282596793419,0.8191450274141433,0.011122782355165178,0.9136454660947603,0.8652558562679075
3141865115:1,3141865115,1,test,7,1033,1.5710489227538784e-07,1.467320609898657e-07,1.207864951117365,1.2258785719775944,0.005615638319908695,1.94766177154005e-05,0.5025087215640722,0.6176113694968519,1.3909263114413067e-07,0.9486578596491692,0.8211235675580794,0.8227057455193927,0.001924693000301481,0.009881776894972862,1.31523865460065,0.012164957321540099,0.850913134766194,0.9247136266164522
3141865115:2,3141865115,2,test,0,1005,3.701768398479557e-07,3.598040085624336e-07,1.2248542743259232,1.2328460134637438,0.006569400220613738,9.755702155857309e-06,0.17609133588184417,0.22605134282792957,2.691967440688705e-07,0.5515421702029578,0.4531732392568753,0.9554156864275634,0.0016638282101312362,0.01315663829862263,0.9997557917719566,0.012340078038774375,0.09455295792121712,0.9108534060028176
3141865115:2,3141865115,2,test,1,1007,3.495474294168609e-07,3.391745981313388e-07,1.1565949484487865,1.162160624182792,0.004948312825447945,3.0606569709839962e-06,0.07334367831271184,0.12499722262176095,2.763167282555391e-07,0.6246926874064064,0.6506792927477972,0.18028362914100943,0.0004861196576406134,0.00853394642980503,1.1678105706768325,0.01273063790378947,0.47987408642534285,0.46062812617964
3141865115:2,3141865115,2,test,2,1011,2.6830384676704754e-07,2.5793101548152543e-07,0.8877732968537053,0.883784551082554,0.0027464429896696643,4.988410188665786e-06,0.2153757215075701,0.6613341977394568,2.649244132971717e-07,-0.02879668993353456,0.3495888420155866,0.41735051734276246,0.0006991661265017639,0.008891687365688655,1.278911251879382,0.011672604828734117,0.016555592511495593,0.6039673807888077
3141865115:2,3141865115,2,test,3,1013,2.7505481125925476e-07,2.6468197997373266e-07,0.9101111279224964,0.906916310215829,0.0025399619663627124,3.5785155811953218e-06,0.16706323053382088,0.5546876359473263,2.7005741291506923e-07,0.46956709720627526,0.48744685436486723,0.8105081143836109,0.001277343258468779,0.013297417133651025,0.9151752112831412,0.011347901775196687,0.00032775859648527165,0.6882962419268696
3141865115:2,3141865115,2,test,4,1019,1.800342623767652e-07,1.6966143109124308e-07,0.5957037611749806,0.5813343208573452,0.00399612653756229,2.049995609497462e-05,0.608301483169297,1.283732296554509,1.750125013168935e-07,0.6578582975183346,0.6859264632817709,0.9157178850711302,0.0017022184956388354,0.016267178170770218,0.7281415705769136,0.012124422916187148,-0.11422585019348144,0.8170167954547103
3141865115:2,3141865115,2,test,5,1021,2.0777504685240398e-07,1.9740221556688185e-07,0.687493454047437,0.6763863901430427,0.005018519318512743,2.155739010513048e-05,0.5093610788739313,0.8559432674569453,2.0573341066313837e-07,0.2994741623038995,0.47352207041322336,0.3098407287081319,0.0007476282408304752,0.005884363628871478,2.122377267891806,0.01226446028691619,0.3228825888996554,0.8166650162389529
3141865115:2,3141865115,2,test,6,1031,5.000484928102889e-07,4.896756615247667e-07,1.6545782119715735,1.6778431391385582,0.004279913447580369,-1.9287549493231668e-05,-0.5343763672876476,-1.0529483799301653,1.9847992993152673e-07,0.6615516452169932,0.6868736898601481,0.6831131850325957,0.00100244398947009,0.006958055205441584,0.9052536214471344,0.01068988801008749,0.46264214572617396,0.7846041116972473
3141865115:2,3141865115,2,test,7,1033,3.684896284141054e-07,3.581167971285833e-07,1.2192715692131673,1.2270648886274655,0.0051434609561228075,1.6207508936707746e-06,0.037365087056508144,0.06126400364063678,2.7742329049039113e-07,0.8019820817170518,0.8538536479195015,0.7527020577975632,0.0011345573836052043,0.010919632488795144,0.6343008517620519,0.012535673722362346,-0.30221493678262634,0.7846375665579303
3638781685:0,3638781685,0,calibration,0,1005,2.415507757302924e-07,2.0884867489000118e-07,0.8390669395891053,0.8184427215977829,0.003616631562743233,1.9170580125872817e-05,0.5679715202360535,1.4656380087787275,2.3047267224708068e-07,0.6055916658758675,0.7369166377442918,0.8102532145032919,0.0014761659141232244,0.0162982701893298,0.9764306935497601,0.010975740040239866,0.4363203368874438,0.7035147708864266
3638781685:0,3638781685,0,calibration,1,1007,3.44957026975382e-07,3.122549261350908e-07,1.1982658140463667,1.2236743743426723,0.004507798692682373,9.554692563060266e-06,0.2271160239075848,0.47020548506995324,3.2267760205765786e-07,0.7536773080002388,0.813055210457625,0.8126351734944333,0.0014954945725598294,0.0155636156982318,0.9459337328085705,0.011041509598252612,0.4330025510703703,0.7465880465227778
3638781685:0,3638781685,0,calibration,2,1011,8.268003715547429e-07,7.940982707144517e-07,2.87202910160049,3.1119371489521694,0.006632197265896049,-4.0288359783092395e-05,-0.6509051739951599,-0.9159351298176954,1.9608051144531825e-07,0.904921831550959,0.9070108362264442,0.6787356895560797,0.001187134247934251,0.011389324772036684,0.7087381384828219,0.011795720465893276,0.8417060837664964,0.644883573913741
3638781685:0,3638781685,0,calibration,3,1013,3.8109187486916354e-07,3.4838977402887227e-07,1.3237862398992188,1.3652807468527444,0.0039045396805050523,2.3920225641024574e-06,0.06564339036220661,0.15690095627356956,3.387610326184949e-07,0.41450296335792874,0.29476480915490216,0.5229847823953724,0.001014228151520787,0.008591348443599326,2.0298760761523695,0.011775708192750403,0.2665305330261188,0.7355506259456864
3638781685:0,3638781685,0,calibration,4,1019,2.8647148269469463e-07,2.537693818544034e-07,0.9951065134751564,0.994479393524984,0.005054731832330327,1.9655874652500262e-05,0.4166676911709016,0.7693007112128828,2.8115959620464425e-07,0.7666449751761899,0.5012539679854813,0.7385383694245451,0.0012855718504284081,0.01070929506758307,1.479268101062402,0.012176228862989146,0.761734605374492,0.7625956167534854
3638781685:0,3638781685,0,calibration,5,1021,5.55277946677069e-07,5.225758458367777e-07,1.9288506357763728,2.0478865749719546,0.005231561399269117,-1.3841892348466632e-05,-0.28350434076066633,-0.5057464161192957,3.128814356661063e-07,0.6376044047225855,0.49657178643290756,0.8484768839849017,0.001425993231195435,0.0099302738137496,1.3674817104061938,0.01191373585201755,0.5018971719642937,0.8283229476826216
3638781685:0,3638781685,0,calibration,6,1031,1.8184009857700411e-07,1.4913799773671287e-07,0.6316519354835332,0.5844466517470973,0.006020242668393247,3.839519576434977e-05,0.6833740150891897,1.0593729788536659,1.8134102370125155e-07,0.5038425359478559,0.7366039394026017,0.13204366521315894,0.0007284981152937631,0.0076296114154136155,2.083027275804232,0.012201379916449172,0.27303956767760323,0.6469982258661954
3638781685:0,3638781685,0,calibration,7,1033,3.1810637902859676e-07,2.854042781883055e-07,1.1049956064447597,1.1184512150681147,0.002544452986207708,6.068571472885205e-06,0.255556900735743,0.9373409908285093,3.180070866436066e-07,0.6543473185950456,0.6300816903189986,0.3200257556317529,0.0008889079585173215,0.006719215993414102,2.1686060345723677,0.011182191377912798,0.7561837768808906,0.8319145053261816
3638781685:1,3638781685,1,calibration,0,1005,3.0561803484187904e-07,2.729159340015878e-07,0.8236061019896225,0.8065583887668539,0.0031483476888045513,2.5783871863142406e-05,0.7479403471592375,2.0,2.2033887774233176e-07,0.2416035902967844,0.75840677437942,0.3942081227067588,0.0011024398663603166,0.011054305716508837,1.0515468721365024,0.011775536863330266,0.6758346806209501,0.7640477510201541
3638781685:1,3638781685,1,calibration,1,1007,4.7590099614446685e-07,4.4319889530417563e-07,1.2824994590725405,1.3098018194046002,0.007261223502577864,2.539428960880512e-05,0.3193947540152047,0.4816332473721705,4.205591144812772e-07,0.3530271835516922,0.7787368706117996,0.6632370450495065,0.0014062010850503072,0.015947272728501567,0.7663156018011662,0.012212409277935866,0.8545130017051329,0.6827149932141882
3638781685:1,3638781685,1,calibration,2,1011,6.062042034071748e-07,5.735021025668836e-07,1.6336518924225858,1.694891628416454,0.0035066930380531275,-1.149875626645061e-05,-0.2994709033005511,-0.9350942064906346,4.2633377777186165e-07,0.8066578780418195,0.6496496354743995,0.40327962619540036,0.0006835500029981233,0.015436736922120907,0.7704483830760915,0.011362764892578507,-0.20120073901225946,0.3442563538163635
3638781685:1,3638781685,1,calibration,3,1013,3.095448222080162e-07,2.7684272136772496e-07,0.8341883506374799,0.8181633663312756,0.00512791467739656,3.347295096480649e-05,0.5961488713392556,1.27295315115941,3.018920666677628e-07,0.7258265427881283,0.8664907158270087,0.5509124486708866,0.0007358384877544773,0.017493097667266793,0.6330624846161038,0.011601782330712669,-0.0018392827224571037,0.2889031372074622
3638781685:1,3638781685,1,calibration,4,1019,4.917164677507191e-07,4.5901436691042785e-07,1.3251203696071305,1.3565418580285542,0.005431401781333338,1.1757288521147167e-05,0.19769548939176942,0.39855046029427105,4.5003122939175186e-07,0.5450129005344762,0.8815224159737913,0.6875046666694605,0.0009601727932112235,0.02006195643832283,0.4724477095586265,0.011442801441128287,0.08187008005882904,0.3004473378040259
3638781685:1,3638781685,1,calibration,5,1021,2.9759531924853803e-07,2.6489321840824676e-07,0.8019857891680261,0.7828485654977507,0.004171411589900177,3.055507020046619e-05,0.6689624758686376,1.7559704328092516,2.5875026418662154e-07,0.7880348282754779,0.763934402926589,0.8172434490093189,0.0015915595533784546,0.00895870551317342,1.6027849865061214,0.011575286006841127,0.7510184755017361,0.7951690862736693
3638781685:1,3638781685,1,calibration,6,1031,6.950085925412646e-07,6.623064917009734e-07,1.8729696958111797,1.957338470435577,0.005356394425844455,-1.4668685484571377e-05,-0.25010372644203827,-0.5112650412511529,4.390401616673165e-07,0.41241386789011625,0.5312720317788352,0.33862839554055935,0.0011427344522685788,0.007739646574286171,1.8614211362455597,0.011681809886879009,0.6457657308368443,0.8422310424916065
3638781685:1,3638781685,1,calibration,7,1033,3.7772412581084797e-07,3.4502202497055675e-07,1.017923876931757,1.0196561427143,0.0033192341940667604,1.7106903451845215e-05,0.4706900563303681,1.5527288151211183,3.6457611542589133e-07,0.1251500619957739,0.6831613843760646,0.5629924664625471,0.0013083681091522919,0.012106827093010761,1.9553097552617533,0.012255000553002635,0.36414563788908594,0.7157028011005091
3638781685:2,3638781685,2,calibration,0,1005,3.5990103684285134e-07,3.2719893600256013e-07,0.8187407806456855,0.8041723420368866,0.003536668823661056,1.2513646291630756e-05,0.34586905458099004,1.0004493053667476,3.5990102697933214e-07,0.013156690696265788,0.6877009904694601,-0.2291212480477874,0.0007148391121000594,0.011480760190513771,1.647290625189488,0.011026902271802457,0.5437689414416298,0.7990439979888917
3638781685:2,3638781685,2,calibration,1,1007,4.2433529988973235e-07,3.9163319904944113e-07,0.965322627950471,0.9625354860460887,0.0034323644502359976,3.902610297123937e-06,0.11114348659616287,0.33125954090696313,4.037545107476983e-07,0.8220416350696405,0.3059908008614315,0.8003954197906773,0.0018980664301923363,0.01224720583515061,1.0114790607539161,0.012639113235125598,0.8591547818199204,0.8978995443844893
3638781685:2,3638781685,2,calibration,2,1011,2.4217124786695037e-07,2.0946914702665913e-07,0.5509166582787661,0.514822256474512,0.0074750075884674316,4.926691532024029e-05,0.6442671070528926,0.8817228494689565,2.391178386174471e-07,0.44925931933239993,0.03603524090349634,0.6456655998909403,0.0016047347578740454,0.00878004693333612,1.6968246700779304,0.012136608522108605,0.7711892692825468,0.9105245465099318
3638781685:2,3638781685,2,calibration,3,1013,2.0864735136511798e-07,1.7594525052482673e-07,0.47465296803499457,0.4324289862107302,0.0066890227653693705,4.7991617626467265e-05,0.7013340755531022,1.072605552049638,2.0772600050305521e-07,0.34316918750560027,0.9002802643140987,0.7264119765615082,0.0013555382499916076,0.022679591406926877,0.46041931251621254,0.011235366848714536,-0.12439995364488868,0.09993550133787756
3638781685:2,3638781685,2,calibration,4,1019,3.355103411594871e-07,3.028082403191958e-07,0.7632542574629011,0.7442261725559242,0.0033021825249152023,1.4833846868900478e-05,0.4391116327073372,1.3603530724926176,3.299791503194631e-07,0.4380437406554001,0.7002769498253133,0.5824731980948088,0.0015456628149936565,0.014564299098296336,1.6363635036859674,0.011293876521853647,0.437192587998332,0.7005076264050873
3638781685:2,3638781685,2,calibration,5,1021,5.002192026172801e-07,4.675171017769889e-07,1.137951321389668,1.149038952484115,0.006438718172374883,9.02745374001157e-06,0.13705285320019908,0.21775414938958185,4.01125648970567e-07,0.8223506110213067,0.7831749111258564,0.5156454759329128,0.0014669826213939163,0.012700443235938809,0.9243648575482387,0.011912842637027651,0.8133130863411012,0.76099784128296
3638781685:2,3638781685,2,calibration,6,1031,3.9089305649830085e-07,3.5819095565800963e-07,0.889244690801323,0.8803428985040417,0.003181437977969541,7.353428395437878e-06,0.22593766306139745,0.7265122568674939,3.8793584291989506e-07,0.7849184746479808,0.5099235696322892,0.806481736106339,0.0018153428067936095,0.010002066471921183,1.0278850099118102,0.011413917678875283,0.8782059246000785,0.9373772163034962
3638781685:2,3638781685,2,calibration,7,1033,3.6940179368949504e-07,3.366996928492038e-07,0.8403541028677673,0.8275228027010639,0.005320340493099882,1.9196547712389918e-05,0.352700382805281,0.6781789069347263,3.579501480557324e-07,0.9258121915197012,0.6627872900058216,0.9632353113851221,0.00243805120511015,0.016561990381602682,0.8825603641828867,0.011125063281950643,0.8843452714621628,0.9517156557736666
3680907127:0,3680907127,0,development,0,1005,2.5101486667626215e-07,2.454671853875914e-07,4.098316280903181,4.4069030533005815,0.004491874734789311,-1.1005734920850386e-05,-0.5215266390874004,-0.5454610890687424,6.27663954627157e-08,0.8118134149730591,0.8247536264473017,0.8053053660422264,0.0006789753389575522,0.006581274334382564,0.780488003913086,0.011417725815367425,0.4294405924698566,0.7791198841317737
3680907127:0,3680907127,0,development,1,1007,5.909807354304205e-08,5.355039225437132e-08,0.9648934351120937,0.9613968838995877,0.002963350789253901,7.861869233768658e-06,0.5647130659707853,0.8952816577793421,5.872191434973378e-08,0.6715054238549034,0.7909075934360086,0.7573833955434319,0.0006158384499825568,0.005560771902811456,0.8115927843142026,0.01182733684354108,0.3144791035416386,0.7621296930770639
3680907127:0,3680907127,0,development,2,1011,1.443690304171135e-07,1.3882134912844277e-07,2.3571111769238313,2.492277028277549,0.002736586758104902,-3.6990836538806675e-06,-0.28771997679337386,-0.4939417210116058,7.907916268836297e-08,0.303332951800978,0.3690778511518968,0.8448635102938152,0.0007492147357631668,0.00880545365919232,1.0687793848371896,0.011730973683706984,0.36421260019371,0.4693826411859218
3680907127:0,3680907127,0,development,3,1013,1.3483795438149948e-07,1.2929027309282875e-07,2.201497429385678,2.3211644291891385,0.0025439670722287137,-2.987675231347823e-06,-0.24998099123505324,-0.46164742260134284,8.082869071977772e-08,0.8959984419496461,0.9115981557108269,0.9473868921674949,0.001086786139565824,0.011203762689641562,0.8812333356728482,0.011418088654507807,0.04511483161643626,0.7800807452715306
3680907127:0,3680907127,0,development,4,1019,1.1287297802553464e-07,1.073252967368639e-07,1.8428755620784971,1.9268244638861032,0.0018369180964718287,-1.7249084435032642e-06,-0.19987631789011834,-0.5111948416331097,8.277200428037466e-08,0.5663705852039,0.7645967485692469,0.7564154326235882,0.0006075253206725299,0.0066680332095680655,1.9098357711375773,0.012311856990239064,0.2670293447997414,0.6545429645470258
3680907127:0,3680907127,0,development,5,1021,5.824891814682207e-08,5.270123685815134e-08,0.9510292866199109,0.9461518909592088,0.002296346245169293,6.216440213250427e-06,0.5762215204171633,1.1788729895339434,5.75898591247304e-08,0.7452579166259582,0.6959762695989253,0.7633205991725844,0.0006216463935666593,0.005913040841413313,1.6258329893125263,0.011558829293124174,0.1380771656434669,0.7952087055314835
3680907127:0,3680907127,0,development,6,1031,9.594125880684992e-08,9.039357751817919e-08,1.566431614927302,1.6228471929338542,0.002942218033479797,3.0835410481824526e-06,0.2230796559207906,0.35620501375016883,8.192587739420808e-08,0.2575454116133673,-0.036088799840755456,0.8361989278690591,0.0006951560713484177,0.005937045970650107,1.690585996240652,0.011322804204327767,0.3223824828980513,0.8066010101601203
3680907127:0,3680907127,0,development,7,1033,6.839786337927026e-08,6.285018209059953e-08,1.1167309760492508,1.1283571729484698,0.00304916429759219,6.929473641500777e-06,0.48373165253208716,0.7453128261529772,6.60420773862699e-08,0.3649014851723012,0.405505287401893,0.9062758445655373,0.0009049426439177482,0.011526935689078432,1.021968468078534,0.011578025073183618,0.03688563153155438,0.3291496688961568
3680907127:1,3680907127,1,development,0,1005,9.555444968133154e-08,9.000676839266081e-08,0.9806141040752101,0.9794437918849376,0.0023159323207208697,7.710090209864749e-06,0.5666399018736017,1.4374995983550791,9.154424001573763e-08,0.6776321655604046,0.25499721108671763,0.2064036138677474,0.00043592461349566976,0.00519876980414209,1.445216900886912,0.010875575025451271,0.3694356251673645,0.5566642795727803
3680907127:1,3680907127,1,development,1,1007,1.1494168386511248e-07,1.0939400257644175e-07,1.1795728688739873,1.19041355007339,0.0023792951432569666,5.377275666624345e-06,0.38466931222775463,0.9498732666640985,1.148861196124275e-07,0.7417739437122771,0.6307205958301327,0.8344556661143469,0.0009253028116833037,0.008044558369881634,0.8733097807766829,0.012142176974214373,0.6881055039509798,0.7506029868139281
3680907127:1,3680907127,1,development,2,1011,1.448658750523149e-07,1.3931819376364416e-07,1.4866656733333776,1.5160453198711958,0.0024072186593878608,1.6138073423514453e-06,0.11410632116444663,0.27849705353480086,1.330825641959921e-07,0.7606970600019302,0.8410454055960742,0.5792115432560677,0.0006066342937020783,0.006968798790124422,0.9017964812022623,0.010383417061163667,0.2313428749072106,0.6607640474807747
3680907127:1,3680907127,1,development,3,1013,9.777966027999609e-08,9.223197899132536e-08,1.0034500149602101,1.0036582898101434,0.00294310429735543,9.0744234487123e-06,0.5247916862473377,1.0476295397560287,9.770290219869106e-08,0.8414514212610377,0.7990573988263137,0.7390157091560432,0.0007406563794440847,0.009333873916026882,0.8545256853532988,0.011767648914111636,0.24619325706389605,0.5965693469430956
3680907127:1,3680907127,1,development,4,1019,1.622733642402582e-07,1.5672568295158747e-07,1.665307583481586,1.705471709929496,0.0032842515195824038,1.8814519111821807e-06,0.09750575979656154,0.17442964761699045,1.3355623449264043e-07,0.6387585725446294,0.5873304283477019,0.6833857927110553,0.0006626875366415536,0.008762963811581145,0.9971767455687035,0.011729538057284042,-0.10687792285994586,0.5546625209360715
3680907127:1,3680907127,1,development,5,1021,9.470416094321295e-08,8.915647965454222e-08,0.9718881354581955,0.9701910430002455,0.0022958258272428984,7.77256402578201e-06,0.5762340651263901,1.474641438448376,9.006575011163905e-08,0.834929974659215,0.7259534929988496,0.650693599704265,0.0006906267638264636,0.006267145429738443,1.1767796482662192,0.011658759670507304,0.3743710062389857,0.8973787882925982
3680907127:1,3680907127,1,development,6,1031,1.183456420344108e-07,1.1279796074574006e-07,1.2145055109605452,1.2274550499104966,0.0016776541679487274,3.5183080852087003e-06,0.35694802559050204,1.2500546100125416,1.1765820227590489e-07,0.5893134935284351,0.29806765939112245,0.4443659439270686,0.0005690434502902428,0.004929932708097493,1.962202557565717,0.011113797084282243,0.5666041338447753,0.6710774283092322
3680907127:1,3680907127,1,development,7,1033,7.993269717718937e-08,7.438501588851864e-08,0.8202980655545372,0.8094495927621008,0.0027376052753851415,1.0775144595223703e-05,0.669924461123405,1.4377436185156705,7.432297517040719e-08,0.8625183643045833,0.8557229510404287,0.7562259869633575,0.0007994942825865019,0.007177847739951426,1.2379219106585808,0.010688086078700176,0.4431017707222373,0.8468306608141669
3680907127:2,3680907127,2,development,0,1005,7.004200980455773e-08,6.4494328515887e-08,0.5159845081072651,0.4953606120463036,0.002883482719117776,6.766481845269273e-06,0.4877273911101006,0.8138197306978612,6.891620771861545e-08,0.9186978546822943,0.6751798114579433,0.47841233977238307,0.0010301449402844282,0.005343709004872823,1.0707099037927887,0.011520847308450906,0.6286393781199475,0.8930472568353963
3680907127:2,3680907127,2,development,1,1007,1.217817200709957e-07,1.1623403878232496e-07,0.8971398893696573,0.8927570209160803,0.003172758637938418,1.0197613227464737e-06,0.0668025559733895,0.10130350360678997,9.00232039617906e-08,0.9050866787700778,0.9340125326938988,0.535059104769004,0.0009815073559445281,0.010903664989468797,0.5468436834522148,0.011637186489758698,0.7704269530063942,0.7432460123777141
3680907127:2,3680907127,2,development,2,1011,1.1025185613428962e-07,1.0470417484561888e-07,0.8122018473499398,0.8041997696363741,0.0017771938797406077,-9.584057375681564e-07,-0.11208465894383465,-0.3034448611345966,8.929071216057589e-08,0.8549932030296897,0.9505855721130787,0.43006488270742693,0.0009311262007748371,0.009274369242054416,0.734577389539763,0.011005915454390067,0.8127520998443869,0.8154860908018368
3680907127:2,3680907127,2,development,3,1013,6.681043150544971e-08,6.126275021677898e-08,0.4921781618341052,0.4705398775575745,0.0025965581404707493,6.393944660252181e-06,0.5118024968394731,0.9483590002393484,6.674019782606491e-08,0.8040973125440593,0.786830464297521,0.6434687617212882,0.001143731263855878,0.006371123467173508,0.9466185773203514,0.011289109993845017,0.819380003317689,0.9510034575230057
3680907127:2,3680907127,2,development,4,1019,8.48268619794136e-08,7.927918069074287e-08,0.6249013524149684,0.608918402178914,0.0023361228234920774,3.445519394382826e-06,0.3065424365489355,0.6313400699098725,8.19294966942558e-08,0.8378091591615604,0.437247416080442,0.4226211582520947,0.000996616082450402,0.004087567941089985,1.274800106907826,0.012342563860375234,0.7617304621177675,0.9315321619949659
3680907127:2,3680907127,2,development,5,1021,1.5774038082406015e-07,1.5219269953538942e-07,1.1620396535631548,1.1689441618460865,0.0031344427364161727,-3.7037803070162925e-06,-0.2455932672527778,-0.3769854061177266,8.497255658532497e-08,0.07841319762479568,0.2192767749129653,0.2953332042239222,0.0009379716642116079,0.005423864412822505,2.5531435856458637,0.011913714092831465,0.7361578096390262,0.8564958922735244
3680907127:2,3680907127,2,development,6,1031,1.465200302733076e-07,1.4097234898463686e-07,1.079381730469914,1.082764185341242,0.0028101831540939155,-3.231376390679571e-06,-0.23899262543180083,-0.4091836721365779,8.526179356039504e-08,0.8573871744623067,0.6377744185422985,0.6541137145627932,0.0011786525119265132,0.007861312631529477,0.9053638390559399,0.011058583796001123,0.824470892435707,0.9416741490565206
3680907127:2,3680907127,2,development,7,1033,1.000997162843217e-07,9.455203499565097e-08,0.7374132040580251,0.7262243828793667,0.002163619688868037,1.1024841991628554e-06,0.10590660045522024,0.23551063539410444,8.941249552655663e-08,0.8750954054530151,0.43371814605059616,0.589102902608207,0.0010942552283882373,0.005697604212239026,1.4289744305268683,0.011430493147743104,0.5713657627744245,0.8590552117764052
3717728479:0,3717728479,0,development,0,1005,2.0942996464841242e-07,1.9627890007514094e-07,1.3410627681837373,1.3724252414548737,0.0027160520873880972,9.391350636294419e-07,0.04984801872158541,0.12730687770211435,1.874837647779564e-07,0.8929681650740467,0.9228343420252038,0.7097346904001518,0.0014550924088674664,0.009530856278620449,0.6170852872575058,0.011237903182493318,0.852607521285716,0.8932966821721927
3717728479:0,3717728479,0,development,1,1007,1.960314423280021e-07,1.8288037775473063e-07,1.2552667386482987,1.2787398263456182,0.0036292574641074893,5.551431320329538e-06,0.2205185522963575,0.4214726655929134,1.7881103741958465e-07,0.9619428687434258,0.9072194474286507,0.9065711845573395,0.0020011333199162393,0.014491969067665996,0.6706509629368315,0.011756606343144156,0.787986454594999,0.9402554520658174
3717728479:0,3717728479,0,development,2,1011,2.935773011571408e-07,2.804262365838693e-07,1.8798913938922368,1.9608019267815433,0.0041563638116554474,-4.882513412772085e-06,-0.16935102524841275,-0.28262874838282426,1.825604042227897e-07,0.3463416790972903,0.5738680890954435,0.24375992755999287,0.00106807947864376,0.006274428191381757,2.5306708369283046,0.011848480420796127,0.8394298019714297,0.8485433336512036
3717728479:0,3717728479,0,development,3,1013,2.488111304779661e-07,2.3566006590469464e-07,1.593235924734401,1.6477870149399945,0.004766233672033381,3.5683680749561228e-06,0.10793250452708734,0.15707930976329035,1.857612708658294e-07,0.8111800305550867,0.46120785327973596,0.700807252803297,0.001450867542892024,0.010064893047743405,1.0492912363733593,0.011422191506439548,0.7769110306687849,0.8012073295008794
3717728479:0,3717728479,0,development,4,1019,1.632665645165078e-07,1.5011549994323633e-07,1.0454602870698448,1.0496405939550517,0.003760698754410428,1.0231008370523195e-05,0.3922002207712746,0.7234047356551695,1.590400087112666e-07,0.7469865049782961,0.5935417295920824,0.6094571048073596,0.001324076845383671,0.00847393633479117,1.0542603434227171,0.010401789009172505,0.7238194405823845,0.8755505528282277
3717728479:0,3717728479,0,development,5,1021,2.69552354105711e-07,2.564012895324395e-07,1.7260501703961304,1.792814212639186,0.004933206388522022,1.7232623782712398e-06,0.05035934369543529,0.07080971334356004,1.8747413445634687e-07,0.5828507353799794,0.644354289666153,0.3428169903495299,0.0008098302644392967,0.013183246645537182,0.8734635463748619,0.01254153988996156,0.26464511454881845,0.4991400302353379
3717728479:0,3717728479,0,development,6,1031,2.0312591027199287e-07,1.899748456987214e-07,1.300695418520977,1.3283459066593857,0.0028953964908788265,2.249244972805268e-06,0.11199191085504345,0.26829999899753487,1.855934754371074e-07,0.8452382590405295,0.8501934494300363,0.5057305665643054,0.0012190392810231222,0.009672132670363268,0.8267753815910716,0.012189965863070274,0.5912484512151165,0.8476827671116299
3717728479:0,3717728479,0,development,7,1033,2.147977200071457e-07,2.0164665543387423e-07,1.3754346254888783,1.4099577675769377,0.002455903079020716,-4.206771262197524e-07,-0.024694237171021274,-0.0697471475985762,1.8783617619622698e-07,0.9247639565220459,0.9297814755965434,0.7009238942615492,0.00148534936636009,0.013519041971358132,0.42598189041488044,0.010651003785509847,0.6250223586862726,0.8366130365312029
3717728479:1,3717728479,1,development,0,1005,2.6606613415213517e-07,2.5291506957886366e-07,0.43988082274395524,0.4274318497266104,0.008157797762972619,7.143476929029613e-05,0.7286245323095366,1.0734054032739013,2.64665379859953e-07,0.8258625292216389,0.9418886522707975,0.8701578726195957,0.0013736391890436814,0.018276964256508058,0.3614488795183781,0.012109253184423624,0.2678536395160765,0.5372345851663491
3717728479:1,3717728479,1,development,1,1007,3.70923328189285e-07,3.5777226361601356e-07,0.6132387321624843,0.6046427390542848,0.005043799198208531,3.745817145868531e-05,0.6179535944526113,1.4724175887657083,3.487450550125335e-07,0.7679496062679786,0.6707285742191351,0.7813742106788683,0.001095468101011311,0.009887687653956366,0.8267266027890948,0.011857674775426751,0.2830249758473601,0.7598627571716395
3717728479:1,3717728479,1,development,2,1011,2.5270479880264913e-07,2.395537342293777e-07,0.4177908442308343,0.4048509086511814,0.005125395033254747,5.300502516770574e-05,0.8605116990572281,2.0,1.4645078476095807e-07,0.6091741425054086,0.19189660676613318,0.620367806445381,0.0008577860005247577,0.008849119227906687,1.7063758905488302,0.01174632846056638,0.3615692942866278,0.6764147262838215
3717728479:1,3717728479,1,development,3,1013,3.5698311633316165e-07,3.438320517598902e-07,0.5901917108644248,0.5810834843639048,0.004678758819646003,3.74679554465521e-05,0.6663408126403737,1.7115858111055073,3.1368431120518215e-07,0.6546203631100374,0.5103683350317348,0.6890016278788816,0.0009501146862178199,0.007977833449824855,1.6335766288298779,0.011375415574119379,-0.09566578751513975,0.7150567626496671
3717728479:1,3717728479,1,development,4,1019,3.430315372224831e-07,3.298804726492116e-07,0.5671258963542868,0.5575050187714264,0.005092612724539792,4.127571770758426e-05,0.6744054333284462,1.5915245121448949,3.0758393786712626e-07,0.6985786744793058,0.5979881682251916,0.6421924198349277,0.0008684544922101456,0.009619036479779018,0.9478636606076853,0.011276756442119536,0.18910259879495395,0.43779386386135155
3717728479:1,3717728479,1,development,5,1021,4.296685153919222e-07,4.165174508186507e-07,0.710360755456768,0.7039233555488649,0.004673867114079902,2.814134922086368e-05,0.5009975855480601,1.288226398659256,4.2257959227254605e-07,0.791631784620318,0.748514645307102,0.6094829036678024,0.0008101712816167161,0.009664523169118804,1.3113735908861321,0.011795378366063885,0.28975654355539715,0.4157814879884694
3717728479:1,3717728479,1,development,6,1031,3.0126067092475196e-07,2.881096063514805e-07,0.49806711481365123,0.4869113658267772,0.0049534706286800114,4.5923472047218047e-05,0.7714223211968586,1.8716107503433819,2.2844508048950114e-07,0.6125914515926264,0.9160381358634693,0.75012493813893,0.0007633188467807385,0.013935453580512775,0.5144281972212638,0.012145082980667054,0.2833960495847227,0.2725759539711664
3717728479:1,3717728479,1,development,7,1033,4.197168084780479e-07,4.0656574390477644e-07,0.6939078346860296,0.6871047590879371,0.004902640056883821,3.0510590569480025e-05,0.5178305666618798,1.269376913574042,4.129037706780024e-07,0.8277883701238041,0.8172228849983594,0.5784962178070614,0.0008326627102264416,0.007697189094862385,1.030322180942392,0.011847486398669846,0.13312926241307815,0.6952010898383091
3717728479:2,3717728479,2,development,0,1005,2.1467223066214703e-07,2.0152116608887556e-07,0.654290045482519,0.6398544949002433,0.006203932903364169,3.1766406210073994e-05,0.5724738768061296,0.8253419138407604,2.1008583399589117e-07,0.7178874055921279,0.48081609320041213,0.6658612804594961,0.0014153345454897754,0.007826192910370457,1.3071516867454465,0.011459096335402378,0.7611665280074861,0.9285248152244931
3717728479:2,3717728479,2,development,1,1007,3.7873333698942054e-07,3.655822724161491e-07,1.1543246721768414,1.1607686914542477,0.00398190233061107,-5.50034049276962e-07,-0.0154437816346223,-0.034690324972811666,3.1242593414178836e-07,0.7960936002359913,0.8158956126819729,0.09080051195099065,0.0008323091183244806,0.010649842675345788,0.6934602171006735,0.011682723887632702,0.3134366507489547,0.6496774454116497
3717728479:2,3717728479,2,development,2,1011,2.223945907247912e-07,2.0924352615151973e-07,0.6778266869057489,0.6643739381588328,0.003715381349613992,1.843558167386242e-05,0.5547638187175365,1.3355189400486882,2.16324419937321e-07,0.8214874855624453,0.7988941040054871,0.8247684036241506,0.001700782531649423,0.010854395464983953,0.9472276576688748,0.012046460420152609,0.723044735171605,0.9263806501626497
3717728479:2,3717728479,2,development,3,1013,2.2632636298170962e-07,2.1317529840843815e-07,0.6898101625554462,0.676857798789154,0.004985617628731991,2.3458477108408612e-05,0.5260603001285311,0.9437606821698311,2.2601926422545564e-07,0.7020710446580232,0.5663438009727232,0.8595845564776449,0.0018613676138776302,0.013226971148611067,1.0763975622835276,0.011250329738794,0.832352006575216,0.9395649656511914
3717728479:2,3717728479,2,development,4,1019,1.793317681860091e-07,1.6618070361273763e-07,0.5465774050093477,0.527644178703296,0.004728592670491323,2.8225387994009413e-05,0.6673638787321101,1.262339323148068,1.733207141572806e-07,0.9251505259752159,0.864264986494289,0.8605842311819136,0.0018280667753498763,0.011923632966430415,0.628748270577347,0.011080072042693274,0.6228019686650944,0.8694166252378416
3717728479:2,3717728479,2,development,5,1021,2.249057106428156e-07,2.1175464606954412e-07,0.6854802188055594,0.6723470528344041,0.004727529691491659,2.238689752979294e-05,0.5294370464561977,1.0016716474209095,2.249054666832069e-07,0.790695053544021,0.8498229793440382,0.5297834011339948,0.0010997692496977865,0.015795703475389,0.5272677573382647,0.011729683478695364,0.6091252652893768,0.6185417705238598
3717728479:2,3717728479,2,development,6,1031,2.661949390053992e-07,2.530438744321277e-07,0.8113238410568677,0.8034454325803324,0.004657974544241663,1.6775471234816706e-05,0.40265426040891783,0.7731798140373819,2.6183462605659314e-07,0.7554245923214362,0.5542989661340816,0.5608137161242314,0.0013263301682225027,0.007679391835706475,1.4920232520000523,0.010966953522464797,0.6953173767692804,0.9249511298550588
3717728479:2,3717728479,2,development,7,1033,2.5901641862931565e-07,2.458653540560442e-07,0.7894447446833976,0.7806527472336017,0.0027010128540979478,1.0493693634554416e-05,0.43436658710916026,1.4383847791216349,2.5353965156055993e-07,0.5322314682111485,0.6576942584122107,0.5041630902544675,0.0012809306068485452,0.009354007840370918,1.6059122389488254,0.011496737857678798,0.8524144083679063,0.867001357991483
372080181:0,372080181,0,development,0,1005,4.5659257222698233e-07,4.3882059869361935e-07,1.4909869917370224,1.5212362908024797,0.008560443333257848,2.2271889303952456e-05,0.2771079192022021,0.30392368471546233,3.1789582958306314e-07,0.8941225023810421,0.9052040293083791,0.9447273386521613,0.0032386751382040804,0.030829944588604212,0.42914872966870843,0.011571136161827974,0.3691274827743118,0.8982433189954527
372080181:0,372080181,0,development,1,1007,2.1654994708484441e-07,1.9877797355148144e-07,0.7071362387479578,0.6890931466729388,0.005378674526956547,3.0821820124653805e-05,0.6103390410969239,1.0653878785066795,2.1606677141318375e-07,0.5632222595872343,0.6426821486244155,0.5686611742402884,0.0015706302137705136,0.012054423995179074,1.0013190499014446,0.011621200553242346,0.5696351209237025,0.7252500479346181
372080181:0,372080181,0,development,2,1011,3.635607064088377e-07,3.457887328754747e-07,1.1871947047198732,1.1987276143525878,0.0055012741624353685,1.2671381802856391e-05,0.24532896262897136,0.41869463763104503,3.2361268524946356e-07,0.8422380140317856,0.8576652392483782,0.8271251512756075,0.0022883459296370837,0.023767315759080233,0.5991630304367077,0.013143180093926853,0.02732851856959515,0.712132420355854
372080181:0,372080181,0,development,3,1013,1.0086532785637715e-06,9.908813050304084e-07,3.2937218189433572,3.4350361071869546,0.011643183764318004,-1.7250612053275177e-05,-0.15780504779684684,-0.12725094157696404,3.3576222816224473e-07,0.6535327233250692,0.8597270367822321,0.701111670727308,0.0016262163981285824,0.021587703210555774,0.6390017564759695,0.011805882567802066,0.2032507191026962,0.16029525820456206
372080181:0,372080181,0,development,4,1019,3.438323146710133e-07,3.2606034113765033e-07,1.1227723351103092,1.1303362362812497,0.005394271137525092,1.4613687792723729e-05,0.2885460858174916,0.502220320381146,3.15667953401884e-07,0.8354984631793709,0.8608606059671715,0.8277256178210061,0.00214004377179763,0.016837601687243412,0.9908552295788211,0.011609093339992679,0.6794481695436413,0.8696139092151608
372080181:0,372080181,0,development,5,1021,5.00636495534513e-07,4.8286452200115e-07,1.6348108748026142,1.673921043351018,0.009163336936458466,2.1977043995163395e-05,0.2554487349557937,0.26173509889361163,3.2186766895558797e-07,0.5772215557335142,0.8150871110823381,0.5678831249001782,0.0014469264499412148,0.017025283929138015,0.7364866675190632,0.011535234097867655,0.6266104603898766,0.6892636509792733
372080181:0,372080181,0,development,6,1031,3.48362381460677e-07,3.3059040792731403e-07,1.1375651089439816,1.1460403805732704,0.003939903065489039,7.2461767738066546e-06,0.19588966446924191,0.4668075277335522,3.311238951984046e-07,0.7470874279352184,0.7822591253738763,0.8565489139001072,0.002429438949808274,0.023277385282771068,0.6522216908079576,0.01185454829365738,0.04855356531886906,0.8196131096658841
372080181:0,372080181,0,development,7,1033,4.6149572967464397e-07,4.43723756141281e-07,1.506998079997275,1.5382338088567975,0.0059297958018389,2.5849292454448847e-06,0.04642982603421686,0.07351385266293496,3.4359476143906083e-07,0.45624372632715654,0.690238867648158,0.5956133085096491,0.001533845569947235,0.016702539974671693,0.8212721645483273,0.011190245299347016,0.5055290672481795,0.5856215399333595
372080181:1,372080181,1,development,0,1005,3.766983904005974e-07,3.5892641686723444e-07,1.4346003641518148,1.4661503247459504,0.006183267138684762,1.7342759989546624e-05,0.2910191250730494,0.45360955482820275,3.3211200693340204e-07,0.8341643567793917,0.9246551949834713,-0.14135304079760858,0.0021381333769122488,0.021757096762356643,0.6409825436501915,0.012265339523000527,0.6086483930877732,0.886260901936533
372080181:1,372080181,1,development,1,1007,4.5474310186948295e-07,4.3697112833612e-07,1.7318221584215492,1.784949035811946,0.007565740530488106,1.6856855554693825e-05,0.23117797182740524,0.2944921207099877,3.434504073144588e-07,0.840414404527433,0.21050104790347068,0.7341993039983541,0.0036732452555202507,0.015988804782190225,1.6133311647069732,0.011822949894779815,0.6401785349423235,0.9813686295602553
372080181:1,372080181,1,development,2,1011,3.8684620417965595e-07,3.6907423064629297e-07,1.4732468190180024,1.5076023320890921,0.004192422677100794,5.715647523391455e-06,0.14145610771478034,0.325188602516637,3.55581453057407e-07,0.9408335352175934,0.6224012695708946,0.3897875994942819,0.003123043408832572,0.01312344164029981,1.675195583459591,0.011565348243553144,0.6258209258995979,0.9778119888328992
372080181:1,372080181,1,development,3,1013,3.588091742645434e-07,3.4103720073118044e-07,1.3664719180602838,1.3930760710416659,0.005849955621764962,1.7627173789099955e-05,0.3126449669109076,0.5150833876086702,3.2737519931267434e-07,0.8494073669103176,0.6284411232478938,-0.3287438465306222,0.002216284112090134,0.016434676798723857,0.8236307826140621,0.010818901712957732,0.5845065512506146,0.9062568251827946
372080181:1,372080181,1,development,4,1019,3.313870495940862e-07,3.136150760607232e-07,1.2620387932035018,1.2810615881241647,0.006033312336828214,2.222664423546922e-05,0.3822428902014521,0.6106077056163768,3.098271686450423e-07,0.9332943512935197,0.6562685075781794,0.4511151694336739,0.003221838074926064,0.022110819486632856,1.2805044273411696,0.010897912541071347,0.5812390602336188,0.8779235782343741
372080181:1,372080181,1,development,5,1021,8.536350846693617e-07,8.358631111359987e-07,3.2509435519942413,3.414351561335518,0.012870020121515204,1.999717583307651e-05,0.1612169743488371,0.120728613638158,3.534112660089868e-07,0.7808259117508315,0.21970427069488507,-0.08267286730727784,0.001958945439042908,0.026054440187426017,1.1318064034748887,0.012335832268651184,0.44439412917125237,0.82055305873433
372080181:1,372080181,1,development,6,1031,6.716048211583882e-07,6.538328476250252e-07,2.557708091015008,2.670790437332422,0.009337377765920923,4.071652370137613e-06,0.04524463499075637,0.04670042495802664,3.620990918645937e-07,0.7178139078782612,0.423836718055283,-0.17627951105474984,0.0017389253949798087,0.026743843843375602,1.0307549186045948,0.011907928758265357,0.5272211252700153,0.7261669540577775
372080181:1,372080181,1,development,7,1033,2.80275826637349e-07,2.6250385310398603e-07,1.0673892249162478,1.0722813685174766,0.004307994543536776,1.9847860390640974e-05,0.4780352019405215,1.0694571967809894,2.799260870227795e-07,0.9747819993839595,0.855281528442799,0.9232185472613009,0.004408203214298384,0.02204666966403922,0.7189030638243762,0.012187584298620349,0.5231364567983462,0.943112563956016
372080181:2,372080181,2,development,0,1005,4.1336268493852086e-07,3.955907114051579e-07,0.7104748862282086,0.7013524231380057,0.004983327054797238,2.950343530976986e-05,0.5003780176460446,1.1880475022770165,4.0993237031392046e-07,0.7777489605664872,0.7228496691689104,0.8961526029623326,0.0022456270347531344,0.019578502327244396,0.7182731765272273,0.01227841192641585,0.7583777454731476,0.7498708469033982
372080181:2,372080181,2,development,1,1007,5.534634024589596e-07,5.356914289255966e-07,0.9512756284520218,0.9497404031472143,0.00782468384222696,2.976660781502114e-05,0.3215196886053736,0.48617849832525994,4.903214247694536e-07,0.8238099446028816,0.9075076688902736,0.9077293605123811,0.002226894992886311,0.032413828180045116,0.5683990676799806,0.011268004387082501,-0.39229468244010024,0.27309213075931854
372080181:2,372080181,2,development,2,1011,3.856933113252501e-07,3.6792133779188714e-07,0.6629176301279921,0.6522967156330262,0.00829447312006322,5.502748303445644e-05,0.5607068610829797,0.7998380128630883,3.749261591624693e-07,0.6150458433889152,0.6031599728502737,0.8462262045366955,0.0020268396313471476,0.024608954514313202,1.0460573204961376,0.011535995385739434,0.17490563750623733,0.7246684275718249
372080181:2,372080181,2,development,3,1013,1.2743649445439405e-06,1.2565929710105775e-06,2.190338707333328,2.2278443343272176,0.010218323786581522,-4.091455768355364e-05,-0.3384100299460429,-0.3918488174953909,4.842259702424905e-07,0.8707189109985835,0.803611677881137,0.8359212385765707,0.0018926981257251856,0.015378749179381401,0.8153806236275677,0.011529195423465173,0.6245831387707799,0.778624122697053
372080181:2,372080181,2,development,4,1019,3.747643046843408e-07,3.569923311509778e-07,0.6441331944914221,0.6329204131337426,0.005692139690990791,3.822748084564496e-05,0.5676036187848841,1.1798439780139367,3.706707279622962e-07,0.6816743332943239,0.7817562395361604,0.5817089616938302,0.0011418628359900424,0.016429088621176948,0.6485311640518985,0.011803060140449628,0.649765405286881,0.2543095221227257
372080181:2,372080181,2,development,5,1021,5.536723710497087e-07,5.359003975163457e-07,0.9516347971461188,0.9501108886597811,0.009557040134518382,4.4795529286398964e-05,0.39614692435534116,0.4904422235698024,4.6103340015436026e-07,0.6827447545349302,0.8184736630004092,0.7877302312054714,0.0015385217187719555,0.022587622910868344,0.592401970874019,0.012376296726445852,-0.11966821473405342,0.3060559515152086
372080181:2,372080181,2,development,6,1031,4.0728104278233885e-07,3.8950906924897587e-07,0.7000219494334016,0.6905701313906953,0.004935650918980605,3.0045436235240234e-05,0.5144925658981152,1.233359382553353,4.0209901853548234e-07,0.8054739408014896,0.7012686460276568,0.8958004444857706,0.0024795061201707625,0.027688499990876022,0.8463977397120824,0.011927359907086663,0.45039517006123675,0.20442168835408056
372080181:2,372080181,2,development,7,1033,5.066583778132061e-07,4.888864042798431e-07,0.8708286123769109,0.8667586330906555,0.0048219804514564426,1.6770560091388257e-05,0.2939457244412527,0.7212680195119804,4.996019561152336e-07,0.7366591298345293,0.8116398331348689,0.5831136858420666,0.0012867648964870958,0.014424336448679458,0.9798977131031136,0.012108159927513169,0.5789951320292279,0.7918736479618632
490965904:0,490965904,0,test,0,1005,2.773449660280565e-07,2.262642333734934e-07,0.8753644020126728,0.8514080297648228,0.0036986668136986356,2.3750829940655996e-05,0.6272023839576789,1.7361544940478322,2.4838564393323225e-07,0.5097076123277774,0.9344339621204668,0.8719584194623082,0.0015043271282634708,0.01900812088141259,0.41901706602134725,0.011939913194094383,-0.3251877738322379,0.4348261264689801
490965904:0,490965904,0,test,1,1007,4.5685977343434484e-07,4.057790407797817e-07,1.4419543577926137,1.5269029862969346,0.00515530161061539,7.221433841481706e-06,0.1368180760610768,0.2717160417769256,4.0179552955618004e-07,0.2081827151488503,0.7547995152885113,0.8450002532693233,0.0013791871242287551,0.01699426468113865,0.7615295110819318,0.012113952897183733,-0.41906824073978777,0.483358741930745
490965904:0,490965904,0,test,2,1011,4.779455838429718e-07,4.268648511884087e-07,1.508506017567225,1.6062466281458403,0.0039000720321464293,-1.1608363110641226e-06,-0.029071837142198107,-0.07631777984660697,4.0911422865513634e-07,0.7008214534859037,0.795277512375858,0.8430008390240734,0.0013614826939011883,0.016484650742410973,0.7338307828813269,0.011569967947562076,0.674976027989677,0.38764054809021553
490965904:0,490965904,0,test,3,1013,9.76879374654069e-07,9.257986419995058e-07,3.0832556360372787,3.4836809423724335,0.006397660231063085,-5.216461424678782e-05,-0.7963957787327346,-1.274481854997972,1.4976164318454356e-07,0.7789497381865109,0.8776022780038298,0.8362872047664562,0.001325997704765414,0.0119148586346147,1.0469363175667243,0.012037468426775104,0.7394755177095933,0.6295326462270471
490965904:0,490965904,0,test,4,1019,4.2476178623995154e-07,3.736810535853884e-07,1.3406457392565623,1.4061217049201122,0.00319180137579144,3.1352068654090605e-06,0.09594104948643478,0.3077474664762396,4.056913399063724e-07,0.4697618010667699,0.7019195709783659,0.6633348024970445,0.0009898623257519439,0.009633046221045334,1.2215672691230264,0.010938537748441763,0.5849066432475306,0.6700008914760893
490965904:0,490965904,0,test,5,1021,3.930965185929701e-07,3.42015785938407e-07,1.2407028829814384,1.286968700765057,0.004514338601151894,1.2284189615896995e-05,0.2657825732910307,0.6027791898147943,3.8053586375601425e-07,-0.22114002331504795,0.4549978408382008,0.8029439841387965,0.001231610778173138,0.014898251522463386,0.9307139025712634,0.01182408439805328,-0.11280520090879238,0.6127688388888433
490965904:0,490965904,0,test,6,1031,3.3028303252043505e-07,2.792022998658719e-07,1.0424490965086972,1.0506082931906164,0.004442744423154933,2.000367833499449e-05,0.4397771423398318,1.0134613750908374,3.302690610682919e-07,0.3380062833382,0.2898650807752587,0.9030216765349091,0.0014741802946107818,0.012082769449104944,2.0244725745433803,0.012536540198913398,0.478181254027874,0.7776708196330031
490965904:0,490965904,0,test,7,1033,4.806707461240067e-07,4.295900134694435e-07,1.5171072555297855,1.616501121372153,0.003177475828818732,-4.0667616896396835e-06,-0.12500880081830884,-0.4027951314249208,4.030615749081528e-07,0.8367793391330081,0.914165471383079,0.866971953745952,0.0014690358065814861,0.01436446997533966,0.4158513532222971,0.011672925624117548,0.7819734805111319,0.643459612775287
490965904:1,490965904,1,test,0,1005,7.843823164890164e-07,7.333015838344533e-07,1.2361039118645842,1.2567736388409148,0.004037104796698073,6.551249581219412e-06,0.1154393534409134,0.40196116722823627,7.616125356079514e-07,0.4636837042812201,0.768658858745533,-0.12740407587653302,0.001397326399505534,0.009618623214311874,1.399490534513137,0.011968551862487535,0.8060808525651423,0.9244466379186672
490965904:1,490965904,1,test,1,1007,5.398212086157428e-07,4.887404759611797e-07,0.8507013654568171,0.8376310101646248,0.00486454356986755,4.1537855890807425e-05,0.6074376987717552,1.755334465508531,4.87083308498615e-07,0.8764812626128522,0.22426293573701975,-0.21967013848854555,0.0011150864327859685,0.012947600774348674,1.3522882544893973,0.011622841843615176,0.7628971830551424,0.8881429135744131
490965904:1,490965904,1,test,2,1011,3.790425873036653e-07,3.279618546491022e-07,0.5973311930673729,0.5620795352890139,0.005457422116990664,6.517735542869459e-05,0.8495891398260541,2.0,2.1886937492735918e-07,0.9233900325687794,0.9876570935318526,0.7588136868838358,0.0014757092452167186,0.029717768488321576,0.2236322217170943,0.012260504716996915,0.13494642197141088,-0.00744739343793824
490965904:1,490965904,1,test,3,1013,7.597483209284331e-07,7.086675882738699e-07,1.197283329557744,1.2145545070098094,0.0037826130953622222,8.709374357816486e-06,0.1637927974908486,0.6086997380780905,7.511904810690679e-07,0.9005461437897126,0.7242130554637805,0.30057973462549914,0.0017393658480716117,0.009301037501975758,0.8474440156646122,0.011499497736285176,0.7175110777835096,0.8167843070142315
490965904:1,490965904,1,test,4,1019,5.757454911909728e-07,5.246647585364096e-07,0.9073142508937777,0.8992000730578718,0.004270411714166965,3.422586375385593e-05,0.5701438358542075,1.8767867196359378,5.209824628234374e-07,0.30085353505838774,0.843222875694784,-0.21812982990818847,0.0012944643191546068,0.010362702228841758,1.2978767514711407,0.012134574572419536,0.7129330580230197,0.8578683983801189
490965904:1,490965904,1,test,5,1021,6.25519347552132e-07,5.744386148975689e-07,0.9857526058429441,0.9845053171172943,0.0030958826447898976,2.352884671053914e-05,0.5406496355983809,2.0,5.540184671999792e-07,0.38315930656697667,0.9507418199221883,0.18670997184536217,0.0010006264998038339,0.01896693600402073,0.9202664271472318,0.012286397610869753,0.6053497922900194,0.5712301978672736
490965904:1,490965904,1,test,6,1031,5.752598929137914e-07,5.241791602592283e-07,0.9065489991569647,0.8983678273253085,0.005066041661236986,3.800220128578351e-05,0.5336294148613586,1.4807141958479875,5.520928051827239e-07,0.5621256262716454,0.946002152488113,0.20060310292259692,0.0009105355900446791,0.019745083194869797,0.6247357013101805,0.011906819726550747,0.5226068636473805,0.5548909736822027
490965904:1,490965904,1,test,7,1033,8.760196929246915e-07,8.249389602701283e-07,1.3805147649702094,1.4138269462055117,0.003356226730260221,-7.69531323984897e-06,-0.1631078167182761,-0.6831620273732305,7.51363325194904e-07,0.9799676030984056,0.9220907674610174,0.9609950620857469,0.003003303079508537,0.01923899475952205,0.4900297535034684,0.011118300659414482,0.7511380995830641,0.8948802896044941
490965904:2,490965904,2,test,0,1005,1.1630618711170959e-07,6.522545445714647e-08,0.7813190369742691,0.6670767730194076,0.003499644849823533,1.123061276653176e-05,0.5074743778384639,0.916970798960015,1.1597637264620091e-07,0.602864326119134,0.683008054089287,0.7458404494318218,0.0008397150578450692,0.012902179427899818,0.7817030304581564,0.010513703575492422,0.156538939486295,0.5941014742942189
490965904:2,490965904,2,test,1,1007,2.8072750437726874e-07,2.2964677172270562e-07,1.8858647920558889,2.348654044499684,0.004689291344005482,-4.944346226425703e-06,-0.16673865687207395,-0.2248508026531962,1.518607622701375e-07,0.6234114060656762,0.8661972320982693,0.7894921750617093,0.0010488605122542568,0.012974714008506898,1.0018799251659374,0.011730525634424496,0.22874692882435832,0.53009519705534
490965904:2,490965904,2,test,2,1011,1.7849084168811055e-07,1.2741010903354743e-07,1.1990616836448653,1.3030545373967488,0.00525503694771068,1.0954926604206142e-05,0.32966158230270864,0.3966960941901394,1.3922780766693685e-07,0.7988236148105963,0.5981982591612607,0.775616155003547,0.0010416973591343692,0.012026909033511281,0.8760920434484774,0.012384764759477996,0.6003702594318341,0.859035888705879
490965904:2,490965904,2,test,3,1013,1.3820430186652306e-07,8.712356921195994e-08,0.9284256901684768,0.8910341811727999,0.006041062950009266,2.0551117823453807e-05,0.537968353149569,0.5631300806809578,1.1099665125296247e-07,0.9078106829388815,0.6666546126548172,0.9365179348475273,0.0018850709227865847,0.02519246944572807,0.7597653420877672,0.011152157376553614,0.5723283226603464,0.6722155362557342
490965904:2,490965904,2,test,4,1019,1.854990593658025e-07,1.3441832671123938e-07,1.2461413276674236,1.374729304126413,0.0035826832150229766,2.6679775901624443e-06,0.11776287744861925,0.20785733716231772,1.5403725250494152e-07,0.8287055651196189,0.8468523651118018,0.8867055460679412,0.0014338064456729637,0.01780272774073932,0.6525219061923663,0.012131029891486416,0.8708402218509114,0.8259158504870393
490965904:2,490965904,2,test,5,1021,1.1556533797962569e-07,6.448460532506257e-08,0.7763421776618143,0.6594999266419025,0.0038971899571308365,1.2795729198970046e-05,0.5192160466418457,0.8424844445885368,1.1409333027915742e-07,0.9574188056940123,0.918529484193508,0.945960505568754,0.0019893248114757197,0.02759081969635242,0.39550254546600994,0.011479090613199808,0.7973151608612035,0.7396623188628493
490965904:2,490965904,2,test,6,1031,1.632961456024062e-07,1.1221541294784309e-07,1.0969871026821476,1.1476546415091438,0.006433135869455817,1.978475959971365e-05,0.48634302773571636,0.47806321719975176,1.1925675598828771e-07,0.22715862642372195,0.8147769278752958,0.9098565585406267,0.0016169848548526137,0.018869083031095746,0.5927788172385786,0.010771338591971099,-0.17147911008744748,-0.1690137929070832
490965904:2,490965904,2,test,7,1033,1.6650248795751144e-07,1.1542175530294832e-07,1.1185265958364925,1.1804466937721803,0.0022918664179209076,1.30805505961789e-06,0.0902550195074425,0.24902756548615207,1.5493106871775945e-07,0.8508061066192991,0.8510350868025675,0.8581890347473923,0.0012767716690392005,0.012309750943902414,1.616908602610178,0.011455528540334409,-0.05829554484230006,0.1399540384649072
929236264:0,929236264,0,calibration,0,1005,2.481230838633796e-07,2.3573415762122032e-07,0.4661915658685525,0.4534698697051776,0.0049085559998702745,2.941284369244153e-05,0.6045248637200517,1.2207578196578537,2.435363902895373e-07,0.4563408968606326,0.8319236715443477,0.5713744273603903,0.0010451935800845503,0.009900890582239731,0.7251335220347102,0.011966800170677479,0.13376660441738636,0.795267791207624
929236264:0,929236264,0,calibration,1,1007,3.90982309434963e-07,3.785933831928037e-07,0.7346057941257511,0.72828093255599,0.004252724839202434,8.122736096331717e-06,0.1926930107830054,0.4491255642718537,3.695435406927555e-07,-0.14168848627612965,0.3506744022954197,0.5301144395638996,0.0009630817469350805,0.010969797666867426,1.4620932023952256,0.011381645586151911,0.5569217130499635,0.7609490721684812
929236264:0,929236264,0,calibration,2,1011,2.4284657392499284e-07,2.3045764768283355e-07,0.4562776780021098,0.44331971455412394,0.004045135099121264,2.622283494769448e-05,0.653999646498574,1.602557348516484,2.196393672096914e-07,0.5556078965434292,0.5500974603785708,0.8239472060559073,0.0015321681917346054,0.018234389742753612,0.8447532540154097,0.013452935949673577,0.5941543540108406,0.6793659151617253
929236264:0,929236264,0,calibration,3,1013,5.121543949495e-07,4.997654687073406e-07,0.9622726577081983,0.9613735415552869,0.004155841065520664,-7.794617647580061e-06,-0.18921989149726826,-0.45131207776668175,3.7005261626608944e-07,0.5504149265872275,0.6215769080212228,0.7355369236845059,0.0012784777674207562,0.010503611369627871,1.1040132840205534,0.01238611647542484,0.2571986427594208,0.7910815503872329
929236264:0,929236264,0,calibration,4,1019,3.18038918485932e-07,3.056499922437727e-07,0.5975544842806149,0.5879634226825998,0.0036458087543009797,1.5062616595290987e-05,0.41680933896525735,1.1332158880082506,3.171174937862628e-07,0.8203683510104669,0.7800647206711105,0.750875167737129,0.0013228909733163205,0.013747303330386996,1.0419646998949026,0.011206375538293305,0.5797798719861913,0.7232501609206697
929236264:0,929236264,0,calibration,5,1021,4.350630298526459e-07,4.2267410361048663e-07,0.8174278345266702,0.8130767837216747,0.004181125238960897,2.17847373582101e-06,0.05256419949477995,0.1246137529332466,3.827336213365524e-07,0.4783639273062992,0.5527730068073035,0.5605533786260883,0.0009702870874132641,0.011365606843423888,1.4661768217164726,0.010886554031992787,-0.05894467285852628,0.4863521160878616
929236264:0,929236264,0,calibration,6,1031,2.7244176178288397e-07,2.600528355407247e-07,0.5118832538913772,0.5002504797739118,0.006138396497231067,3.309304769542212e-05,0.543892074941772,0.8782676584887638,2.7026063022784693e-07,0.5923973505506155,0.8092120576146002,0.689396576794684,0.0012064393106608613,0.010840075097131138,0.9027085768897191,0.01192109069526756,0.26254021690009105,0.5147193277286207
929236264:0,929236264,0,calibration,7,1033,2.56600383876074e-07,2.442114576339147e-07,0.4821193292419578,0.46977722274641626,0.004564662606426331,2.6698860644138375e-05,0.5900855080621602,1.2813723947057836,2.50156608791204e-07,0.6428983533833632,0.7824024651102625,0.8410386449823143,0.001533656751994645,0.013289244236820359,0.8423303674706789,0.010362451234020367,0.5490222328185809,0.860524470108954
929236264:1,929236264,1,calibration,0,1005,3.362052806717461e-07,3.238163544295868e-07,1.3013744846323116,1.3165547828755217,0.0056606768312210546,1.787951217597533e-05,0.33333972228736475,0.5579803976056263,3.117495964978493e-07,0.7737390138048114,0.41835881285815635,0.7982134482381744,0.0012509064641766027,0.007970088008527791,2.8145925364400015,0.011850968997578655,0.6263174249832676,0.8596749930681497
929236264:1,929236264,1,calibration,1,1007,2.9121675903246453e-07,2.7882783279030523e-07,1.1272341081167747,1.1336429177752232,0.0032726675409898136,1.297158826896572e-05,0.4183030505813806,1.211126138437862,2.8935189221404376e-07,0.7584796045536502,0.7108761799130793,0.8437268408206524,0.0014818777863579381,0.012730553772224148,0.9647147113160202,0.011708252291418638,0.5949375258311705,0.7345310374657541
929236264:1,929236264,1,calibration,2,1011,3.7008589214239707e-07,3.5769696590023777e-07,1.432518657036595,1.4543047157256002,0.004011654590872237,5.567849092203787e-06,0.14647506145257164,0.3459715527412327,3.4319529929896446e-07,0.1884974706832861,0.7572698822779032,0.41214590183599115,0.0008551073717673543,0.008632195301788714,1.329053077626647,0.011132916911550966,0.38578166306846545,0.7458385527677995
929236264:1,929236264,1,calibration,3,1013,4.150800640666619e-07,4.026911378245026e-07,1.6066809045254062,1.6372395534448465,0.004140512372255545,3.3383016006498386e-07,0.008508857482235772,0.01947230651920836,3.5069458427028083e-07,0.6975572218944182,0.7284375545222075,0.5498421216226996,0.000998007069098736,0.008455760287543369,1.087312665255453,0.011546028378856285,0.37020406472420586,0.804976023881563
929236264:1,929236264,1,calibration,4,1019,3.6666101143040575e-07,3.5427208518824646e-07,1.4192617196006645,1.4403800234718902,0.006248277273709349,1.7480031989681536e-05,0.295244417781727,0.4477356092086702,3.201479736113552e-07,0.9077920600653248,0.8250206152763402,0.886204751346133,0.001789432022777932,0.01786594628459784,0.744876213500315,0.01186768013204007,0.17265369549296142,0.8420862311410195
929236264:1,929236264,1,calibration,5,1021,2.474003984811972e-07,2.3501147223903792e-07,0.9576309016563087,0.9554967609710486,0.003917695045654794,2.0899073237977797e-05,0.5629841474139818,1.3616508864729686,2.39558876622803e-07,0.5931607784636378,0.689548774285354,0.8508314785275221,0.0015708913260763003,0.014782109178390233,0.7526071246159866,0.011487315326259073,0.22259636052773962,0.8979139658501086
929236264:1,929236264,1,calibration,6,1031,3.5511171544856285e-07,3.4272278920640355e-07,1.374557010988692,1.3934235289781982,0.005371253258651711,1.3863038215069106e-05,0.27238460370754025,0.48051523313207,3.2469887881469645e-07,0.7347196830929482,0.8877305732171319,0.6353583264669451,0.0010891994270139347,0.009191247437195165,1.176567029789923,0.012455277594914792,0.5550540071669879,0.5937537971461356
929236264:1,929236264,1,calibration,7,1033,2.9587330199271883e-07,2.8348437575055953e-07,1.1452585311209622,1.152575234880662,0.00512364950926925,2.0146266500046843e-05,0.4149683048051136,0.7674246548177678,2.9032645469425545e-07,0.657045562031133,0.7757581034209313,0.7520880316103858,0.001225949526739004,0.014330505619819706,0.8676282300958925,0.011772335415091146,0.0013298584325182733,0.6822764335992139
929236264:2,929236264,2,calibration,0,1005,1.4097198594247008e-07,1.2858305970031078e-07,0.5546258488386019,0.5318052246583241,0.00500395913177199,2.586792249801734e-05,0.6524085111040367,1.0330802119147877,1.408649513625624e-07,0.798757300561686,0.4055982824296442,0.7284798301153208,0.000876047851105535,0.008189099501345078,1.2097158050222203,0.01187754684230965,0.4590180965550481,0.7616516871444021
929236264:2,929236264,2,calibration,1,1007,1.603916856660534e-07,1.480027594238941e-07,0.6310287410258384,0.6121229414584047,0.0038714279337686086,1.8356374560358226e-05,0.5983944440697526,1.2247418332499604,1.5743455692963413e-07,0.8733195737658579,0.8839080069701799,0.9070512136013714,0.0014237454221698212,0.016316867750618382,1.518011762494321,0.011565889324160855,0.4989732970355711,0.6625297664623313
929236264:2,929236264,2,calibration,2,1011,1.8839238244017906e-07,1.7600345619801976e-07,0.7411918355768325,0.727930707063453,0.002607986164827585,1.067910416805374e-05,0.5167748393938623,1.570088947654453,1.7975751163965126e-07,0.16189031080400867,0.6053567349984744,0.5672942070218552,0.0005705466281799048,0.009180380960425295,1.6143374373563177,0.011922817957438926,0.4101725656467003,0.4365302993331795
929236264:2,929236264,2,calibration,3,1013,1.9611227834255265e-07,1.8372335210039335e-07,0.7715642091315821,0.7598593373532387,0.00371765144802077,1.3200627719069809e-05,0.44812351593921235,0.9551184712484179,1.9600352749337892e-07,0.6005554286094164,0.4846397371392285,0.5573615790091231,0.0006935609077028927,0.007220025474193882,1.4024186002424468,0.011687732863972657,0.43011855966387763,0.6477115383327772
929236264:2,929236264,2,calibration,4,1019,1.9700784556914762e-07,1.846189193269883e-07,0.7750876377753764,0.7635633037329935,0.003367709095794737,1.1846261246529573e-05,0.4439341523624159,1.0445089512233625,1.9692008005599244e-07,0.8154352956999782,0.813563371538643,0.8631353068974477,0.001184640413785487,0.013781425225538149,1.049674336204661,0.011423129596293997,0.16962138551390407,0.4187653019794093
929236264:2,929236264,2,calibration,5,1021,2.4617210396642615e-07,2.3378317772426685e-07,0.9685144974724428,0.966901204876914,0.003211758663942763,5.04020075243465e-06,0.1980508686464265,0.4886096344441501,2.356342803034819e-07,0.4935995657919494,0.5074963172972294,0.56023248657426,0.0006044401759316903,0.008679951047701777,1.3552121235960946,0.011380699957625135,0.3965432099930422,0.41209732772171637
929236264:2,929236264,2,calibration,6,1031,2.5404905158665626e-07,2.4166012534449697e-07,0.9995047593384435,0.999479383593159,0.00259726420117024,2.2471452646794927e-06,0.10919099899198849,0.3331186047284475,2.4233008011589766e-07,0.5408089180599376,0.7223316100535421,0.7304025617235147,0.0008788371673382774,0.007939517265504329,0.8901285566732605,0.012046250225107549,0.6041954719087459,0.7109099641949747
929236264:2,929236264,2,calibration,7,1033,1.6573705239467717e-07,1.5334812615251788e-07,0.6520590084183008,0.6342307833515933,0.005465268729893988,2.511277164089102e-05,0.5799024548815168,0.840759154780003,1.6277841306985618e-07,0.6550166578265514,0.6683225895543489,0.8770724114505548,0.0012009619317602867,0.011302665928702245,1.2744790839177296,0.011737358898289092,0.7121230120693369,0.6957163476705499
