0	-98727893490099402502424916405650773887282506729427396571085444072528219280489187/100000000000000000000000000000000000000000000000000000000000000000000000000000000	-394330538205852006795067534707510127850946811670648529631329569994037417224744007/400000000000000000000000000000000000000000000000000000000000000000000000000000000	negative	0	0	28	0
1	-394330538205852006795067534707510127850946811670648529631329569994037417224744007/400000000000000000000000000000000000000000000000000000000000000000000000000000000	-196874751225653201790217701896208580076381798211793736489158681848980978663765633/200000000000000000000000000000000000000000000000000000000000000000000000000000000	negative	0	1	28	0
2	-196874751225653201790217701896208580076381798211793736489158681848980978663765633/200000000000000000000000000000000000000000000000000000000000000000000000000000000	-15726738667870432014632130915092967698183215247061056653012206296075459897212741/16000000000000000000000000000000000000000000000000000000000000000000000000000000	negative	0	2	28	0
3	-15726738667870432014632130915092967698183215247061056653012206296075459897212741/16000000000000000000000000000000000000000000000000000000000000000000000000000000	-49073428867776899643896392745278903094549645741183169959036618888226379691638223/50000000000000000000000000000000000000000000000000000000000000000000000000000000	negative	0	3	28	0
4	-49073428867776899643896392745278903094549645741183169959036618888226379691638223/50000000000000000000000000000000000000000000000000000000000000000000000000000000	-392006395187669593936539011047138257058213950682404303019280744809735577635893043/400000000000000000000000000000000000000000000000000000000000000000000000000000000	negative	0	4	28	0
5	-392006395187669593936539011047138257058213950682404303019280744809735577635893043/400000000000000000000000000000000000000000000000000000000000000000000000000000000	-195712679716561995360953440066022644680015367717671623183134269256830058869340151/200000000000000000000000000000000000000000000000000000000000000000000000000000000	negative	0	5	28	0
6	-195712679716561995360953440066022644680015367717671623183134269256830058869340151/200000000000000000000000000000000000000000000000000000000000000000000000000000000	-390844323678578387507274749216952321661847520188282189713256332217584657841467561/400000000000000000000000000000000000000000000000000000000000000000000000000000000	negative	0	6	28	0
7	-390844323678578387507274749216952321661847520188282189713256332217584657841467561/400000000000000000000000000000000000000000000000000000000000000000000000000000000	-19513164396201639214632130915092967698183215247061056653012206296075459897212741/20000000000000000000000000000000000000000000000000000000000000000000000000000000	negative	0	7	28	0
8	-19513164396201639214632130915092967698183215247061056653012206296075459897212741/20000000000000000000000000000000000000000000000000000000000000000000000000000000	-389682252169487181078010487386766386265481089694160076407231919625433738047042079/400000000000000000000000000000000000000000000000000000000000000000000000000000000	negative	0	8	28	0
9	-389682252169487181078010487386766386265481089694160076407231919625433738047042079/400000000000000000000000000000000000000000000000000000000000000000000000000000000	-194550608207470788931689178235836709283648937223549509877109856664679139074914669/200000000000000000000000000000000000000000000000000000000000000000000000000000000	negative	0	9	28	0
10	-194550608207470788931689178235836709283648937223549509877109856664679139074914669/200000000000000000000000000000000000000000000000000000000000000000000000000000000	-388520180660395974648746225556580450869114659200037963101207507033282818252616597/400000000000000000000000000000000000000000000000000000000000000000000000000000000	negative	0	10	28	0
11	-388520180660395974648746225556580450869114659200037963101207507033282818252616597/400000000000000000000000000000000000000000000000000000000000000000000000000000000	-24246196556615648214632130915092967698183215247061056653012206296075459897212741/25000000000000000000000000000000000000000000000000000000000000000000000000000000	negative	0	11	28	0
12	-24246196556615648214632130915092967698183215247061056653012206296075459897212741/25000000000000000000000000000000000000000000000000000000000000000000000000000000	-77471621830260953643896392745278903094549645741183169959036618888226379691638223/80000000000000000000000000000000000000000000000000000000000000000000000000000000	negative	0	12	28	0
13	-77471621830260953643896392745278903094549645741183169959036618888226379691638223/80000000000000000000000000000000000000000000000000000000000000000000000000000000	-193388536698379582502424916405650773887282506729427396571085444072528219280489187/200000000000000000000000000000000000000000000000000000000000000000000000000000000	negative	0	13	28	0
14	-193388536698379582502424916405650773887282506729427396571085444072528219280489187/200000000000000000000000000000000000000000000000000000000000000000000000000000000	-386196037642213561790217701896208580076381798211793736489158681848980978663765633/400000000000000000000000000000000000000000000000000000000000000000000000000000000	negative	0	14	28	0
15	-386196037642213561790217701896208580076381798211793736489158681848980978663765633/400000000000000000000000000000000000000000000000000000000000000000000000000000000	-96403750471916989643896392745278903094549645741183169959036618888226379691638223/100000000000000000000000000000000000000000000000000000000000000000000000000000000	negative	0	15	28	0
16	-96403750471916989643896392745278903094549645741183169959036618888226379691638223/100000000000000000000000000000000000000000000000000000000000000000000000000000000	-385033966133122355360953440066022644680015367717671623183134269256830058869340151/400000000000000000000000000000000000000000000000000000000000000000000000000000000	negative	0	16	28	0
17	-385033966133122355360953440066022644680015367717671623183134269256830058869340151/400000000000000000000000000000000000000000000000000000000000000000000000000000000	-38445293037857675214632130915092967698183215247061056653012206296075459897212741/40000000000000000000000000000000000000000000000000000000000000000000000000000000	negative	0	17	28	0
18	-38445293037857675214632130915092967698183215247061056653012206296075459897212741/40000000000000000000000000000000000000000000000000000000000000000000000000000000	-383871894624031148931689178235836709283648937223549509877109856664679139074914669/400000000000000000000000000000000000000000000000000000000000000000000000000000000	negative	0	18	28	0
19	-383871894624031148931689178235836709283648937223549509877109856664679139074914669/400000000000000000000000000000000000000000000000000000000000000000000000000000000	-47911357358685693214632130915092967698183215247061056653012206296075459897212741/50000000000000000000000000000000000000000000000000000000000000000000000000000000	negative	0	19	28	0
20	-47911357358685693214632130915092967698183215247061056653012206296075459897212741/50000000000000000000000000000000000000000000000000000000000000000000000000000000	-382709823114939942502424916405650773887282506729427396571085444072528219280489187/400000000000000000000000000000000000000000000000000000000000000000000000000000000	negative	0	20	28	0
21	-382709823114939942502424916405650773887282506729427396571085444072528219280489187/400000000000000000000000000000000000000000000000000000000000000000000000000000000	-191064393680197169643896392745278903094549645741183169959036618888226379691638223/200000000000000000000000000000000000000000000000000000000000000000000000000000000	negative	0	21	28	0
22	-191064393680197169643896392745278903094549645741183169959036618888226379691638223/200000000000000000000000000000000000000000000000000000000000000000000000000000000	-76309550321169747214632130915092967698183215247061056653012206296075459897212741/80000000000000000000000000000000000000000000000000000000000000000000000000000000	negative	0	22	28	0
23	-76309550321169747214632130915092967698183215247061056653012206296075459897212741/80000000000000000000000000000000000000000000000000000000000000000000000000000000	-95241678962825783214632130915092967698183215247061056653012206296075459897212741/100000000000000000000000000000000000000000000000000000000000000000000000000000000	negative	0	23	28	0
24	-95241678962825783214632130915092967698183215247061056653012206296075459897212741/100000000000000000000000000000000000000000000000000000000000000000000000000000000	-380385680096757529643896392745278903094549645741183169959036618888226379691638223/400000000000000000000000000000000000000000000000000000000000000000000000000000000	negative	0	24	28	0
25	-380385680096757529643896392745278903094549645741183169959036618888226379691638223/400000000000000000000000000000000000000000000000000000000000000000000000000000000	-189902322171105963214632130915092967698183215247061056653012206296075459897212741/200000000000000000000000000000000000000000000000000000000000000000000000000000000	negative	0	25	28	0
26	-189902322171105963214632130915092967698183215247061056653012206296075459897212741/200000000000000000000000000000000000000000000000000000000000000000000000000000000	-379223608587666323214632130915092967698183215247061056653012206296075459897212741/400000000000000000000000000000000000000000000000000000000000000000000000000000000	negative	0	26	28	0
27	-379223608587666323214632130915092967698183215247061056653012206296075459897212741/400000000000000000000000000000000000000000000000000000000000000000000000000000000	-4733032160414009/5000000000000000	negative	0	27	28	0
28	-4533032160414009/5000000000000000	-22084816006661714627622630420603687740365669240947162467463175069371863702352741959/24400000000000000000000000000000000000000000000000000000000000000000000000000000000	positive	1	0	122	0
29	-22084816006661714627622630420603687740365669240947162467463175069371863702352741959/24400000000000000000000000000000000000000000000000000000000000000000000000000000000	-11024217535251532667622630420603687740365669240947162467463175069371863702352741959/12200000000000000000000000000000000000000000000000000000000000000000000000000000000	positive	1	1	122	0
30	-11024217535251532667622630420603687740365669240947162467463175069371863702352741959/12200000000000000000000000000000000000000000000000000000000000000000000000000000000	-22012054134344416042867891261811063221097007722841487402389525208115591107058225877/24400000000000000000000000000000000000000000000000000000000000000000000000000000000	positive	1	2	122	0
31	-22012054134344416042867891261811063221097007722841487402389525208115591107058225877/24400000000000000000000000000000000000000000000000000000000000000000000000000000000	-5493918299546441687622630420603687740365669240947162467463175069371863702352741959/6100000000000000000000000000000000000000000000000000000000000000000000000000000000	positive	1	3	122	0
32	-5493918299546441687622630420603687740365669240947162467463175069371863702352741959/6100000000000000000000000000000000000000000000000000000000000000000000000000000000	-4387858452405423491622630420603687740365669240947162467463175069371863702352741959/4880000000000000000000000000000000000000000000000000000000000000000000000000000000	positive	1	4	122	0
33	-4387858452405423491622630420603687740365669240947162467463175069371863702352741959/4880000000000000000000000000000000000000000000000000000000000000000000000000000000	-10951455662934234082867891261811063221097007722841487402389525208115591107058225877/12200000000000000000000000000000000000000000000000000000000000000000000000000000000	positive	1	5	122	0
34	-10951455662934234082867891261811063221097007722841487402389525208115591107058225877/12200000000000000000000000000000000000000000000000000000000000000000000000000000000	-21866530389709818873358412944225814182559684686630137272242225485603045916469193713/24400000000000000000000000000000000000000000000000000000000000000000000000000000000	positive	1	6	122	0
35	-21866530389709818873358412944225814182559684686630137272242225485603045916469193713/24400000000000000000000000000000000000000000000000000000000000000000000000000000000	-2728768681693896197622630420603687740365669240947162467463175069371863702352741959/3050000000000000000000000000000000000000000000000000000000000000000000000000000000	positive	1	7	122	0
36	-2728768681693896197622630420603687740365669240947162467463175069371863702352741959/3050000000000000000000000000000000000000000000000000000000000000000000000000000000	-21793768517392520288603673785433189663291023168524462207168575624346773321174677631/24400000000000000000000000000000000000000000000000000000000000000000000000000000000	positive	1	8	122	0
37	-21793768517392520288603673785433189663291023168524462207168575624346773321174677631/24400000000000000000000000000000000000000000000000000000000000000000000000000000000	-2175738758123387099622630420603687740365669240947162467463175069371863702352741959/2440000000000000000000000000000000000000000000000000000000000000000000000000000000	positive	1	9	122	0
38	-2175738758123387099622630420603687740365669240947162467463175069371863702352741959/2440000000000000000000000000000000000000000000000000000000000000000000000000000000	-21721006645075221703848934626640565144022361650418787142094925763090500725880161549/24400000000000000000000000000000000000000000000000000000000000000000000000000000000	positive	1	10	122	0
39	-21721006645075221703848934626640565144022361650418787142094925763090500725880161549/24400000000000000000000000000000000000000000000000000000000000000000000000000000000	-5421156427229143102867891261811063221097007722841487402389525208115591107058225877/6100000000000000000000000000000000000000000000000000000000000000000000000000000000	positive	1	11	122	0
40	-5421156427229143102867891261811063221097007722841487402389525208115591107058225877/6100000000000000000000000000000000000000000000000000000000000000000000000000000000	-21648244772757923119094195467847940624753700132313112077021275901834228130585645467/24400000000000000000000000000000000000000000000000000000000000000000000000000000000	positive	1	12	122	0
41	-21648244772757923119094195467847940624753700132313112077021275901834228130585645467/24400000000000000000000000000000000000000000000000000000000000000000000000000000000	-10805931918299636913358412944225814182559684686630137272242225485603045916469193713/12200000000000000000000000000000000000000000000000000000000000000000000000000000000	positive	1	13	122	0
42	-10805931918299636913358412944225814182559684686630137272242225485603045916469193713/12200000000000000000000000000000000000000000000000000000000000000000000000000000000	-4315096580088124906867891261811063221097007722841487402389525208115591107058225877/4880000000000000000000000000000000000000000000000000000000000000000000000000000000	positive	1	14	122	0
43	-4315096580088124906867891261811063221097007722841487402389525208115591107058225877/4880000000000000000000000000000000000000000000000000000000000000000000000000000000	-1346193872767623452622630420603687740365669240947162467463175069371863702352741959/1525000000000000000000000000000000000000000000000000000000000000000000000000000000	positive	1	15	122	0
44	-1346193872767623452622630420603687740365669240947162467463175069371863702352741959/1525000000000000000000000000000000000000000000000000000000000000000000000000000000	-21502721028123325949584717150262691586216377096101761946873976179321682939996613303/24400000000000000000000000000000000000000000000000000000000000000000000000000000000	positive	1	16	122	0
45	-21502721028123325949584717150262691586216377096101761946873976179321682939996613303/24400000000000000000000000000000000000000000000000000000000000000000000000000000000	-10733170045982338328603673785433189663291023168524462207168575624346773321174677631/12200000000000000000000000000000000000000000000000000000000000000000000000000000000	positive	1	17	122	0
46	-10733170045982338328603673785433189663291023168524462207168575624346773321174677631/12200000000000000000000000000000000000000000000000000000000000000000000000000000000	-21429959155806027364829977991470067066947715577996086881800326318065410344702097221/24400000000000000000000000000000000000000000000000000000000000000000000000000000000	positive	1	18	122	0
47	-21429959155806027364829977991470067066947715577996086881800326318065410344702097221/24400000000000000000000000000000000000000000000000000000000000000000000000000000000	-1069678910982368903622630420603687740365669240947162467463175069371863702352741959/1220000000000000000000000000000000000000000000000000000000000000000000000000000000	positive	1	19	122	0
48	-1069678910982368903622630420603687740365669240947162467463175069371863702352741959/1220000000000000000000000000000000000000000000000000000000000000000000000000000000	-21357197283488728780075238832677442547679054059890411816726676456809137749407581139/24400000000000000000000000000000000000000000000000000000000000000000000000000000000	positive	1	20	122	0
49	-21357197283488728780075238832677442547679054059890411816726676456809137749407581139/24400000000000000000000000000000000000000000000000000000000000000000000000000000000	-10660408173665039743848934626640565144022361650418787142094925763090500725880161549/12200000000000000000000000000000000000000000000000000000000000000000000000000000000	positive	1	21	122	0
50	-10660408173665039743848934626640565144022361650418787142094925763090500725880161549/12200000000000000000000000000000000000000000000000000000000000000000000000000000000	-21284435411171430195320499673884818028410392541784736751653026595552865154113065057/24400000000000000000000000000000000000000000000000000000000000000000000000000000000	positive	1	22	122	0
51	-21284435411171430195320499673884818028410392541784736751653026595552865154113065057/24400000000000000000000000000000000000000000000000000000000000000000000000000000000	-2656006809376597612867891261811063221097007722841487402389525208115591107058225877/3050000000000000000000000000000000000000000000000000000000000000000000000000000000	positive	1	23	122	0
52	-2656006809376597612867891261811063221097007722841487402389525208115591107058225877/3050000000000000000000000000000000000000000000000000000000000000000000000000000000	-848466941554165264422630420603687740365669240947162467463175069371863702352741959/976000000000000000000000000000000000000000000000000000000000000000000000000000000	positive	1	24	122	0
53	-848466941554165264422630420603687740365669240947162467463175069371863702352741959/976000000000000000000000000000000000000000000000000000000000000000000000000000000	-10587646301347741159094195467847940624753700132313112077021275901834228130585645467/12200000000000000000000000000000000000000000000000000000000000000000000000000000000	positive	1	25	122	0
54	-10587646301347741159094195467847940624753700132313112077021275901834228130585645467/12200000000000000000000000000000000000000000000000000000000000000000000000000000000	-21138911666536833025811021356299568989873069505573386621505726873040319963524032893/24400000000000000000000000000000000000000000000000000000000000000000000000000000000	positive	1	26	122	0
55	-21138911666536833025811021356299568989873069505573386621505726873040319963524032893/24400000000000000000000000000000000000000000000000000000000000000000000000000000000	-5275632682594545933358412944225814182559684686630137272242225485603045916469193713/6100000000000000000000000000000000000000000000000000000000000000000000000000000000	positive	1	27	122	0
56	-5275632682594545933358412944225814182559684686630137272242225485603045916469193713/6100000000000000000000000000000000000000000000000000000000000000000000000000000000	-21066149794219534441056282197506944470604407987467711556432077011784047368229516811/24400000000000000000000000000000000000000000000000000000000000000000000000000000000	positive	1	28	122	0
57	-21066149794219534441056282197506944470604407987467711556432077011784047368229516811/24400000000000000000000000000000000000000000000000000000000000000000000000000000000	-2102976885806088514867891261811063221097007722841487402389525208115591107058225877/2440000000000000000000000000000000000000000000000000000000000000000000000000000000	positive	1	29	122	0
58	-2102976885806088514867891261811063221097007722841487402389525208115591107058225877/2440000000000000000000000000000000000000000000000000000000000000000000000000000000	-20993387921902235856301543038714319951335746469362036491358427150527774772935000729/24400000000000000000000000000000000000000000000000000000000000000000000000000000000	positive	1	30	122	0
59	-20993387921902235856301543038714319951335746469362036491358427150527774772935000729/24400000000000000000000000000000000000000000000000000000000000000000000000000000000	-654906468304487080122630420603687740365669240947162467463175069371863702352741959/762500000000000000000000000000000000000000000000000000000000000000000000000000000	positive	1	31	122	0
60	-654906468304487080122630420603687740365669240947162467463175069371863702352741959/762500000000000000000000000000000000000000000000000000000000000000000000000000000	-20920626049584937271546803879921695432067084951256361426284777289271502177640484647/24400000000000000000000000000000000000000000000000000000000000000000000000000000000	positive	1	32	122	0
61	-20920626049584937271546803879921695432067084951256361426284777289271502177640484647/24400000000000000000000000000000000000000000000000000000000000000000000000000000000	-10442122556713143989584717150262691586216377096101761946873976179321682939996613303/12200000000000000000000000000000000000000000000000000000000000000000000000000000000	positive	1	33	122	0
62	-10442122556713143989584717150262691586216377096101761946873976179321682939996613303/12200000000000000000000000000000000000000000000000000000000000000000000000000000000	-4169572835453527737358412944225814182559684686630137272242225485603045916469193713/4880000000000000000000000000000000000000000000000000000000000000000000000000000000	positive	1	34	122	0
63	-4169572835453527737358412944225814182559684686630137272242225485603045916469193713/4880000000000000000000000000000000000000000000000000000000000000000000000000000000	-5202870810277247348603673785433189663291023168524462207168575624346773321174677631/6100000000000000000000000000000000000000000000000000000000000000000000000000000000	positive	1	35	122	0
64	-5202870810277247348603673785433189663291023168524462207168575624346773321174677631/6100000000000000000000000000000000000000000000000000000000000000000000000000000000	-20775102304950340102037325562336446393529761915045011296137477566758956987051452483/24400000000000000000000000000000000000000000000000000000000000000000000000000000000	positive	1	36	122	0
65	-20775102304950340102037325562336446393529761915045011296137477566758956987051452483/24400000000000000000000000000000000000000000000000000000000000000000000000000000000	-10369360684395845404829977991470067066947715577996086881800326318065410344702097221/12200000000000000000000000000000000000000000000000000000000000000000000000000000000	positive	1	37	122	0
66	-10369360684395845404829977991470067066947715577996086881800326318065410344702097221/12200000000000000000000000000000000000000000000000000000000000000000000000000000000	-20702340432633041517282586403543821874261100396939336231063827705502684391756936401/24400000000000000000000000000000000000000000000000000000000000000000000000000000000	positive	1	38	122	0
67	-20702340432633041517282586403543821874261100396939336231063827705502684391756936401/24400000000000000000000000000000000000000000000000000000000000000000000000000000000	-516648987411859805622630420603687740365669240947162467463175069371863702352741959/610000000000000000000000000000000000000000000000000000000000000000000000000000000	positive	1	39	122	0
68	-516648987411859805622630420603687740365669240947162467463175069371863702352741959/610000000000000000000000000000000000000000000000000000000000000000000000000000000	-20629578560315742932527847244751197354992438878833661165990177844246411796462420319/24400000000000000000000000000000000000000000000000000000000000000000000000000000000	positive	1	40	122	0
69	-20629578560315742932527847244751197354992438878833661165990177844246411796462420319/24400000000000000000000000000000000000000000000000000000000000000000000000000000000	-10296598812078546820075238832677442547679054059890411816726676456809137749407581139/12200000000000000000000000000000000000000000000000000000000000000000000000000000000	positive	1	41	122	0
70	-10296598812078546820075238832677442547679054059890411816726676456809137749407581139/12200000000000000000000000000000000000000000000000000000000000000000000000000000000	-20556816687998444347773108085958572835723777360727986100916527982990139201167904237/24400000000000000000000000000000000000000000000000000000000000000000000000000000000	positive	1	42	122	0
71	-20556816687998444347773108085958572835723777360727986100916527982990139201167904237/24400000000000000000000000000000000000000000000000000000000000000000000000000000000	-5130108937959948763848934626640565144022361650418787142094925763090500725880161549/6100000000000000000000000000000000000000000000000000000000000000000000000000000000	positive	1	43	122	0
72	-5130108937959948763848934626640565144022361650418787142094925763090500725880161549/6100000000000000000000000000000000000000000000000000000000000000000000000000000000	-4096810963136229152603673785433189663291023168524462207168575624346773321174677631/4880000000000000000000000000000000000000000000000000000000000000000000000000000000	positive	1	44	122	0
73	-4096810963136229152603673785433189663291023168524462207168575624346773321174677631/4880000000000000000000000000000000000000000000000000000000000000000000000000000000	-10223836939761248235320499673884818028410392541784736751653026595552865154113065057/12200000000000000000000000000000000000000000000000000000000000000000000000000000000	positive	1	45	122	0
74	-10223836939761248235320499673884818028410392541784736751653026595552865154113065057/12200000000000000000000000000000000000000000000000000000000000000000000000000000000	-20411292943363847178263629768373323797186454324516635970769228260477594010578872073/24400000000000000000000000000000000000000000000000000000000000000000000000000000000	positive	1	46	122	0
75	-20411292943363847178263629768373323797186454324516635970769228260477594010578872073/24400000000000000000000000000000000000000000000000000000000000000000000000000000000	-1273432000450324867867891261811063221097007722841487402389525208115591107058225877/1525000000000000000000000000000000000000000000000000000000000000000000000000000000	positive	1	47	122	0
76	-1273432000450324867867891261811063221097007722841487402389525208115591107058225877/1525000000000000000000000000000000000000000000000000000000000000000000000000000000	-20338531071046548593508890609580699277917792806410960905695578399221321415284355991/24400000000000000000000000000000000000000000000000000000000000000000000000000000000	positive	1	48	122	0
77	-20338531071046548593508890609580699277917792806410960905695578399221321415284355991/24400000000000000000000000000000000000000000000000000000000000000000000000000000000	-406043002697757986022630420603687740365669240947162467463175069371863702352741959/488000000000000000000000000000000000000000000000000000000000000000000000000000000	positive	1	49	122	0
78	-406043002697757986022630420603687740365669240947162467463175069371863702352741959/488000000000000000000000000000000000000000000000000000000000000000000000000000000	-20265769198729250008754151450788074758649131288305285840621928537965048819989839909/24400000000000000000000000000000000000000000000000000000000000000000000000000000000	positive	1	50	122	0
79	-20265769198729250008754151450788074758649131288305285840621928537965048819989839909/24400000000000000000000000000000000000000000000000000000000000000000000000000000000	-5057347065642650179094195467847940624753700132313112077021275901834228130585645467/6100000000000000000000000000000000000000000000000000000000000000000000000000000000	positive	1	51	122	0
80	-5057347065642650179094195467847940624753700132313112077021275901834228130585645467/6100000000000000000000000000000000000000000000000000000000000000000000000000000000	-20193007326411951423999412291995450239380469770199610775548278676708776224695323827/24400000000000000000000000000000000000000000000000000000000000000000000000000000000	positive	1	52	122	0
81	-20193007326411951423999412291995450239380469770199610775548278676708776224695323827/24400000000000000000000000000000000000000000000000000000000000000000000000000000000	-10078313195126651065811021356299568989873069505573386621505726873040319963524032893/12200000000000000000000000000000000000000000000000000000000000000000000000000000000	positive	1	53	122	0
82	-10078313195126651065811021356299568989873069505573386621505726873040319963524032893/12200000000000000000000000000000000000000000000000000000000000000000000000000000000	-4024049090818930567848934626640565144022361650418787142094925763090500725880161549/4880000000000000000000000000000000000000000000000000000000000000000000000000000000	positive	1	54	122	0
83	-4024049090818930567848934626640565144022361650418787142094925763090500725880161549/4880000000000000000000000000000000000000000000000000000000000000000000000000000000	-2510483064742000443358412944225814182559684686630137272242225485603045916469193713/3050000000000000000000000000000000000000000000000000000000000000000000000000000000	positive	1	55	122	0
84	-2510483064742000443358412944225814182559684686630137272242225485603045916469193713/3050000000000000000000000000000000000000000000000000000000000000000000000000000000	-20047483581777354254489933974410201200843146733988260645400978954196231034106291663/24400000000000000000000000000000000000000000000000000000000000000000000000000000000	positive	1	56	122	0
85	-20047483581777354254489933974410201200843146733988260645400978954196231034106291663/24400000000000000000000000000000000000000000000000000000000000000000000000000000000	-10005551322809352481056282197506944470604407987467711556432077011784047368229516811/12200000000000000000000000000000000000000000000000000000000000000000000000000000000	positive	1	57	122	0
86	-10005551322809352481056282197506944470604407987467711556432077011784047368229516811/12200000000000000000000000000000000000000000000000000000000000000000000000000000000	-19974721709460055669735194815617576681574485215882585580327329092939958438811775581/24400000000000000000000000000000000000000000000000000000000000000000000000000000000	positive	1	58	122	0
87	-19974721709460055669735194815617576681574485215882585580327329092939958438811775581/24400000000000000000000000000000000000000000000000000000000000000000000000000000000	-996917038665070318867891261811063221097007722841487402389525208115591107058225877/1220000000000000000000000000000000000000000000000000000000000000000000000000000000	positive	1	59	122	0
88	-996917038665070318867891261811063221097007722841487402389525208115591107058225877/1220000000000000000000000000000000000000000000000000000000000000000000000000000000	-326261636674471427622630420603687740365669240947162467463175069371863702352741959/400000000000000000000000000000000000000000000000000000000000000000000000000000000	positive	1	60	122	0
89	-326261636674471427622630420603687740365669240947162467463175069371863702352741959/400000000000000000000000000000000000000000000000000000000000000000000000000000000	-9932789450492053896301543038714319951335746469362036491358427150527774772935000729/12200000000000000000000000000000000000000000000000000000000000000000000000000000000	positive	1	61	122	0
90	-9932789450492053896301543038714319951335746469362036491358427150527774772935000729/12200000000000000000000000000000000000000000000000000000000000000000000000000000000	-19829197964825458500225716498032327643037162179671235450180029370427413248222743417/24400000000000000000000000000000000000000000000000000000000000000000000000000000000	positive	1	62	122	0
91	-19829197964825458500225716498032327643037162179671235450180029370427413248222743417/24400000000000000000000000000000000000000000000000000000000000000000000000000000000	-309262766072918893872630420603687740365669240947162467463175069371863702352741959/381250000000000000000000000000000000000000000000000000000000000000000000000000000	positive	1	63	122	0
92	-309262766072918893872630420603687740365669240947162467463175069371863702352741959/381250000000000000000000000000000000000000000000000000000000000000000000000000000	-3951287218501631983094195467847940624753700132313112077021275901834228130585645467/4880000000000000000000000000000000000000000000000000000000000000000000000000000000	positive	1	64	122	0
93	-3951287218501631983094195467847940624753700132313112077021275901834228130585645467/4880000000000000000000000000000000000000000000000000000000000000000000000000000000	-9860027578174755311546803879921695432067084951256361426284777289271502177640484647/12200000000000000000000000000000000000000000000000000000000000000000000000000000000	positive	1	65	122	0
94	-9860027578174755311546803879921695432067084951256361426284777289271502177640484647/12200000000000000000000000000000000000000000000000000000000000000000000000000000000	-19683674220190861330716238180447078604499839143459885320032729647914868057633711253/24400000000000000000000000000000000000000000000000000000000000000000000000000000000	positive	1	66	122	0
95	-19683674220190861330716238180447078604499839143459885320032729647914868057633711253/24400000000000000000000000000000000000000000000000000000000000000000000000000000000	-4911823321008053009584717150262691586216377096101761946873976179321682939996613303/6100000000000000000000000000000000000000000000000000000000000000000000000000000000	positive	1	67	122	0
96	-4911823321008053009584717150262691586216377096101761946873976179321682939996613303/6100000000000000000000000000000000000000000000000000000000000000000000000000000000	-19610912347873562745961499021654454085231177625354210254959079786658595462339195171/24400000000000000000000000000000000000000000000000000000000000000000000000000000000	positive	1	68	122	0
97	-19610912347873562745961499021654454085231177625354210254959079786658595462339195171/24400000000000000000000000000000000000000000000000000000000000000000000000000000000	-1957453141171491345358412944225814182559684686630137272242225485603045916469193713/2440000000000000000000000000000000000000000000000000000000000000000000000000000000	positive	1	69	122	0
98	-1957453141171491345358412944225814182559684686630137272242225485603045916469193713/2440000000000000000000000000000000000000000000000000000000000000000000000000000000	-19538150475556264161206759862861829565962516107248535189885429925402322867044679089/24400000000000000000000000000000000000000000000000000000000000000000000000000000000	positive	1	70	122	0
99	-19538150475556264161206759862861829565962516107248535189885429925402322867044679089/24400000000000000000000000000000000000000000000000000000000000000000000000000000000	-2437721192424701858603673785433189663291023168524462207168575624346773321174677631/3050000000000000000000000000000000000000000000000000000000000000000000000000000000	positive	1	71	122	0
100	-2437721192424701858603673785433189663291023168524462207168575624346773321174677631/3050000000000000000000000000000000000000000000000000000000000000000000000000000000	-19465388603238965576452020704069205046693854589142860124811780064146050271750163007/24400000000000000000000000000000000000000000000000000000000000000000000000000000000	positive	1	72	122	0
101	-19465388603238965576452020704069205046693854589142860124811780064146050271750163007/24400000000000000000000000000000000000000000000000000000000000000000000000000000000	-9714503833540158142037325562336446393529761915045011296137477566758956987051452483/12200000000000000000000000000000000000000000000000000000000000000000000000000000000	positive	1	73	122	0
102	-9714503833540158142037325562336446393529761915045011296137477566758956987051452483/12200000000000000000000000000000000000000000000000000000000000000000000000000000000	-775705069236866679667891261811063221097007722841487402389525208115591107058225877/976000000000000000000000000000000000000000000000000000000000000000000000000000000	positive	1	74	122	0
103	-775705069236866679667891261811063221097007722841487402389525208115591107058225877/976000000000000000000000000000000000000000000000000000000000000000000000000000000	-4839061448690754424829977991470067066947715577996086881800326318065410344702097221/6100000000000000000000000000000000000000000000000000000000000000000000000000000000	positive	1	75	122	0
104	-4839061448690754424829977991470067066947715577996086881800326318065410344702097221/6100000000000000000000000000000000000000000000000000000000000000000000000000000000	-19319864858604368406942542386483956008156531552931509994664480341633505081161130843/24400000000000000000000000000000000000000000000000000000000000000000000000000000000	positive	1	76	122	0
105	-19319864858604368406942542386483956008156531552931509994664480341633505081161130843/24400000000000000000000000000000000000000000000000000000000000000000000000000000000	-9641741961222859557282586403543821874261100396939336231063827705502684391756936401/12200000000000000000000000000000000000000000000000000000000000000000000000000000000	positive	1	77	122	0
106	-9641741961222859557282586403543821874261100396939336231063827705502684391756936401/12200000000000000000000000000000000000000000000000000000000000000000000000000000000	-19247102986287069822187803227691331488887870034825834929590830480377232485866614761/24400000000000000000000000000000000000000000000000000000000000000000000000000000000	positive	1	78	122	0
107	-19247102986287069822187803227691331488887870034825834929590830480377232485866614761/24400000000000000000000000000000000000000000000000000000000000000000000000000000000	-240134025626605256622630420603687740365669240947162467463175069371863702352741959/305000000000000000000000000000000000000000000000000000000000000000000000000000000	positive	1	79	122	0
108	-240134025626605256622630420603687740365669240947162467463175069371863702352741959/305000000000000000000000000000000000000000000000000000000000000000000000000000000	-19174341113969771237433064068898706969619208516720159864517180619120959890572098679/24400000000000000000000000000000000000000000000000000000000000000000000000000000000	positive	1	80	122	0
109	-19174341113969771237433064068898706969619208516720159864517180619120959890572098679/24400000000000000000000000000000000000000000000000000000000000000000000000000000000	-9568980088905560972527847244751197354992438878833661165990177844246411796462420319/12200000000000000000000000000000000000000000000000000000000000000000000000000000000	positive	1	81	122	0
110	-9568980088905560972527847244751197354992438878833661165990177844246411796462420319/12200000000000000000000000000000000000000000000000000000000000000000000000000000000	-19101579241652472652678324910106082450350546998614484799443530757864687295277582597/24400000000000000000000000000000000000000000000000000000000000000000000000000000000	positive	1	82	122	0
111	-19101579241652472652678324910106082450350546998614484799443530757864687295277582597/24400000000000000000000000000000000000000000000000000000000000000000000000000000000	-4766299576373455840075238832677442547679054059890411816726676456809137749407581139/6100000000000000000000000000000000000000000000000000000000000000000000000000000000	positive	1	83	122	0
112	-4766299576373455840075238832677442547679054059890411816726676456809137749407581139/6100000000000000000000000000000000000000000000000000000000000000000000000000000000	-3805763473867034813584717150262691586216377096101761946873976179321682939996613303/4880000000000000000000000000000000000000000000000000000000000000000000000000000000	positive	1	84	122	0
113	-3805763473867034813584717150262691586216377096101761946873976179321682939996613303/4880000000000000000000000000000000000000000000000000000000000000000000000000000000	-9496218216588262387773108085958572835723777360727986100916527982990139201167904237/12200000000000000000000000000000000000000000000000000000000000000000000000000000000	positive	1	85	122	0
114	-9496218216588262387773108085958572835723777360727986100916527982990139201167904237/12200000000000000000000000000000000000000000000000000000000000000000000000000000000	-18956055497017875483168846592520833411813223962403134669296231035352142104688550433/24400000000000000000000000000000000000000000000000000000000000000000000000000000000	positive	1	86	122	0
115	-18956055497017875483168846592520833411813223962403134669296231035352142104688550433/24400000000000000000000000000000000000000000000000000000000000000000000000000000000	-2364959320107403273848934626640565144022361650418787142094925763090500725880161549/3050000000000000000000000000000000000000000000000000000000000000000000000000000000	positive	1	87	122	0
116	-2364959320107403273848934626640565144022361650418787142094925763090500725880161549/3050000000000000000000000000000000000000000000000000000000000000000000000000000000	-18883293624700576898414107433728208892544562444297459604222581174095869509394034351/24400000000000000000000000000000000000000000000000000000000000000000000000000000000	positive	1	88	122	0
117	-18883293624700576898414107433728208892544562444297459604222581174095869509394034351/24400000000000000000000000000000000000000000000000000000000000000000000000000000000	-1884691268854192760603673785433189663291023168524462207168575624346773321174677631/2440000000000000000000000000000000000000000000000000000000000000000000000000000000	positive	1	89	122	0
118	-1884691268854192760603673785433189663291023168524462207168575624346773321174677631/2440000000000000000000000000000000000000000000000000000000000000000000000000000000	-18810531752383278313659368274935584373275900926191784539148931312839596914099518269/24400000000000000000000000000000000000000000000000000000000000000000000000000000000	positive	1	90	122	0
119	-18810531752383278313659368274935584373275900926191784539148931312839596914099518269/24400000000000000000000000000000000000000000000000000000000000000000000000000000000	-4693537704056157255320499673884818028410392541784736751653026595552865154113065057/6100000000000000000000000000000000000000000000000000000000000000000000000000000000	positive	1	91	122	0
120	-4693537704056157255320499673884818028410392541784736751653026595552865154113065057/6100000000000000000000000000000000000000000000000000000000000000000000000000000000	-18737769880065979728904629116142959854007239408086109474075281451583324318805002187/24400000000000000000000000000000000000000000000000000000000000000000000000000000000	positive	1	92	122	0
121	-18737769880065979728904629116142959854007239408086109474075281451583324318805002187/24400000000000000000000000000000000000000000000000000000000000000000000000000000000	-9350694471953665218263629768373323797186454324516635970769228260477594010578872073/12200000000000000000000000000000000000000000000000000000000000000000000000000000000	positive	1	93	122	0
122	-9350694471953665218263629768373323797186454324516635970769228260477594010578872073/12200000000000000000000000000000000000000000000000000000000000000000000000000000000	-3733001601549736228829977991470067066947715577996086881800326318065410344702097221/4880000000000000000000000000000000000000000000000000000000000000000000000000000000	positive	1	94	122	0
123	-3733001601549736228829977991470067066947715577996086881800326318065410344702097221/4880000000000000000000000000000000000000000000000000000000000000000000000000000000	-582144595987188495367891261811063221097007722841487402389525208115591107058225877/762500000000000000000000000000000000000000000000000000000000000000000000000000000	positive	1	95	122	0
124	-582144595987188495367891261811063221097007722841487402389525208115591107058225877/762500000000000000000000000000000000000000000000000000000000000000000000000000000	-18592246135431382559395150798557710815469916371874759343927981729070779128215970023/24400000000000000000000000000000000000000000000000000000000000000000000000000000000	positive	1	96	122	0
125	-18592246135431382559395150798557710815469916371874759343927981729070779128215970023/24400000000000000000000000000000000000000000000000000000000000000000000000000000000	-9277932599636366633508890609580699277917792806410960905695578399221321415284355991/12200000000000000000000000000000000000000000000000000000000000000000000000000000000	positive	1	97	122	0
126	-9277932599636366633508890609580699277917792806410960905695578399221321415284355991/12200000000000000000000000000000000000000000000000000000000000000000000000000000000	-18519484263114083974640411639765086296201254853769084278854331867814506532921453941/24400000000000000000000000000000000000000000000000000000000000000000000000000000000	positive	1	98	122	0
127	-18519484263114083974640411639765086296201254853769084278854331867814506532921453941/24400000000000000000000000000000000000000000000000000000000000000000000000000000000	-184831033269554346822630420603687740365669240947162467463175069371863702352741959/244000000000000000000000000000000000000000000000000000000000000000000000000000000	positive	1	99	122	0
128	-184831033269554346822630420603687740365669240947162467463175069371863702352741959/244000000000000000000000000000000000000000000000000000000000000000000000000000000	-18446722390796785389885672480972461776932593335663409213780682006558233937626937859/24400000000000000000000000000000000000000000000000000000000000000000000000000000000	positive	1	100	122	0
129	-18446722390796785389885672480972461776932593335663409213780682006558233937626937859/24400000000000000000000000000000000000000000000000000000000000000000000000000000000	-9205170727319068048754151450788074758649131288305285840621928537965048819989839909/12200000000000000000000000000000000000000000000000000000000000000000000000000000000	positive	1	101	122	0
130	-9205170727319068048754151450788074758649131288305285840621928537965048819989839909/12200000000000000000000000000000000000000000000000000000000000000000000000000000000	-18373960518479486805130933322179837257663931817557734148707032145301961342332421777/24400000000000000000000000000000000000000000000000000000000000000000000000000000000	positive	1	102	122	0
131	-18373960518479486805130933322179837257663931817557734148707032145301961342332421777/24400000000000000000000000000000000000000000000000000000000000000000000000000000000	-2292197447790104689094195467847940624753700132313112077021275901834228130585645467/3050000000000000000000000000000000000000000000000000000000000000000000000000000000	positive	1	103	122	0
132	-2292197447790104689094195467847940624753700132313112077021275901834228130585645467/3050000000000000000000000000000000000000000000000000000000000000000000000000000000	-3660239729232437644075238832677442547679054059890411816726676456809137749407581139/4880000000000000000000000000000000000000000000000000000000000000000000000000000000	positive	1	104	122	0
133	-3660239729232437644075238832677442547679054059890411816726676456809137749407581139/4880000000000000000000000000000000000000000000000000000000000000000000000000000000	-9132408855001769463999412291995450239380469770199610775548278676708776224695323827/12200000000000000000000000000000000000000000000000000000000000000000000000000000000	positive	1	105	122	0
134	-9132408855001769463999412291995450239380469770199610775548278676708776224695323827/12200000000000000000000000000000000000000000000000000000000000000000000000000000000	-18228436773844889635621455004594588219126608781346384018559732422789416151743389613/24400000000000000000000000000000000000000000000000000000000000000000000000000000000	positive	1	106	122	0
135	-18228436773844889635621455004594588219126608781346384018559732422789416151743389613/24400000000000000000000000000000000000000000000000000000000000000000000000000000000	-4548013959421560085811021356299568989873069505573386621505726873040319963524032893/6100000000000000000000000000000000000000000000000000000000000000000000000000000000	positive	1	107	122	0
136	-4548013959421560085811021356299568989873069505573386621505726873040319963524032893/6100000000000000000000000000000000000000000000000000000000000000000000000000000000	-18155674901527591050866715845801963699857947263240708953486082561533143556448873531/24400000000000000000000000000000000000000000000000000000000000000000000000000000000	positive	1	108	122	0
137	-18155674901527591050866715845801963699857947263240708953486082561533143556448873531/24400000000000000000000000000000000000000000000000000000000000000000000000000000000	-1811929396536894175848934626640565144022361650418787142094925763090500725880161549/2440000000000000000000000000000000000000000000000000000000000000000000000000000000	positive	1	109	122	0
138	-1811929396536894175848934626640565144022361650418787142094925763090500725880161549/2440000000000000000000000000000000000000000000000000000000000000000000000000000000	-18082913029210292466111976687009339180589285745135033888412432700276870961154357449/24400000000000000000000000000000000000000000000000000000000000000000000000000000000	positive	1	110	122	0
139	-18082913029210292466111976687009339180589285745135033888412432700276870961154357449/24400000000000000000000000000000000000000000000000000000000000000000000000000000000	-1127908255815727698358412944225814182559684686630137272242225485603045916469193713/1525000000000000000000000000000000000000000000000000000000000000000000000000000000	positive	1	111	122	0
140	-1127908255815727698358412944225814182559684686630137272242225485603045916469193713/1525000000000000000000000000000000000000000000000000000000000000000000000000000000	-18010151156892993881357237528216714661320624227029358823338782839020598365859841367/24400000000000000000000000000000000000000000000000000000000000000000000000000000000	positive	1	112	122	0
141	-18010151156892993881357237528216714661320624227029358823338782839020598365859841367/24400000000000000000000000000000000000000000000000000000000000000000000000000000000	-8986885110367172294489933974410201200843146733988260645400978954196231034106291663/12200000000000000000000000000000000000000000000000000000000000000000000000000000000	positive	1	113	122	0
142	-8986885110367172294489933974410201200843146733988260645400978954196231034106291663/12200000000000000000000000000000000000000000000000000000000000000000000000000000000	-3587477856915139059320499673884818028410392541784736751653026595552865154113065057/4880000000000000000000000000000000000000000000000000000000000000000000000000000000	positive	1	114	122	0
143	-3587477856915139059320499673884818028410392541784736751653026595552865154113065057/4880000000000000000000000000000000000000000000000000000000000000000000000000000000	-4475252087104261501056282197506944470604407987467711556432077011784047368229516811/6100000000000000000000000000000000000000000000000000000000000000000000000000000000	positive	1	115	122	0
144	-4475252087104261501056282197506944470604407987467711556432077011784047368229516811/6100000000000000000000000000000000000000000000000000000000000000000000000000000000	-17864627412258396711847759210631465622783301190818008693191483116508053175270809203/24400000000000000000000000000000000000000000000000000000000000000000000000000000000	positive	1	116	122	0
145	-17864627412258396711847759210631465622783301190818008693191483116508053175270809203/24400000000000000000000000000000000000000000000000000000000000000000000000000000000	-8914123238049873709735194815617576681574485215882585580327329092939958438811775581/12200000000000000000000000000000000000000000000000000000000000000000000000000000000	positive	1	117	122	0
146	-8914123238049873709735194815617576681574485215882585580327329092939958438811775581/12200000000000000000000000000000000000000000000000000000000000000000000000000000000	-17791865539941098127093020051838841103514639672712333628117833255251780579976293121/24400000000000000000000000000000000000000000000000000000000000000000000000000000000	positive	1	118	122	0
147	-17791865539941098127093020051838841103514639672712333628117833255251780579976293121/24400000000000000000000000000000000000000000000000000000000000000000000000000000000	-443887115094561220867891261811063221097007722841487402389525208115591107058225877/610000000000000000000000000000000000000000000000000000000000000000000000000000000	positive	1	119	122	0
148	-443887115094561220867891261811063221097007722841487402389525208115591107058225877/610000000000000000000000000000000000000000000000000000000000000000000000000000000	-17719103667623799542338280893046216584245978154606658563044183393995507984681777039/24400000000000000000000000000000000000000000000000000000000000000000000000000000000	positive	1	120	122	0
149	-17719103667623799542338280893046216584245978154606658563044183393995507984681777039/24400000000000000000000000000000000000000000000000000000000000000000000000000000000	-144940350257911067622630420603687740365669240947162467463175069371863702352741959/200000000000000000000000000000000000000000000000000000000000000000000000000000000	positive	1	121	122	0
150	-140940350257911067622630420603687740365669240947162467463175069371863702352741959/200000000000000000000000000000000000000000000000000000000000000000000000000000000	-4395057714741123852801543038714319951335746469362036491358427150527774772935000729/6250000000000000000000000000000000000000000000000000000000000000000000000000000000	positive	2	0	125	0
151	-4395057714741123852801543038714319951335746469362036491358427150527774772935000729/6250000000000000000000000000000000000000000000000000000000000000000000000000000000	-17542917935690107369583541734253592064977316636500983497970533532739235389387260957/25000000000000000000000000000000000000000000000000000000000000000000000000000000000	positive	2	1	125	0
152	-17542917935690107369583541734253592064977316636500983497970533532739235389387260957/25000000000000000000000000000000000000000000000000000000000000000000000000000000000	-8752802506207859663980455656824952162305823697776910515253679231683685843517259499/12500000000000000000000000000000000000000000000000000000000000000000000000000000000	positive	2	2	125	0
153	-8752802506207859663980455656824952162305823697776910515253679231683685843517259499/12500000000000000000000000000000000000000000000000000000000000000000000000000000000	-17468292089141331286338280893046216584245978154606658563044183393995507984681777039/25000000000000000000000000000000000000000000000000000000000000000000000000000000000	positive	2	3	125	0
154	-17468292089141331286338280893046216584245978154606658563044183393995507984681777039/25000000000000000000000000000000000000000000000000000000000000000000000000000000000	-435774479146673581117891261811063221097007722841487402389525208115591107058225877/625000000000000000000000000000000000000000000000000000000000000000000000000000000	positive	2	4	125	0
155	-435774479146673581117891261811063221097007722841487402389525208115591107058225877/625000000000000000000000000000000000000000000000000000000000000000000000000000000	-17393666242592555203093020051838841103514639672712333628117833255251780579976293121/25000000000000000000000000000000000000000000000000000000000000000000000000000000000	positive	2	5	125	0
156	-17393666242592555203093020051838841103514639672712333628117833255251780579976293121/25000000000000000000000000000000000000000000000000000000000000000000000000000000000	-8678176659659083580735194815617576681574485215882585580327329092939958438811775581/12500000000000000000000000000000000000000000000000000000000000000000000000000000000	positive	2	6	125	0
157	-8678176659659083580735194815617576681574485215882585580327329092939958438811775581/12500000000000000000000000000000000000000000000000000000000000000000000000000000000	-17319040396043779119847759210631465622783301190818008693191483116508053175270809203/25000000000000000000000000000000000000000000000000000000000000000000000000000000000	positive	2	7	125	0
158	-17319040396043779119847759210631465622783301190818008693191483116508053175270809203/25000000000000000000000000000000000000000000000000000000000000000000000000000000000	-4320431868192347769556282197506944470604407987467711556432077011784047368229516811/6250000000000000000000000000000000000000000000000000000000000000000000000000000000	positive	2	8	125	0
159	-4320431868192347769556282197506944470604407987467711556432077011784047368229516811/6250000000000000000000000000000000000000000000000000000000000000000000000000000000	-3448882909899000607320499673884818028410392541784736751653026595552865154113065057/5000000000000000000000000000000000000000000000000000000000000000000000000000000000	positive	2	9	125	0
160	-3448882909899000607320499673884818028410392541784736751653026595552865154113065057/5000000000000000000000000000000000000000000000000000000000000000000000000000000000	-8603550813110307497489933974410201200843146733988260645400978954196231034106291663/12500000000000000000000000000000000000000000000000000000000000000000000000000000000	positive	2	10	125	0
161	-8603550813110307497489933974410201200843146733988260645400978954196231034106291663/12500000000000000000000000000000000000000000000000000000000000000000000000000000000	-17169788702946226953357237528216714661320624227029358823338782839020598365859841367/25000000000000000000000000000000000000000000000000000000000000000000000000000000000	positive	2	11	125	0
162	-17169788702946226953357237528216714661320624227029358823338782839020598365859841367/25000000000000000000000000000000000000000000000000000000000000000000000000000000000	-1070779736229489931983412944225814182559684686630137272242225485603045916469193713/1562500000000000000000000000000000000000000000000000000000000000000000000000000000	positive	2	12	125	0
163	-1070779736229489931983412944225814182559684686630137272242225485603045916469193713/1562500000000000000000000000000000000000000000000000000000000000000000000000000000	-17095162856397450870111976687009339180589285745135033888412432700276870961154357449/25000000000000000000000000000000000000000000000000000000000000000000000000000000000	positive	2	13	125	0
164	-17095162856397450870111976687009339180589285745135033888412432700276870961154357449/25000000000000000000000000000000000000000000000000000000000000000000000000000000000	-1705784993312306282848934626640565144022361650418787142094925763090500725880161549/2500000000000000000000000000000000000000000000000000000000000000000000000000000000	positive	2	14	125	0
165	-1705784993312306282848934626640565144022361650418787142094925763090500725880161549/2500000000000000000000000000000000000000000000000000000000000000000000000000000000	-17020537009848674786866715845801963699857947263240708953486082561533143556448873531/25000000000000000000000000000000000000000000000000000000000000000000000000000000000	positive	2	15	125	0
166	-17020537009848674786866715845801963699857947263240708953486082561533143556448873531/25000000000000000000000000000000000000000000000000000000000000000000000000000000000	-4245806021643571686311021356299568989873069505573386621505726873040319963524032893/6250000000000000000000000000000000000000000000000000000000000000000000000000000000	positive	2	16	125	0
167	-4245806021643571686311021356299568989873069505573386621505726873040319963524032893/6250000000000000000000000000000000000000000000000000000000000000000000000000000000	-16945911163299898703621455004594588219126608781346384018559732422789416151743389613/25000000000000000000000000000000000000000000000000000000000000000000000000000000000	positive	2	17	125	0
168	-16945911163299898703621455004594588219126608781346384018559732422789416151743389613/25000000000000000000000000000000000000000000000000000000000000000000000000000000000	-8454299120012755330999412291995450239380469770199610775548278676708776224695323827/12500000000000000000000000000000000000000000000000000000000000000000000000000000000	positive	2	18	125	0
169	-8454299120012755330999412291995450239380469770199610775548278676708776224695323827/12500000000000000000000000000000000000000000000000000000000000000000000000000000000	-3374257063350224524075238832677442547679054059890411816726676456809137749407581139/5000000000000000000000000000000000000000000000000000000000000000000000000000000000	positive	2	19	125	0
170	-3374257063350224524075238832677442547679054059890411816726676456809137749407581139/5000000000000000000000000000000000000000000000000000000000000000000000000000000000	-2104246549184591822344195467847940624753700132313112077021275901834228130585645467/3125000000000000000000000000000000000000000000000000000000000000000000000000000000	positive	2	20	125	0
171	-2104246549184591822344195467847940624753700132313112077021275901834228130585645467/3125000000000000000000000000000000000000000000000000000000000000000000000000000000	-16796659470202346537130933322179837257663931817557734148707032145301961342332421777/25000000000000000000000000000000000000000000000000000000000000000000000000000000000	positive	2	21	125	0
172	-16796659470202346537130933322179837257663931817557734148707032145301961342332421777/25000000000000000000000000000000000000000000000000000000000000000000000000000000000	-8379673273463979247754151450788074758649131288305285840621928537965048819989839909/12500000000000000000000000000000000000000000000000000000000000000000000000000000000	positive	2	22	125	0
173	-8379673273463979247754151450788074758649131288305285840621928537965048819989839909/12500000000000000000000000000000000000000000000000000000000000000000000000000000000	-16722033623653570453885672480972461776932593335663409213780682006558233937626937859/25000000000000000000000000000000000000000000000000000000000000000000000000000000000	positive	2	23	125	0
174	-16722033623653570453885672480972461776932593335663409213780682006558233937626937859/25000000000000000000000000000000000000000000000000000000000000000000000000000000000	-166847207003791824122630420603687740365669240947162467463175069371863702352741959/250000000000000000000000000000000000000000000000000000000000000000000000000000000	positive	2	24	125	0
175	-166847207003791824122630420603687740365669240947162467463175069371863702352741959/250000000000000000000000000000000000000000000000000000000000000000000000000000000	-16647407777104794370640411639765086296201254853769084278854331867814506532921453941/25000000000000000000000000000000000000000000000000000000000000000000000000000000000	positive	2	25	125	0
176	-16647407777104794370640411639765086296201254853769084278854331867814506532921453941/25000000000000000000000000000000000000000000000000000000000000000000000000000000000	-8305047426915203164508890609580699277917792806410960905695578399221321415284355991/12500000000000000000000000000000000000000000000000000000000000000000000000000000000	positive	2	26	125	0
177	-8305047426915203164508890609580699277917792806410960905695578399221321415284355991/12500000000000000000000000000000000000000000000000000000000000000000000000000000000	-16572781930556018287395150798557710815469916371874759343927981729070779128215970023/25000000000000000000000000000000000000000000000000000000000000000000000000000000000	positive	2	27	125	0
178	-16572781930556018287395150798557710815469916371874759343927981729070779128215970023/25000000000000000000000000000000000000000000000000000000000000000000000000000000000	-516733406477550945180391261811063221097007722841487402389525208115591107058225877/781250000000000000000000000000000000000000000000000000000000000000000000000000000	positive	2	28	125	0
179	-516733406477550945180391261811063221097007722841487402389525208115591107058225877/781250000000000000000000000000000000000000000000000000000000000000000000000000000	-3299631216801448440829977991470067066947715577996086881800326318065410344702097221/5000000000000000000000000000000000000000000000000000000000000000000000000000000000	positive	2	29	125	0
180	-3299631216801448440829977991470067066947715577996086881800326318065410344702097221/5000000000000000000000000000000000000000000000000000000000000000000000000000000000	-8230421580366427081263629768373323797186454324516635970769228260477594010578872073/12500000000000000000000000000000000000000000000000000000000000000000000000000000000	positive	2	30	125	0
181	-8230421580366427081263629768373323797186454324516635970769228260477594010578872073/12500000000000000000000000000000000000000000000000000000000000000000000000000000000	-16423530237458466120904629116142959854007239408086109474075281451583324318805002187/25000000000000000000000000000000000000000000000000000000000000000000000000000000000	positive	2	31	125	0
182	-16423530237458466120904629116142959854007239408086109474075281451583324318805002187/25000000000000000000000000000000000000000000000000000000000000000000000000000000000	-4096554328546019519820499673884818028410392541784736751653026595552865154113065057/6250000000000000000000000000000000000000000000000000000000000000000000000000000000	positive	2	32	125	0
183	-4096554328546019519820499673884818028410392541784736751653026595552865154113065057/6250000000000000000000000000000000000000000000000000000000000000000000000000000000	-16348904390909690037659368274935584373275900926191784539148931312839596914099518269/25000000000000000000000000000000000000000000000000000000000000000000000000000000000	positive	2	33	125	0
184	-16348904390909690037659368274935584373275900926191784539148931312839596914099518269/25000000000000000000000000000000000000000000000000000000000000000000000000000000000	-1631159146763530199603673785433189663291023168524462207168575624346773321174677631/2500000000000000000000000000000000000000000000000000000000000000000000000000000000	positive	2	34	125	0
185	-1631159146763530199603673785433189663291023168524462207168575624346773321174677631/2500000000000000000000000000000000000000000000000000000000000000000000000000000000	-16274278544360913954414107433728208892544562444297459604222581174095869509394034351/25000000000000000000000000000000000000000000000000000000000000000000000000000000000	positive	2	35	125	0
186	-16274278544360913954414107433728208892544562444297459604222581174095869509394034351/25000000000000000000000000000000000000000000000000000000000000000000000000000000000	-2029620702635815739098934626640565144022361650418787142094925763090500725880161549/3125000000000000000000000000000000000000000000000000000000000000000000000000000000	positive	2	36	125	0
187	-2029620702635815739098934626640565144022361650418787142094925763090500725880161549/3125000000000000000000000000000000000000000000000000000000000000000000000000000000	-16199652697812137871168846592520833411813223962403134669296231035352142104688550433/25000000000000000000000000000000000000000000000000000000000000000000000000000000000	positive	2	37	125	0
188	-16199652697812137871168846592520833411813223962403134669296231035352142104688550433/25000000000000000000000000000000000000000000000000000000000000000000000000000000000	-8081169887268874914773108085958572835723777360727986100916527982990139201167904237/12500000000000000000000000000000000000000000000000000000000000000000000000000000000	positive	2	38	125	0
189	-8081169887268874914773108085958572835723777360727986100916527982990139201167904237/12500000000000000000000000000000000000000000000000000000000000000000000000000000000	-3225005370252672357584717150262691586216377096101761946873976179321682939996613303/5000000000000000000000000000000000000000000000000000000000000000000000000000000000	positive	2	39	125	0
190	-3225005370252672357584717150262691586216377096101761946873976179321682939996613303/5000000000000000000000000000000000000000000000000000000000000000000000000000000000	-4021928481997243436575238832677442547679054059890411816726676456809137749407581139/6250000000000000000000000000000000000000000000000000000000000000000000000000000000	positive	2	40	125	0
191	-4021928481997243436575238832677442547679054059890411816726676456809137749407581139/6250000000000000000000000000000000000000000000000000000000000000000000000000000000	-16050401004714585704678324910106082450350546998614484799443530757864687295277582597/25000000000000000000000000000000000000000000000000000000000000000000000000000000000	positive	2	41	125	0
192	-16050401004714585704678324910106082450350546998614484799443530757864687295277582597/25000000000000000000000000000000000000000000000000000000000000000000000000000000000	-8006544040720098831527847244751197354992438878833661165990177844246411796462420319/12500000000000000000000000000000000000000000000000000000000000000000000000000000000	positive	2	42	125	0
193	-8006544040720098831527847244751197354992438878833661165990177844246411796462420319/12500000000000000000000000000000000000000000000000000000000000000000000000000000000	-15975775158165809621433064068898706969619208516720159864517180619120959890572098679/25000000000000000000000000000000000000000000000000000000000000000000000000000000000	positive	2	43	125	0
194	-15975775158165809621433064068898706969619208516720159864517180619120959890572098679/25000000000000000000000000000000000000000000000000000000000000000000000000000000000	-199230777936142769747630420603687740365669240947162467463175069371863702352741959/312500000000000000000000000000000000000000000000000000000000000000000000000000000	positive	2	44	125	0
195	-199230777936142769747630420603687740365669240947162467463175069371863702352741959/312500000000000000000000000000000000000000000000000000000000000000000000000000000	-15901149311617033538187803227691331488887870034825834929590830480377232485866614761/25000000000000000000000000000000000000000000000000000000000000000000000000000000000	positive	2	45	125	0
196	-15901149311617033538187803227691331488887870034825834929590830480377232485866614761/25000000000000000000000000000000000000000000000000000000000000000000000000000000000	-7931918194171322748282586403543821874261100396939336231063827705502684391756936401/12500000000000000000000000000000000000000000000000000000000000000000000000000000000	positive	2	46	125	0
197	-7931918194171322748282586403543821874261100396939336231063827705502684391756936401/12500000000000000000000000000000000000000000000000000000000000000000000000000000000	-15826523465068257454942542386483956008156531552931509994664480341633505081161130843/25000000000000000000000000000000000000000000000000000000000000000000000000000000000	positive	2	47	125	0
198	-15826523465068257454942542386483956008156531552931509994664480341633505081161130843/25000000000000000000000000000000000000000000000000000000000000000000000000000000000	-3947302635448467353329977991470067066947715577996086881800326318065410344702097221/6250000000000000000000000000000000000000000000000000000000000000000000000000000000	positive	2	48	125	0
199	-3947302635448467353329977991470067066947715577996086881800326318065410344702097221/6250000000000000000000000000000000000000000000000000000000000000000000000000000000	-630075904740779254867891261811063221097007722841487402389525208115591107058225877/1000000000000000000000000000000000000000000000000000000000000000000000000000000000	positive	2	49	125	0
200	-630075904740779254867891261811063221097007722841487402389525208115591107058225877/1000000000000000000000000000000000000000000000000000000000000000000000000000000000	-7857292347622546665037325562336446393529761915045011296137477566758956987051452483/12500000000000000000000000000000000000000000000000000000000000000000000000000000000	positive	2	50	125	0
201	-7857292347622546665037325562336446393529761915045011296137477566758956987051452483/12500000000000000000000000000000000000000000000000000000000000000000000000000000000	-15677271771970705288452020704069205046693854589142860124811780064146050271750163007/25000000000000000000000000000000000000000000000000000000000000000000000000000000000	positive	2	51	125	0
202	-15677271771970705288452020704069205046693854589142860124811780064146050271750163007/25000000000000000000000000000000000000000000000000000000000000000000000000000000000	-1954994856087039655853673785433189663291023168524462207168575624346773321174677631/3125000000000000000000000000000000000000000000000000000000000000000000000000000000	positive	2	52	125	0
203	-1954994856087039655853673785433189663291023168524462207168575624346773321174677631/3125000000000000000000000000000000000000000000000000000000000000000000000000000000	-15602645925421929205206759862861829565962516107248535189885429925402322867044679089/25000000000000000000000000000000000000000000000000000000000000000000000000000000000	positive	2	53	125	0
204	-15602645925421929205206759862861829565962516107248535189885429925402322867044679089/25000000000000000000000000000000000000000000000000000000000000000000000000000000000	-1556533300214754116358412944225814182559684686630137272242225485603045916469193713/2500000000000000000000000000000000000000000000000000000000000000000000000000000000	positive	2	54	125	0
205	-1556533300214754116358412944225814182559684686630137272242225485603045916469193713/2500000000000000000000000000000000000000000000000000000000000000000000000000000000	-15528020078873153121961499021654454085231177625354210254959079786658595462339195171/25000000000000000000000000000000000000000000000000000000000000000000000000000000000	positive	2	55	125	0
206	-15528020078873153121961499021654454085231177625354210254959079786658595462339195171/25000000000000000000000000000000000000000000000000000000000000000000000000000000000	-3872676788899691270084717150262691586216377096101761946873976179321682939996613303/6250000000000000000000000000000000000000000000000000000000000000000000000000000000	positive	2	56	125	0
207	-3872676788899691270084717150262691586216377096101761946873976179321682939996613303/6250000000000000000000000000000000000000000000000000000000000000000000000000000000	-15453394232324377038716238180447078604499839143459885320032729647914868057633711253/25000000000000000000000000000000000000000000000000000000000000000000000000000000000	positive	2	57	125	0
208	-15453394232324377038716238180447078604499839143459885320032729647914868057633711253/25000000000000000000000000000000000000000000000000000000000000000000000000000000000	-7708040654524994498546803879921695432067084951256361426284777289271502177640484647/12500000000000000000000000000000000000000000000000000000000000000000000000000000000	positive	2	58	125	0
209	-7708040654524994498546803879921695432067084951256361426284777289271502177640484647/12500000000000000000000000000000000000000000000000000000000000000000000000000000000	-3075753677155120191094195467847940624753700132313112077021275901834228130585645467/5000000000000000000000000000000000000000000000000000000000000000000000000000000000	positive	2	59	125	0
210	-3075753677155120191094195467847940624753700132313112077021275901834228130585645467/5000000000000000000000000000000000000000000000000000000000000000000000000000000000	-239710241601581451778880420603687740365669240947162467463175069371863702352741959/390625000000000000000000000000000000000000000000000000000000000000000000000000000	positive	2	60	125	0
211	-239710241601581451778880420603687740365669240947162467463175069371863702352741959/390625000000000000000000000000000000000000000000000000000000000000000000000000000	-15304142539226824872225716498032327643037162179671235450180029370427413248222743417/25000000000000000000000000000000000000000000000000000000000000000000000000000000000	positive	2	61	125	0
212	-15304142539226824872225716498032327643037162179671235450180029370427413248222743417/25000000000000000000000000000000000000000000000000000000000000000000000000000000000	-7633414807976218415301543038714319951335746469362036491358427150527774772935000729/12500000000000000000000000000000000000000000000000000000000000000000000000000000000	positive	2	62	125	0
213	-7633414807976218415301543038714319951335746469362036491358427150527774772935000729/12500000000000000000000000000000000000000000000000000000000000000000000000000000000	-15229516692678048788980455656824952162305823697776910515253679231683685843517259499/25000000000000000000000000000000000000000000000000000000000000000000000000000000000	positive	2	63	125	0
214	-15229516692678048788980455656824952162305823697776910515253679231683685843517259499/25000000000000000000000000000000000000000000000000000000000000000000000000000000000	-759610188470183037367891261811063221097007722841487402389525208115591107058225877/1250000000000000000000000000000000000000000000000000000000000000000000000000000000	positive	2	64	125	0
215	-759610188470183037367891261811063221097007722841487402389525208115591107058225877/1250000000000000000000000000000000000000000000000000000000000000000000000000000000	-15154890846129272705735194815617576681574485215882585580327329092939958438811775581/25000000000000000000000000000000000000000000000000000000000000000000000000000000000	positive	2	65	125	0
216	-15154890846129272705735194815617576681574485215882585580327329092939958438811775581/25000000000000000000000000000000000000000000000000000000000000000000000000000000000	-7558788961427442332056282197506944470604407987467711556432077011784047368229516811/12500000000000000000000000000000000000000000000000000000000000000000000000000000000	positive	2	66	125	0
217	-7558788961427442332056282197506944470604407987467711556432077011784047368229516811/12500000000000000000000000000000000000000000000000000000000000000000000000000000000	-15080264999580496622489933974410201200843146733988260645400978954196231034106291663/25000000000000000000000000000000000000000000000000000000000000000000000000000000000	positive	2	67	125	0
218	-15080264999580496622489933974410201200843146733988260645400978954196231034106291663/25000000000000000000000000000000000000000000000000000000000000000000000000000000000	-1880369009538263572608412944225814182559684686630137272242225485603045916469193713/3125000000000000000000000000000000000000000000000000000000000000000000000000000000	positive	2	68	125	0
219	-1880369009538263572608412944225814182559684686630137272242225485603045916469193713/3125000000000000000000000000000000000000000000000000000000000000000000000000000000	-3001127830606344107848934626640565144022361650418787142094925763090500725880161549/5000000000000000000000000000000000000000000000000000000000000000000000000000000000	positive	2	69	125	0
220	-3001127830606344107848934626640565144022361650418787142094925763090500725880161549/5000000000000000000000000000000000000000000000000000000000000000000000000000000000	-7484163114878666248811021356299568989873069505573386621505726873040319963524032893/12500000000000000000000000000000000000000000000000000000000000000000000000000000000	positive	2	70	125	0
221	-7484163114878666248811021356299568989873069505573386621505726873040319963524032893/12500000000000000000000000000000000000000000000000000000000000000000000000000000000	-14931013306482944455999412291995450239380469770199610775548278676708776224695323827/25000000000000000000000000000000000000000000000000000000000000000000000000000000000	positive	2	71	125	0
222	-14931013306482944455999412291995450239380469770199610775548278676708776224695323827/25000000000000000000000000000000000000000000000000000000000000000000000000000000000	-3723425095802139103594195467847940624753700132313112077021275901834228130585645467/6250000000000000000000000000000000000000000000000000000000000000000000000000000000	positive	2	72	125	0
223	-3723425095802139103594195467847940624753700132313112077021275901834228130585645467/6250000000000000000000000000000000000000000000000000000000000000000000000000000000	-14856387459934168372754151450788074758649131288305285840621928537965048819989839909/25000000000000000000000000000000000000000000000000000000000000000000000000000000000	positive	2	73	125	0
224	-14856387459934168372754151450788074758649131288305285840621928537965048819989839909/25000000000000000000000000000000000000000000000000000000000000000000000000000000000	-296381490733195606622630420603687740365669240947162467463175069371863702352741959/500000000000000000000000000000000000000000000000000000000000000000000000000000000	positive	2	74	125	0
225	-296381490733195606622630420603687740365669240947162467463175069371863702352741959/500000000000000000000000000000000000000000000000000000000000000000000000000000000	-14781761613385392289508890609580699277917792806410960905695578399221321415284355991/25000000000000000000000000000000000000000000000000000000000000000000000000000000000	positive	2	75	125	0
226	-14781761613385392289508890609580699277917792806410960905695578399221321415284355991/25000000000000000000000000000000000000000000000000000000000000000000000000000000000	-921528043131937765492891261811063221097007722841487402389525208115591107058225877/1562500000000000000000000000000000000000000000000000000000000000000000000000000000	positive	2	76	125	0
227	-921528043131937765492891261811063221097007722841487402389525208115591107058225877/1562500000000000000000000000000000000000000000000000000000000000000000000000000000	-14707135766836616206263629768373323797186454324516635970769228260477594010578872073/25000000000000000000000000000000000000000000000000000000000000000000000000000000000	positive	2	77	125	0
228	-14707135766836616206263629768373323797186454324516635970769228260477594010578872073/25000000000000000000000000000000000000000000000000000000000000000000000000000000000	-7334911421781114082320499673884818028410392541784736751653026595552865154113065057/12500000000000000000000000000000000000000000000000000000000000000000000000000000000	positive	2	78	125	0
229	-7334911421781114082320499673884818028410392541784736751653026595552865154113065057/12500000000000000000000000000000000000000000000000000000000000000000000000000000000	-2926501984057568024603673785433189663291023168524462207168575624346773321174677631/5000000000000000000000000000000000000000000000000000000000000000000000000000000000	positive	2	79	125	0
230	-2926501984057568024603673785433189663291023168524462207168575624346773321174677631/5000000000000000000000000000000000000000000000000000000000000000000000000000000000	-3648799249253363020348934626640565144022361650418787142094925763090500725880161549/6250000000000000000000000000000000000000000000000000000000000000000000000000000000	positive	2	80	125	0
231	-3648799249253363020348934626640565144022361650418787142094925763090500725880161549/6250000000000000000000000000000000000000000000000000000000000000000000000000000000	-14557884073739064039773108085958572835723777360727986100916527982990139201167904237/25000000000000000000000000000000000000000000000000000000000000000000000000000000000	positive	2	81	125	0
232	-14557884073739064039773108085958572835723777360727986100916527982990139201167904237/25000000000000000000000000000000000000000000000000000000000000000000000000000000000	-7260285575232337999075238832677442547679054059890411816726676456809137749407581139/12500000000000000000000000000000000000000000000000000000000000000000000000000000000	positive	2	82	125	0
233	-7260285575232337999075238832677442547679054059890411816726676456809137749407581139/12500000000000000000000000000000000000000000000000000000000000000000000000000000000	-14483258227190287956527847244751197354992438878833661165990177844246411796462420319/25000000000000000000000000000000000000000000000000000000000000000000000000000000000	positive	2	83	125	0
234	-14483258227190287956527847244751197354992438878833661165990177844246411796462420319/25000000000000000000000000000000000000000000000000000000000000000000000000000000000	-361148632597897497872630420603687740365669240947162467463175069371863702352741959/625000000000000000000000000000000000000000000000000000000000000000000000000000000	positive	2	84	125	0
235	-361148632597897497872630420603687740365669240947162467463175069371863702352741959/625000000000000000000000000000000000000000000000000000000000000000000000000000000	-14408632380641511873282586403543821874261100396939336231063827705502684391756936401/25000000000000000000000000000000000000000000000000000000000000000000000000000000000	positive	2	85	125	0
236	-14408632380641511873282586403543821874261100396939336231063827705502684391756936401/25000000000000000000000000000000000000000000000000000000000000000000000000000000000	-7185659728683561915829977991470067066947715577996086881800326318065410344702097221/12500000000000000000000000000000000000000000000000000000000000000000000000000000000	positive	2	86	125	0
237	-7185659728683561915829977991470067066947715577996086881800326318065410344702097221/12500000000000000000000000000000000000000000000000000000000000000000000000000000000	-14334006534092735790037325562336446393529761915045011296137477566758956987051452483/25000000000000000000000000000000000000000000000000000000000000000000000000000000000	positive	2	87	125	0
238	-14334006534092735790037325562336446393529761915045011296137477566758956987051452483/25000000000000000000000000000000000000000000000000000000000000000000000000000000000	-3574173402704586937103673785433189663291023168524462207168575624346773321174677631/6250000000000000000000000000000000000000000000000000000000000000000000000000000000	positive	2	88	125	0
239	-3574173402704586937103673785433189663291023168524462207168575624346773321174677631/6250000000000000000000000000000000000000000000000000000000000000000000000000000000	-2851876137508791941358412944225814182559684686630137272242225485603045916469193713/5000000000000000000000000000000000000000000000000000000000000000000000000000000000	positive	2	89	125	0
240	-2851876137508791941358412944225814182559684686630137272242225485603045916469193713/5000000000000000000000000000000000000000000000000000000000000000000000000000000000	-7111033882134785832584717150262691586216377096101761946873976179321682939996613303/12500000000000000000000000000000000000000000000000000000000000000000000000000000000	positive	2	90	125	0
241	-7111033882134785832584717150262691586216377096101761946873976179321682939996613303/12500000000000000000000000000000000000000000000000000000000000000000000000000000000	-14184754840995183623546803879921695432067084951256361426284777289271502177640484647/25000000000000000000000000000000000000000000000000000000000000000000000000000000000	positive	2	91	125	0
242	-14184754840995183623546803879921695432067084951256361426284777289271502177640484647/25000000000000000000000000000000000000000000000000000000000000000000000000000000000	-442107559928774861935130420603687740365669240947162467463175069371863702352741959/781250000000000000000000000000000000000000000000000000000000000000000000000000000	positive	2	92	125	0
243	-442107559928774861935130420603687740365669240947162467463175069371863702352741959/781250000000000000000000000000000000000000000000000000000000000000000000000000000	-14110128994446407540301543038714319951335746469362036491358427150527774772935000729/25000000000000000000000000000000000000000000000000000000000000000000000000000000000	positive	2	93	125	0
244	-14110128994446407540301543038714319951335746469362036491358427150527774772935000729/25000000000000000000000000000000000000000000000000000000000000000000000000000000000	-1407281607117201949867891261811063221097007722841487402389525208115591107058225877/2500000000000000000000000000000000000000000000000000000000000000000000000000000000	positive	2	94	125	0
245	-1407281607117201949867891261811063221097007722841487402389525208115591107058225877/2500000000000000000000000000000000000000000000000000000000000000000000000000000000	-14035503147897631457056282197506944470604407987467711556432077011784047368229516811/25000000000000000000000000000000000000000000000000000000000000000000000000000000000	positive	2	95	125	0
246	-14035503147897631457056282197506944470604407987467711556432077011784047368229516811/25000000000000000000000000000000000000000000000000000000000000000000000000000000000	-3499547556155810853858412944225814182559684686630137272242225485603045916469193713/6250000000000000000000000000000000000000000000000000000000000000000000000000000000	positive	2	96	125	0
247	-3499547556155810853858412944225814182559684686630137272242225485603045916469193713/6250000000000000000000000000000000000000000000000000000000000000000000000000000000	-13960877301348855373811021356299568989873069505573386621505726873040319963524032893/25000000000000000000000000000000000000000000000000000000000000000000000000000000000	positive	2	97	125	0
248	-13960877301348855373811021356299568989873069505573386621505726873040319963524032893/25000000000000000000000000000000000000000000000000000000000000000000000000000000000	-6961782189037233666094195467847940624753700132313112077021275901834228130585645467/12500000000000000000000000000000000000000000000000000000000000000000000000000000000	positive	2	98	125	0
249	-6961782189037233666094195467847940624753700132313112077021275901834228130585645467/12500000000000000000000000000000000000000000000000000000000000000000000000000000000	-555450058192003171622630420603687740365669240947162467463175069371863702352741959/1000000000000000000000000000000000000000000000000000000000000000000000000000000000	positive	2	99	125	0
250	-555450058192003171622630420603687740365669240947162467463175069371863702352741959/1000000000000000000000000000000000000000000000000000000000000000000000000000000000	-1731117316440711406117891261811063221097007722841487402389525208115591107058225877/3125000000000000000000000000000000000000000000000000000000000000000000000000000000	positive	2	100	125	0
251	-1731117316440711406117891261811063221097007722841487402389525208115591107058225877/3125000000000000000000000000000000000000000000000000000000000000000000000000000000	-13811625608251303207320499673884818028410392541784736751653026595552865154113065057/25000000000000000000000000000000000000000000000000000000000000000000000000000000000	positive	2	101	125	0
252	-13811625608251303207320499673884818028410392541784736751653026595552865154113065057/25000000000000000000000000000000000000000000000000000000000000000000000000000000000	-6887156342488457582848934626640565144022361650418787142094925763090500725880161549/12500000000000000000000000000000000000000000000000000000000000000000000000000000000	positive	2	102	125	0
253	-6887156342488457582848934626640565144022361650418787142094925763090500725880161549/12500000000000000000000000000000000000000000000000000000000000000000000000000000000	-13736999761702527124075238832677442547679054059890411816726676456809137749407581139/25000000000000000000000000000000000000000000000000000000000000000000000000000000000	positive	2	103	125	0
254	-13736999761702527124075238832677442547679054059890411816726676456809137749407581139/25000000000000000000000000000000000000000000000000000000000000000000000000000000000	-684984341921406954122630420603687740365669240947162467463175069371863702352741959/1250000000000000000000000000000000000000000000000000000000000000000000000000000000	positive	2	104	125	0
255	-684984341921406954122630420603687740365669240947162467463175069371863702352741959/1250000000000000000000000000000000000000000000000000000000000000000000000000000000	-13662373915153751040829977991470067066947715577996086881800326318065410344702097221/25000000000000000000000000000000000000000000000000000000000000000000000000000000000	positive	2	105	125	0
256	-13662373915153751040829977991470067066947715577996086881800326318065410344702097221/25000000000000000000000000000000000000000000000000000000000000000000000000000000000	-6812530495939681499603673785433189663291023168524462207168575624346773321174677631/12500000000000000000000000000000000000000000000000000000000000000000000000000000000	positive	2	106	125	0
257	-6812530495939681499603673785433189663291023168524462207168575624346773321174677631/12500000000000000000000000000000000000000000000000000000000000000000000000000000000	-13587748068604974957584717150262691586216377096101761946873976179321682939996613303/25000000000000000000000000000000000000000000000000000000000000000000000000000000000	positive	2	107	125	0
258	-13587748068604974957584717150262691586216377096101761946873976179321682939996613303/25000000000000000000000000000000000000000000000000000000000000000000000000000000000	-846902196583161682247630420603687740365669240947162467463175069371863702352741959/1562500000000000000000000000000000000000000000000000000000000000000000000000000000	positive	2	108	125	0
259	-846902196583161682247630420603687740365669240947162467463175069371863702352741959/1562500000000000000000000000000000000000000000000000000000000000000000000000000000	-2702624444411239774867891261811063221097007722841487402389525208115591107058225877/5000000000000000000000000000000000000000000000000000000000000000000000000000000000	positive	2	109	125	0
260	-2702624444411239774867891261811063221097007722841487402389525208115591107058225877/5000000000000000000000000000000000000000000000000000000000000000000000000000000000	-6737904649390905416358412944225814182559684686630137272242225485603045916469193713/12500000000000000000000000000000000000000000000000000000000000000000000000000000000	positive	2	110	125	0
261	-6737904649390905416358412944225814182559684686630137272242225485603045916469193713/12500000000000000000000000000000000000000000000000000000000000000000000000000000000	-13438496375507422791094195467847940624753700132313112077021275901834228130585645467/25000000000000000000000000000000000000000000000000000000000000000000000000000000000	positive	2	111	125	0
262	-13438496375507422791094195467847940624753700132313112077021275901834228130585645467/25000000000000000000000000000000000000000000000000000000000000000000000000000000000	-3350295863058258687367891261811063221097007722841487402389525208115591107058225877/6250000000000000000000000000000000000000000000000000000000000000000000000000000000	positive	2	112	125	0
263	-3350295863058258687367891261811063221097007722841487402389525208115591107058225877/6250000000000000000000000000000000000000000000000000000000000000000000000000000000	-13363870528958646707848934626640565144022361650418787142094925763090500725880161549/25000000000000000000000000000000000000000000000000000000000000000000000000000000000	positive	2	113	125	0
264	-13363870528958646707848934626640565144022361650418787142094925763090500725880161549/25000000000000000000000000000000000000000000000000000000000000000000000000000000000	-1332655760568425866622630420603687740365669240947162467463175069371863702352741959/2500000000000000000000000000000000000000000000000000000000000000000000000000000000	positive	2	114	125	0
265	-1332655760568425866622630420603687740365669240947162467463175069371863702352741959/2500000000000000000000000000000000000000000000000000000000000000000000000000000000	-13289244682409870624603673785433189663291023168524462207168575624346773321174677631/25000000000000000000000000000000000000000000000000000000000000000000000000000000000	positive	2	115	125	0
266	-13289244682409870624603673785433189663291023168524462207168575624346773321174677631/25000000000000000000000000000000000000000000000000000000000000000000000000000000000	-1656491469891935322872630420603687740365669240947162467463175069371863702352741959/3125000000000000000000000000000000000000000000000000000000000000000000000000000000	positive	2	116	125	0
267	-1656491469891935322872630420603687740365669240947162467463175069371863702352741959/3125000000000000000000000000000000000000000000000000000000000000000000000000000000	-13214618835861094541358412944225814182559684686630137272242225485603045916469193713/25000000000000000000000000000000000000000000000000000000000000000000000000000000000	positive	2	117	125	0
268	-13214618835861094541358412944225814182559684686630137272242225485603045916469193713/25000000000000000000000000000000000000000000000000000000000000000000000000000000000	-6588652956293353249867891261811063221097007722841487402389525208115591107058225877/12500000000000000000000000000000000000000000000000000000000000000000000000000000000	positive	2	118	125	0
269	-6588652956293353249867891261811063221097007722841487402389525208115591107058225877/12500000000000000000000000000000000000000000000000000000000000000000000000000000000	-2627998597862463691622630420603687740365669240947162467463175069371863702352741959/5000000000000000000000000000000000000000000000000000000000000000000000000000000000	positive	2	119	125	0
270	-2627998597862463691622630420603687740365669240947162467463175069371863702352741959/5000000000000000000000000000000000000000000000000000000000000000000000000000000000	-3275670016509482604122630420603687740365669240947162467463175069371863702352741959/6250000000000000000000000000000000000000000000000000000000000000000000000000000000	positive	2	120	125	0
271	-3275670016509482604122630420603687740365669240947162467463175069371863702352741959/6250000000000000000000000000000000000000000000000000000000000000000000000000000000	-13065367142763542374867891261811063221097007722841487402389525208115591107058225877/25000000000000000000000000000000000000000000000000000000000000000000000000000000000	positive	2	121	125	0
272	-13065367142763542374867891261811063221097007722841487402389525208115591107058225877/25000000000000000000000000000000000000000000000000000000000000000000000000000000000	-6514027109744577166622630420603687740365669240947162467463175069371863702352741959/12500000000000000000000000000000000000000000000000000000000000000000000000000000000	positive	2	122	125	0
273	-6514027109744577166622630420603687740365669240947162467463175069371863702352741959/12500000000000000000000000000000000000000000000000000000000000000000000000000000000	-12990741296214766291622630420603687740365669240947162467463175069371863702352741959/25000000000000000000000000000000000000000000000000000000000000000000000000000000000	positive	2	123	125	0
274	-12990741296214766291622630420603687740365669240947162467463175069371863702352741959/25000000000000000000000000000000000000000000000000000000000000000000000000000000000	-51813713491761513/100000000000000000	positive	2	124	125	0
275	-47813713491761513/100000000000000000	-132028574092574692224699825331682043113878951364731294359286854708766492067398183921/277000000000000000000000000000000000000000000000000000000000000000000000000000000000	negative	3	0	277	0
276	-132028574092574692224699825331682043113878951364731294359286854708766492067398183921/277000000000000000000000000000000000000000000000000000000000000000000000000000000000	-65806580906484996719699825331682043113878951364731294359286854708766492067398183921/138500000000000000000000000000000000000000000000000000000000000000000000000000000000	negative	3	1	277	0
277	-65806580906484996719699825331682043113878951364731294359286854708766492067398183921/138500000000000000000000000000000000000000000000000000000000000000000000000000000000	-131197749533365294654099475995046129341636854094193883077860564126299476202194551763/277000000000000000000000000000000000000000000000000000000000000000000000000000000000	negative	3	2	277	0
278	-131197749533365294654099475995046129341636854094193883077860564126299476202194551763/277000000000000000000000000000000000000000000000000000000000000000000000000000000000	-32695584313440148967199825331682043113878951364731294359286854708766492067398183921/69250000000000000000000000000000000000000000000000000000000000000000000000000000000	negative	3	3	277	0
279	-32695584313440148967199825331682043113878951364731294359286854708766492067398183921/69250000000000000000000000000000000000000000000000000000000000000000000000000000000	-26073384994831179416699825331682043113878951364731294359286854708766492067398183921/55400000000000000000000000000000000000000000000000000000000000000000000000000000000	negative	3	4	277	0
280	-26073384994831179416699825331682043113878951364731294359286854708766492067398183921/55400000000000000000000000000000000000000000000000000000000000000000000000000000000	-64975756347275599149099475995046129341636854094193883077860564126299476202194551763/138500000000000000000000000000000000000000000000000000000000000000000000000000000000	negative	3	5	277	0
281	-64975756347275599149099475995046129341636854094193883077860564126299476202194551763/138500000000000000000000000000000000000000000000000000000000000000000000000000000000	-129536100414946499512898777321774301797152659553119060515007982961365444471787287447/277000000000000000000000000000000000000000000000000000000000000000000000000000000000	negative	3	6	277	0
282	-129536100414946499512898777321774301797152659553119060515007982961365444471787287447/277000000000000000000000000000000000000000000000000000000000000000000000000000000000	-16140086016917725090949825331682043113878951364731294359286854708766492067398183921/34625000000000000000000000000000000000000000000000000000000000000000000000000000000	negative	3	7	277	0
283	-16140086016917725090949825331682043113878951364731294359286854708766492067398183921/34625000000000000000000000000000000000000000000000000000000000000000000000000000000	-128705275855737101942298427985138388024910562282581649233581692378898428606583655289/277000000000000000000000000000000000000000000000000000000000000000000000000000000000	negative	3	8	277	0
284	-128705275855737101942298427985138388024910562282581649233581692378898428606583655289/277000000000000000000000000000000000000000000000000000000000000000000000000000000000	-12828986357613240315699825331682043113878951364731294359286854708766492067398183921/27700000000000000000000000000000000000000000000000000000000000000000000000000000000	negative	3	9	277	0
285	-12828986357613240315699825331682043113878951364731294359286854708766492067398183921/27700000000000000000000000000000000000000000000000000000000000000000000000000000000	-127874451296527704371698078648502474252668465012044237952155401796431412741380023131/277000000000000000000000000000000000000000000000000000000000000000000000000000000000	negative	3	10	277	0
286	-127874451296527704371698078648502474252668465012044237952155401796431412741380023131/277000000000000000000000000000000000000000000000000000000000000000000000000000000000	-31864759754230751396599475995046129341636854094193883077860564126299476202194551763/69250000000000000000000000000000000000000000000000000000000000000000000000000000000	negative	3	11	277	0
287	-31864759754230751396599475995046129341636854094193883077860564126299476202194551763/69250000000000000000000000000000000000000000000000000000000000000000000000000000000	-127043626737318306801097729311866560480426367741506826670729111213964396876176390973/277000000000000000000000000000000000000000000000000000000000000000000000000000000000	negative	3	12	277	0
288	-127043626737318306801097729311866560480426367741506826670729111213964396876176390973/277000000000000000000000000000000000000000000000000000000000000000000000000000000000	-63314107228856804007898777321774301797152659553119060515007982961365444471787287447/138500000000000000000000000000000000000000000000000000000000000000000000000000000000	negative	3	13	277	0
289	-63314107228856804007898777321774301797152659553119060515007982961365444471787287447/138500000000000000000000000000000000000000000000000000000000000000000000000000000000	-25242560435621781846099475995046129341636854094193883077860564126299476202194551763/55400000000000000000000000000000000000000000000000000000000000000000000000000000000	negative	3	14	277	0
290	-25242560435621781846099475995046129341636854094193883077860564126299476202194551763/55400000000000000000000000000000000000000000000000000000000000000000000000000000000	-7862336868656513152824825331682043113878951364731294359286854708766492067398183921/17312500000000000000000000000000000000000000000000000000000000000000000000000000000	negative	3	15	277	0
291	-7862336868656513152824825331682043113878951364731294359286854708766492067398183921/17312500000000000000000000000000000000000000000000000000000000000000000000000000000	-125381977618899511659897030638594732935942173200432004107876530049030365145769126657/277000000000000000000000000000000000000000000000000000000000000000000000000000000000	negative	3	16	277	0
292	-125381977618899511659897030638594732935942173200432004107876530049030365145769126657/277000000000000000000000000000000000000000000000000000000000000000000000000000000000	-62483282669647406437298427985138388024910562282581649233581692378898428606583655289/138500000000000000000000000000000000000000000000000000000000000000000000000000000000	negative	3	17	277	0
293	-62483282669647406437298427985138388024910562282581649233581692378898428606583655289/138500000000000000000000000000000000000000000000000000000000000000000000000000000000	-124551153059690114089296681301958819163700075929894592826450239466563349280565494499/277000000000000000000000000000000000000000000000000000000000000000000000000000000000	negative	3	18	277	0
294	-124551153059690114089296681301958819163700075929894592826450239466563349280565494499/277000000000000000000000000000000000000000000000000000000000000000000000000000000000	-6206787039004270765199825331682043113878951364731294359286854708766492067398183921/13850000000000000000000000000000000000000000000000000000000000000000000000000000000	negative	3	19	277	0
295	-6206787039004270765199825331682043113878951364731294359286854708766492067398183921/13850000000000000000000000000000000000000000000000000000000000000000000000000000000	-123720328500480716518696331965322905391457978659357181545023948884096333415361862341/277000000000000000000000000000000000000000000000000000000000000000000000000000000000	negative	3	20	277	0
296	-123720328500480716518696331965322905391457978659357181545023948884096333415361862341/277000000000000000000000000000000000000000000000000000000000000000000000000000000000	-61652458110438008866698078648502474252668465012044237952155401796431412741380023131/138500000000000000000000000000000000000000000000000000000000000000000000000000000000	negative	3	21	277	0
297	-61652458110438008866698078648502474252668465012044237952155401796431412741380023131/138500000000000000000000000000000000000000000000000000000000000000000000000000000000	-122889503941271318948095982628686991619215881388819770263597658301629317550158230183/277000000000000000000000000000000000000000000000000000000000000000000000000000000000	negative	3	22	277	0
298	-122889503941271318948095982628686991619215881388819770263597658301629317550158230183/277000000000000000000000000000000000000000000000000000000000000000000000000000000000	-15309261457708327520349475995046129341636854094193883077860564126299476202194551763/34625000000000000000000000000000000000000000000000000000000000000000000000000000000	negative	3	23	277	0
299	-15309261457708327520349475995046129341636854094193883077860564126299476202194551763/34625000000000000000000000000000000000000000000000000000000000000000000000000000000	-4882347175282476855099825331682043113878951364731294359286854708766492067398183921/11080000000000000000000000000000000000000000000000000000000000000000000000000000000	negative	3	24	277	0
300	-4882347175282476855099825331682043113878951364731294359286854708766492067398183921/11080000000000000000000000000000000000000000000000000000000000000000000000000000000	-60821633551228611296097729311866560480426367741506826670729111213964396876176390973/138500000000000000000000000000000000000000000000000000000000000000000000000000000000	negative	3	25	277	0
301	-60821633551228611296097729311866560480426367741506826670729111213964396876176390973/138500000000000000000000000000000000000000000000000000000000000000000000000000000000	-121227854822852523806895283955415164074731686847744947700745077136695285819750965867/277000000000000000000000000000000000000000000000000000000000000000000000000000000000	negative	3	26	277	0
302	-121227854822852523806895283955415164074731686847744947700745077136695285819750965867/277000000000000000000000000000000000000000000000000000000000000000000000000000000000	-30203110635811956255398777321774301797152659553119060515007982961365444471787287447/69250000000000000000000000000000000000000000000000000000000000000000000000000000000	negative	3	27	277	0
303	-30203110635811956255398777321774301797152659553119060515007982961365444471787287447/69250000000000000000000000000000000000000000000000000000000000000000000000000000000	-120397030263643126236294934618779250302489589577207536419318786554228269954547333709/277000000000000000000000000000000000000000000000000000000000000000000000000000000000	negative	3	28	277	0
304	-120397030263643126236294934618779250302489589577207536419318786554228269954547333709/277000000000000000000000000000000000000000000000000000000000000000000000000000000000	-11998161798403842745099475995046129341636854094193883077860564126299476202194551763/27700000000000000000000000000000000000000000000000000000000000000000000000000000000	negative	3	29	277	0
305	-11998161798403842745099475995046129341636854094193883077860564126299476202194551763/27700000000000000000000000000000000000000000000000000000000000000000000000000000000	-119566205704433728665694585282143336530247492306670125137892495971761254089343701551/277000000000000000000000000000000000000000000000000000000000000000000000000000000000	negative	3	30	277	0
306	-119566205704433728665694585282143336530247492306670125137892495971761254089343701551/277000000000000000000000000000000000000000000000000000000000000000000000000000000000	-3723462294525907183762325331682043113878951364731294359286854708766492067398183921/8656250000000000000000000000000000000000000000000000000000000000000000000000000000	negative	3	31	277	0
307	-3723462294525907183762325331682043113878951364731294359286854708766492067398183921/8656250000000000000000000000000000000000000000000000000000000000000000000000000000	-118735381145224331095094235945507422758005395036132713856466205389294238224140069393/277000000000000000000000000000000000000000000000000000000000000000000000000000000000	negative	3	32	277	0
308	-118735381145224331095094235945507422758005395036132713856466205389294238224140069393/277000000000000000000000000000000000000000000000000000000000000000000000000000000000	-59159984432809816154897030638594732935942173200432004107876530049030365145769126657/138500000000000000000000000000000000000000000000000000000000000000000000000000000000	negative	3	33	277	0
309	-59159984432809816154897030638594732935942173200432004107876530049030365145769126657/138500000000000000000000000000000000000000000000000000000000000000000000000000000000	-23580911317202986704898777321774301797152659553119060515007982961365444471787287447/55400000000000000000000000000000000000000000000000000000000000000000000000000000000	negative	3	34	277	0
310	-23580911317202986704898777321774301797152659553119060515007982961365444471787287447/55400000000000000000000000000000000000000000000000000000000000000000000000000000000	-29372286076602558684798427985138388024910562282581649233581692378898428606583655289/69250000000000000000000000000000000000000000000000000000000000000000000000000000000	negative	3	35	277	0
311	-29372286076602558684798427985138388024910562282581649233581692378898428606583655289/69250000000000000000000000000000000000000000000000000000000000000000000000000000000	-117073732026805535953893537272235595213521200495057891293613624224360206493732805077/277000000000000000000000000000000000000000000000000000000000000000000000000000000000	negative	3	36	277	0
312	-117073732026805535953893537272235595213521200495057891293613624224360206493732805077/277000000000000000000000000000000000000000000000000000000000000000000000000000000000	-58329159873600418584296681301958819163700075929894592826450239466563349280565494499/138500000000000000000000000000000000000000000000000000000000000000000000000000000000	negative	3	37	277	0
313	-58329159873600418584296681301958819163700075929894592826450239466563349280565494499/138500000000000000000000000000000000000000000000000000000000000000000000000000000000	-116242907467596138383293187935599681441279103224520480012187333641893190628529172919/277000000000000000000000000000000000000000000000000000000000000000000000000000000000	negative	3	38	277	0
314	-116242907467596138383293187935599681441279103224520480012187333641893190628529172919/277000000000000000000000000000000000000000000000000000000000000000000000000000000000	-2895687379699785989949825331682043113878951364731294359286854708766492067398183921/6925000000000000000000000000000000000000000000000000000000000000000000000000000000	negative	3	39	277	0
315	-2895687379699785989949825331682043113878951364731294359286854708766492067398183921/6925000000000000000000000000000000000000000000000000000000000000000000000000000000	-115412082908386740812692838598963767669037005953983068730761043059426174763325540761/277000000000000000000000000000000000000000000000000000000000000000000000000000000000	negative	3	40	277	0
316	-115412082908386740812692838598963767669037005953983068730761043059426174763325540761/277000000000000000000000000000000000000000000000000000000000000000000000000000000000	-57498335314391021013696331965322905391457978659357181545023948884096333415361862341/138500000000000000000000000000000000000000000000000000000000000000000000000000000000	negative	3	41	277	0
317	-57498335314391021013696331965322905391457978659357181545023948884096333415361862341/138500000000000000000000000000000000000000000000000000000000000000000000000000000000	-114581258349177343242092489262327853896794908683445657449334752476959158898121908603/277000000000000000000000000000000000000000000000000000000000000000000000000000000000	negative	3	42	277	0
318	-114581258349177343242092489262327853896794908683445657449334752476959158898121908603/277000000000000000000000000000000000000000000000000000000000000000000000000000000000	-28541461517393161114198078648502474252668465012044237952155401796431412741380023131/69250000000000000000000000000000000000000000000000000000000000000000000000000000000	negative	3	43	277	0
319	-28541461517393161114198078648502474252668465012044237952155401796431412741380023131/69250000000000000000000000000000000000000000000000000000000000000000000000000000000	-22750086757993589134298427985138388024910562282581649233581692378898428606583655289/55400000000000000000000000000000000000000000000000000000000000000000000000000000000	negative	3	44	277	0
320	-22750086757993589134298427985138388024910562282581649233581692378898428606583655289/55400000000000000000000000000000000000000000000000000000000000000000000000000000000	-56667510755181623443095982628686991619215881388819770263597658301629317550158230183/138500000000000000000000000000000000000000000000000000000000000000000000000000000000	negative	3	45	277	0
321	-56667510755181623443095982628686991619215881388819770263597658301629317550158230183/138500000000000000000000000000000000000000000000000000000000000000000000000000000000	-112919609230758548100891790589056026352310714142370834886482171312025127167714644287/277000000000000000000000000000000000000000000000000000000000000000000000000000000000	negative	3	46	277	0
322	-112919609230758548100891790589056026352310714142370834886482171312025127167714644287/277000000000000000000000000000000000000000000000000000000000000000000000000000000000	-7031512309447115582224475995046129341636854094193883077860564126299476202194551763/17312500000000000000000000000000000000000000000000000000000000000000000000000000000	negative	3	47	277	0
323	-7031512309447115582224475995046129341636854094193883077860564126299476202194551763/17312500000000000000000000000000000000000000000000000000000000000000000000000000000	-112088784671549150530291441252420112580068616871833423605055880729558111302511012129/277000000000000000000000000000000000000000000000000000000000000000000000000000000000	negative	3	48	277	0
324	-112088784671549150530291441252420112580068616871833423605055880729558111302511012129/277000000000000000000000000000000000000000000000000000000000000000000000000000000000	-2233467447838889034899825331682043113878951364731294359286854708766492067398183921/5540000000000000000000000000000000000000000000000000000000000000000000000000000000	negative	3	49	277	0
325	-2233467447838889034899825331682043113878951364731294359286854708766492067398183921/5540000000000000000000000000000000000000000000000000000000000000000000000000000000	-111257960112339752959691091915784198807826519601296012323629590147091095437307379971/277000000000000000000000000000000000000000000000000000000000000000000000000000000000	negative	3	50	277	0
326	-111257960112339752959691091915784198807826519601296012323629590147091095437307379971/277000000000000000000000000000000000000000000000000000000000000000000000000000000000	-27710636958183763543597729311866560480426367741506826670729111213964396876176390973/69250000000000000000000000000000000000000000000000000000000000000000000000000000000	negative	3	51	277	0
327	-27710636958183763543597729311866560480426367741506826670729111213964396876176390973/69250000000000000000000000000000000000000000000000000000000000000000000000000000000	-110427135553130355389090742579148285035584422330758601042203299564624079572103747813/277000000000000000000000000000000000000000000000000000000000000000000000000000000000	negative	3	52	277	0
328	-110427135553130355389090742579148285035584422330758601042203299564624079572103747813/277000000000000000000000000000000000000000000000000000000000000000000000000000000000	-55005861636762828301895283955415164074731686847744947700745077136695285819750965867/138500000000000000000000000000000000000000000000000000000000000000000000000000000000	negative	3	53	277	0
329	-55005861636762828301895283955415164074731686847744947700745077136695285819750965867/138500000000000000000000000000000000000000000000000000000000000000000000000000000000	-21919262198784191563698078648502474252668465012044237952155401796431412741380023131/55400000000000000000000000000000000000000000000000000000000000000000000000000000000	negative	3	54	277	0
330	-21919262198784191563698078648502474252668465012044237952155401796431412741380023131/55400000000000000000000000000000000000000000000000000000000000000000000000000000000	-13647612339289532379148777321774301797152659553119060515007982961365444471787287447/34625000000000000000000000000000000000000000000000000000000000000000000000000000000	negative	3	55	277	0
331	-13647612339289532379148777321774301797152659553119060515007982961365444471787287447/34625000000000000000000000000000000000000000000000000000000000000000000000000000000	-108765486434711560247890043905876457491100227789683778479350718399690047841696483497/277000000000000000000000000000000000000000000000000000000000000000000000000000000000	negative	3	56	277	0
332	-108765486434711560247890043905876457491100227789683778479350718399690047841696483497/277000000000000000000000000000000000000000000000000000000000000000000000000000000000	-54175037077553430731294934618779250302489589577207536419318786554228269954547333709/138500000000000000000000000000000000000000000000000000000000000000000000000000000000	negative	3	57	277	0
333	-54175037077553430731294934618779250302489589577207536419318786554228269954547333709/138500000000000000000000000000000000000000000000000000000000000000000000000000000000	-107934661875502162677289694569240543718858130519146367197924427817223031976492851339/277000000000000000000000000000000000000000000000000000000000000000000000000000000000	negative	3	58	277	0
334	-107934661875502162677289694569240543718858130519146367197924427817223031976492851339/277000000000000000000000000000000000000000000000000000000000000000000000000000000000	-5375962479794873194599475995046129341636854094193883077860564126299476202194551763/13850000000000000000000000000000000000000000000000000000000000000000000000000000000	negative	3	59	277	0
335	-5375962479794873194599475995046129341636854094193883077860564126299476202194551763/13850000000000000000000000000000000000000000000000000000000000000000000000000000000	-107103837316292765106689345232604629946616033248608955916498137234756016111289219181/277000000000000000000000000000000000000000000000000000000000000000000000000000000000	negative	3	60	277	0
336	-107103837316292765106689345232604629946616033248608955916498137234756016111289219181/277000000000000000000000000000000000000000000000000000000000000000000000000000000000	-53344212518344033160694585282143336530247492306670125137892495971761254089343701551/138500000000000000000000000000000000000000000000000000000000000000000000000000000000	negative	3	61	277	0
337	-53344212518344033160694585282143336530247492306670125137892495971761254089343701551/138500000000000000000000000000000000000000000000000000000000000000000000000000000000	-106273012757083367536088995895968716174373935978071544635071846652289000246085587023/277000000000000000000000000000000000000000000000000000000000000000000000000000000000	negative	3	62	277	0
338	-106273012757083367536088995895968716174373935978071544635071846652289000246085587023/277000000000000000000000000000000000000000000000000000000000000000000000000000000000	-1654025007460604199231075331682043113878951364731294359286854708766492067398183921/4328125000000000000000000000000000000000000000000000000000000000000000000000000000	negative	3	63	277	0
339	-1654025007460604199231075331682043113878951364731294359286854708766492067398183921/4328125000000000000000000000000000000000000000000000000000000000000000000000000000	-21088437639574793993097729311866560480426367741506826670729111213964396876176390973/55400000000000000000000000000000000000000000000000000000000000000000000000000000000	negative	3	64	277	0
340	-21088437639574793993097729311866560480426367741506826670729111213964396876176390973/55400000000000000000000000000000000000000000000000000000000000000000000000000000000	-52513387959134635590094235945507422758005395036132713856466205389294238224140069393/138500000000000000000000000000000000000000000000000000000000000000000000000000000000	negative	3	65	277	0
341	-52513387959134635590094235945507422758005395036132713856466205389294238224140069393/138500000000000000000000000000000000000000000000000000000000000000000000000000000000	-104611363638664572394888297222696888629889741436996722072219265487354968515678322707/277000000000000000000000000000000000000000000000000000000000000000000000000000000000	negative	3	66	277	0
342	-104611363638664572394888297222696888629889741436996722072219265487354968515678322707/277000000000000000000000000000000000000000000000000000000000000000000000000000000000	-26048987839764968402397030638594732935942173200432004107876530049030365145769126657/69250000000000000000000000000000000000000000000000000000000000000000000000000000000	negative	3	67	277	0
343	-26048987839764968402397030638594732935942173200432004107876530049030365145769126657/69250000000000000000000000000000000000000000000000000000000000000000000000000000000	-103780539079455174824287947886060974857647644166459310790792974904887952650474690549/277000000000000000000000000000000000000000000000000000000000000000000000000000000000	negative	3	68	277	0
344	-103780539079455174824287947886060974857647644166459310790792974904887952650474690549/277000000000000000000000000000000000000000000000000000000000000000000000000000000000	-10336512679985047603898777321774301797152659553119060515007982961365444471787287447/27700000000000000000000000000000000000000000000000000000000000000000000000000000000	negative	3	69	277	0
345	-10336512679985047603898777321774301797152659553119060515007982961365444471787287447/27700000000000000000000000000000000000000000000000000000000000000000000000000000000	-102949714520245777253687598549425061085405546895921899509366684322420936785271058391/277000000000000000000000000000000000000000000000000000000000000000000000000000000000	negative	3	70	277	0
346	-102949714520245777253687598549425061085405546895921899509366684322420936785271058391/277000000000000000000000000000000000000000000000000000000000000000000000000000000000	-12816787780080134808548427985138388024910562282581649233581692378898428606583655289/34625000000000000000000000000000000000000000000000000000000000000000000000000000000	negative	3	71	277	0
347	-12816787780080134808548427985138388024910562282581649233581692378898428606583655289/34625000000000000000000000000000000000000000000000000000000000000000000000000000000	-102118889961036379683087249212789147313163449625384488227940393739953920920067426233/277000000000000000000000000000000000000000000000000000000000000000000000000000000000	negative	3	72	277	0
348	-102118889961036379683087249212789147313163449625384488227940393739953920920067426233/277000000000000000000000000000000000000000000000000000000000000000000000000000000000	-50851738840715840448893537272235595213521200495057891293613624224360206493732805077/138500000000000000000000000000000000000000000000000000000000000000000000000000000000	negative	3	73	277	0
349	-50851738840715840448893537272235595213521200495057891293613624224360206493732805077/138500000000000000000000000000000000000000000000000000000000000000000000000000000000	-4051522616073079284499475995046129341636854094193883077860564126299476202194551763/11080000000000000000000000000000000000000000000000000000000000000000000000000000000	negative	3	74	277	0
350	-4051522616073079284499475995046129341636854094193883077860564126299476202194551763/11080000000000000000000000000000000000000000000000000000000000000000000000000000000	-25218163280555570831796681301958819163700075929894592826450239466563349280565494499/69250000000000000000000000000000000000000000000000000000000000000000000000000000000	negative	3	75	277	0
351	-25218163280555570831796681301958819163700075929894592826450239466563349280565494499/69250000000000000000000000000000000000000000000000000000000000000000000000000000000	-100457240842617584541886550539517319768679255084309665665087812575019889189660161917/277000000000000000000000000000000000000000000000000000000000000000000000000000000000	negative	3	76	277	0
352	-100457240842617584541886550539517319768679255084309665665087812575019889189660161917/277000000000000000000000000000000000000000000000000000000000000000000000000000000000	-50020914281506442878293187935599681441279103224520480012187333641893190628529172919/138500000000000000000000000000000000000000000000000000000000000000000000000000000000	negative	3	77	277	0
353	-50020914281506442878293187935599681441279103224520480012187333641893190628529172919/138500000000000000000000000000000000000000000000000000000000000000000000000000000000	-99626416283408186971286201202881405996437157813772254383661521992552873324456529759/277000000000000000000000000000000000000000000000000000000000000000000000000000000000	negative	3	78	277	0
354	-99626416283408186971286201202881405996437157813772254383661521992552873324456529759/277000000000000000000000000000000000000000000000000000000000000000000000000000000000	-1240137550047543602324825331682043113878951364731294359286854708766492067398183921/3462500000000000000000000000000000000000000000000000000000000000000000000000000000	negative	3	79	277	0
355	-1240137550047543602324825331682043113878951364731294359286854708766492067398183921/3462500000000000000000000000000000000000000000000000000000000000000000000000000000	-98795591724198789400685851866245492224195060543234843102235231410085857459252897601/277000000000000000000000000000000000000000000000000000000000000000000000000000000000	negative	3	80	277	0
356	-98795591724198789400685851866245492224195060543234843102235231410085857459252897601/277000000000000000000000000000000000000000000000000000000000000000000000000000000000	-49190089722297045307692838598963767669037005953983068730761043059426174763325540761/138500000000000000000000000000000000000000000000000000000000000000000000000000000000	negative	3	81	277	0
357	-49190089722297045307692838598963767669037005953983068730761043059426174763325540761/138500000000000000000000000000000000000000000000000000000000000000000000000000000000	-97964767164989391830085502529609578451952963272697431820808940827618841594049265443/277000000000000000000000000000000000000000000000000000000000000000000000000000000000	negative	3	82	277	0
358	-97964767164989391830085502529609578451952963272697431820808940827618841594049265443/277000000000000000000000000000000000000000000000000000000000000000000000000000000000	-24387338721346173261196331965322905391457978659357181545023948884096333415361862341/69250000000000000000000000000000000000000000000000000000000000000000000000000000000	negative	3	83	277	0
359	-24387338721346173261196331965322905391457978659357181545023948884096333415361862341/69250000000000000000000000000000000000000000000000000000000000000000000000000000000	-19426788521155998851897030638594732935942173200432004107876530049030365145769126657/55400000000000000000000000000000000000000000000000000000000000000000000000000000000	negative	3	84	277	0
360	-19426788521155998851897030638594732935942173200432004107876530049030365145769126657/55400000000000000000000000000000000000000000000000000000000000000000000000000000000	-48359265163087647737092489262327853896794908683445657449334752476959158898121908603/138500000000000000000000000000000000000000000000000000000000000000000000000000000000	negative	3	85	277	0
361	-48359265163087647737092489262327853896794908683445657449334752476959158898121908603/138500000000000000000000000000000000000000000000000000000000000000000000000000000000	-96303118046570596688884803856337750907468768731622609257956359662684809863642001127/277000000000000000000000000000000000000000000000000000000000000000000000000000000000	negative	3	86	277	0
362	-96303118046570596688884803856337750907468768731622609257956359662684809863642001127/277000000000000000000000000000000000000000000000000000000000000000000000000000000000	-11985963220870737237948078648502474252668465012044237952155401796431412741380023131/34625000000000000000000000000000000000000000000000000000000000000000000000000000000	negative	3	87	277	0
363	-11985963220870737237948078648502474252668465012044237952155401796431412741380023131/34625000000000000000000000000000000000000000000000000000000000000000000000000000000	-95472293487361199118284454519701837135226671461085197976530069080217793998438368969/277000000000000000000000000000000000000000000000000000000000000000000000000000000000	negative	3	88	277	0
364	-95472293487361199118284454519701837135226671461085197976530069080217793998438368969/277000000000000000000000000000000000000000000000000000000000000000000000000000000000	-9505688120775650033298427985138388024910562282581649233581692378898428606583655289/27700000000000000000000000000000000000000000000000000000000000000000000000000000000	negative	3	89	277	0
365	-9505688120775650033298427985138388024910562282581649233581692378898428606583655289/27700000000000000000000000000000000000000000000000000000000000000000000000000000000	-94641468928151801547684105183065923362984574190547786695103778497750778133234736811/277000000000000000000000000000000000000000000000000000000000000000000000000000000000	negative	3	90	277	0
366	-94641468928151801547684105183065923362984574190547786695103778497750778133234736811/277000000000000000000000000000000000000000000000000000000000000000000000000000000000	-23556514162136775690595982628686991619215881388819770263597658301629317550158230183/69250000000000000000000000000000000000000000000000000000000000000000000000000000000	negative	3	91	277	0
367	-23556514162136775690595982628686991619215881388819770263597658301629317550158230183/69250000000000000000000000000000000000000000000000000000000000000000000000000000000	-93810644368942403977083755846430009590742476920010375413677487915283762268031104653/277000000000000000000000000000000000000000000000000000000000000000000000000000000000	negative	3	92	277	0
368	-93810644368942403977083755846430009590742476920010375413677487915283762268031104653/277000000000000000000000000000000000000000000000000000000000000000000000000000000000	-46697616044668852595891790589056026352310714142370834886482171312025127167714644287/138500000000000000000000000000000000000000000000000000000000000000000000000000000000	negative	3	93	277	0
369	-46697616044668852595891790589056026352310714142370834886482171312025127167714644287/138500000000000000000000000000000000000000000000000000000000000000000000000000000000	-18595963961946601281296681301958819163700075929894592826450239466563349280565494499/55400000000000000000000000000000000000000000000000000000000000000000000000000000000	negative	3	94	277	0
370	-18595963961946601281296681301958819163700075929894592826450239466563349280565494499/55400000000000000000000000000000000000000000000000000000000000000000000000000000000	-2892637735316509613161975995046129341636854094193883077860564126299476202194551763/8656250000000000000000000000000000000000000000000000000000000000000000000000000000	negative	3	95	277	0
371	-2892637735316509613161975995046129341636854094193883077860564126299476202194551763/8656250000000000000000000000000000000000000000000000000000000000000000000000000000	-92148995250523608835883057173158182046258282378935552850824906750349730537623840337/277000000000000000000000000000000000000000000000000000000000000000000000000000000000	negative	3	96	277	0
372	-92148995250523608835883057173158182046258282378935552850824906750349730537623840337/277000000000000000000000000000000000000000000000000000000000000000000000000000000000	-45866791485459455025291441252420112580068616871833423605055880729558111302511012129/138500000000000000000000000000000000000000000000000000000000000000000000000000000000	negative	3	97	277	0
373	-45866791485459455025291441252420112580068616871833423605055880729558111302511012129/138500000000000000000000000000000000000000000000000000000000000000000000000000000000	-91318170691314211265282707836522268274016185108398141569398616167882714672420208179/277000000000000000000000000000000000000000000000000000000000000000000000000000000000	negative	3	98	277	0
374	-91318170691314211265282707836522268274016185108398141569398616167882714672420208179/277000000000000000000000000000000000000000000000000000000000000000000000000000000000	-909027584117095124799825331682043113878951364731294359286854708766492067398183921/2770000000000000000000000000000000000000000000000000000000000000000000000000000000	negative	3	99	277	0
375	-909027584117095124799825331682043113878951364731294359286854708766492067398183921/2770000000000000000000000000000000000000000000000000000000000000000000000000000000	-90487346132104813694682358499886354501774087837860730287972325585415698807216576021/277000000000000000000000000000000000000000000000000000000000000000000000000000000000	negative	3	100	277	0
376	-90487346132104813694682358499886354501774087837860730287972325585415698807216576021/277000000000000000000000000000000000000000000000000000000000000000000000000000000000	-45035966926250057454691091915784198807826519601296012323629590147091095437307379971/138500000000000000000000000000000000000000000000000000000000000000000000000000000000	negative	3	101	277	0
377	-45035966926250057454691091915784198807826519601296012323629590147091095437307379971/138500000000000000000000000000000000000000000000000000000000000000000000000000000000	-89656521572895416124082009163250440729531990567323319006546035002948682942012943863/277000000000000000000000000000000000000000000000000000000000000000000000000000000000	negative	3	102	277	0
378	-89656521572895416124082009163250440729531990567323319006546035002948682942012943863/277000000000000000000000000000000000000000000000000000000000000000000000000000000000	-11155138661661339667347729311866560480426367741506826670729111213964396876176390973/34625000000000000000000000000000000000000000000000000000000000000000000000000000000	negative	3	103	277	0
379	-11155138661661339667347729311866560480426367741506826670729111213964396876176390973/34625000000000000000000000000000000000000000000000000000000000000000000000000000000	-17765139402737203710696331965322905391457978659357181545023948884096333415361862341/55400000000000000000000000000000000000000000000000000000000000000000000000000000000	negative	3	104	277	0
380	-17765139402737203710696331965322905391457978659357181545023948884096333415361862341/55400000000000000000000000000000000000000000000000000000000000000000000000000000000	-44205142367040659884090742579148285035584422330758601042203299564624079572103747813/138500000000000000000000000000000000000000000000000000000000000000000000000000000000	negative	3	105	277	0
381	-44205142367040659884090742579148285035584422330758601042203299564624079572103747813/138500000000000000000000000000000000000000000000000000000000000000000000000000000000	-87994872454476620982881310489978613185047796026248496443693453838014651211605679547/277000000000000000000000000000000000000000000000000000000000000000000000000000000000	negative	3	106	277	0
382	-87994872454476620982881310489978613185047796026248496443693453838014651211605679547/277000000000000000000000000000000000000000000000000000000000000000000000000000000000	-21894865043717980549395283955415164074731686847744947700745077136695285819750965867/69250000000000000000000000000000000000000000000000000000000000000000000000000000000	negative	3	107	277	0
383	-21894865043717980549395283955415164074731686847744947700745077136695285819750965867/69250000000000000000000000000000000000000000000000000000000000000000000000000000000	-87164047895267223412280961153342699412805698755711085162267163255547635346402047389/277000000000000000000000000000000000000000000000000000000000000000000000000000000000	negative	3	108	277	0
384	-87164047895267223412280961153342699412805698755711085162267163255547635346402047389/277000000000000000000000000000000000000000000000000000000000000000000000000000000000	-8674863561566252462698078648502474252668465012044237952155401796431412741380023131/27700000000000000000000000000000000000000000000000000000000000000000000000000000000	negative	3	109	277	0
385	-8674863561566252462698078648502474252668465012044237952155401796431412741380023131/27700000000000000000000000000000000000000000000000000000000000000000000000000000000	-86333223336057825841680611816706785640563601485173673880840872673080619481198415231/277000000000000000000000000000000000000000000000000000000000000000000000000000000000	negative	3	110	277	0
386	-86333223336057825841680611816706785640563601485173673880840872673080619481198415231/277000000000000000000000000000000000000000000000000000000000000000000000000000000000	-5369863191028320441023777321774301797152659553119060515007982961365444471787287447/17312500000000000000000000000000000000000000000000000000000000000000000000000000000	negative	3	111	277	0
387	-5369863191028320441023777321774301797152659553119060515007982961365444471787287447/17312500000000000000000000000000000000000000000000000000000000000000000000000000000	-85502398776848428271080262480070871868321504214636262599414582090613603615994783073/277000000000000000000000000000000000000000000000000000000000000000000000000000000000	negative	3	112	277	0
388	-85502398776848428271080262480070871868321504214636262599414582090613603615994783073/277000000000000000000000000000000000000000000000000000000000000000000000000000000000	-42543493248621864742890043905876457491100227789683778479350718399690047841696483497/138500000000000000000000000000000000000000000000000000000000000000000000000000000000	negative	3	113	277	0
389	-42543493248621864742890043905876457491100227789683778479350718399690047841696483497/138500000000000000000000000000000000000000000000000000000000000000000000000000000000	-16934314843527806140095982628686991619215881388819770263597658301629317550158230183/55400000000000000000000000000000000000000000000000000000000000000000000000000000000	negative	3	114	277	0
390	-16934314843527806140095982628686991619215881388819770263597658301629317550158230183/55400000000000000000000000000000000000000000000000000000000000000000000000000000000	-21064040484508582978794934618779250302489589577207536419318786554228269954547333709/69250000000000000000000000000000000000000000000000000000000000000000000000000000000	negative	3	115	277	0
391	-21064040484508582978794934618779250302489589577207536419318786554228269954547333709/69250000000000000000000000000000000000000000000000000000000000000000000000000000000	-83840749658429633129879563806799044323837309673561440036562000925679571885587518757/277000000000000000000000000000000000000000000000000000000000000000000000000000000000	negative	3	116	277	0
392	-83840749658429633129879563806799044323837309673561440036562000925679571885587518757/277000000000000000000000000000000000000000000000000000000000000000000000000000000000	-41712668689412467172289694569240543718858130519146367197924427817223031976492851339/138500000000000000000000000000000000000000000000000000000000000000000000000000000000	negative	3	117	277	0
393	-41712668689412467172289694569240543718858130519146367197924427817223031976492851339/138500000000000000000000000000000000000000000000000000000000000000000000000000000000	-83009925099220235559279214470163130551595212403024028755135710343212556020383886599/277000000000000000000000000000000000000000000000000000000000000000000000000000000000	negative	3	118	277	0
394	-83009925099220235559279214470163130551595212403024028755135710343212556020383886599/277000000000000000000000000000000000000000000000000000000000000000000000000000000000	-2064862820490388419349475995046129341636854094193883077860564126299476202194551763/6925000000000000000000000000000000000000000000000000000000000000000000000000000000	negative	3	119	277	0
395	-2064862820490388419349475995046129341636854094193883077860564126299476202194551763/6925000000000000000000000000000000000000000000000000000000000000000000000000000000	-82179100540010837988678865133527216779353115132486617473709419760745540155180254441/277000000000000000000000000000000000000000000000000000000000000000000000000000000000	negative	3	120	277	0
396	-82179100540010837988678865133527216779353115132486617473709419760745540155180254441/277000000000000000000000000000000000000000000000000000000000000000000000000000000000	-40881844130203069601689345232604629946616033248608955916498137234756016111289219181/138500000000000000000000000000000000000000000000000000000000000000000000000000000000	negative	3	121	277	0
397	-40881844130203069601689345232604629946616033248608955916498137234756016111289219181/138500000000000000000000000000000000000000000000000000000000000000000000000000000000	-81348275980801440418078515796891303007111017861949206192283129178278524289976622283/277000000000000000000000000000000000000000000000000000000000000000000000000000000000	negative	3	122	277	0
398	-81348275980801440418078515796891303007111017861949206192283129178278524289976622283/277000000000000000000000000000000000000000000000000000000000000000000000000000000000	-20233215925299185408194585282143336530247492306670125137892495971761254089343701551/69250000000000000000000000000000000000000000000000000000000000000000000000000000000	negative	3	123	277	0
399	-20233215925299185408194585282143336530247492306670125137892495971761254089343701551/69250000000000000000000000000000000000000000000000000000000000000000000000000000000	-644139611372736342779825331682043113878951364731294359286854708766492067398183921/2216000000000000000000000000000000000000000000000000000000000000000000000000000000	negative	3	124	277	0
400	-644139611372736342779825331682043113878951364731294359286854708766492067398183921/2216000000000000000000000000000000000000000000000000000000000000000000000000000000	-40051019570993672031088995895968716174373935978071544635071846652289000246085587023/138500000000000000000000000000000000000000000000000000000000000000000000000000000000	negative	3	125	277	0
401	-40051019570993672031088995895968716174373935978071544635071846652289000246085587023/138500000000000000000000000000000000000000000000000000000000000000000000000000000000	-79686626862382645276877817123619475462626823320874383629430548013344492559569357967/277000000000000000000000000000000000000000000000000000000000000000000000000000000000	negative	3	126	277	0
402	-79686626862382645276877817123619475462626823320874383629430548013344492559569357967/277000000000000000000000000000000000000000000000000000000000000000000000000000000000	-619306363927952706965450331682043113878951364731294359286854708766492067398183921/2164062500000000000000000000000000000000000000000000000000000000000000000000000000	negative	3	127	277	0
403	-619306363927952706965450331682043113878951364731294359286854708766492067398183921/2164062500000000000000000000000000000000000000000000000000000000000000000000000000	-78855802303173247706277467786983561690384726050336972348004257430877476694365725809/277000000000000000000000000000000000000000000000000000000000000000000000000000000000	negative	3	128	277	0
404	-78855802303173247706277467786983561690384726050336972348004257430877476694365725809/277000000000000000000000000000000000000000000000000000000000000000000000000000000000	-7844039002356854892097729311866560480426367741506826670729111213964396876176390973/27700000000000000000000000000000000000000000000000000000000000000000000000000000000	negative	3	129	277	0
405	-7844039002356854892097729311866560480426367741506826670729111213964396876176390973/27700000000000000000000000000000000000000000000000000000000000000000000000000000000	-78024977743963850135677118450347647918142628779799561066577966848410460829162093651/277000000000000000000000000000000000000000000000000000000000000000000000000000000000	negative	3	130	277	0
406	-78024977743963850135677118450347647918142628779799561066577966848410460829162093651/277000000000000000000000000000000000000000000000000000000000000000000000000000000000	-19402391366089787837594235945507422758005395036132713856466205389294238224140069393/69250000000000000000000000000000000000000000000000000000000000000000000000000000000	negative	3	131	277	0
407	-19402391366089787837594235945507422758005395036132713856466205389294238224140069393/69250000000000000000000000000000000000000000000000000000000000000000000000000000000	-77194153184754452565076769113711734145900531509262149785151676265943444963958461493/277000000000000000000000000000000000000000000000000000000000000000000000000000000000	negative	3	132	277	0
408	-77194153184754452565076769113711734145900531509262149785151676265943444963958461493/277000000000000000000000000000000000000000000000000000000000000000000000000000000000	-38389370452574876889888297222696888629889741436996722072219265487354968515678322707/138500000000000000000000000000000000000000000000000000000000000000000000000000000000	negative	3	133	277	0
409	-38389370452574876889888297222696888629889741436996722072219265487354968515678322707/138500000000000000000000000000000000000000000000000000000000000000000000000000000000	-15272665725109010998895283955415164074731686847744947700745077136695285819750965867/55400000000000000000000000000000000000000000000000000000000000000000000000000000000	negative	3	134	277	0
410	-15272665725109010998895283955415164074731686847744947700745077136695285819750965867/55400000000000000000000000000000000000000000000000000000000000000000000000000000000	-9493489543242544526147030638594732935942173200432004107876530049030365145769126657/34625000000000000000000000000000000000000000000000000000000000000000000000000000000	negative	3	135	277	0
411	-9493489543242544526147030638594732935942173200432004107876530049030365145769126657/34625000000000000000000000000000000000000000000000000000000000000000000000000000000	-75532504066335657423876070440439906601416336968187327222299095101009413233551197177/277000000000000000000000000000000000000000000000000000000000000000000000000000000000	negative	3	136	277	0
412	-75532504066335657423876070440439906601416336968187327222299095101009413233551197177/277000000000000000000000000000000000000000000000000000000000000000000000000000000000	-37558545893365479319287947886060974857647644166459310790792974904887952650474690549/138500000000000000000000000000000000000000000000000000000000000000000000000000000000	negative	3	137	277	0
413	-37558545893365479319287947886060974857647644166459310790792974904887952650474690549/138500000000000000000000000000000000000000000000000000000000000000000000000000000000	-74701679507126259853275721103803992829174239697649915940872804518542397368347565019/277000000000000000000000000000000000000000000000000000000000000000000000000000000000	negative	3	138	277	0
414	-74701679507126259853275721103803992829174239697649915940872804518542397368347565019/277000000000000000000000000000000000000000000000000000000000000000000000000000000000	-3714313361376078053398777321774301797152659553119060515007982961365444471787287447/13850000000000000000000000000000000000000000000000000000000000000000000000000000000	negative	3	139	277	0
415	-3714313361376078053398777321774301797152659553119060515007982961365444471787287447/13850000000000000000000000000000000000000000000000000000000000000000000000000000000	-73870854947916862282675371767168079056932142427112504659446513936075381503143932861/277000000000000000000000000000000000000000000000000000000000000000000000000000000000	negative	3	140	277	0
416	-73870854947916862282675371767168079056932142427112504659446513936075381503143932861/277000000000000000000000000000000000000000000000000000000000000000000000000000000000	-36727721334156081748687598549425061085405546895921899509366684322420936785271058391/138500000000000000000000000000000000000000000000000000000000000000000000000000000000	negative	3	141	277	0
417	-36727721334156081748687598549425061085405546895921899509366684322420936785271058391/138500000000000000000000000000000000000000000000000000000000000000000000000000000000	-73040030388707464712075022430532165284690045156575093378020223353608365637940300703/277000000000000000000000000000000000000000000000000000000000000000000000000000000000	negative	3	142	277	0
418	-73040030388707464712075022430532165284690045156575093378020223353608365637940300703/277000000000000000000000000000000000000000000000000000000000000000000000000000000000	-4539038631818922870423427985138388024910562282581649233581692378898428606583655289/17312500000000000000000000000000000000000000000000000000000000000000000000000000000	negative	3	143	277	0
419	-4539038631818922870423427985138388024910562282581649233581692378898428606583655289/17312500000000000000000000000000000000000000000000000000000000000000000000000000000	-14441841165899613428294934618779250302489589577207536419318786554228269954547333709/55400000000000000000000000000000000000000000000000000000000000000000000000000000000	negative	3	144	277	0
420	-14441841165899613428294934618779250302489589577207536419318786554228269954547333709/55400000000000000000000000000000000000000000000000000000000000000000000000000000000	-35896896774946684178087249212789147313163449625384488227940393739953920920067426233/138500000000000000000000000000000000000000000000000000000000000000000000000000000000	negative	3	145	277	0
421	-35896896774946684178087249212789147313163449625384488227940393739953920920067426233/138500000000000000000000000000000000000000000000000000000000000000000000000000000000	-71378381270288669570874323757260337740205850615500270815167642188674333907533036387/277000000000000000000000000000000000000000000000000000000000000000000000000000000000	negative	3	146	277	0
422	-71378381270288669570874323757260337740205850615500270815167642188674333907533036387/277000000000000000000000000000000000000000000000000000000000000000000000000000000000	-17740742247670992696393537272235595213521200495057891293613624224360206493732805077/69250000000000000000000000000000000000000000000000000000000000000000000000000000000	negative	3	147	277	0
423	-17740742247670992696393537272235595213521200495057891293613624224360206493732805077/69250000000000000000000000000000000000000000000000000000000000000000000000000000000	-70547556711079272000273974420624423967963753344962859533741351606207318042329404229/277000000000000000000000000000000000000000000000000000000000000000000000000000000000	negative	3	148	277	0
424	-70547556711079272000273974420624423967963753344962859533741351606207318042329404229/277000000000000000000000000000000000000000000000000000000000000000000000000000000000	-1402642888629491464299475995046129341636854094193883077860564126299476202194551763/5540000000000000000000000000000000000000000000000000000000000000000000000000000000	negative	3	149	277	0
425	-1402642888629491464299475995046129341636854094193883077860564126299476202194551763/5540000000000000000000000000000000000000000000000000000000000000000000000000000000	-69716732151869874429673625083988510195721656074425448252315061023740302177125772071/277000000000000000000000000000000000000000000000000000000000000000000000000000000000	negative	3	150	277	0
426	-69716732151869874429673625083988510195721656074425448252315061023740302177125772071/277000000000000000000000000000000000000000000000000000000000000000000000000000000000	-8662664984033146955546681301958819163700075929894592826450239466563349280565494499/34625000000000000000000000000000000000000000000000000000000000000000000000000000000	negative	3	151	277	0
427	-8662664984033146955546681301958819163700075929894592826450239466563349280565494499/34625000000000000000000000000000000000000000000000000000000000000000000000000000000	-68885907592660476859073275747352596423479558803888036970888770441273286311922139913/277000000000000000000000000000000000000000000000000000000000000000000000000000000000	negative	3	152	277	0
428	-68885907592660476859073275747352596423479558803888036970888770441273286311922139913/277000000000000000000000000000000000000000000000000000000000000000000000000000000000	-34235247656527889036886550539517319768679255084309665665087812575019889189660161917/138500000000000000000000000000000000000000000000000000000000000000000000000000000000	negative	3	153	277	0
429	-34235247656527889036886550539517319768679255084309665665087812575019889189660161917/138500000000000000000000000000000000000000000000000000000000000000000000000000000000	-13611016606690215857694585282143336530247492306670125137892495971761254089343701551/55400000000000000000000000000000000000000000000000000000000000000000000000000000000	negative	3	154	277	0
430	-13611016606690215857694585282143336530247492306670125137892495971761254089343701551/55400000000000000000000000000000000000000000000000000000000000000000000000000000000	-16909917688461595125793187935599681441279103224520480012187333641893190628529172919/69250000000000000000000000000000000000000000000000000000000000000000000000000000000	negative	3	155	277	0
431	-16909917688461595125793187935599681441279103224520480012187333641893190628529172919/69250000000000000000000000000000000000000000000000000000000000000000000000000000000	-67224258474241681717872577074080768878995364262813214408036189276339254581514875597/277000000000000000000000000000000000000000000000000000000000000000000000000000000000	negative	3	156	277	0
432	-67224258474241681717872577074080768878995364262813214408036189276339254581514875597/277000000000000000000000000000000000000000000000000000000000000000000000000000000000	-33404423097318491466286201202881405996437157813772254383661521992552873324456529759/138500000000000000000000000000000000000000000000000000000000000000000000000000000000	negative	3	157	277	0
433	-33404423097318491466286201202881405996437157813772254383661521992552873324456529759/138500000000000000000000000000000000000000000000000000000000000000000000000000000000	-66393433915032284147272227737444855106753266992275803126609898693872238716311243439/277000000000000000000000000000000000000000000000000000000000000000000000000000000000	negative	3	158	277	0
434	-66393433915032284147272227737444855106753266992275803126609898693872238716311243439/277000000000000000000000000000000000000000000000000000000000000000000000000000000000	-412362635221422408512325331682043113878951364731294359286854708766492067398183921/1731250000000000000000000000000000000000000000000000000000000000000000000000000000	negative	3	159	277	0
435	-412362635221422408512325331682043113878951364731294359286854708766492067398183921/1731250000000000000000000000000000000000000000000000000000000000000000000000000000	-65562609355822886576671878400808941334511169721738391845183608111405222851107611281/277000000000000000000000000000000000000000000000000000000000000000000000000000000000	negative	3	160	277	0
436	-65562609355822886576671878400808941334511169721738391845183608111405222851107611281/277000000000000000000000000000000000000000000000000000000000000000000000000000000000	-32573598538109093895685851866245492224195060543234843102235231410085857459252897601/138500000000000000000000000000000000000000000000000000000000000000000000000000000000	negative	3	161	277	0
437	-32573598538109093895685851866245492224195060543234843102235231410085857459252897601/138500000000000000000000000000000000000000000000000000000000000000000000000000000000	-64731784796613489006071529064173027562269072451200980563757317528938206985903979123/277000000000000000000000000000000000000000000000000000000000000000000000000000000000	negative	3	162	277	0
438	-64731784796613489006071529064173027562269072451200980563757317528938206985903979123/277000000000000000000000000000000000000000000000000000000000000000000000000000000000	-16079093129252197555192838598963767669037005953983068730761043059426174763325540761/69250000000000000000000000000000000000000000000000000000000000000000000000000000000	negative	3	163	277	0
439	-16079093129252197555192838598963767669037005953983068730761043059426174763325540761/69250000000000000000000000000000000000000000000000000000000000000000000000000000000	-12780192047480818287094235945507422758005395036132713856466205389294238224140069393/55400000000000000000000000000000000000000000000000000000000000000000000000000000000	negative	3	164	277	0
440	-12780192047480818287094235945507422758005395036132713856466205389294238224140069393/55400000000000000000000000000000000000000000000000000000000000000000000000000000000	-31742773978899696325085502529609578451952963272697431820808940827618841594049265443/138500000000000000000000000000000000000000000000000000000000000000000000000000000000	negative	3	165	277	0
441	-31742773978899696325085502529609578451952963272697431820808940827618841594049265443/138500000000000000000000000000000000000000000000000000000000000000000000000000000000	-63070135678194693864870830390901200017784877910126158000904736364004175255496714807/277000000000000000000000000000000000000000000000000000000000000000000000000000000000	negative	3	166	277	0
442	-63070135678194693864870830390901200017784877910126158000904736364004175255496714807/277000000000000000000000000000000000000000000000000000000000000000000000000000000000	-7831840424823749384946331965322905391457978659357181545023948884096333415361862341/34625000000000000000000000000000000000000000000000000000000000000000000000000000000	negative	3	167	277	0
443	-7831840424823749384946331965322905391457978659357181545023948884096333415361862341/34625000000000000000000000000000000000000000000000000000000000000000000000000000000	-62239311118985296294270481054265286245542780639588746719478445781537159390293082649/277000000000000000000000000000000000000000000000000000000000000000000000000000000000	negative	3	168	277	0
444	-62239311118985296294270481054265286245542780639588746719478445781537159390293082649/277000000000000000000000000000000000000000000000000000000000000000000000000000000000	-6182389883938059750897030638594732935942173200432004107876530049030365145769126657/27700000000000000000000000000000000000000000000000000000000000000000000000000000000	negative	3	169	277	0
445	-6182389883938059750897030638594732935942173200432004107876530049030365145769126657/27700000000000000000000000000000000000000000000000000000000000000000000000000000000	-61408486559775898723670131717629372473300683369051335438052155199070143525089450491/277000000000000000000000000000000000000000000000000000000000000000000000000000000000	negative	3	170	277	0
446	-61408486559775898723670131717629372473300683369051335438052155199070143525089450491/277000000000000000000000000000000000000000000000000000000000000000000000000000000000	-15248268570042799984592489262327853896794908683445657449334752476959158898121908603/69250000000000000000000000000000000000000000000000000000000000000000000000000000000	negative	3	171	277	0
447	-15248268570042799984592489262327853896794908683445657449334752476959158898121908603/69250000000000000000000000000000000000000000000000000000000000000000000000000000000	-60577662000566501153069782380993458701058586098513924156625864616603127659885818333/277000000000000000000000000000000000000000000000000000000000000000000000000000000000	negative	3	172	277	0
448	-60577662000566501153069782380993458701058586098513924156625864616603127659885818333/277000000000000000000000000000000000000000000000000000000000000000000000000000000000	-30081124860480901183884803856337750907468768731622609257956359662684809863642001127/138500000000000000000000000000000000000000000000000000000000000000000000000000000000	negative	3	173	277	0
449	-30081124860480901183884803856337750907468768731622609257956359662684809863642001127/138500000000000000000000000000000000000000000000000000000000000000000000000000000000	-2389873497654284143298777321774301797152659553119060515007982961365444471787287447/11080000000000000000000000000000000000000000000000000000000000000000000000000000000	negative	3	174	277	0
450	-2389873497654284143298777321774301797152659553119060515007982961365444471787287447/11080000000000000000000000000000000000000000000000000000000000000000000000000000000	-3708214072609525299823078648502474252668465012044237952155401796431412741380023131/17312500000000000000000000000000000000000000000000000000000000000000000000000000000	negative	3	175	277	0
451	-3708214072609525299823078648502474252668465012044237952155401796431412741380023131/17312500000000000000000000000000000000000000000000000000000000000000000000000000000	-58916012882147706011869083707721631156574391557439101593773283451669095929478554017/277000000000000000000000000000000000000000000000000000000000000000000000000000000000	negative	3	176	277	0
452	-58916012882147706011869083707721631156574391557439101593773283451669095929478554017/277000000000000000000000000000000000000000000000000000000000000000000000000000000000	-29250300301271503613284454519701837135226671461085197976530069080217793998438368969/138500000000000000000000000000000000000000000000000000000000000000000000000000000000	negative	3	177	277	0
453	-29250300301271503613284454519701837135226671461085197976530069080217793998438368969/138500000000000000000000000000000000000000000000000000000000000000000000000000000000	-58085188322938308441268734371085717384332294286901690312346992869202080064274921859/277000000000000000000000000000000000000000000000000000000000000000000000000000000000	negative	3	178	277	0
454	-58085188322938308441268734371085717384332294286901690312346992869202080064274921859/277000000000000000000000000000000000000000000000000000000000000000000000000000000000	-2883488802166680482798427985138388024910562282581649233581692378898428606583655289/13850000000000000000000000000000000000000000000000000000000000000000000000000000000	negative	3	179	277	0
455	-2883488802166680482798427985138388024910562282581649233581692378898428606583655289/13850000000000000000000000000000000000000000000000000000000000000000000000000000000	-57254363763728910870668385034449803612090197016364279030920702286735064199071289701/277000000000000000000000000000000000000000000000000000000000000000000000000000000000	negative	3	180	277	0
456	-57254363763728910870668385034449803612090197016364279030920702286735064199071289701/277000000000000000000000000000000000000000000000000000000000000000000000000000000000	-28419475742062106042684105183065923362984574190547786695103778497750778133234736811/138500000000000000000000000000000000000000000000000000000000000000000000000000000000	negative	3	181	277	0
457	-28419475742062106042684105183065923362984574190547786695103778497750778133234736811/138500000000000000000000000000000000000000000000000000000000000000000000000000000000	-56423539204519513300068035697813889839848099745826867749494411704268048333867657543/277000000000000000000000000000000000000000000000000000000000000000000000000000000000	negative	3	182	277	0
458	-56423539204519513300068035697813889839848099745826867749494411704268048333867657543/277000000000000000000000000000000000000000000000000000000000000000000000000000000000	-7001015865614351814345982628686991619215881388819770263597658301629317550158230183/34625000000000000000000000000000000000000000000000000000000000000000000000000000000	negative	3	183	277	0
459	-7001015865614351814345982628686991619215881388819770263597658301629317550158230183/34625000000000000000000000000000000000000000000000000000000000000000000000000000000	-11118542929062023145893537272235595213521200495057891293613624224360206493732805077/55400000000000000000000000000000000000000000000000000000000000000000000000000000000	negative	3	184	277	0
460	-11118542929062023145893537272235595213521200495057891293613624224360206493732805077/55400000000000000000000000000000000000000000000000000000000000000000000000000000000	-27588651182852708472083755846430009590742476920010375413677487915283762268031104653/138500000000000000000000000000000000000000000000000000000000000000000000000000000000	negative	3	185	277	0
461	-27588651182852708472083755846430009590742476920010375413677487915283762268031104653/138500000000000000000000000000000000000000000000000000000000000000000000000000000000	-54761890086100718158867337024542062295363905204752045186641830539334016603460393227/277000000000000000000000000000000000000000000000000000000000000000000000000000000000	negative	3	186	277	0
462	-54761890086100718158867337024542062295363905204752045186641830539334016603460393227/277000000000000000000000000000000000000000000000000000000000000000000000000000000000	-13586619451624004843391790589056026352310714142370834886482171312025127167714644287/69250000000000000000000000000000000000000000000000000000000000000000000000000000000	negative	3	187	277	0
463	-13586619451624004843391790589056026352310714142370834886482171312025127167714644287/69250000000000000000000000000000000000000000000000000000000000000000000000000000000	-53931065526891320588266987687906148523121807934214633905215539956867000738256761069/277000000000000000000000000000000000000000000000000000000000000000000000000000000000	negative	3	188	277	0
464	-53931065526891320588266987687906148523121807934214633905215539956867000738256761069/277000000000000000000000000000000000000000000000000000000000000000000000000000000000	-5351565324728662180296681301958819163700075929894592826450239466563349280565494499/27700000000000000000000000000000000000000000000000000000000000000000000000000000000	negative	3	189	277	0
465	-5351565324728662180296681301958819163700075929894592826450239466563349280565494499/27700000000000000000000000000000000000000000000000000000000000000000000000000000000	-53100240967681923017666638351270234750879710663677222623789249374399984873053128911/277000000000000000000000000000000000000000000000000000000000000000000000000000000000	negative	3	190	277	0
466	-53100240967681923017666638351270234750879710663677222623789249374399984873053128911/277000000000000000000000000000000000000000000000000000000000000000000000000000000000	-823200448251206628630725995046129341636854094193883077860564126299476202194551763/4328125000000000000000000000000000000000000000000000000000000000000000000000000000	negative	3	191	277	0
467	-823200448251206628630725995046129341636854094193883077860564126299476202194551763/4328125000000000000000000000000000000000000000000000000000000000000000000000000000	-52269416408472525447066289014634320978637613393139811342362958791932969007849496753/277000000000000000000000000000000000000000000000000000000000000000000000000000000000	negative	3	192	277	0
468	-52269416408472525447066289014634320978637613393139811342362958791932969007849496753/277000000000000000000000000000000000000000000000000000000000000000000000000000000000	-25927002064433913330883057173158182046258282378935552850824906750349730537623840337/138500000000000000000000000000000000000000000000000000000000000000000000000000000000	negative	3	193	277	0
469	-25927002064433913330883057173158182046258282378935552850824906750349730537623840337/138500000000000000000000000000000000000000000000000000000000000000000000000000000000	-10287718369852625575293187935599681441279103224520480012187333641893190628529172919/55400000000000000000000000000000000000000000000000000000000000000000000000000000000	negative	3	194	277	0
470	-10287718369852625575293187935599681441279103224520480012187333641893190628529172919/55400000000000000000000000000000000000000000000000000000000000000000000000000000000	-12755794892414607272791441252420112580068616871833423605055880729558111302511012129/69250000000000000000000000000000000000000000000000000000000000000000000000000000000	negative	3	195	277	0
471	-12755794892414607272791441252420112580068616871833423605055880729558111302511012129/69250000000000000000000000000000000000000000000000000000000000000000000000000000000	-50607767290053730305865590341362493434153418852064988779510377626998937277442232437/277000000000000000000000000000000000000000000000000000000000000000000000000000000000	negative	3	196	277	0
472	-50607767290053730305865590341362493434153418852064988779510377626998937277442232437/277000000000000000000000000000000000000000000000000000000000000000000000000000000000	-25096177505224515760282707836522268274016185108398141569398616167882714672420208179/138500000000000000000000000000000000000000000000000000000000000000000000000000000000	negative	3	197	277	0
473	-25096177505224515760282707836522268274016185108398141569398616167882714672420208179/138500000000000000000000000000000000000000000000000000000000000000000000000000000000	-49776942730844332735265241004726579661911321581527577498084087044531921412238600279/277000000000000000000000000000000000000000000000000000000000000000000000000000000000	negative	3	198	277	0
474	-49776942730844332735265241004726579661911321581527577498084087044531921412238600279/277000000000000000000000000000000000000000000000000000000000000000000000000000000000	-246807652256198169749825331682043113878951364731294359286854708766492067398183921/1385000000000000000000000000000000000000000000000000000000000000000000000000000000	negative	3	199	277	0
475	-246807652256198169749825331682043113878951364731294359286854708766492067398183921/1385000000000000000000000000000000000000000000000000000000000000000000000000000000	-48946118171634935164664891668090665889669224310990166216657796462064905547034968121/277000000000000000000000000000000000000000000000000000000000000000000000000000000000	negative	3	200	277	0
476	-48946118171634935164664891668090665889669224310990166216657796462064905547034968121/277000000000000000000000000000000000000000000000000000000000000000000000000000000000	-24265352946015118189682358499886354501774087837860730287972325585415698807216576021/138500000000000000000000000000000000000000000000000000000000000000000000000000000000	negative	3	201	277	0
477	-24265352946015118189682358499886354501774087837860730287972325585415698807216576021/138500000000000000000000000000000000000000000000000000000000000000000000000000000000	-48115293612425537594064542331454752117427127040452754935231505879597889681831335963/277000000000000000000000000000000000000000000000000000000000000000000000000000000000	negative	3	202	277	0
478	-48115293612425537594064542331454752117427127040452754935231505879597889681831335963/277000000000000000000000000000000000000000000000000000000000000000000000000000000000	-11924970333205209702191091915784198807826519601296012323629590147091095437307379971/69250000000000000000000000000000000000000000000000000000000000000000000000000000000	negative	3	203	277	0
479	-11924970333205209702191091915784198807826519601296012323629590147091095437307379971/69250000000000000000000000000000000000000000000000000000000000000000000000000000000	-9456893810643228004692838598963767669037005953983068730761043059426174763325540761/55400000000000000000000000000000000000000000000000000000000000000000000000000000000	negative	3	204	277	0
480	-9456893810643228004692838598963767669037005953983068730761043059426174763325540761/55400000000000000000000000000000000000000000000000000000000000000000000000000000000	-23434528386805720619082009163250440729531990567323319006546035002948682942012943863/138500000000000000000000000000000000000000000000000000000000000000000000000000000000	negative	3	205	277	0
481	-23434528386805720619082009163250440729531990567323319006546035002948682942012943863/138500000000000000000000000000000000000000000000000000000000000000000000000000000000	-46453644494006742452863843658182924572942932499377932372378924714663857951424071647/277000000000000000000000000000000000000000000000000000000000000000000000000000000000	negative	3	206	277	0
482	-46453644494006742452863843658182924572942932499377932372378924714663857951424071647/277000000000000000000000000000000000000000000000000000000000000000000000000000000000	-2877389513400127729222729311866560480426367741506826670729111213964396876176390973/17312500000000000000000000000000000000000000000000000000000000000000000000000000000	negative	3	207	277	0
483	-2877389513400127729222729311866560480426367741506826670729111213964396876176390973/17312500000000000000000000000000000000000000000000000000000000000000000000000000000	-45622819934797344882263494321547010800700835228840521090952634132196842086220439489/277000000000000000000000000000000000000000000000000000000000000000000000000000000000	negative	3	208	277	0
484	-45622819934797344882263494321547010800700835228840521090952634132196842086220439489/277000000000000000000000000000000000000000000000000000000000000000000000000000000000	-4520740765519264609696331965322905391457978659357181545023948884096333415361862341/27700000000000000000000000000000000000000000000000000000000000000000000000000000000	negative	3	209	277	0
485	-4520740765519264609696331965322905391457978659357181545023948884096333415361862341/27700000000000000000000000000000000000000000000000000000000000000000000000000000000	-44791995375587947311663144984911097028458737958303109809526343549729826221016807331/277000000000000000000000000000000000000000000000000000000000000000000000000000000000	negative	3	210	277	0
486	-44791995375587947311663144984911097028458737958303109809526343549729826221016807331/277000000000000000000000000000000000000000000000000000000000000000000000000000000000	-11094145773995812131590742579148285035584422330758601042203299564624079572103747813/69250000000000000000000000000000000000000000000000000000000000000000000000000000000	negative	3	211	277	0
487	-11094145773995812131590742579148285035584422330758601042203299564624079572103747813/69250000000000000000000000000000000000000000000000000000000000000000000000000000000	-43961170816378549741062795648275183256216640687765698528100052967262810355813175173/277000000000000000000000000000000000000000000000000000000000000000000000000000000000	negative	3	212	277	0
488	-43961170816378549741062795648275183256216640687765698528100052967262810355813175173/277000000000000000000000000000000000000000000000000000000000000000000000000000000000	-21772879268386925477881310489978613185047796026248496443693453838014651211605679547/138500000000000000000000000000000000000000000000000000000000000000000000000000000000	negative	3	213	277	0
489	-21772879268386925477881310489978613185047796026248496443693453838014651211605679547/138500000000000000000000000000000000000000000000000000000000000000000000000000000000	-8626069251433830434092489262327853896794908683445657449334752476959158898121908603/55400000000000000000000000000000000000000000000000000000000000000000000000000000000	negative	3	214	277	0
490	-8626069251433830434092489262327853896794908683445657449334752476959158898121908603/55400000000000000000000000000000000000000000000000000000000000000000000000000000000	-5339366747195556673145283955415164074731686847744947700745077136695285819750965867/34625000000000000000000000000000000000000000000000000000000000000000000000000000000	negative	3	215	277	0
491	-5339366747195556673145283955415164074731686847744947700745077136695285819750965867/34625000000000000000000000000000000000000000000000000000000000000000000000000000000	-42299521697959754599862096975003355711732446146690875965247471802328778625405910857/277000000000000000000000000000000000000000000000000000000000000000000000000000000000	negative	3	216	277	0
492	-42299521697959754599862096975003355711732446146690875965247471802328778625405910857/277000000000000000000000000000000000000000000000000000000000000000000000000000000000	-20942054709177527907280961153342699412805698755711085162267163255547635346402047389/138500000000000000000000000000000000000000000000000000000000000000000000000000000000	negative	3	217	277	0
493	-20942054709177527907280961153342699412805698755711085162267163255547635346402047389/138500000000000000000000000000000000000000000000000000000000000000000000000000000000	-41468697138750357029261747638367441939490348876153464683821181219861762760202278699/277000000000000000000000000000000000000000000000000000000000000000000000000000000000	negative	3	218	277	0
494	-41468697138750357029261747638367441939490348876153464683821181219861762760202278699/277000000000000000000000000000000000000000000000000000000000000000000000000000000000	-2052664242957282912198078648502474252668465012044237952155401796431412741380023131/13850000000000000000000000000000000000000000000000000000000000000000000000000000000	negative	3	219	277	0
495	-2052664242957282912198078648502474252668465012044237952155401796431412741380023131/13850000000000000000000000000000000000000000000000000000000000000000000000000000000	-40637872579540959458661398301731528167248251605616053402394890637394746894998646541/277000000000000000000000000000000000000000000000000000000000000000000000000000000000	negative	3	220	277	0
496	-40637872579540959458661398301731528167248251605616053402394890637394746894998646541/277000000000000000000000000000000000000000000000000000000000000000000000000000000000	-20111230149968130336680611816706785640563601485173673880840872673080619481198415231/138500000000000000000000000000000000000000000000000000000000000000000000000000000000	negative	3	221	277	0
497	-20111230149968130336680611816706785640563601485173673880840872673080619481198415231/138500000000000000000000000000000000000000000000000000000000000000000000000000000000	-39807048020331561888061048965095614395006154335078642120968600054927731029795014383/277000000000000000000000000000000000000000000000000000000000000000000000000000000000	negative	3	222	277	0
498	-39807048020331561888061048965095614395006154335078642120968600054927731029795014383/277000000000000000000000000000000000000000000000000000000000000000000000000000000000	-1230988616897714471961277321774301797152659553119060515007982961365444471787287447/8656250000000000000000000000000000000000000000000000000000000000000000000000000000	negative	3	223	277	0
499	-1230988616897714471961277321774301797152659553119060515007982961365444471787287447/8656250000000000000000000000000000000000000000000000000000000000000000000000000000	-1559048938444886572698427985138388024910562282581649233581692378898428606583655289/11080000000000000000000000000000000000000000000000000000000000000000000000000000000	negative	3	224	277	0
500	-1559048938444886572698427985138388024910562282581649233581692378898428606583655289/11080000000000000000000000000000000000000000000000000000000000000000000000000000000	-19280405590758732766080262480070871868321504214636262599414582090613603615994783073/138500000000000000000000000000000000000000000000000000000000000000000000000000000000	negative	3	225	277	0
501	-19280405590758732766080262480070871868321504214636262599414582090613603615994783073/138500000000000000000000000000000000000000000000000000000000000000000000000000000000	-38145398901912766746860350291823786850521959794003819558116018889993699299387750067/277000000000000000000000000000000000000000000000000000000000000000000000000000000000	negative	3	226	277	0
502	-38145398901912766746860350291823786850521959794003819558116018889993699299387750067/277000000000000000000000000000000000000000000000000000000000000000000000000000000000	-9432496655577016990390043905876457491100227789683778479350718399690047841696483497/69250000000000000000000000000000000000000000000000000000000000000000000000000000000	negative	3	227	277	0
503	-9432496655577016990390043905876457491100227789683778479350718399690047841696483497/69250000000000000000000000000000000000000000000000000000000000000000000000000000000	-37314574342703369176260000955187873078279862523466408276689728307526683434184117909/277000000000000000000000000000000000000000000000000000000000000000000000000000000000	negative	3	228	277	0
504	-37314574342703369176260000955187873078279862523466408276689728307526683434184117909/277000000000000000000000000000000000000000000000000000000000000000000000000000000000	-3689916206309867039095982628686991619215881388819770263597658301629317550158230183/27700000000000000000000000000000000000000000000000000000000000000000000000000000000	negative	3	229	277	0
505	-3689916206309867039095982628686991619215881388819770263597658301629317550158230183/27700000000000000000000000000000000000000000000000000000000000000000000000000000000	-36483749783493971605659651618551959306037765252928996995263437725059667568980485751/277000000000000000000000000000000000000000000000000000000000000000000000000000000000	negative	3	230	277	0
506	-36483749783493971605659651618551959306037765252928996995263437725059667568980485751/277000000000000000000000000000000000000000000000000000000000000000000000000000000000	-4508542187986159102544934618779250302489589577207536419318786554228269954547333709/34625000000000000000000000000000000000000000000000000000000000000000000000000000000	negative	3	231	277	0
507	-4508542187986159102544934618779250302489589577207536419318786554228269954547333709/34625000000000000000000000000000000000000000000000000000000000000000000000000000000	-35652925224284574035059302281916045533795667982391585713837147142592651703776853593/277000000000000000000000000000000000000000000000000000000000000000000000000000000000	negative	3	232	277	0
508	-35652925224284574035059302281916045533795667982391585713837147142592651703776853593/277000000000000000000000000000000000000000000000000000000000000000000000000000000000	-17618756472339937624879563806799044323837309673561440036562000925679571885587518757/138500000000000000000000000000000000000000000000000000000000000000000000000000000000	negative	3	233	277	0
509	-17618756472339937624879563806799044323837309673561440036562000925679571885587518757/138500000000000000000000000000000000000000000000000000000000000000000000000000000000	-6964420133015035292891790589056026352310714142370834886482171312025127167714644287/55400000000000000000000000000000000000000000000000000000000000000000000000000000000	negative	3	234	277	0
510	-6964420133015035292891790589056026352310714142370834886482171312025127167714644287/55400000000000000000000000000000000000000000000000000000000000000000000000000000000	-8601672096367619419789694569240543718858130519146367197924427817223031976492851339/69250000000000000000000000000000000000000000000000000000000000000000000000000000000	negative	3	235	277	0
511	-8601672096367619419789694569240543718858130519146367197924427817223031976492851339/69250000000000000000000000000000000000000000000000000000000000000000000000000000000	-33991276105865778893858603608644217989311473441316763150984565977658619973369589277/277000000000000000000000000000000000000000000000000000000000000000000000000000000000	negative	3	236	277	0
512	-33991276105865778893858603608644217989311473441316763150984565977658619973369589277/277000000000000000000000000000000000000000000000000000000000000000000000000000000000	-16787931913130540054279214470163130551595212403024028755135710343212556020383886599/138500000000000000000000000000000000000000000000000000000000000000000000000000000000	negative	3	237	277	0
513	-16787931913130540054279214470163130551595212403024028755135710343212556020383886599/138500000000000000000000000000000000000000000000000000000000000000000000000000000000	-33160451546656381323258254272008304217069376170779351869558275395191604108165957119/277000000000000000000000000000000000000000000000000000000000000000000000000000000000	negative	3	238	277	0
514	-33160451546656381323258254272008304217069376170779351869558275395191604108165957119/277000000000000000000000000000000000000000000000000000000000000000000000000000000000	-409312990838146031724475995046129341636854094193883077860564126299476202194551763/3462500000000000000000000000000000000000000000000000000000000000000000000000000000	negative	3	239	277	0
515	-409312990838146031724475995046129341636854094193883077860564126299476202194551763/3462500000000000000000000000000000000000000000000000000000000000000000000000000000	-32329626987446983752657904935372390444827278900241940588131984812724588242962324961/277000000000000000000000000000000000000000000000000000000000000000000000000000000000	negative	3	240	277	0
516	-32329626987446983752657904935372390444827278900241940588131984812724588242962324961/277000000000000000000000000000000000000000000000000000000000000000000000000000000000	-15957107353921142483678865133527216779353115132486617473709419760745540155180254441/138500000000000000000000000000000000000000000000000000000000000000000000000000000000	negative	3	241	277	0
517	-15957107353921142483678865133527216779353115132486617473709419760745540155180254441/138500000000000000000000000000000000000000000000000000000000000000000000000000000000	-31498802428237586182057555598736476672585181629704529306705694230257572377758692803/277000000000000000000000000000000000000000000000000000000000000000000000000000000000	negative	3	242	277	0
518	-31498802428237586182057555598736476672585181629704529306705694230257572377758692803/277000000000000000000000000000000000000000000000000000000000000000000000000000000000	-7770847537158221849189345232604629946616033248608955916498137234756016111289219181/69250000000000000000000000000000000000000000000000000000000000000000000000000000000	negative	3	243	277	0
519	-7770847537158221849189345232604629946616033248608955916498137234756016111289219181/69250000000000000000000000000000000000000000000000000000000000000000000000000000000	-6133595573805637722291441252420112580068616871833423605055880729558111302511012129/55400000000000000000000000000000000000000000000000000000000000000000000000000000000	negative	3	244	277	0
520	-6133595573805637722291441252420112580068616871833423605055880729558111302511012129/55400000000000000000000000000000000000000000000000000000000000000000000000000000000	-15126282794711744913078515796891303007111017861949206192283129178278524289976622283/138500000000000000000000000000000000000000000000000000000000000000000000000000000000	negative	3	245	277	0
521	-15126282794711744913078515796891303007111017861949206192283129178278524289976622283/138500000000000000000000000000000000000000000000000000000000000000000000000000000000	-29837153309818791040856856925464649128100987088629706743853113065323540647351428487/277000000000000000000000000000000000000000000000000000000000000000000000000000000000	negative	3	246	277	0
522	-29837153309818791040856856925464649128100987088629706743853113065323540647351428487/277000000000000000000000000000000000000000000000000000000000000000000000000000000000	-3677717628776761531944585282143336530247492306670125137892495971761254089343701551/34625000000000000000000000000000000000000000000000000000000000000000000000000000000	negative	3	247	277	0
523	-3677717628776761531944585282143336530247492306670125137892495971761254089343701551/34625000000000000000000000000000000000000000000000000000000000000000000000000000000	-29006328750609393470256507588828735355858889818092295462426822482856524782147796329/277000000000000000000000000000000000000000000000000000000000000000000000000000000000	negative	3	248	277	0
524	-29006328750609393470256507588828735355858889818092295462426822482856524782147796329/277000000000000000000000000000000000000000000000000000000000000000000000000000000000	-114363665884018778739825331682043113878951364731294359286854708766492067398183921/1108000000000000000000000000000000000000000000000000000000000000000000000000000000	negative	3	249	277	0
525	-114363665884018778739825331682043113878951364731294359286854708766492067398183921/1108000000000000000000000000000000000000000000000000000000000000000000000000000000	-28175504191399995899656158252192821583616792547554884181000531900389508916944164171/277000000000000000000000000000000000000000000000000000000000000000000000000000000000	negative	3	250	277	0
526	-28175504191399995899656158252192821583616792547554884181000531900389508916944164171/277000000000000000000000000000000000000000000000000000000000000000000000000000000000	-6940022977948824278588995895968716174373935978071544635071846652289000246085587023/69250000000000000000000000000000000000000000000000000000000000000000000000000000000	negative	3	251	277	0
527	-6940022977948824278588995895968716174373935978071544635071846652289000246085587023/69250000000000000000000000000000000000000000000000000000000000000000000000000000000	-27344679632190598329055808915556907811374695277017472899574241317922493051740532013/277000000000000000000000000000000000000000000000000000000000000000000000000000000000	negative	3	252	277	0
528	-27344679632190598329055808915556907811374695277017472899574241317922493051740532013/277000000000000000000000000000000000000000000000000000000000000000000000000000000000	-13464633676292949771877817123619475462626823320874383629430548013344492559569357967/138500000000000000000000000000000000000000000000000000000000000000000000000000000000	negative	3	253	277	0
529	-13464633676292949771877817123619475462626823320874383629430548013344492559569357967/138500000000000000000000000000000000000000000000000000000000000000000000000000000000	-5302771014596240151691091915784198807826519601296012323629590147091095437307379971/55400000000000000000000000000000000000000000000000000000000000000000000000000000000	negative	3	254	277	0
530	-5302771014596240151691091915784198807826519601296012323629590147091095437307379971/55400000000000000000000000000000000000000000000000000000000000000000000000000000000	-101947042161626960832637831682043113878951364731294359286854708766492067398183921/1082031250000000000000000000000000000000000000000000000000000000000000000000000000	negative	3	255	277	0
531	-101947042161626960832637831682043113878951364731294359286854708766492067398183921/1082031250000000000000000000000000000000000000000000000000000000000000000000000000	-25683030513771803187855110242285080266890500735942650336721660152988461321333267697/277000000000000000000000000000000000000000000000000000000000000000000000000000000000	negative	3	256	277	0
532	-25683030513771803187855110242285080266890500735942650336721660152988461321333267697/277000000000000000000000000000000000000000000000000000000000000000000000000000000000	-12633809117083552201277467786983561690384726050336972348004257430877476694365725809/138500000000000000000000000000000000000000000000000000000000000000000000000000000000	negative	3	257	277	0
533	-12633809117083552201277467786983561690384726050336972348004257430877476694365725809/138500000000000000000000000000000000000000000000000000000000000000000000000000000000	-24852205954562405617254760905649166494648403465405239055295369570521445456129635539/277000000000000000000000000000000000000000000000000000000000000000000000000000000000	negative	3	258	277	0
534	-24852205954562405617254760905649166494648403465405239055295369570521445456129635539/277000000000000000000000000000000000000000000000000000000000000000000000000000000000	-1221839683747885341597729311866560480426367741506826670729111213964396876176390973/13850000000000000000000000000000000000000000000000000000000000000000000000000000000	negative	3	259	277	0
535	-1221839683747885341597729311866560480426367741506826670729111213964396876176390973/13850000000000000000000000000000000000000000000000000000000000000000000000000000000	-24021381395353008046654411569013252722406306194867827773869078988054429590926003381/277000000000000000000000000000000000000000000000000000000000000000000000000000000000	negative	3	260	277	0
536	-24021381395353008046654411569013252722406306194867827773869078988054429590926003381/277000000000000000000000000000000000000000000000000000000000000000000000000000000000	-11802984557874154630677118450347647918142628779799561066577966848410460829162093651/138500000000000000000000000000000000000000000000000000000000000000000000000000000000	negative	3	261	277	0
537	-11802984557874154630677118450347647918142628779799561066577966848410460829162093651/138500000000000000000000000000000000000000000000000000000000000000000000000000000000	-23190556836143610476054062232377338950164208924330416492442788405587413725722371223/277000000000000000000000000000000000000000000000000000000000000000000000000000000000	negative	3	262	277	0
538	-23190556836143610476054062232377338950164208924330416492442788405587413725722371223/277000000000000000000000000000000000000000000000000000000000000000000000000000000000	-2846893069567363961344235945507422758005395036132713856466205389294238224140069393/34625000000000000000000000000000000000000000000000000000000000000000000000000000000	negative	3	263	277	0
539	-2846893069567363961344235945507422758005395036132713856466205389294238224140069393/34625000000000000000000000000000000000000000000000000000000000000000000000000000000	-4471946455386842581090742579148285035584422330758601042203299564624079572103747813/55400000000000000000000000000000000000000000000000000000000000000000000000000000000	negative	3	264	277	0
540	-4471946455386842581090742579148285035584422330758601042203299564624079572103747813/55400000000000000000000000000000000000000000000000000000000000000000000000000000000	-10972159998664757060076769113711734145900531509262149785151676265943444963958461493/138500000000000000000000000000000000000000000000000000000000000000000000000000000000	negative	3	265	277	0
541	-10972159998664757060076769113711734145900531509262149785151676265943444963958461493/138500000000000000000000000000000000000000000000000000000000000000000000000000000000	-21528907717724815334853363559105511405680014383255593929590207240653381995315106907/277000000000000000000000000000000000000000000000000000000000000000000000000000000000	negative	3	266	277	0
542	-21528907717724815334853363559105511405680014383255593929590207240653381995315106907/277000000000000000000000000000000000000000000000000000000000000000000000000000000000	-5278373859530029137388297222696888629889741436996722072219265487354968515678322707/69250000000000000000000000000000000000000000000000000000000000000000000000000000000	negative	3	267	277	0
543	-5278373859530029137388297222696888629889741436996722072219265487354968515678322707/69250000000000000000000000000000000000000000000000000000000000000000000000000000000	-20698083158515417764253014222469597633437917112718182648163916658186366130111474749/277000000000000000000000000000000000000000000000000000000000000000000000000000000000	negative	3	268	277	0
544	-20698083158515417764253014222469597633437917112718182648163916658186366130111474749/277000000000000000000000000000000000000000000000000000000000000000000000000000000000	-2028267087891071897895283955415164074731686847744947700745077136695285819750965867/27700000000000000000000000000000000000000000000000000000000000000000000000000000000	negative	3	269	277	0
545	-2028267087891071897895283955415164074731686847744947700745077136695285819750965867/27700000000000000000000000000000000000000000000000000000000000000000000000000000000	-19867258599306020193652664885833683861195819842180771366737626075719350264907842591/277000000000000000000000000000000000000000000000000000000000000000000000000000000000	negative	3	270	277	0
546	-19867258599306020193652664885833683861195819842180771366737626075719350264907842591/277000000000000000000000000000000000000000000000000000000000000000000000000000000000	-1215740394981332588022030638594732935942173200432004107876530049030365145769126657/17312500000000000000000000000000000000000000000000000000000000000000000000000000000	negative	3	271	277	0
547	-1215740394981332588022030638594732935942173200432004107876530049030365145769126657/17312500000000000000000000000000000000000000000000000000000000000000000000000000000	-19036434040096622623052315549197770088953722571643360085311335493252334399704210433/277000000000000000000000000000000000000000000000000000000000000000000000000000000000	negative	3	272	277	0
548	-19036434040096622623052315549197770088953722571643360085311335493252334399704210433/277000000000000000000000000000000000000000000000000000000000000000000000000000000000	-9310510880245961918876070440439906601416336968187327222299095101009413233551197177/138500000000000000000000000000000000000000000000000000000000000000000000000000000000	negative	3	273	277	0
549	-9310510880245961918876070440439906601416336968187327222299095101009413233551197177/138500000000000000000000000000000000000000000000000000000000000000000000000000000000	-36826631241379148890204107093441669519544299237480603248483235112804145001602972629/554000000000000000000000000000000000000000000000000000000000000000000000000000000000	negative	3	274	277	1
549	-36826631241379148890204107093441669519544299237480603248483235112804145001602972629/554000000000000000000000000000000000000000000000000000000000000000000000000000000000	-728224379235489002098078648502474252668465012044237952155401796431412741380023131/11080000000000000000000000000000000000000000000000000000000000000000000000000000000	negative	3	274	277	1
550	-728224379235489002098078648502474252668465012044237952155401796431412741380023131/11080000000000000000000000000000000000000000000000000000000000000000000000000000000	-35995806682169751319603757756805755747302201966943191967056944530337129136399340471/554000000000000000000000000000000000000000000000000000000000000000000000000000000000	negative	3	275	277	1
550	-35995806682169751319603757756805755747302201966943191967056944530337129136399340471/554000000000000000000000000000000000000000000000000000000000000000000000000000000000	-4447549300320631566787947886060974857647644166459310790792974904887952650474690549/69250000000000000000000000000000000000000000000000000000000000000000000000000000000	negative	3	275	277	1
551	-4447549300320631566787947886060974857647644166459310790792974904887952650474690549/69250000000000000000000000000000000000000000000000000000000000000000000000000000000	-35164982122960353749003408420169841975060104696405780685630653947870113271195708313/554000000000000000000000000000000000000000000000000000000000000000000000000000000000	negative	3	276	277	1
551	-35164982122960353749003408420169841975060104696405780685630653947870113271195708313/554000000000000000000000000000000000000000000000000000000000000000000000000000000000	-62724855312916344699825331682043113878951364731294359286854708766492067398183921/1000000000000000000000000000000000000000000000000000000000000000000000000000000000	negative	3	276	277	1
552	-61724855312916344699825331682043113878951364731294359286854708766492067398183921/1000000000000000000000000000000000000000000000000000000000000000000000000000000000	-2073739541874904145094235945507422758005395036132713856466205389294238224140069393/34000000000000000000000000000000000000000000000000000000000000000000000000000000000	negative	4	0	17	1
552	-2073739541874904145094235945507422758005395036132713856466205389294238224140069393/34000000000000000000000000000000000000000000000000000000000000000000000000000000000	-64026062597207892824825331682043113878951364731294359286854708766492067398183921/1062500000000000000000000000000000000000000000000000000000000000000000000000000000	negative	4	0	17	1
553	-64026062597207892824825331682043113878951364731294359286854708766492067398183921/1062500000000000000000000000000000000000000000000000000000000000000000000000000000	-2023928464346400995694585282143336530247492306670125137892495971761254089343701551/34000000000000000000000000000000000000000000000000000000000000000000000000000000000	negative	4	1	17	1
553	-2023928464346400995694585282143336530247492306670125137892495971761254089343701551/34000000000000000000000000000000000000000000000000000000000000000000000000000000000	-199902292558214942099475995046129341636854094193883077860564126299476202194551763/3400000000000000000000000000000000000000000000000000000000000000000000000000000000	negative	4	1	17	1
554	-199902292558214942099475995046129341636854094193883077860564126299476202194551763/3400000000000000000000000000000000000000000000000000000000000000000000000000000000	-1974117386817897846294934618779250302489589577207536419318786554228269954547333709/34000000000000000000000000000000000000000000000000000000000000000000000000000000000	negative	4	2	17	1
554	-1974117386817897846294934618779250302489589577207536419318786554228269954547333709/34000000000000000000000000000000000000000000000000000000000000000000000000000000000	-487302962013411567898777321774301797152659553119060515007982961365444471787287447/8500000000000000000000000000000000000000000000000000000000000000000000000000000000	negative	4	2	17	1
555	-487302962013411567898777321774301797152659553119060515007982961365444471787287447/8500000000000000000000000000000000000000000000000000000000000000000000000000000000	-1924306309289394696895283955415164074731686847744947700745077136695285819750965867/34000000000000000000000000000000000000000000000000000000000000000000000000000000000	negative	4	3	17	1
555	-1924306309289394696895283955415164074731686847744947700745077136695285819750965867/34000000000000000000000000000000000000000000000000000000000000000000000000000000000	-949700385262571561097729311866560480426367741506826670729111213964396876176390973/17000000000000000000000000000000000000000000000000000000000000000000000000000000000	negative	4	3	17	1
556	-949700385262571561097729311866560480426367741506826670729111213964396876176390973/17000000000000000000000000000000000000000000000000000000000000000000000000000000000	-74979809270435661899825331682043113878951364731294359286854708766492067398183921/1360000000000000000000000000000000000000000000000000000000000000000000000000000000	negative	4	4	17	1
556	-74979809270435661899825331682043113878951364731294359286854708766492067398183921/1360000000000000000000000000000000000000000000000000000000000000000000000000000000	-231198711624579996599475995046129341636854094193883077860564126299476202194551763/4250000000000000000000000000000000000000000000000000000000000000000000000000000000	negative	4	4	17	1
557	-231198711624579996599475995046129341636854094193883077860564126299476202194551763/4250000000000000000000000000000000000000000000000000000000000000000000000000000000	-1824684154232388398095982628686991619215881388819770263597658301629317550158230183/34000000000000000000000000000000000000000000000000000000000000000000000000000000000	negative	4	5	17	1
557	-1824684154232388398095982628686991619215881388819770263597658301629317550158230183/34000000000000000000000000000000000000000000000000000000000000000000000000000000000	-899889307734068411698078648502474252668465012044237952155401796431412741380023131/17000000000000000000000000000000000000000000000000000000000000000000000000000000000	negative	4	5	17	1
558	-899889307734068411698078648502474252668465012044237952155401796431412741380023131/17000000000000000000000000000000000000000000000000000000000000000000000000000000000	-1774873076703885248696331965322905391457978659357181545023948884096333415361862341/34000000000000000000000000000000000000000000000000000000000000000000000000000000000	negative	4	6	17	1
558	-1774873076703885248696331965322905391457978659357181545023948884096333415361862341/34000000000000000000000000000000000000000000000000000000000000000000000000000000000	-3524840614643518922692838598963767669037005953983068730761043059426174763325540761/68000000000000000000000000000000000000000000000000000000000000000000000000000000000	negative	4	6	17	2
558	-3524840614643518922692838598963767669037005953983068730761043059426174763325540761/68000000000000000000000000000000000000000000000000000000000000000000000000000000000	-87498376896981683699825331682043113878951364731294359286854708766492067398183921/1700000000000000000000000000000000000000000000000000000000000000000000000000000000	negative	4	6	17	2
559	-87498376896981683699825331682043113878951364731294359286854708766492067398183921/1700000000000000000000000000000000000000000000000000000000000000000000000000000000	-3475029537115015773293187935599681441279103224520480012187333641893190628529172919/68000000000000000000000000000000000000000000000000000000000000000000000000000000000	negative	4	7	17	2
559	-3475029537115015773293187935599681441279103224520480012187333641893190628529172919/68000000000000000000000000000000000000000000000000000000000000000000000000000000000	-1725061999175382099296681301958819163700075929894592826450239466563349280565494499/34000000000000000000000000000000000000000000000000000000000000000000000000000000000	negative	4	7	17	2
559	-1725061999175382099296681301958819163700075929894592826450239466563349280565494499/34000000000000000000000000000000000000000000000000000000000000000000000000000000000	-3425218459586512623893537272235595213521200495057891293613624224360206493732805077/68000000000000000000000000000000000000000000000000000000000000000000000000000000000	negative	4	7	17	2
559	-3425218459586512623893537272235595213521200495057891293613624224360206493732805077/68000000000000000000000000000000000000000000000000000000000000000000000000000000000	-850078230205565262298427985138388024910562282581649233581692378898428606583655289/17000000000000000000000000000000000000000000000000000000000000000000000000000000000	negative	4	7	17	2
560	-850078230205565262298427985138388024910562282581649233581692378898428606583655289/17000000000000000000000000000000000000000000000000000000000000000000000000000000000	-675081476411601894898777321774301797152659553119060515007982961365444471787287447/13600000000000000000000000000000000000000000000000000000000000000000000000000000000	negative	4	8	17	2
560	-675081476411601894898777321774301797152659553119060515007982961365444471787287447/13600000000000000000000000000000000000000000000000000000000000000000000000000000000	-98544171861581114699825331682043113878951364731294359286854708766492067398183921/2000000000000000000000000000000000000000000000000000000000000000000000000000000000	negative	4	8	17	2
560	-98544171861581114699825331682043113878951364731294359286854708766492067398183921/2000000000000000000000000000000000000000000000000000000000000000000000000000000000	-3325596304529506325094235945507422758005395036132713856466205389294238224140069393/68000000000000000000000000000000000000000000000000000000000000000000000000000000000	negative	4	8	17	2
560	-3325596304529506325094235945507422758005395036132713856466205389294238224140069393/68000000000000000000000000000000000000000000000000000000000000000000000000000000000	-103146586430164210949825331682043113878951364731294359286854708766492067398183921/2125000000000000000000000000000000000000000000000000000000000000000000000000000000	negative	4	8	17	2
561	-103146586430164210949825331682043113878951364731294359286854708766492067398183921/2125000000000000000000000000000000000000000000000000000000000000000000000000000000	-3275785227001003175694585282143336530247492306670125137892495971761254089343701551/68000000000000000000000000000000000000000000000000000000000000000000000000000000000	negative	4	9	17	2
561	-3275785227001003175694585282143336530247492306670125137892495971761254089343701551/68000000000000000000000000000000000000000000000000000000000000000000000000000000000	-325087968823675160099475995046129341636854094193883077860564126299476202194551763/6800000000000000000000000000000000000000000000000000000000000000000000000000000000	negative	4	9	17	2
561	-325087968823675160099475995046129341636854094193883077860564126299476202194551763/6800000000000000000000000000000000000000000000000000000000000000000000000000000000	-3225974149472500026294934618779250302489589577207536419318786554228269954547333709/68000000000000000000000000000000000000000000000000000000000000000000000000000000000	negative	4	9	17	2
561	-3225974149472500026294934618779250302489589577207536419318786554228269954547333709/68000000000000000000000000000000000000000000000000000000000000000000000000000000000	-800267152677062112898777321774301797152659553119060515007982961365444471787287447/17000000000000000000000000000000000000000000000000000000000000000000000000000000000	negative	4	9	17	2
562	-800267152677062112898777321774301797152659553119060515007982961365444471787287447/17000000000000000000000000000000000000000000000000000000000000000000000000000000000	-3176163071943996876895283955415164074731686847744947700745077136695285819750965867/68000000000000000000000000000000000000000000000000000000000000000000000000000000000	negative	4	10	17	2
562	-3176163071943996876895283955415164074731686847744947700745077136695285819750965867/68000000000000000000000000000000000000000000000000000000000000000000000000000000000	-1575628766589872651097729311866560480426367741506826670729111213964396876176390973/34000000000000000000000000000000000000000000000000000000000000000000000000000000000	negative	4	10	17	2
562	-1575628766589872651097729311866560480426367741506826670729111213964396876176390973/34000000000000000000000000000000000000000000000000000000000000000000000000000000000	-125054079776619749099825331682043113878951364731294359286854708766492067398183921/2720000000000000000000000000000000000000000000000000000000000000000000000000000000	negative	4	10	17	2
562	-125054079776619749099825331682043113878951364731294359286854708766492067398183921/2720000000000000000000000000000000000000000000000000000000000000000000000000000000	-387680806956405269099475995046129341636854094193883077860564126299476202194551763/8500000000000000000000000000000000000000000000000000000000000000000000000000000000	negative	4	10	17	2
563	-387680806956405269099475995046129341636854094193883077860564126299476202194551763/8500000000000000000000000000000000000000000000000000000000000000000000000000000000	-3076540916886990578095982628686991619215881388819770263597658301629317550158230183/68000000000000000000000000000000000000000000000000000000000000000000000000000000000	negative	4	11	17	2
563	-3076540916886990578095982628686991619215881388819770263597658301629317550158230183/68000000000000000000000000000000000000000000000000000000000000000000000000000000000	-1525817689061369501698078648502474252668465012044237952155401796431412741380023131/34000000000000000000000000000000000000000000000000000000000000000000000000000000000	negative	4	11	17	2
563	-1525817689061369501698078648502474252668465012044237952155401796431412741380023131/34000000000000000000000000000000000000000000000000000000000000000000000000000000000	-3026729839358487428696331965322905391457978659357181545023948884096333415361862341/68000000000000000000000000000000000000000000000000000000000000000000000000000000000	negative	4	11	17	2
563	-3026729839358487428696331965322905391457978659357181545023948884096333415361862341/68000000000000000000000000000000000000000000000000000000000000000000000000000000000	-150091215029711792699825331682043113878951364731294359286854708766492067398183921/3400000000000000000000000000000000000000000000000000000000000000000000000000000000	negative	4	11	17	2
564	-150091215029711792699825331682043113878951364731294359286854708766492067398183921/3400000000000000000000000000000000000000000000000000000000000000000000000000000000	-2976918761829984279296681301958819163700075929894592826450239466563349280565494499/68000000000000000000000000000000000000000000000000000000000000000000000000000000000	negative	4	12	17	2
564	-2976918761829984279296681301958819163700075929894592826450239466563349280565494499/68000000000000000000000000000000000000000000000000000000000000000000000000000000000	-5928931984895716983893537272235595213521200495057891293613624224360206493732805077/136000000000000000000000000000000000000000000000000000000000000000000000000000000000	negative	4	12	17	3
564	-5928931984895716983893537272235595213521200495057891293613624224360206493732805077/136000000000000000000000000000000000000000000000000000000000000000000000000000000000	-1476006611532866352298427985138388024910562282581649233581692378898428606583655289/34000000000000000000000000000000000000000000000000000000000000000000000000000000000	negative	4	12	17	3
564	-1476006611532866352298427985138388024910562282581649233581692378898428606583655289/34000000000000000000000000000000000000000000000000000000000000000000000000000000000	-1175824181473442766898777321774301797152659553119060515007982961365444471787287447/27200000000000000000000000000000000000000000000000000000000000000000000000000000000	negative	4	12	17	3
564	-1175824181473442766898777321774301797152659553119060515007982961365444471787287447/27200000000000000000000000000000000000000000000000000000000000000000000000000000000	-172182804958910654699825331682043113878951364731294359286854708766492067398183921/4000000000000000000000000000000000000000000000000000000000000000000000000000000000	negative	4	12	17	3
564	-172182804958910654699825331682043113878951364731294359286854708766492067398183921/4000000000000000000000000000000000000000000000000000000000000000000000000000000000	-5829309829838710685094235945507422758005395036132713856466205389294238224140069393/136000000000000000000000000000000000000000000000000000000000000000000000000000000000	negative	4	12	17	3
564	-5829309829838710685094235945507422758005395036132713856466205389294238224140069393/136000000000000000000000000000000000000000000000000000000000000000000000000000000000	-181387634096076847199825331682043113878951364731294359286854708766492067398183921/4250000000000000000000000000000000000000000000000000000000000000000000000000000000	negative	4	12	17	3
565	-181387634096076847199825331682043113878951364731294359286854708766492067398183921/4250000000000000000000000000000000000000000000000000000000000000000000000000000000	-5779498752310207535694585282143336530247492306670125137892495971761254089343701551/136000000000000000000000000000000000000000000000000000000000000000000000000000000000	negative	4	13	17	3
565	-5779498752310207535694585282143336530247492306670125137892495971761254089343701551/136000000000000000000000000000000000000000000000000000000000000000000000000000000000	-575459321354595596099475995046129341636854094193883077860564126299476202194551763/13600000000000000000000000000000000000000000000000000000000000000000000000000000000	negative	4	13	17	3
565	-575459321354595596099475995046129341636854094193883077860564126299476202194551763/13600000000000000000000000000000000000000000000000000000000000000000000000000000000	-5729687674781704386294934618779250302489589577207536419318786554228269954547333709/136000000000000000000000000000000000000000000000000000000000000000000000000000000000	negative	4	13	17	3
565	-5729687674781704386294934618779250302489589577207536419318786554228269954547333709/136000000000000000000000000000000000000000000000000000000000000000000000000000000000	-1426195534004363202898777321774301797152659553119060515007982961365444471787287447/34000000000000000000000000000000000000000000000000000000000000000000000000000000000	negative	4	13	17	3
565	-1426195534004363202898777321774301797152659553119060515007982961365444471787287447/34000000000000000000000000000000000000000000000000000000000000000000000000000000000	-5679876597253201236895283955415164074731686847744947700745077136695285819750965867/136000000000000000000000000000000000000000000000000000000000000000000000000000000000	negative	4	13	17	3
565	-5679876597253201236895283955415164074731686847744947700745077136695285819750965867/136000000000000000000000000000000000000000000000000000000000000000000000000000000000	-2827485529244474831097729311866560480426367741506826670729111213964396876176390973/68000000000000000000000000000000000000000000000000000000000000000000000000000000000	negative	4	13	17	3
565	-2827485529244474831097729311866560480426367741506826670729111213964396876176390973/68000000000000000000000000000000000000000000000000000000000000000000000000000000000	-225202620788987923499825331682043113878951364731294359286854708766492067398183921/5440000000000000000000000000000000000000000000000000000000000000000000000000000000	negative	4	13	17	3
565	-225202620788987923499825331682043113878951364731294359286854708766492067398183921/5440000000000000000000000000000000000000000000000000000000000000000000000000000000	-700644997620055814099475995046129341636854094193883077860564126299476202194551763/17000000000000000000000000000000000000000000000000000000000000000000000000000000000	negative	4	13	17	3
566	-700644997620055814099475995046129341636854094193883077860564126299476202194551763/17000000000000000000000000000000000000000000000000000000000000000000000000000000000	-5580254442196194938095982628686991619215881388819770263597658301629317550158230183/136000000000000000000000000000000000000000000000000000000000000000000000000000000000	negative	4	14	17	3
566	-5580254442196194938095982628686991619215881388819770263597658301629317550158230183/136000000000000000000000000000000000000000000000000000000000000000000000000000000000	-2777674451715971681698078648502474252668465012044237952155401796431412741380023131/68000000000000000000000000000000000000000000000000000000000000000000000000000000000	negative	4	14	17	3
566	-2777674451715971681698078648502474252668465012044237952155401796431412741380023131/68000000000000000000000000000000000000000000000000000000000000000000000000000000000	-5530443364667691788696331965322905391457978659357181545023948884096333415361862341/136000000000000000000000000000000000000000000000000000000000000000000000000000000000	negative	4	14	17	3
566	-5530443364667691788696331965322905391457978659357181545023948884096333415361862341/136000000000000000000000000000000000000000000000000000000000000000000000000000000000	-275276891295172010699825331682043113878951364731294359286854708766492067398183921/6800000000000000000000000000000000000000000000000000000000000000000000000000000000	negative	4	14	17	3
566	-275276891295172010699825331682043113878951364731294359286854708766492067398183921/6800000000000000000000000000000000000000000000000000000000000000000000000000000000	-5480632287139188639296681301958819163700075929894592826450239466563349280565494499/136000000000000000000000000000000000000000000000000000000000000000000000000000000000	negative	4	14	17	3
566	-5480632287139188639296681301958819163700075929894592826450239466563349280565494499/136000000000000000000000000000000000000000000000000000000000000000000000000000000000	-2727863374187468532298427985138388024910562282581649233581692378898428606583655289/68000000000000000000000000000000000000000000000000000000000000000000000000000000000	negative	4	14	17	3
566	-2727863374187468532298427985138388024910562282581649233581692378898428606583655289/68000000000000000000000000000000000000000000000000000000000000000000000000000000000	-319460071153569734699825331682043113878951364731294359286854708766492067398183921/8000000000000000000000000000000000000000000000000000000000000000000000000000000000	negative	4	14	17	3
566	-319460071153569734699825331682043113878951364731294359286854708766492067398183921/8000000000000000000000000000000000000000000000000000000000000000000000000000000000	-337869729427902119699825331682043113878951364731294359286854708766492067398183921/8500000000000000000000000000000000000000000000000000000000000000000000000000000000	negative	4	14	17	3
567	-337869729427902119699825331682043113878951364731294359286854708766492067398183921/8500000000000000000000000000000000000000000000000000000000000000000000000000000000	-1076202026416436468099475995046129341636854094193883077860564126299476202194551763/27200000000000000000000000000000000000000000000000000000000000000000000000000000000	negative	4	15	17	3
567	-1076202026416436468099475995046129341636854094193883077860564126299476202194551763/27200000000000000000000000000000000000000000000000000000000000000000000000000000000	-2678052296658965382898777321774301797152659553119060515007982961365444471787287447/68000000000000000000000000000000000000000000000000000000000000000000000000000000000	negative	4	15	17	3
567	-2678052296658965382898777321774301797152659553119060515007982961365444471787287447/68000000000000000000000000000000000000000000000000000000000000000000000000000000000	-5331199054553679191097729311866560480426367741506826670729111213964396876176390973/136000000000000000000000000000000000000000000000000000000000000000000000000000000000	negative	4	15	17	3
567	-5331199054553679191097729311866560480426367741506826670729111213964396876176390973/136000000000000000000000000000000000000000000000000000000000000000000000000000000000	-1326573378947356904099475995046129341636854094193883077860564126299476202194551763/34000000000000000000000000000000000000000000000000000000000000000000000000000000000	negative	4	15	17	3
567	-1326573378947356904099475995046129341636854094193883077860564126299476202194551763/34000000000000000000000000000000000000000000000000000000000000000000000000000000000	-10587681492814603658095982628686991619215881388819770263597658301629317550158230183/272000000000000000000000000000000000000000000000000000000000000000000000000000000000	negative	4	15	17	4
567	-10587681492814603658095982628686991619215881388819770263597658301629317550158230183/272000000000000000000000000000000000000000000000000000000000000000000000000000000000	-5281387977025176041698078648502474252668465012044237952155401796431412741380023131/136000000000000000000000000000000000000000000000000000000000000000000000000000000000	negative	4	15	17	4
567	-5281387977025176041698078648502474252668465012044237952155401796431412741380023131/136000000000000000000000000000000000000000000000000000000000000000000000000000000000	-10537870415286100508696331965322905391457978659357181545023948884096333415361862341/272000000000000000000000000000000000000000000000000000000000000000000000000000000000	negative	4	15	17	4
567	-10537870415286100508696331965322905391457978659357181545023948884096333415361862341/272000000000000000000000000000000000000000000000000000000000000000000000000000000000	-525648243826092446699825331682043113878951364731294359286854708766492067398183921/13600000000000000000000000000000000000000000000000000000000000000000000000000000000	negative	4	15	17	4
567	-525648243826092446699825331682043113878951364731294359286854708766492067398183921/13600000000000000000000000000000000000000000000000000000000000000000000000000000000	-10488059337757597359296681301958819163700075929894592826450239466563349280565494499/272000000000000000000000000000000000000000000000000000000000000000000000000000000000	negative	4	15	17	4
567	-10488059337757597359296681301958819163700075929894592826450239466563349280565494499/272000000000000000000000000000000000000000000000000000000000000000000000000000000000	-5231576899496672892298427985138388024910562282581649233581692378898428606583655289/136000000000000000000000000000000000000000000000000000000000000000000000000000000000	negative	4	15	17	4
567	-5231576899496672892298427985138388024910562282581649233581692378898428606583655289/136000000000000000000000000000000000000000000000000000000000000000000000000000000000	-614014603542887894699825331682043113878951364731294359286854708766492067398183921/16000000000000000000000000000000000000000000000000000000000000000000000000000000000	negative	4	15	17	4
567	-614014603542887894699825331682043113878951364731294359286854708766492067398183921/16000000000000000000000000000000000000000000000000000000000000000000000000000000000	-650833920091552664699825331682043113878951364731294359286854708766492067398183921/17000000000000000000000000000000000000000000000000000000000000000000000000000000000	negative	4	15	17	4
568	-650833920091552664699825331682043113878951364731294359286854708766492067398183921/17000000000000000000000000000000000000000000000000000000000000000000000000000000000	-2077687436540118212099475995046129341636854094193883077860564126299476202194551763/54400000000000000000000000000000000000000000000000000000000000000000000000000000000	negative	4	16	17	4
568	-2077687436540118212099475995046129341636854094193883077860564126299476202194551763/54400000000000000000000000000000000000000000000000000000000000000000000000000000000	-5181765821968169742898777321774301797152659553119060515007982961365444471787287447/136000000000000000000000000000000000000000000000000000000000000000000000000000000000	negative	4	16	17	4
568	-5181765821968169742898777321774301797152659553119060515007982961365444471787287447/136000000000000000000000000000000000000000000000000000000000000000000000000000000000	-10338626105172087911097729311866560480426367741506826670729111213964396876176390973/272000000000000000000000000000000000000000000000000000000000000000000000000000000000	negative	4	16	17	4
568	-10338626105172087911097729311866560480426367741506826670729111213964396876176390973/272000000000000000000000000000000000000000000000000000000000000000000000000000000000	-2578430141601959084099475995046129341636854094193883077860564126299476202194551763/68000000000000000000000000000000000000000000000000000000000000000000000000000000000	negative	4	16	17	4
568	-2578430141601959084099475995046129341636854094193883077860564126299476202194551763/68000000000000000000000000000000000000000000000000000000000000000000000000000000000	-10288815027643584761698078648502474252668465012044237952155401796431412741380023131/272000000000000000000000000000000000000000000000000000000000000000000000000000000000	negative	4	16	17	4
568	-10288815027643584761698078648502474252668465012044237952155401796431412741380023131/272000000000000000000000000000000000000000000000000000000000000000000000000000000000	-1026390948887933318699825331682043113878951364731294359286854708766492067398183921/27200000000000000000000000000000000000000000000000000000000000000000000000000000000	negative	4	16	17	4
568	-1026390948887933318699825331682043113878951364731294359286854708766492067398183921/27200000000000000000000000000000000000000000000000000000000000000000000000000000000	-10239003950115081612298427985138388024910562282581649233581692378898428606583655289/272000000000000000000000000000000000000000000000000000000000000000000000000000000000	negative	4	16	17	4
568	-10239003950115081612298427985138388024910562282581649233581692378898428606583655289/272000000000000000000000000000000000000000000000000000000000000000000000000000000000	-1276762301418853754699825331682043113878951364731294359286854708766492067398183921/34000000000000000000000000000000000000000000000000000000000000000000000000000000000	negative	4	16	17	4
568	-1276762301418853754699825331682043113878951364731294359286854708766492067398183921/34000000000000000000000000000000000000000000000000000000000000000000000000000000000	-10189192872586578462898777321774301797152659553119060515007982961365444471787287447/272000000000000000000000000000000000000000000000000000000000000000000000000000000000	negative	4	16	17	4
568	-10189192872586578462898777321774301797152659553119060515007982961365444471787287447/272000000000000000000000000000000000000000000000000000000000000000000000000000000000	-5082143666911163444099475995046129341636854094193883077860564126299476202194551763/136000000000000000000000000000000000000000000000000000000000000000000000000000000000	negative	4	16	17	4
568	-5082143666911163444099475995046129341636854094193883077860564126299476202194551763/136000000000000000000000000000000000000000000000000000000000000000000000000000000000	-2027876359011615062699825331682043113878951364731294359286854708766492067398183921/54400000000000000000000000000000000000000000000000000000000000000000000000000000000	negative	4	16	17	4
568	-2027876359011615062699825331682043113878951364731294359286854708766492067398183921/54400000000000000000000000000000000000000000000000000000000000000000000000000000000	-2528619064073455934699825331682043113878951364731294359286854708766492067398183921/68000000000000000000000000000000000000000000000000000000000000000000000000000000000	negative	4	16	17	4
568	-2528619064073455934699825331682043113878951364731294359286854708766492067398183921/68000000000000000000000000000000000000000000000000000000000000000000000000000000000	-10089570717529572164099475995046129341636854094193883077860564126299476202194551763/272000000000000000000000000000000000000000000000000000000000000000000000000000000000	negative	4	16	17	4
568	-10089570717529572164099475995046129341636854094193883077860564126299476202194551763/272000000000000000000000000000000000000000000000000000000000000000000000000000000000	-5032332589382660294699825331682043113878951364731294359286854708766492067398183921/136000000000000000000000000000000000000000000000000000000000000000000000000000000000	negative	4	16	17	4
568	-5032332589382660294699825331682043113878951364731294359286854708766492067398183921/136000000000000000000000000000000000000000000000000000000000000000000000000000000000	-10039759640001069014699825331682043113878951364731294359286854708766492067398183921/272000000000000000000000000000000000000000000000000000000000000000000000000000000000	negative	4	16	17	4
568	-10039759640001069014699825331682043113878951364731294359286854708766492067398183921/272000000000000000000000000000000000000000000000000000000000000000000000000000000000	-3681931654866477/100000000000000000	negative	4	16	17	4
569	-3081931654866477/100000000000000000	-108155239879592588279243577238465415171645901042568320418710212908644784799657708169/3520000000000000000000000000000000000000000000000000000000000000000000000000000000000	positive	5	0	22	4
569	-108155239879592588279243577238465415171645901042568320418710212908644784799657708169/3520000000000000000000000000000000000000000000000000000000000000000000000000000000000	-53913242753942593079243577238465415171645901042568320418710212908644784799657708169/1760000000000000000000000000000000000000000000000000000000000000000000000000000000000	positive	5	0	22	4
569	-53913242753942593079243577238465415171645901042568320418710212908644784799657708169/1760000000000000000000000000000000000000000000000000000000000000000000000000000000000	-107497731136177784037730731715396245514937703127704961256130638725934354398973124507/3520000000000000000000000000000000000000000000000000000000000000000000000000000000000	positive	5	0	22	4
569	-107497731136177784037730731715396245514937703127704961256130638725934354398973124507/3520000000000000000000000000000000000000000000000000000000000000000000000000000000000	-26792244191117595479243577238465415171645901042568320418710212908644784799657708169/880000000000000000000000000000000000000000000000000000000000000000000000000000000000	positive	5	0	22	4
569	-26792244191117595479243577238465415171645901042568320418710212908644784799657708169/880000000000000000000000000000000000000000000000000000000000000000000000000000000000	-21368044478552595959243577238465415171645901042568320418710212908644784799657708169/704000000000000000000000000000000000000000000000000000000000000000000000000000000000	positive	5	0	22	4
569	-21368044478552595959243577238465415171645901042568320418710212908644784799657708169/704000000000000000000000000000000000000000000000000000000000000000000000000000000000	-53255734010527788837730731715396245514937703127704961256130638725934354398973124507/1760000000000000000000000000000000000000000000000000000000000000000000000000000000000	positive	5	0	22	4
569	-53255734010527788837730731715396245514937703127704961256130638725934354398973124507/1760000000000000000000000000000000000000000000000000000000000000000000000000000000000	-106182713649348175554705040669257906201521307297978242930971490360513493597603957183/3520000000000000000000000000000000000000000000000000000000000000000000000000000000000	positive	5	0	22	4
569	-106182713649348175554705040669257906201521307297978242930971490360513493597603957183/3520000000000000000000000000000000000000000000000000000000000000000000000000000000000	-13231744909705096679243577238465415171645901042568320418710212908644784799657708169/440000000000000000000000000000000000000000000000000000000000000000000000000000000000	positive	5	0	22	4
569	-13231744909705096679243577238465415171645901042568320418710212908644784799657708169/440000000000000000000000000000000000000000000000000000000000000000000000000000000000	-105525204905933371313192195146188736544813109383114883768391916177803063196919373521/3520000000000000000000000000000000000000000000000000000000000000000000000000000000000	positive	5	0	22	4
569	-105525204905933371313192195146188736544813109383114883768391916177803063196919373521/3520000000000000000000000000000000000000000000000000000000000000000000000000000000000	-10519645053422596919243577238465415171645901042568320418710212908644784799657708169/352000000000000000000000000000000000000000000000000000000000000000000000000000000000	positive	5	0	22	4
569	-10519645053422596919243577238465415171645901042568320418710212908644784799657708169/352000000000000000000000000000000000000000000000000000000000000000000000000000000000	-9533426923865324279243577238465415171645901042568320418710212908644784799657708169/320000000000000000000000000000000000000000000000000000000000000000000000000000000000	positive	5	0	22	4
569	-9533426923865324279243577238465415171645901042568320418710212908644784799657708169/320000000000000000000000000000000000000000000000000000000000000000000000000000000000	-26134735447702791237730731715396245514937703127704961256130638725934354398973124507/880000000000000000000000000000000000000000000000000000000000000000000000000000000000	positive	5	0	22	4
569	-26134735447702791237730731715396245514937703127704961256130638725934354398973124507/880000000000000000000000000000000000000000000000000000000000000000000000000000000000	-104210187419103762830166504100050397231396713553388165443232767812382202395550206197/3520000000000000000000000000000000000000000000000000000000000000000000000000000000000	positive	5	0	22	4
569	-104210187419103762830166504100050397231396713553388165443232767812382202395550206197/3520000000000000000000000000000000000000000000000000000000000000000000000000000000000	-51940716523698180354705040669257906201521307297978242930971490360513493597603957183/1760000000000000000000000000000000000000000000000000000000000000000000000000000000000	positive	5	0	22	4
569	-51940716523698180354705040669257906201521307297978242930971490360513493597603957183/1760000000000000000000000000000000000000000000000000000000000000000000000000000000000	-20710535735137791717730731715396245514937703127704961256130638725934354398973124507/704000000000000000000000000000000000000000000000000000000000000000000000000000000000	positive	5	0	22	4
569	-20710535735137791717730731715396245514937703127704961256130638725934354398973124507/704000000000000000000000000000000000000000000000000000000000000000000000000000000000	-6451495268998847279243577238465415171645901042568320418710212908644784799657708169/220000000000000000000000000000000000000000000000000000000000000000000000000000000000	positive	5	0	22	4
570	-6451495268998847279243577238465415171645901042568320418710212908644784799657708169/220000000000000000000000000000000000000000000000000000000000000000000000000000000000	-102895169932274154347140813053912057917980317723661447118073619446961341594181038873/3520000000000000000000000000000000000000000000000000000000000000000000000000000000000	positive	5	1	22	4
570	-102895169932274154347140813053912057917980317723661447118073619446961341594181038873/3520000000000000000000000000000000000000000000000000000000000000000000000000000000000	-51283207780283376113192195146188736544813109383114883768391916177803063196919373521/1760000000000000000000000000000000000000000000000000000000000000000000000000000000000	positive	5	1	22	4
570	-51283207780283376113192195146188736544813109383114883768391916177803063196919373521/1760000000000000000000000000000000000000000000000000000000000000000000000000000000000	-102237661188859350105627967530842888261272119808798087955494045264250911193496455211/3520000000000000000000000000000000000000000000000000000000000000000000000000000000000	positive	5	1	22	4
570	-102237661188859350105627967530842888261272119808798087955494045264250911193496455211/3520000000000000000000000000000000000000000000000000000000000000000000000000000000000	-5095445340857597399243577238465415171645901042568320418710212908644784799657708169/176000000000000000000000000000000000000000000000000000000000000000000000000000000000	positive	5	1	22	4
570	-5095445340857597399243577238465415171645901042568320418710212908644784799657708169/176000000000000000000000000000000000000000000000000000000000000000000000000000000000	-101580152445444545864115122007773718604563921893934728792914471081540480792811871549/3520000000000000000000000000000000000000000000000000000000000000000000000000000000000	positive	5	1	22	4
570	-101580152445444545864115122007773718604563921893934728792914471081540480792811871549/3520000000000000000000000000000000000000000000000000000000000000000000000000000000000	-4602336276078961079243577238465415171645901042568320418710212908644784799657708169/160000000000000000000000000000000000000000000000000000000000000000000000000000000000	positive	5	1	22	4
570	-4602336276078961079243577238465415171645901042568320418710212908644784799657708169/160000000000000000000000000000000000000000000000000000000000000000000000000000000000	-100922643702029741622602276484704548947855723979071369630334896898830050392127287887/3520000000000000000000000000000000000000000000000000000000000000000000000000000000000	positive	5	1	22	4
570	-100922643702029741622602276484704548947855723979071369630334896898830050392127287887/3520000000000000000000000000000000000000000000000000000000000000000000000000000000000	-12574236166290292437730731715396245514937703127704961256130638725934354398973124507/440000000000000000000000000000000000000000000000000000000000000000000000000000000000	positive	5	1	22	4
570	-12574236166290292437730731715396245514937703127704961256130638725934354398973124507/440000000000000000000000000000000000000000000000000000000000000000000000000000000000	-4010605398344597495243577238465415171645901042568320418710212908644784799657708169/140800000000000000000000000000000000000000000000000000000000000000000000000000000000	positive	5	1	22	4
570	-4010605398344597495243577238465415171645901042568320418710212908644784799657708169/140800000000000000000000000000000000000000000000000000000000000000000000000000000000	-49968190293453767630166504100050397231396713553388165443232767812382202395550206197/1760000000000000000000000000000000000000000000000000000000000000000000000000000000000	positive	5	1	22	4
570	-49968190293453767630166504100050397231396713553388165443232767812382202395550206197/1760000000000000000000000000000000000000000000000000000000000000000000000000000000000	-99607626215200133139576585438566209634439328149344651305175748533409189590758120563/3520000000000000000000000000000000000000000000000000000000000000000000000000000000000	positive	5	1	22	4
570	-99607626215200133139576585438566209634439328149344651305175748533409189590758120563/3520000000000000000000000000000000000000000000000000000000000000000000000000000000000	-24819717960873182754705040669257906201521307297978242930971490360513493597603957183/880000000000000000000000000000000000000000000000000000000000000000000000000000000000	positive	5	1	22	4
570	-24819717960873182754705040669257906201521307297978242930971490360513493597603957183/880000000000000000000000000000000000000000000000000000000000000000000000000000000000	-98950117471785328898063739915497039977731130234481292142596174350698759190073536901/3520000000000000000000000000000000000000000000000000000000000000000000000000000000000	positive	5	1	22	4
570	-98950117471785328898063739915497039977731130234481292142596174350698759190073536901/3520000000000000000000000000000000000000000000000000000000000000000000000000000000000	-9862136310007792677730731715396245514937703127704961256130638725934354398973124507/352000000000000000000000000000000000000000000000000000000000000000000000000000000000	positive	5	1	22	4
570	-9862136310007792677730731715396245514937703127704961256130638725934354398973124507/352000000000000000000000000000000000000000000000000000000000000000000000000000000000	-98292608728370524656550894392427870321022932319617932980016600167988328789388953239/3520000000000000000000000000000000000000000000000000000000000000000000000000000000000	positive	5	1	22	4
570	-98292608728370524656550894392427870321022932319617932980016600167988328789388953239/3520000000000000000000000000000000000000000000000000000000000000000000000000000000000	-3061370448645722579243577238465415171645901042568320418710212908644784799657708169/110000000000000000000000000000000000000000000000000000000000000000000000000000000000	positive	5	1	22	4
571	-3061370448645722579243577238465415171645901042568320418710212908644784799657708169/110000000000000000000000000000000000000000000000000000000000000000000000000000000000	-48653172806624159147140813053912057917980317723661447118073619446961341594181038873/1760000000000000000000000000000000000000000000000000000000000000000000000000000000000	positive	5	2	22	3
571	-48653172806624159147140813053912057917980317723661447118073619446961341594181038873/1760000000000000000000000000000000000000000000000000000000000000000000000000000000000	-24162209217458378513192195146188736544813109383114883768391916177803063196919373521/880000000000000000000000000000000000000000000000000000000000000000000000000000000000	positive	5	2	22	3
571	-24162209217458378513192195146188736544813109383114883768391916177803063196919373521/880000000000000000000000000000000000000000000000000000000000000000000000000000000000	-47995664063209354905627967530842888261272119808798087955494045264250911193496455211/1760000000000000000000000000000000000000000000000000000000000000000000000000000000000	positive	5	2	22	3
571	-47995664063209354905627967530842888261272119808798087955494045264250911193496455211/1760000000000000000000000000000000000000000000000000000000000000000000000000000000000	-2383345484575097639243577238465415171645901042568320418710212908644784799657708169/88000000000000000000000000000000000000000000000000000000000000000000000000000000000	positive	5	2	22	3
571	-2383345484575097639243577238465415171645901042568320418710212908644784799657708169/88000000000000000000000000000000000000000000000000000000000000000000000000000000000	-47338155319794550664115122007773718604563921893934728792914471081540480792811871549/1760000000000000000000000000000000000000000000000000000000000000000000000000000000000	positive	5	2	22	3
571	-47338155319794550664115122007773718604563921893934728792914471081540480792811871549/1760000000000000000000000000000000000000000000000000000000000000000000000000000000000	-2136790952185779479243577238465415171645901042568320418710212908644784799657708169/80000000000000000000000000000000000000000000000000000000000000000000000000000000000	positive	5	2	22	3
571	-2136790952185779479243577238465415171645901042568320418710212908644784799657708169/80000000000000000000000000000000000000000000000000000000000000000000000000000000000	-46680646576379746422602276484704548947855723979071369630334896898830050392127287887/1760000000000000000000000000000000000000000000000000000000000000000000000000000000000	positive	5	2	22	3
571	-46680646576379746422602276484704548947855723979071369630334896898830050392127287887/1760000000000000000000000000000000000000000000000000000000000000000000000000000000000	-5793986525584043037730731715396245514937703127704961256130638725934354398973124507/220000000000000000000000000000000000000000000000000000000000000000000000000000000000	positive	5	2	22	3
572	-5793986525584043037730731715396245514937703127704961256130638725934354398973124507/220000000000000000000000000000000000000000000000000000000000000000000000000000000000	-1840925513318597687243577238465415171645901042568320418710212908644784799657708169/70400000000000000000000000000000000000000000000000000000000000000000000000000000000	positive	5	3	22	3
572	-1840925513318597687243577238465415171645901042568320418710212908644784799657708169/70400000000000000000000000000000000000000000000000000000000000000000000000000000000	-22847191730628770030166504100050397231396713553388165443232767812382202395550206197/880000000000000000000000000000000000000000000000000000000000000000000000000000000000	positive	5	3	22	3
572	-22847191730628770030166504100050397231396713553388165443232767812382202395550206197/880000000000000000000000000000000000000000000000000000000000000000000000000000000000	-45365629089550137939576585438566209634439328149344651305175748533409189590758120563/1760000000000000000000000000000000000000000000000000000000000000000000000000000000000	positive	5	3	22	3
572	-45365629089550137939576585438566209634439328149344651305175748533409189590758120563/1760000000000000000000000000000000000000000000000000000000000000000000000000000000000	-11259218679460683954705040669257906201521307297978242930971490360513493597603957183/440000000000000000000000000000000000000000000000000000000000000000000000000000000000	positive	5	3	22	3
572	-11259218679460683954705040669257906201521307297978242930971490360513493597603957183/440000000000000000000000000000000000000000000000000000000000000000000000000000000000	-44708120346135333698063739915497039977731130234481292142596174350698759190073536901/1760000000000000000000000000000000000000000000000000000000000000000000000000000000000	positive	5	3	22	3
572	-44708120346135333698063739915497039977731130234481292142596174350698759190073536901/1760000000000000000000000000000000000000000000000000000000000000000000000000000000000	-4437936597442793157730731715396245514937703127704961256130638725934354398973124507/176000000000000000000000000000000000000000000000000000000000000000000000000000000000	positive	5	3	22	3
572	-4437936597442793157730731715396245514937703127704961256130638725934354398973124507/176000000000000000000000000000000000000000000000000000000000000000000000000000000000	-44050611602720529456550894392427870321022932319617932980016600167988328789388953239/1760000000000000000000000000000000000000000000000000000000000000000000000000000000000	positive	5	3	22	3
572	-44050611602720529456550894392427870321022932319617932980016600167988328789388953239/1760000000000000000000000000000000000000000000000000000000000000000000000000000000000	-1366308038469160229243577238465415171645901042568320418710212908644784799657708169/55000000000000000000000000000000000000000000000000000000000000000000000000000000000	positive	5	3	22	3
573	-1366308038469160229243577238465415171645901042568320418710212908644784799657708169/55000000000000000000000000000000000000000000000000000000000000000000000000000000000	-3944827532664156837730731715396245514937703127704961256130638725934354398973124507/160000000000000000000000000000000000000000000000000000000000000000000000000000000000	positive	5	4	22	3
573	-3944827532664156837730731715396245514937703127704961256130638725934354398973124507/160000000000000000000000000000000000000000000000000000000000000000000000000000000000	-21532174243799161547140813053912057917980317723661447118073619446961341594181038873/880000000000000000000000000000000000000000000000000000000000000000000000000000000000	positive	5	4	22	3
573	-21532174243799161547140813053912057917980317723661447118073619446961341594181038873/880000000000000000000000000000000000000000000000000000000000000000000000000000000000	-8547118823178184194705040669257906201521307297978242930971490360513493597603957183/352000000000000000000000000000000000000000000000000000000000000000000000000000000000	positive	5	4	22	3
573	-8547118823178184194705040669257906201521307297978242930971490360513493597603957183/352000000000000000000000000000000000000000000000000000000000000000000000000000000000	-10601709936045879713192195146188736544813109383114883768391916177803063196919373521/440000000000000000000000000000000000000000000000000000000000000000000000000000000000	positive	5	4	22	3
573	-10601709936045879713192195146188736544813109383114883768391916177803063196919373521/440000000000000000000000000000000000000000000000000000000000000000000000000000000000	-42078085372476116732012357823220361350898338575027855492277877619857037587335202253/1760000000000000000000000000000000000000000000000000000000000000000000000000000000000	positive	5	4	22	3
573	-42078085372476116732012357823220361350898338575027855492277877619857037587335202253/1760000000000000000000000000000000000000000000000000000000000000000000000000000000000	-20874665500384357305627967530842888261272119808798087955494045264250911193496455211/880000000000000000000000000000000000000000000000000000000000000000000000000000000000	positive	5	4	22	3
573	-20874665500384357305627967530842888261272119808798087955494045264250911193496455211/880000000000000000000000000000000000000000000000000000000000000000000000000000000000	-41420576629061312490499512300151191694190140660164496329698303437146607186650618591/1760000000000000000000000000000000000000000000000000000000000000000000000000000000000	positive	5	4	22	3
573	-41420576629061312490499512300151191694190140660164496329698303437146607186650618591/1760000000000000000000000000000000000000000000000000000000000000000000000000000000000	-1027295556433847759243577238465415171645901042568320418710212908644784799657708169/44000000000000000000000000000000000000000000000000000000000000000000000000000000000	positive	5	4	22	3
574	-1027295556433847759243577238465415171645901042568320418710212908644784799657708169/44000000000000000000000000000000000000000000000000000000000000000000000000000000000	-40763067885646508248986666777082022037481942745301137167118729254436176785966034929/1760000000000000000000000000000000000000000000000000000000000000000000000000000000000	positive	5	5	22	3
574	-40763067885646508248986666777082022037481942745301137167118729254436176785966034929/1760000000000000000000000000000000000000000000000000000000000000000000000000000000000	-20217156756969553064115122007773718604563921893934728792914471081540480792811871549/880000000000000000000000000000000000000000000000000000000000000000000000000000000000	positive	5	5	22	3
574	-20217156756969553064115122007773718604563921893934728792914471081540480792811871549/880000000000000000000000000000000000000000000000000000000000000000000000000000000000	-40105559142231704007473821254012852380773744830437778004539155071725746385281451267/1760000000000000000000000000000000000000000000000000000000000000000000000000000000000	positive	5	5	22	3
574	-40105559142231704007473821254012852380773744830437778004539155071725746385281451267/1760000000000000000000000000000000000000000000000000000000000000000000000000000000000	-904018290239188679243577238465415171645901042568320418710212908644784799657708169/40000000000000000000000000000000000000000000000000000000000000000000000000000000000	positive	5	5	22	3
574	-904018290239188679243577238465415171645901042568320418710212908644784799657708169/40000000000000000000000000000000000000000000000000000000000000000000000000000000000	-7889610079763379953192195146188736544813109383114883768391916177803063196919373521/352000000000000000000000000000000000000000000000000000000000000000000000000000000000	positive	5	5	22	3
574	-7889610079763379953192195146188736544813109383114883768391916177803063196919373521/352000000000000000000000000000000000000000000000000000000000000000000000000000000000	-19559648013554748822602276484704548947855723979071369630334896898830050392127287887/880000000000000000000000000000000000000000000000000000000000000000000000000000000000	positive	5	5	22	3
574	-19559648013554748822602276484704548947855723979071369630334896898830050392127287887/880000000000000000000000000000000000000000000000000000000000000000000000000000000000	-38790541655402095524448130207874513067357349000711059679380006706304885583912283943/1760000000000000000000000000000000000000000000000000000000000000000000000000000000000	positive	5	5	22	3
574	-38790541655402095524448130207874513067357349000711059679380006706304885583912283943/1760000000000000000000000000000000000000000000000000000000000000000000000000000000000	-2403861705230918337730731715396245514937703127704961256130638725934354398973124507/110000000000000000000000000000000000000000000000000000000000000000000000000000000000	positive	5	5	22	3
575	-2403861705230918337730731715396245514937703127704961256130638725934354398973124507/110000000000000000000000000000000000000000000000000000000000000000000000000000000000	-38133032911987291282935284684805343410649151085847700516800432523594455183227700281/1760000000000000000000000000000000000000000000000000000000000000000000000000000000000	positive	5	6	22	3
575	-38133032911987291282935284684805343410649151085847700516800432523594455183227700281/1760000000000000000000000000000000000000000000000000000000000000000000000000000000000	-756085570805597783243577238465415171645901042568320418710212908644784799657708169/35200000000000000000000000000000000000000000000000000000000000000000000000000000000	positive	5	6	22	3
575	-756085570805597783243577238465415171645901042568320418710212908644784799657708169/35200000000000000000000000000000000000000000000000000000000000000000000000000000000	-37475524168572487041422439161736173753940953170984341354220858340884024782543116619/1760000000000000000000000000000000000000000000000000000000000000000000000000000000000	positive	5	6	22	3
575	-37475524168572487041422439161736173753940953170984341354220858340884024782543116619/1760000000000000000000000000000000000000000000000000000000000000000000000000000000000	-9286692449216271230166504100050397231396713553388165443232767812382202395550206197/440000000000000000000000000000000000000000000000000000000000000000000000000000000000	positive	5	6	22	3
575	-9286692449216271230166504100050397231396713553388165443232767812382202395550206197/440000000000000000000000000000000000000000000000000000000000000000000000000000000000	-36818015425157682799909593638667004097232755256120982191641284158173594381858532957/1760000000000000000000000000000000000000000000000000000000000000000000000000000000000	positive	5	6	22	3
575	-36818015425157682799909593638667004097232755256120982191641284158173594381858532957/1760000000000000000000000000000000000000000000000000000000000000000000000000000000000	-18244630526725140339576585438566209634439328149344651305175748533409189590758120563/880000000000000000000000000000000000000000000000000000000000000000000000000000000000	positive	5	6	22	3
575	-18244630526725140339576585438566209634439328149344651305175748533409189590758120563/880000000000000000000000000000000000000000000000000000000000000000000000000000000000	-657463757849870519243577238465415171645901042568320418710212908644784799657708169/32000000000000000000000000000000000000000000000000000000000000000000000000000000000	positive	5	6	22	3
575	-657463757849870519243577238465415171645901042568320418710212908644784799657708169/32000000000000000000000000000000000000000000000000000000000000000000000000000000000	-4478969038754434554705040669257906201521307297978242930971490360513493597603957183/220000000000000000000000000000000000000000000000000000000000000000000000000000000000	positive	5	6	22	3
576	-4478969038754434554705040669257906201521307297978242930971490360513493597603957183/220000000000000000000000000000000000000000000000000000000000000000000000000000000000	-17587121783310336098063739915497039977731130234481292142596174350698759190073536901/880000000000000000000000000000000000000000000000000000000000000000000000000000000000	positive	5	7	22	2
576	-17587121783310336098063739915497039977731130234481292142596174350698759190073536901/880000000000000000000000000000000000000000000000000000000000000000000000000000000000	-1725836741160293397730731715396245514937703127704961256130638725934354398973124507/88000000000000000000000000000000000000000000000000000000000000000000000000000000000	positive	5	7	22	2
576	-1725836741160293397730731715396245514937703127704961256130638725934354398973124507/88000000000000000000000000000000000000000000000000000000000000000000000000000000000	-16929613039895531856550894392427870321022932319617932980016600167988328789388953239/880000000000000000000000000000000000000000000000000000000000000000000000000000000000	positive	5	7	22	2
576	-16929613039895531856550894392427870321022932319617932980016600167988328789388953239/880000000000000000000000000000000000000000000000000000000000000000000000000000000000	-518776833380879054243577238465415171645901042568320418710212908644784799657708169/27500000000000000000000000000000000000000000000000000000000000000000000000000000000	positive	5	7	22	2
577	-518776833380879054243577238465415171645901042568320418710212908644784799657708169/27500000000000000000000000000000000000000000000000000000000000000000000000000000000	-1479282208770975237730731715396245514937703127704961256130638725934354398973124507/80000000000000000000000000000000000000000000000000000000000000000000000000000000000	positive	5	8	22	2
577	-1479282208770975237730731715396245514937703127704961256130638725934354398973124507/80000000000000000000000000000000000000000000000000000000000000000000000000000000000	-7971674962386662747140813053912057917980317723661447118073619446961341594181038873/440000000000000000000000000000000000000000000000000000000000000000000000000000000000	positive	5	8	22	2
577	-7971674962386662747140813053912057917980317723661447118073619446961341594181038873/440000000000000000000000000000000000000000000000000000000000000000000000000000000000	-3122919110613184674705040669257906201521307297978242930971490360513493597603957183/176000000000000000000000000000000000000000000000000000000000000000000000000000000000	positive	5	8	22	2
577	-3122919110613184674705040669257906201521307297978242930971490360513493597603957183/176000000000000000000000000000000000000000000000000000000000000000000000000000000000	-3821460295339630313192195146188736544813109383114883768391916177803063196919373521/220000000000000000000000000000000000000000000000000000000000000000000000000000000000	positive	5	8	22	2
578	-3821460295339630313192195146188736544813109383114883768391916177803063196919373521/220000000000000000000000000000000000000000000000000000000000000000000000000000000000	-14957086809651119132012357823220361350898338575027855492277877619857037587335202253/880000000000000000000000000000000000000000000000000000000000000000000000000000000000	positive	5	9	22	2
578	-14957086809651119132012357823220361350898338575027855492277877619857037587335202253/880000000000000000000000000000000000000000000000000000000000000000000000000000000000	-7314166218971858505627967530842888261272119808798087955494045264250911193496455211/440000000000000000000000000000000000000000000000000000000000000000000000000000000000	positive	5	9	22	2
578	-7314166218971858505627967530842888261272119808798087955494045264250911193496455211/440000000000000000000000000000000000000000000000000000000000000000000000000000000000	-14299578066236314890499512300151191694190140660164496329698303437146607186650618591/880000000000000000000000000000000000000000000000000000000000000000000000000000000000	positive	5	9	22	2
578	-14299578066236314890499512300151191694190140660164496329698303437146607186650618591/880000000000000000000000000000000000000000000000000000000000000000000000000000000000	-349270592363222819243577238465415171645901042568320418710212908644784799657708169/22000000000000000000000000000000000000000000000000000000000000000000000000000000000	positive	5	9	22	2
579	-349270592363222819243577238465415171645901042568320418710212908644784799657708169/22000000000000000000000000000000000000000000000000000000000000000000000000000000000	-13642069322821510648986666777082022037481942745301137167118729254436176785966034929/880000000000000000000000000000000000000000000000000000000000000000000000000000000000	positive	5	10	22	2
579	-13642069322821510648986666777082022037481942745301137167118729254436176785966034929/880000000000000000000000000000000000000000000000000000000000000000000000000000000000	-6656657475557054264115122007773718604563921893934728792914471081540480792811871549/440000000000000000000000000000000000000000000000000000000000000000000000000000000000	positive	5	10	22	2
579	-6656657475557054264115122007773718604563921893934728792914471081540480792811871549/440000000000000000000000000000000000000000000000000000000000000000000000000000000000	-12984560579406706407473821254012852380773744830437778004539155071725746385281451267/880000000000000000000000000000000000000000000000000000000000000000000000000000000000	positive	5	10	22	2
579	-12984560579406706407473821254012852380773744830437778004539155071725746385281451267/880000000000000000000000000000000000000000000000000000000000000000000000000000000000	-287631959265893279243577238465415171645901042568320418710212908644784799657708169/20000000000000000000000000000000000000000000000000000000000000000000000000000000000	positive	5	10	22	2
580	-287631959265893279243577238465415171645901042568320418710212908644784799657708169/20000000000000000000000000000000000000000000000000000000000000000000000000000000000	-2465410367198380433192195146188736544813109383114883768391916177803063196919373521/176000000000000000000000000000000000000000000000000000000000000000000000000000000000	positive	5	11	22	2
580	-2465410367198380433192195146188736544813109383114883768391916177803063196919373521/176000000000000000000000000000000000000000000000000000000000000000000000000000000000	-5999148732142250022602276484704548947855723979071369630334896898830050392127287887/440000000000000000000000000000000000000000000000000000000000000000000000000000000000	positive	5	11	22	2
580	-5999148732142250022602276484704548947855723979071369630334896898830050392127287887/440000000000000000000000000000000000000000000000000000000000000000000000000000000000	-11669543092577097924448130207874513067357349000711059679380006706304885583912283943/880000000000000000000000000000000000000000000000000000000000000000000000000000000000	positive	5	11	22	2
580	-11669543092577097924448130207874513067357349000711059679380006706304885583912283943/880000000000000000000000000000000000000000000000000000000000000000000000000000000000	-708799295054355987730731715396245514937703127704961256130638725934354398973124507/55000000000000000000000000000000000000000000000000000000000000000000000000000000000	positive	5	11	22	2
581	-708799295054355987730731715396245514937703127704961256130638725934354398973124507/55000000000000000000000000000000000000000000000000000000000000000000000000000000000	-11012034349162293682935284684805343410649151085847700516800432523594455183227700281/880000000000000000000000000000000000000000000000000000000000000000000000000000000000	positive	5	12	22	2
581	-11012034349162293682935284684805343410649151085847700516800432523594455183227700281/880000000000000000000000000000000000000000000000000000000000000000000000000000000000	-213665599549097831243577238465415171645901042568320418710212908644784799657708169/17600000000000000000000000000000000000000000000000000000000000000000000000000000000	positive	5	12	22	2
581	-213665599549097831243577238465415171645901042568320418710212908644784799657708169/17600000000000000000000000000000000000000000000000000000000000000000000000000000000	-10354525605747489441422439161736173753940953170984341354220858340884024782543116619/880000000000000000000000000000000000000000000000000000000000000000000000000000000000	positive	5	12	22	2
581	-10354525605747489441422439161736173753940953170984341354220858340884024782543116619/880000000000000000000000000000000000000000000000000000000000000000000000000000000000	-2506442808510021830166504100050397231396713553388165443232767812382202395550206197/220000000000000000000000000000000000000000000000000000000000000000000000000000000000	positive	5	12	22	2
582	-2506442808510021830166504100050397231396713553388165443232767812382202395550206197/220000000000000000000000000000000000000000000000000000000000000000000000000000000000	-9697016862332685199909593638667004097232755256120982191641284158173594381858532957/880000000000000000000000000000000000000000000000000000000000000000000000000000000000	positive	5	13	22	2
582	-9697016862332685199909593638667004097232755256120982191641284158173594381858532957/880000000000000000000000000000000000000000000000000000000000000000000000000000000000	-4684131245312641539576585438566209634439328149344651305175748533409189590758120563/440000000000000000000000000000000000000000000000000000000000000000000000000000000000	positive	5	13	22	2
582	-4684131245312641539576585438566209634439328149344651305175748533409189590758120563/440000000000000000000000000000000000000000000000000000000000000000000000000000000000	-164354693071234199243577238465415171645901042568320418710212908644784799657708169/16000000000000000000000000000000000000000000000000000000000000000000000000000000000	positive	5	13	22	2
582	-164354693071234199243577238465415171645901042568320418710212908644784799657708169/16000000000000000000000000000000000000000000000000000000000000000000000000000000000	-1088844218401309854705040669257906201521307297978242930971490360513493597603957183/110000000000000000000000000000000000000000000000000000000000000000000000000000000000	positive	5	13	22	2
583	-1088844218401309854705040669257906201521307297978242930971490360513493597603957183/110000000000000000000000000000000000000000000000000000000000000000000000000000000000	-8381999375503076716883902592528664783816359426394263866482135792752733580489365633/880000000000000000000000000000000000000000000000000000000000000000000000000000000000	positive	5	14	22	2
583	-8381999375503076716883902592528664783816359426394263866482135792752733580489365633/880000000000000000000000000000000000000000000000000000000000000000000000000000000000	-4026622501897837298063739915497039977731130234481292142596174350698759190073536901/440000000000000000000000000000000000000000000000000000000000000000000000000000000000	positive	5	14	22	2
583	-4026622501897837298063739915497039977731130234481292142596174350698759190073536901/440000000000000000000000000000000000000000000000000000000000000000000000000000000000	-7724490632088272475371057069459495127108161511530904703902561610042303179804781971/880000000000000000000000000000000000000000000000000000000000000000000000000000000000	positive	5	14	22	2
583	-7724490632088272475371057069459495127108161511530904703902561610042303179804781971/880000000000000000000000000000000000000000000000000000000000000000000000000000000000	-369786813019043517730731715396245514937703127704961256130638725934354398973124507/44000000000000000000000000000000000000000000000000000000000000000000000000000000000	positive	5	14	22	2
584	-369786813019043517730731715396245514937703127704961256130638725934354398973124507/44000000000000000000000000000000000000000000000000000000000000000000000000000000000	-7066981888673468233858211546390325470399963596667545541322987427331872779120198309/880000000000000000000000000000000000000000000000000000000000000000000000000000000000	positive	5	15	22	2
584	-7066981888673468233858211546390325470399963596667545541322987427331872779120198309/880000000000000000000000000000000000000000000000000000000000000000000000000000000000	-3369113758483033056550894392427870321022932319617932980016600167988328789388953239/440000000000000000000000000000000000000000000000000000000000000000000000000000000000	positive	5	15	22	2
584	-3369113758483033056550894392427870321022932319617932980016600167988328789388953239/440000000000000000000000000000000000000000000000000000000000000000000000000000000000	-6409473145258663992345366023321155813691765681804186378743413244621442378435614647/880000000000000000000000000000000000000000000000000000000000000000000000000000000000	positive	5	15	22	2
584	-6409473145258663992345366023321155813691765681804186378743413244621442378435614647/880000000000000000000000000000000000000000000000000000000000000000000000000000000000	-95011230836738466743577238465415171645901042568320418710212908644784799657708169/13750000000000000000000000000000000000000000000000000000000000000000000000000000000	positive	5	15	22	2
585	-95011230836738466743577238465415171645901042568320418710212908644784799657708169/13750000000000000000000000000000000000000000000000000000000000000000000000000000000	-1150392880368771950166504100050397231396713553388165443232767812382202395550206197/176000000000000000000000000000000000000000000000000000000000000000000000000000000000	positive	5	16	22	2
585	-1150392880368771950166504100050397231396713553388165443232767812382202395550206197/176000000000000000000000000000000000000000000000000000000000000000000000000000000000	-246509546824384437730731715396245514937703127704961256130638725934354398973124507/40000000000000000000000000000000000000000000000000000000000000000000000000000000000	positive	5	16	22	2
585	-246509546824384437730731715396245514937703127704961256130638725934354398973124507/40000000000000000000000000000000000000000000000000000000000000000000000000000000000	-5094455658429055509319674977182816500275369852077468053584264879200581577066447323/880000000000000000000000000000000000000000000000000000000000000000000000000000000000	positive	5	16	22	2
585	-5094455658429055509319674977182816500275369852077468053584264879200581577066447323/880000000000000000000000000000000000000000000000000000000000000000000000000000000000	-1191425321680413347140813053912057917980317723661447118073619446961341594181038873/220000000000000000000000000000000000000000000000000000000000000000000000000000000000	positive	5	16	22	2
586	-1191425321680413347140813053912057917980317723661447118073619446961341594181038873/220000000000000000000000000000000000000000000000000000000000000000000000000000000000	-4436946915014251267806829454113646843567171937214108891004690696490151176381863661/880000000000000000000000000000000000000000000000000000000000000000000000000000000000	positive	5	17	22	2
586	-4436946915014251267806829454113646843567171937214108891004690696490151176381863661/880000000000000000000000000000000000000000000000000000000000000000000000000000000000	-410819254330684914705040669257906201521307297978242930971490360513493597603957183/88000000000000000000000000000000000000000000000000000000000000000000000000000000000	positive	5	17	22	2
586	-410819254330684914705040669257906201521307297978242930971490360513493597603957183/88000000000000000000000000000000000000000000000000000000000000000000000000000000000	-3779438171599447026293983931044477186858974022350749728425116513779720775697279999/880000000000000000000000000000000000000000000000000000000000000000000000000000000000	positive	5	17	22	2
586	-3779438171599447026293983931044477186858974022350749728425116513779720775697279999/880000000000000000000000000000000000000000000000000000000000000000000000000000000000	-431335474986505613192195146188736544813109383114883768391916177803063196919373521/110000000000000000000000000000000000000000000000000000000000000000000000000000000000	positive	5	17	22	2
587	-431335474986505613192195146188736544813109383114883768391916177803063196919373521/110000000000000000000000000000000000000000000000000000000000000000000000000000000000	-3121929428184642784781138407975307530150776107487390565845542331069290375012696337/880000000000000000000000000000000000000000000000000000000000000000000000000000000000	positive	5	18	22	2
587	-3121929428184642784781138407975307530150776107487390565845542331069290375012696337/880000000000000000000000000000000000000000000000000000000000000000000000000000000000	-1396587528238620332012357823220361350898338575027855492277877619857037587335202253/440000000000000000000000000000000000000000000000000000000000000000000000000000000000	positive	5	18	22	2
587	-1396587528238620332012357823220361350898338575027855492277877619857037587335202253/440000000000000000000000000000000000000000000000000000000000000000000000000000000000	-98576827390793541730731715396245514937703127704961256130638725934354398973124507/35200000000000000000000000000000000000000000000000000000000000000000000000000000000	positive	5	18	22	2
587	-98576827390793541730731715396245514937703127704961256130638725934354398973124507/35200000000000000000000000000000000000000000000000000000000000000000000000000000000	-533916578265609105627967530842888261272119808798087955494045264250911193496455211/220000000000000000000000000000000000000000000000000000000000000000000000000000000000	positive	5	18	22	2
588	-533916578265609105627967530842888261272119808798087955494045264250911193496455211/220000000000000000000000000000000000000000000000000000000000000000000000000000000000	-164264721941366754705040669257906201521307297978242930971490360513493597603957183/80000000000000000000000000000000000000000000000000000000000000000000000000000000000	positive	5	19	22	2
588	-164264721941366754705040669257906201521307297978242930971490360513493597603957183/80000000000000000000000000000000000000000000000000000000000000000000000000000000000	-739078784823816090499512300151191694190140660164496329698303437146607186650618591/440000000000000000000000000000000000000000000000000000000000000000000000000000000000	positive	5	19	22	2
588	-739078784823816090499512300151191694190140660164496329698303437146607186650618591/440000000000000000000000000000000000000000000000000000000000000000000000000000000000	-1149403197940230060242601838767798560026182362897313078106819782937999172958945351/880000000000000000000000000000000000000000000000000000000000000000000000000000000000	positive	5	19	22	2
588	-1149403197940230060242601838767798560026182362897313078106819782937999172958945351/880000000000000000000000000000000000000000000000000000000000000000000000000000000000	-10258110327910349243577238465415171645901042568320418710212908644784799657708169/11000000000000000000000000000000000000000000000000000000000000000000000000000000000	positive	5	19	22	2
589	-10258110327910349243577238465415171645901042568320418710212908644784799657708169/11000000000000000000000000000000000000000000000000000000000000000000000000000000000	-491894454525425818729756315698628903317984448033953915527245600227568772274361689/880000000000000000000000000000000000000000000000000000000000000000000000000000000000	positive	5	20	22	2
589	-491894454525425818729756315698628903317984448033953915527245600227568772274361689/880000000000000000000000000000000000000000000000000000000000000000000000000000000000	-81570041409011848986666777082022037481942745301137167118729254436176785966034929/440000000000000000000000000000000000000000000000000000000000000000000000000000000000	positive	5	20	22	2
589	-81570041409011848986666777082022037481942745301137167118729254436176785966034929/440000000000000000000000000000000000000000000000000000000000000000000000000000000000	165614288889378422783089207370540753390213466829405247052328582482861628410221973/880000000000000000000000000000000000000000000000000000000000000000000000000000000000	positive	5	20	22	2
589	165614288889378422783089207370540753390213466829405247052328582482861628410221973/880000000000000000000000000000000000000000000000000000000000000000000000000000000000	123592165149195135884877992226281395436078106065271207085528918459519207188128451/220000000000000000000000000000000000000000000000000000000000000000000000000000000000	positive	5	20	22	2
590	123592165149195135884877992226281395436078106065271207085528918459519207188128451/220000000000000000000000000000000000000000000000000000000000000000000000000000000000	164624606460836532859186946087942082019682276338552881926380553038658405818961127/176000000000000000000000000000000000000000000000000000000000000000000000000000000000	positive	5	21	22	2
590	164624606460836532859186946087942082019682276338552881926380553038658405818961127/176000000000000000000000000000000000000000000000000000000000000000000000000000000000	575938702005792392526178745987147619226255169562221995460844928274253614718548733/440000000000000000000000000000000000000000000000000000000000000000000000000000000000	positive	5	21	22	2
590	575938702005792392526178745987147619226255169562221995460844928274253614718548733/440000000000000000000000000000000000000000000000000000000000000000000000000000000000	1480631775718986905808780253508880066806609296556123572211476947903722429779389297/880000000000000000000000000000000000000000000000000000000000000000000000000000000000	positive	5	21	22	2
590	1480631775718986905808780253508880066806609296556123572211476947903722429779389297/880000000000000000000000000000000000000000000000000000000000000000000000000000000000	20561206220754420756422761534584828354098957431679581289787091355215200342291831/10000000000000000000000000000000000000000000000000000000000000000000000000000000000	positive	5	21	22	2
591	24561206220754420756422761534584828354098957431679581289787091355215200342291831/10000000000000000000000000000000000000000000000000000000000000000000000000000000000	225936879968844036891707295773534551527873572414193052019225177082156584525399027/80000000000000000000000000000000000000000000000000000000000000000000000000000000000	positive	6	0	22	2
591	225936879968844036891707295773534551527873572414193052019225177082156584525399027/80000000000000000000000000000000000000000000000000000000000000000000000000000000000	127692055085826353866016249635195238111477742687474726860076811661295783156231703/40000000000000000000000000000000000000000000000000000000000000000000000000000000000	positive	6	0	22	2
591	127692055085826353866016249635195238111477742687474726860076811661295783156231703/40000000000000000000000000000000000000000000000000000000000000000000000000000000000	56966268074892275714471540553449280183607479667141171084216413912605309619905557/16000000000000000000000000000000000000000000000000000000000000000000000000000000000	positive	6	0	22	2
591	56966268074892275714471540553449280183607479667141171084216413912605309619905557/16000000000000000000000000000000000000000000000000000000000000000000000000000000000	78569642644317512353170726566025581403279827824115564280502628950865382471648041/20000000000000000000000000000000000000000000000000000000000000000000000000000000000	positive	6	0	22	2
592	78569642644317512353170726566025581403279827824115564280502628950865382471648041/20000000000000000000000000000000000000000000000000000000000000000000000000000000000	343725800780078720253008109760958250308201224257218658822938962043896511673656543/80000000000000000000000000000000000000000000000000000000000000000000000000000000000	positive	6	1	22	2
592	343725800780078720253008109760958250308201224257218658822938962043896511673656543/80000000000000000000000000000000000000000000000000000000000000000000000000000000000	186586515491443695546666656628907087501641568608987530261933704142165746730360461/40000000000000000000000000000000000000000000000000000000000000000000000000000000000	positive	6	1	22	2
592	186586515491443695546666656628907087501641568608987530261933704142165746730360461/40000000000000000000000000000000000000000000000000000000000000000000000000000000000	402620261185696061933658516754670099698365050178731462224795854524766475247785301/80000000000000000000000000000000000000000000000000000000000000000000000000000000000	positive	6	1	22	2
592	402620261185696061933658516754670099698365050178731462224795854524766475247785301/80000000000000000000000000000000000000000000000000000000000000000000000000000000000	5400843642356309159674796503144075304918087039243598299071553759565018212935621/1000000000000000000000000000000000000000000000000000000000000000000000000000000000	positive	6	1	22	2
593	5400843642356309159674796503144075304918087039243598299071553759565018212935621/1000000000000000000000000000000000000000000000000000000000000000000000000000000000	461514721591313403614308923748381949088528876100244265626652747005636438821914059/80000000000000000000000000000000000000000000000000000000000000000000000000000000000	positive	6	2	22	2
593	461514721591313403614308923748381949088528876100244265626652747005636438821914059/80000000000000000000000000000000000000000000000000000000000000000000000000000000000	245480975897061037227317063622618936891805394530500333663790596623035710304489219/40000000000000000000000000000000000000000000000000000000000000000000000000000000000	positive	6	2	22	2
593	245480975897061037227317063622618936891805394530500333663790596623035710304489219/40000000000000000000000000000000000000000000000000000000000000000000000000000000000	520409181996930745294959330742093798478692702021757069028509639486506402396042817/80000000000000000000000000000000000000000000000000000000000000000000000000000000000	positive	6	2	22	2
593	520409181996930745294959330742093798478692702021757069028509639486506402396042817/80000000000000000000000000000000000000000000000000000000000000000000000000000000000	137464103049934854033821133559737430793443653745628367682359521431735346045776799/20000000000000000000000000000000000000000000000000000000000000000000000000000000000	positive	6	2	22	2
594	137464103049934854033821133559737430793443653745628367682359521431735346045776799/20000000000000000000000000000000000000000000000000000000000000000000000000000000000	23172145696101923479024389509432225914754261117730794897214661278695054638806863/3200000000000000000000000000000000000000000000000000000000000000000000000000000000	positive	6	3	22	2
594	23172145696101923479024389509432225914754261117730794897214661278695054638806863/3200000000000000000000000000000000000000000000000000000000000000000000000000000000	304375436302678378907967470616330786281969220452013137065647489103905673878617977/40000000000000000000000000000000000000000000000000000000000000000000000000000000000	positive	6	3	22	2
594	304375436302678378907967470616330786281969220452013137065647489103905673878617977/40000000000000000000000000000000000000000000000000000000000000000000000000000000000	638198102808165428656260144729517497259020353864782675832223424448246329544300333/80000000000000000000000000000000000000000000000000000000000000000000000000000000000	positive	6	3	22	2
594	638198102808165428656260144729517497259020353864782675832223424448246329544300333/80000000000000000000000000000000000000000000000000000000000000000000000000000000000	83455666626371762437073168528296677744262783353192384691643983836085163916420589/10000000000000000000000000000000000000000000000000000000000000000000000000000000000	positive	6	3	22	2
595	83455666626371762437073168528296677744262783353192384691643983836085163916420589/10000000000000000000000000000000000000000000000000000000000000000000000000000000000	697092563213782770336910551723229346649184179786295479234080316929116293118429091/80000000000000000000000000000000000000000000000000000000000000000000000000000000000	positive	6	4	22	2
595	697092563213782770336910551723229346649184179786295479234080316929116293118429091/80000000000000000000000000000000000000000000000000000000000000000000000000000000000	72653979341659144117723575522008527134426609274705188093500876316955127490549347/8000000000000000000000000000000000000000000000000000000000000000000000000000000000	positive	6	4	22	2
595	72653979341659144117723575522008527134426609274705188093500876316955127490549347/8000000000000000000000000000000000000000000000000000000000000000000000000000000000	755987023619400112017560958716941196039348005707808282635937209409986256692557849/80000000000000000000000000000000000000000000000000000000000000000000000000000000000	positive	6	4	22	2
595	755987023619400112017560958716941196039348005707808282635937209409986256692557849/80000000000000000000000000000000000000000000000000000000000000000000000000000000000	196358563455552195714471540553449280183607479667141171084216413912605309619905557/20000000000000000000000000000000000000000000000000000000000000000000000000000000000	positive	6	4	22	2
596	196358563455552195714471540553449280183607479667141171084216413912605309619905557/20000000000000000000000000000000000000000000000000000000000000000000000000000000000	814881484025017453698211365710653045429511831629321086037794101890856220266686607/80000000000000000000000000000000000000000000000000000000000000000000000000000000000	positive	6	5	22	2
596	814881484025017453698211365710653045429511831629321086037794101890856220266686607/80000000000000000000000000000000000000000000000000000000000000000000000000000000000	422164357113913062269268284603754485062296872295038743869361274065645601026875493/40000000000000000000000000000000000000000000000000000000000000000000000000000000000	positive	6	5	22	2
596	422164357113913062269268284603754485062296872295038743869361274065645601026875493/40000000000000000000000000000000000000000000000000000000000000000000000000000000000	174755188886126959075772354540872978963935131510166777887930198874345236768163073/16000000000000000000000000000000000000000000000000000000000000000000000000000000000	positive	6	5	22	2
596	174755188886126959075772354540872978963935131510166777887930198874345236768163073/16000000000000000000000000000000000000000000000000000000000000000000000000000000000	14112862103647554159674796503144075304918087039243598299071553759565018212935621/1250000000000000000000000000000000000000000000000000000000000000000000000000000000	positive	6	5	22	2
597	14112862103647554159674796503144075304918087039243598299071553759565018212935621/1250000000000000000000000000000000000000000000000000000000000000000000000000000000	932670404836252137059512179698076744209839483472346692841507886852596147414944123/80000000000000000000000000000000000000000000000000000000000000000000000000000000000	positive	6	6	22	2
597	932670404836252137059512179698076744209839483472346692841507886852596147414944123/80000000000000000000000000000000000000000000000000000000000000000000000000000000000	481058817519530403949918691597466334452460698216551547271218166546515564601004251/40000000000000000000000000000000000000000000000000000000000000000000000000000000000	positive	6	6	22	2
597	481058817519530403949918691597466334452460698216551547271218166546515564601004251/40000000000000000000000000000000000000000000000000000000000000000000000000000000000	991564865241869478740162586691788593600003309393859496243364779333466110989072881/80000000000000000000000000000000000000000000000000000000000000000000000000000000000	positive	6	6	22	2
597	991564865241869478740162586691788593600003309393859496243364779333466110989072881/80000000000000000000000000000000000000000000000000000000000000000000000000000000000	51050604772233907479024389509432225914754261117730794897214661278695054638806863/4000000000000000000000000000000000000000000000000000000000000000000000000000000000	positive	6	6	22	2
598	51050604772233907479024389509432225914754261117730794897214661278695054638806863/4000000000000000000000000000000000000000000000000000000000000000000000000000000000	1050459325647486820420812993685500442990167135315372299645221671814336074563201639/80000000000000000000000000000000000000000000000000000000000000000000000000000000000	positive	6	7	22	2
598	1050459325647486820420812993685500442990167135315372299645221671814336074563201639/80000000000000000000000000000000000000000000000000000000000000000000000000000000000	539953277925147745630569098591178183842624524138064350673075059027385528175133009/40000000000000000000000000000000000000000000000000000000000000000000000000000000000	positive	6	7	22	2
598	539953277925147745630569098591178183842624524138064350673075059027385528175133009/40000000000000000000000000000000000000000000000000000000000000000000000000000000000	1109353786053104162101463400679212292380330961236885103047078564295206038137330397/80000000000000000000000000000000000000000000000000000000000000000000000000000000000	positive	6	7	22	2
598	1109353786053104162101463400679212292380330961236885103047078564295206038137330397/80000000000000000000000000000000000000000000000000000000000000000000000000000000000	142350127031989104117723575522008527134426609274705188093500876316955127490549347/10000000000000000000000000000000000000000000000000000000000000000000000000000000000	positive	6	7	22	2
599	142350127031989104117723575522008527134426609274705188093500876316955127490549347/10000000000000000000000000000000000000000000000000000000000000000000000000000000000	233649649291744300756422761534584828354098957431679581289787091355215200342291831/16000000000000000000000000000000000000000000000000000000000000000000000000000000000	positive	6	8	22	2
599	233649649291744300756422761534584828354098957431679581289787091355215200342291831/16000000000000000000000000000000000000000000000000000000000000000000000000000000000	598847738330765087311219505584890033232788350059577154074931951508255491749261767/40000000000000000000000000000000000000000000000000000000000000000000000000000000000	positive	6	8	22	2
599	598847738330765087311219505584890033232788350059577154074931951508255491749261767/40000000000000000000000000000000000000000000000000000000000000000000000000000000000	1227142706864338845462764214666635991160658613079910709850792349256945965285587913/80000000000000000000000000000000000000000000000000000000000000000000000000000000000	positive	6	8	22	2
599	1227142706864338845462764214666635991160658613079910709850792349256945965285587913/80000000000000000000000000000000000000000000000000000000000000000000000000000000000	314147484266786879075772354540872978963935131510166777887930198874345236768163073/20000000000000000000000000000000000000000000000000000000000000000000000000000000000	positive	6	8	22	2
600	314147484266786879075772354540872978963935131510166777887930198874345236768163073/20000000000000000000000000000000000000000000000000000000000000000000000000000000000	1286037167269956187143414621660347840550822439001423513252649241737815928859716671/80000000000000000000000000000000000000000000000000000000000000000000000000000000000	positive	6	9	22	2
600	1286037167269956187143414621660347840550822439001423513252649241737815928859716671/80000000000000000000000000000000000000000000000000000000000000000000000000000000000	26309687949455297159674796503144075304918087039243598299071553759565018212935621/1600000000000000000000000000000000000000000000000000000000000000000000000000000000	positive	6	9	22	2
600	26309687949455297159674796503144075304918087039243598299071553759565018212935621/1600000000000000000000000000000000000000000000000000000000000000000000000000000000	1344931627675573528824065028654059689940986264922936316654506134218685892433845429/80000000000000000000000000000000000000000000000000000000000000000000000000000000000	positive	6	9	22	2
600	1344931627675573528824065028654059689940986264922936316654506134218685892433845429/80000000000000000000000000000000000000000000000000000000000000000000000000000000000	85898678617398887479024389509432225914754261117730794897214661278695054638806863/5000000000000000000000000000000000000000000000000000000000000000000000000000000000	positive	6	9	22	2
601	85898678617398887479024389509432225914754261117730794897214661278695054638806863/5000000000000000000000000000000000000000000000000000000000000000000000000000000000	1403826088081190870504715435647771539331150090844449120056363026699555856007974187/80000000000000000000000000000000000000000000000000000000000000000000000000000000000	positive	6	10	22	2
601	1403826088081190870504715435647771539331150090844449120056363026699555856007974187/80000000000000000000000000000000000000000000000000000000000000000000000000000000000	716636659141999770672520319572313732013116001902602760878645736469995418897519283/40000000000000000000000000000000000000000000000000000000000000000000000000000000000	positive	6	10	22	2
601	716636659141999770672520319572313732013116001902602760878645736469995418897519283/40000000000000000000000000000000000000000000000000000000000000000000000000000000000	292544109697361642437073168528296677744262783353192384691643983836085163916420589/16000000000000000000000000000000000000000000000000000000000000000000000000000000000	positive	6	10	22	2
601	292544109697361642437073168528296677744262783353192384691643983836085163916420589/16000000000000000000000000000000000000000000000000000000000000000000000000000000000	373041944672404220756422761534584828354098957431679581289787091355215200342291831/20000000000000000000000000000000000000000000000000000000000000000000000000000000000	positive	6	10	22	2
602	373041944672404220756422761534584828354098957431679581289787091355215200342291831/20000000000000000000000000000000000000000000000000000000000000000000000000000000000	1521615008892425553866016249635195238111477742687474726860076811661295783156231703/80000000000000000000000000000000000000000000000000000000000000000000000000000000000	positive	6	11	22	2
602	1521615008892425553866016249635195238111477742687474726860076811661295783156231703/80000000000000000000000000000000000000000000000000000000000000000000000000000000000	775531119547617112353170726566025581403279827824115564280502628950865382471648041/40000000000000000000000000000000000000000000000000000000000000000000000000000000000	positive	6	11	22	2
602	775531119547617112353170726566025581403279827824115564280502628950865382471648041/40000000000000000000000000000000000000000000000000000000000000000000000000000000000	1580509469298042895546666656628907087501641568608987530261933704142165746730360461/80000000000000000000000000000000000000000000000000000000000000000000000000000000000	positive	6	11	22	2
602	1580509469298042895546666656628907087501641568608987530261933704142165746730360461/80000000000000000000000000000000000000000000000000000000000000000000000000000000000	40248917487521289159674796503144075304918087039243598299071553759565018212935621/2000000000000000000000000000000000000000000000000000000000000000000000000000000000	positive	6	11	22	2
603	40248917487521289159674796503144075304918087039243598299071553759565018212935621/2000000000000000000000000000000000000000000000000000000000000000000000000000000000	1639403929703660237227317063622618936891805394530500333663790596623035710304489219/80000000000000000000000000000000000000000000000000000000000000000000000000000000000	positive	6	12	22	2
603	1639403929703660237227317063622618936891805394530500333663790596623035710304489219/80000000000000000000000000000000000000000000000000000000000000000000000000000000000	834425579953234454033821133559737430793443653745628367682359521431735346045776799/40000000000000000000000000000000000000000000000000000000000000000000000000000000000	positive	6	12	22	2
603	834425579953234454033821133559737430793443653745628367682359521431735346045776799/40000000000000000000000000000000000000000000000000000000000000000000000000000000000	1698298390109277578907967470616330786281969220452013137065647489103905673878617977/80000000000000000000000000000000000000000000000000000000000000000000000000000000000	positive	6	12	22	2
603	1698298390109277578907967470616330786281969220452013137065647489103905673878617977/80000000000000000000000000000000000000000000000000000000000000000000000000000000000	431936405078021562437073168528296677744262783353192384691643983836085163916420589/20000000000000000000000000000000000000000000000000000000000000000000000000000000000	positive	6	12	22	2
604	431936405078021562437073168528296677744262783353192384691643983836085163916420589/20000000000000000000000000000000000000000000000000000000000000000000000000000000000	351438570102978984117723575522008527134426609274705188093500876316955127490549347/16000000000000000000000000000000000000000000000000000000000000000000000000000000000	positive	6	13	22	2
604	351438570102978984117723575522008527134426609274705188093500876316955127490549347/16000000000000000000000000000000000000000000000000000000000000000000000000000000000	893320040358851795714471540553449280183607479667141171084216413912605309619905557/40000000000000000000000000000000000000000000000000000000000000000000000000000000000	positive	6	13	22	2
604	893320040358851795714471540553449280183607479667141171084216413912605309619905557/40000000000000000000000000000000000000000000000000000000000000000000000000000000000	1816087310920512262269268284603754485062296872295038743869361274065645601026875493/80000000000000000000000000000000000000000000000000000000000000000000000000000000000	positive	6	13	22	2
604	1816087310920512262269268284603754485062296872295038743869361274065645601026875493/80000000000000000000000000000000000000000000000000000000000000000000000000000000000	57672954410103779159674796503144075304918087039243598299071553759565018212935621/2500000000000000000000000000000000000000000000000000000000000000000000000000000000	positive	6	13	22	2
605	57672954410103779159674796503144075304918087039243598299071553759565018212935621/2500000000000000000000000000000000000000000000000000000000000000000000000000000000	1874981771326129603949918691597466334452460698216551547271218166546515564601004251/80000000000000000000000000000000000000000000000000000000000000000000000000000000000	positive	6	14	22	2
605	1874981771326129603949918691597466334452460698216551547271218166546515564601004251/80000000000000000000000000000000000000000000000000000000000000000000000000000000000	190442900152893827479024389509432225914754261117730794897214661278695054638806863/8000000000000000000000000000000000000000000000000000000000000000000000000000000000	positive	6	14	22	2
605	190442900152893827479024389509432225914754261117730794897214661278695054638806863/8000000000000000000000000000000000000000000000000000000000000000000000000000000000	1933876231731746945630569098591178183842624524138064350673075059027385528175133009/80000000000000000000000000000000000000000000000000000000000000000000000000000000000	positive	6	14	22	2
605	1933876231731746945630569098591178183842624524138064350673075059027385528175133009/80000000000000000000000000000000000000000000000000000000000000000000000000000000000	490830865483638904117723575522008527134426609274705188093500876316955127490549347/20000000000000000000000000000000000000000000000000000000000000000000000000000000000	positive	6	14	22	2
606	490830865483638904117723575522008527134426609274705188093500876316955127490549347/20000000000000000000000000000000000000000000000000000000000000000000000000000000000	1992770692137364287311219505584890033232788350059577154074931951508255491749261767/80000000000000000000000000000000000000000000000000000000000000000000000000000000000	positive	6	15	22	2
606	1992770692137364287311219505584890033232788350059577154074931951508255491749261767/80000000000000000000000000000000000000000000000000000000000000000000000000000000000	1011108961170086479075772354540872978963935131510166777887930198874345236768163073/40000000000000000000000000000000000000000000000000000000000000000000000000000000000	positive	6	15	22	2
606	1011108961170086479075772354540872978963935131510166777887930198874345236768163073/40000000000000000000000000000000000000000000000000000000000000000000000000000000000	82066606101719265159674796503144075304918087039243598299071553759565018212935621/3200000000000000000000000000000000000000000000000000000000000000000000000000000000	positive	6	15	22	2
606	82066606101719265159674796503144075304918087039243598299071553759565018212935621/3200000000000000000000000000000000000000000000000000000000000000000000000000000000	260139047843223787479024389509432225914754261117730794897214661278695054638806863/10000000000000000000000000000000000000000000000000000000000000000000000000000000000	positive	6	15	22	2
607	260139047843223787479024389509432225914754261117730794897214661278695054638806863/10000000000000000000000000000000000000000000000000000000000000000000000000000000000	4191671995694389270504715435647771539331150090844449120056363026699555856007974187/160000000000000000000000000000000000000000000000000000000000000000000000000000000000	positive	6	16	22	3
607	4191671995694389270504715435647771539331150090844449120056363026699555856007974187/160000000000000000000000000000000000000000000000000000000000000000000000000000000000	2110559612948598970672520319572313732013116001902602760878645736469995418897519283/80000000000000000000000000000000000000000000000000000000000000000000000000000000000	positive	6	16	22	3
607	2110559612948598970672520319572313732013116001902602760878645736469995418897519283/80000000000000000000000000000000000000000000000000000000000000000000000000000000000	850113291220001322437073168528296677744262783353192384691643983836085163916420589/32000000000000000000000000000000000000000000000000000000000000000000000000000000000	positive	6	16	22	3
607	850113291220001322437073168528296677744262783353192384691643983836085163916420589/32000000000000000000000000000000000000000000000000000000000000000000000000000000000	1070003421575703820756422761534584828354098957431679581289787091355215200342291831/40000000000000000000000000000000000000000000000000000000000000000000000000000000000	positive	6	16	22	3
607	1070003421575703820756422761534584828354098957431679581289787091355215200342291831/40000000000000000000000000000000000000000000000000000000000000000000000000000000000	4309460916505623953866016249635195238111477742687474726860076811661295783156231703/160000000000000000000000000000000000000000000000000000000000000000000000000000000000	positive	6	16	22	3
607	4309460916505623953866016249635195238111477742687474726860076811661295783156231703/160000000000000000000000000000000000000000000000000000000000000000000000000000000000	2169454073354216312353170726566025581403279827824115564280502628950865382471648041/80000000000000000000000000000000000000000000000000000000000000000000000000000000000	positive	6	16	22	3
607	2169454073354216312353170726566025581403279827824115564280502628950865382471648041/80000000000000000000000000000000000000000000000000000000000000000000000000000000000	4368355376911241295546666656628907087501641568608987530261933704142165746730360461/160000000000000000000000000000000000000000000000000000000000000000000000000000000000	positive	6	16	22	3
607	4368355376911241295546666656628907087501641568608987530261933704142165746730360461/160000000000000000000000000000000000000000000000000000000000000000000000000000000000	109945065177851249159674796503144075304918087039243598299071553759565018212935621/4000000000000000000000000000000000000000000000000000000000000000000000000000000000	positive	6	16	22	3
608	109945065177851249159674796503144075304918087039243598299071553759565018212935621/4000000000000000000000000000000000000000000000000000000000000000000000000000000000	4427249837316858637227317063622618936891805394530500333663790596623035710304489219/160000000000000000000000000000000000000000000000000000000000000000000000000000000000	positive	6	17	22	3
608	4427249837316858637227317063622618936891805394530500333663790596623035710304489219/160000000000000000000000000000000000000000000000000000000000000000000000000000000000	2228348533759833654033821133559737430793443653745628367682359521431735346045776799/80000000000000000000000000000000000000000000000000000000000000000000000000000000000	positive	6	17	22	3
608	2228348533759833654033821133559737430793443653745628367682359521431735346045776799/80000000000000000000000000000000000000000000000000000000000000000000000000000000000	4486144297722475978907967470616330786281969220452013137065647489103905673878617977/160000000000000000000000000000000000000000000000000000000000000000000000000000000000	positive	6	17	22	3
608	4486144297722475978907967470616330786281969220452013137065647489103905673878617977/160000000000000000000000000000000000000000000000000000000000000000000000000000000000	1128897881981321162437073168528296677744262783353192384691643983836085163916420589/40000000000000000000000000000000000000000000000000000000000000000000000000000000000	positive	6	17	22	3
608	1128897881981321162437073168528296677744262783353192384691643983836085163916420589/40000000000000000000000000000000000000000000000000000000000000000000000000000000000	909007751625618664117723575522008527134426609274705188093500876316955127490549347/32000000000000000000000000000000000000000000000000000000000000000000000000000000000	positive	6	17	22	3
608	909007751625618664117723575522008527134426609274705188093500876316955127490549347/32000000000000000000000000000000000000000000000000000000000000000000000000000000000	2287242994165450995714471540553449280183607479667141171084216413912605309619905557/80000000000000000000000000000000000000000000000000000000000000000000000000000000000	positive	6	17	22	3
608	2287242994165450995714471540553449280183607479667141171084216413912605309619905557/80000000000000000000000000000000000000000000000000000000000000000000000000000000000	4603933218533710662269268284603754485062296872295038743869361274065645601026875493/160000000000000000000000000000000000000000000000000000000000000000000000000000000000	positive	6	17	22	3
608	4603933218533710662269268284603754485062296872295038743869361274065645601026875493/160000000000000000000000000000000000000000000000000000000000000000000000000000000000	144793139023016229159674796503144075304918087039243598299071553759565018212935621/5000000000000000000000000000000000000000000000000000000000000000000000000000000000	positive	6	17	22	3
609	144793139023016229159674796503144075304918087039243598299071553759565018212935621/5000000000000000000000000000000000000000000000000000000000000000000000000000000000	4662827678939328003949918691597466334452460698216551547271218166546515564601004251/160000000000000000000000000000000000000000000000000000000000000000000000000000000000	positive	6	18	22	3
609	4662827678939328003949918691597466334452460698216551547271218166546515564601004251/160000000000000000000000000000000000000000000000000000000000000000000000000000000000	469227490914213667479024389509432225914754261117730794897214661278695054638806863/16000000000000000000000000000000000000000000000000000000000000000000000000000000000	positive	6	18	22	3
609	469227490914213667479024389509432225914754261117730794897214661278695054638806863/16000000000000000000000000000000000000000000000000000000000000000000000000000000000	4721722139344945345630569098591178183842624524138064350673075059027385528175133009/160000000000000000000000000000000000000000000000000000000000000000000000000000000000	positive	6	18	22	3
609	4721722139344945345630569098591178183842624524138064350673075059027385528175133009/160000000000000000000000000000000000000000000000000000000000000000000000000000000000	1187792342386938504117723575522008527134426609274705188093500876316955127490549347/40000000000000000000000000000000000000000000000000000000000000000000000000000000000	positive	6	18	22	3
609	1187792342386938504117723575522008527134426609274705188093500876316955127490549347/40000000000000000000000000000000000000000000000000000000000000000000000000000000000	4780616599750562687311219505584890033232788350059577154074931951508255491749261767/160000000000000000000000000000000000000000000000000000000000000000000000000000000000	positive	6	18	22	3
609	4780616599750562687311219505584890033232788350059577154074931951508255491749261767/160000000000000000000000000000000000000000000000000000000000000000000000000000000000	2405031914976685679075772354540872978963935131510166777887930198874345236768163073/80000000000000000000000000000000000000000000000000000000000000000000000000000000000	positive	6	18	22	3
609	2405031914976685679075772354540872978963935131510166777887930198874345236768163073/80000000000000000000000000000000000000000000000000000000000000000000000000000000000	193580442406247201159674796503144075304918087039243598299071553759565018212935621/6400000000000000000000000000000000000000000000000000000000000000000000000000000000	positive	6	18	22	3
609	193580442406247201159674796503144075304918087039243598299071553759565018212935621/6400000000000000000000000000000000000000000000000000000000000000000000000000000000	608619786294873587479024389509432225914754261117730794897214661278695054638806863/20000000000000000000000000000000000000000000000000000000000000000000000000000000000	positive	6	18	22	3
610	608619786294873587479024389509432225914754261117730794897214661278695054638806863/20000000000000000000000000000000000000000000000000000000000000000000000000000000000	4898405520561797370672520319572313732013116001902602760878645736469995418897519283/160000000000000000000000000000000000000000000000000000000000000000000000000000000000	positive	6	19	22	3
610	4898405520561797370672520319572313732013116001902602760878645736469995418897519283/160000000000000000000000000000000000000000000000000000000000000000000000000000000000	2463926375382303020756422761534584828354098957431679581289787091355215200342291831/80000000000000000000000000000000000000000000000000000000000000000000000000000000000	positive	6	19	22	3
610	2463926375382303020756422761534584828354098957431679581289787091355215200342291831/80000000000000000000000000000000000000000000000000000000000000000000000000000000000	4957299980967414712353170726566025581403279827824115564280502628950865382471648041/160000000000000000000000000000000000000000000000000000000000000000000000000000000000	positive	6	19	22	3
610	4957299980967414712353170726566025581403279827824115564280502628950865382471648041/160000000000000000000000000000000000000000000000000000000000000000000000000000000000	249337360558511169159674796503144075304918087039243598299071553759565018212935621/8000000000000000000000000000000000000000000000000000000000000000000000000000000000	positive	6	19	22	3
610	249337360558511169159674796503144075304918087039243598299071553759565018212935621/8000000000000000000000000000000000000000000000000000000000000000000000000000000000	5016194441373032054033821133559737430793443653745628367682359521431735346045776799/160000000000000000000000000000000000000000000000000000000000000000000000000000000000	positive	6	19	22	3
610	5016194441373032054033821133559737430793443653745628367682359521431735346045776799/160000000000000000000000000000000000000000000000000000000000000000000000000000000000	2522820835787920362437073168528296677744262783353192384691643983836085163916420589/80000000000000000000000000000000000000000000000000000000000000000000000000000000000	positive	6	19	22	3
610	2522820835787920362437073168528296677744262783353192384691643983836085163916420589/80000000000000000000000000000000000000000000000000000000000000000000000000000000000	5075088901778649395714471540553449280183607479667141171084216413912605309619905557/160000000000000000000000000000000000000000000000000000000000000000000000000000000000	positive	6	19	22	3
610	5075088901778649395714471540553449280183607479667141171084216413912605309619905557/160000000000000000000000000000000000000000000000000000000000000000000000000000000000	319033508248841129159674796503144075304918087039243598299071553759565018212935621/10000000000000000000000000000000000000000000000000000000000000000000000000000000000	positive	6	19	22	3
611	319033508248841129159674796503144075304918087039243598299071553759565018212935621/10000000000000000000000000000000000000000000000000000000000000000000000000000000000	1026796672436853347479024389509432225914754261117730794897214661278695054638806863/32000000000000000000000000000000000000000000000000000000000000000000000000000000000	positive	6	20	22	3
611	1026796672436853347479024389509432225914754261117730794897214661278695054638806863/32000000000000000000000000000000000000000000000000000000000000000000000000000000000	2581715296193537704117723575522008527134426609274705188093500876316955127490549347/80000000000000000000000000000000000000000000000000000000000000000000000000000000000	positive	6	20	22	3
611	2581715296193537704117723575522008527134426609274705188093500876316955127490549347/80000000000000000000000000000000000000000000000000000000000000000000000000000000000	5192877822589884079075772354540872978963935131510166777887930198874345236768163073/160000000000000000000000000000000000000000000000000000000000000000000000000000000000	positive	6	20	22	3
611	5192877822589884079075772354540872978963935131510166777887930198874345236768163073/160000000000000000000000000000000000000000000000000000000000000000000000000000000000	416608115015303073159674796503144075304918087039243598299071553759565018212935621/12800000000000000000000000000000000000000000000000000000000000000000000000000000000	positive	6	20	22	4
611	416608115015303073159674796503144075304918087039243598299071553759565018212935621/12800000000000000000000000000000000000000000000000000000000000000000000000000000000	1305581263198173187479024389509432225914754261117730794897214661278695054638806863/40000000000000000000000000000000000000000000000000000000000000000000000000000000000	positive	6	20	22	4
611	1305581263198173187479024389509432225914754261117730794897214661278695054638806863/40000000000000000000000000000000000000000000000000000000000000000000000000000000000	10474097335788194170672520319572313732013116001902602760878645736469995418897519283/320000000000000000000000000000000000000000000000000000000000000000000000000000000000	positive	6	20	22	4
611	10474097335788194170672520319572313732013116001902602760878645736469995418897519283/320000000000000000000000000000000000000000000000000000000000000000000000000000000000	5251772282995501420756422761534584828354098957431679581289787091355215200342291831/160000000000000000000000000000000000000000000000000000000000000000000000000000000000	positive	6	20	22	4
611	5251772282995501420756422761534584828354098957431679581289787091355215200342291831/160000000000000000000000000000000000000000000000000000000000000000000000000000000000	10532991796193811512353170726566025581403279827824115564280502628950865382471648041/320000000000000000000000000000000000000000000000000000000000000000000000000000000000	positive	6	20	22	4
611	10532991796193811512353170726566025581403279827824115564280502628950865382471648041/320000000000000000000000000000000000000000000000000000000000000000000000000000000000	528121951319831009159674796503144075304918087039243598299071553759565018212935621/16000000000000000000000000000000000000000000000000000000000000000000000000000000000	positive	6	20	22	4
611	528121951319831009159674796503144075304918087039243598299071553759565018212935621/16000000000000000000000000000000000000000000000000000000000000000000000000000000000	10591886256599428854033821133559737430793443653745628367682359521431735346045776799/320000000000000000000000000000000000000000000000000000000000000000000000000000000000	positive	6	20	22	4
611	10591886256599428854033821133559737430793443653745628367682359521431735346045776799/320000000000000000000000000000000000000000000000000000000000000000000000000000000000	5310666743401118762437073168528296677744262783353192384691643983836085163916420589/160000000000000000000000000000000000000000000000000000000000000000000000000000000000	positive	6	20	22	4
611	5310666743401118762437073168528296677744262783353192384691643983836085163916420589/160000000000000000000000000000000000000000000000000000000000000000000000000000000000	10650780717005046195714471540553449280183607479667141171084216413912605309619905557/320000000000000000000000000000000000000000000000000000000000000000000000000000000000	positive	6	20	22	4
611	10650780717005046195714471540553449280183607479667141171084216413912605309619905557/320000000000000000000000000000000000000000000000000000000000000000000000000000000000	667514246700490929159674796503144075304918087039243598299071553759565018212935621/20000000000000000000000000000000000000000000000000000000000000000000000000000000000	positive	6	20	22	4
612	667514246700490929159674796503144075304918087039243598299071553759565018212935621/20000000000000000000000000000000000000000000000000000000000000000000000000000000000	2141935035482132707479024389509432225914754261117730794897214661278695054638806863/64000000000000000000000000000000000000000000000000000000000000000000000000000000000	positive	6	21	22	4
612	2141935035482132707479024389509432225914754261117730794897214661278695054638806863/64000000000000000000000000000000000000000000000000000000000000000000000000000000000	5369561203806736104117723575522008527134426609274705188093500876316955127490549347/160000000000000000000000000000000000000000000000000000000000000000000000000000000000	positive	6	21	22	4
612	5369561203806736104117723575522008527134426609274705188093500876316955127490549347/160000000000000000000000000000000000000000000000000000000000000000000000000000000000	10768569637816280879075772354540872978963935131510166777887930198874345236768163073/320000000000000000000000000000000000000000000000000000000000000000000000000000000000	positive	6	21	22	4
612	10768569637816280879075772354540872978963935131510166777887930198874345236768163073/320000000000000000000000000000000000000000000000000000000000000000000000000000000000	2699504217004772387479024389509432225914754261117730794897214661278695054638806863/80000000000000000000000000000000000000000000000000000000000000000000000000000000000	positive	6	21	22	4
612	2699504217004772387479024389509432225914754261117730794897214661278695054638806863/80000000000000000000000000000000000000000000000000000000000000000000000000000000000	10827464098221898220756422761534584828354098957431679581289787091355215200342291831/320000000000000000000000000000000000000000000000000000000000000000000000000000000000	positive	6	21	22	4
612	10827464098221898220756422761534584828354098957431679581289787091355215200342291831/320000000000000000000000000000000000000000000000000000000000000000000000000000000000	1085691132842470689159674796503144075304918087039243598299071553759565018212935621/32000000000000000000000000000000000000000000000000000000000000000000000000000000000	positive	6	21	22	4
612	1085691132842470689159674796503144075304918087039243598299071553759565018212935621/32000000000000000000000000000000000000000000000000000000000000000000000000000000000	10886358558627515562437073168528296677744262783353192384691643983836085163916420589/320000000000000000000000000000000000000000000000000000000000000000000000000000000000	positive	6	21	22	4
612	10886358558627515562437073168528296677744262783353192384691643983836085163916420589/320000000000000000000000000000000000000000000000000000000000000000000000000000000000	1364475723603790529159674796503144075304918087039243598299071553759565018212935621/40000000000000000000000000000000000000000000000000000000000000000000000000000000000	positive	6	21	22	4
612	1364475723603790529159674796503144075304918087039243598299071553759565018212935621/40000000000000000000000000000000000000000000000000000000000000000000000000000000000	10945253019033132904117723575522008527134426609274705188093500876316955127490549347/320000000000000000000000000000000000000000000000000000000000000000000000000000000000	positive	6	21	22	4
612	10945253019033132904117723575522008527134426609274705188093500876316955127490549347/320000000000000000000000000000000000000000000000000000000000000000000000000000000000	5487350124617970787479024389509432225914754261117730794897214661278695054638806863/160000000000000000000000000000000000000000000000000000000000000000000000000000000000	positive	6	21	22	4
612	5487350124617970787479024389509432225914754261117730794897214661278695054638806863/160000000000000000000000000000000000000000000000000000000000000000000000000000000000	2200829495887750049159674796503144075304918087039243598299071553759565018212935621/64000000000000000000000000000000000000000000000000000000000000000000000000000000000	positive	6	21	22	4
612	2200829495887750049159674796503144075304918087039243598299071553759565018212935621/64000000000000000000000000000000000000000000000000000000000000000000000000000000000	2758398677410389729159674796503144075304918087039243598299071553759565018212935621/80000000000000000000000000000000000000000000000000000000000000000000000000000000000	positive	6	21	22	4
612	2758398677410389729159674796503144075304918087039243598299071553759565018212935621/80000000000000000000000000000000000000000000000000000000000000000000000000000000000	11063041939844367587479024389509432225914754261117730794897214661278695054638806863/320000000000000000000000000000000000000000000000000000000000000000000000000000000000	positive	6	21	22	4
612	11063041939844367587479024389509432225914754261117730794897214661278695054638806863/320000000000000000000000000000000000000000000000000000000000000000000000000000000000	5546244585023588129159674796503144075304918087039243598299071553759565018212935621/160000000000000000000000000000000000000000000000000000000000000000000000000000000000	positive	6	21	22	4
612	5546244585023588129159674796503144075304918087039243598299071553759565018212935621/160000000000000000000000000000000000000000000000000000000000000000000000000000000000	11121936400249984929159674796503144075304918087039243598299071553759565018212935621/320000000000000000000000000000000000000000000000000000000000000000000000000000000000	positive	6	21	22	4
612	11121936400249984929159674796503144075304918087039243598299071553759565018212935621/320000000000000000000000000000000000000000000000000000000000000000000000000000000000	1742403692258249/50000000000000000	positive	6	21	22	4
613	2042403692258249/50000000000000000	18341812717656707280680775559127101223180796187720015367189208240836993041047171037/448000000000000000000000000000000000000000000000000000000000000000000000000000000000	negative	7	0	14	4
613	18341812717656707280680775559127101223180796187720015367189208240836993041047171037/448000000000000000000000000000000000000000000000000000000000000000000000000000000000	9191844176339751760680775559127101223180796187720015367189208240836993041047171037/224000000000000000000000000000000000000000000000000000000000000000000000000000000000	negative	7	0	14	4
613	9191844176339751760680775559127101223180796187720015367189208240836993041047171037/224000000000000000000000000000000000000000000000000000000000000000000000000000000000	18425563987702299762042326677381303669542388563160046101567624722510979123141513111/448000000000000000000000000000000000000000000000000000000000000000000000000000000000	negative	7	0	14	4
613	18425563987702299762042326677381303669542388563160046101567624722510979123141513111/448000000000000000000000000000000000000000000000000000000000000000000000000000000000	4616859905681274000680775559127101223180796187720015367189208240836993041047171037/112000000000000000000000000000000000000000000000000000000000000000000000000000000000	negative	7	0	14	4
613	4616859905681274000680775559127101223180796187720015367189208240836993041047171037/112000000000000000000000000000000000000000000000000000000000000000000000000000000000	3701863051549578448680775559127101223180796187720015367189208240836993041047171037/89600000000000000000000000000000000000000000000000000000000000000000000000000000000	negative	7	0	14	4
613	3701863051549578448680775559127101223180796187720015367189208240836993041047171037/89600000000000000000000000000000000000000000000000000000000000000000000000000000000	9275595446385344242042326677381303669542388563160046101567624722510979123141513111/224000000000000000000000000000000000000000000000000000000000000000000000000000000000	negative	7	0	14	4
613	9275595446385344242042326677381303669542388563160046101567624722510979123141513111/224000000000000000000000000000000000000000000000000000000000000000000000000000000000	2656152361113354960680775559127101223180796187720015367189208240836993041047171037/64000000000000000000000000000000000000000000000000000000000000000000000000000000000	negative	7	0	14	4
613	2656152361113354960680775559127101223180796187720015367189208240836993041047171037/64000000000000000000000000000000000000000000000000000000000000000000000000000000000	2329367770352035120680775559127101223180796187720015367189208240836993041047171037/56000000000000000000000000000000000000000000000000000000000000000000000000000000000	negative	7	0	14	4
613	2329367770352035120680775559127101223180796187720015367189208240836993041047171037/56000000000000000000000000000000000000000000000000000000000000000000000000000000000	18676817797839077206126980032143911008627165689480138304702874167532937369424539333/448000000000000000000000000000000000000000000000000000000000000000000000000000000000	negative	7	0	14	4
613	18676817797839077206126980032143911008627165689480138304702874167532937369424539333/448000000000000000000000000000000000000000000000000000000000000000000000000000000000	1871869343286187344680775559127101223180796187720015367189208240836993041047171037/44800000000000000000000000000000000000000000000000000000000000000000000000000000000	negative	7	0	14	4
613	1871869343286187344680775559127101223180796187720015367189208240836993041047171037/44800000000000000000000000000000000000000000000000000000000000000000000000000000000	18760569067884669687488531150398113454988758064920169039081290649206923451518881407/448000000000000000000000000000000000000000000000000000000000000000000000000000000000	negative	7	0	14	4
613	18760569067884669687488531150398113454988758064920169039081290649206923451518881407/448000000000000000000000000000000000000000000000000000000000000000000000000000000000	4700611175726866482042326677381303669542388563160046101567624722510979123141513111/112000000000000000000000000000000000000000000000000000000000000000000000000000000000	negative	7	0	14	4
613	4700611175726866482042326677381303669542388563160046101567624722510979123141513111/112000000000000000000000000000000000000000000000000000000000000000000000000000000000	18844320337930262168850082268652315901350350440360199773459707130880909533613223481/448000000000000000000000000000000000000000000000000000000000000000000000000000000000	negative	7	0	14	4
613	18844320337930262168850082268652315901350350440360199773459707130880909533613223481/448000000000000000000000000000000000000000000000000000000000000000000000000000000000	1349013998068075600680775559127101223180796187720015367189208240836993041047171037/32000000000000000000000000000000000000000000000000000000000000000000000000000000000	negative	7	0	14	4
613	1349013998068075600680775559127101223180796187720015367189208240836993041047171037/32000000000000000000000000000000000000000000000000000000000000000000000000000000000	3785614321595170930042326677381303669542388563160046101567624722510979123141513111/89600000000000000000000000000000000000000000000000000000000000000000000000000000000	negative	7	0	14	4
613	3785614321595170930042326677381303669542388563160046101567624722510979123141513111/89600000000000000000000000000000000000000000000000000000000000000000000000000000000	1185621702687415680680775559127101223180796187720015367189208240836993041047171037/28000000000000000000000000000000000000000000000000000000000000000000000000000000000	negative	7	0	14	4
614	1185621702687415680680775559127101223180796187720015367189208240836993041047171037/28000000000000000000000000000000000000000000000000000000000000000000000000000000000	19011822878021447131573184505160720794073535191240261242216540094228881697801907629/448000000000000000000000000000000000000000000000000000000000000000000000000000000000	negative	7	1	14	4
614	19011822878021447131573184505160720794073535191240261242216540094228881697801907629/448000000000000000000000000000000000000000000000000000000000000000000000000000000000	9526849256522121686126980032143911008627165689480138304702874167532937369424539333/224000000000000000000000000000000000000000000000000000000000000000000000000000000000	negative	7	1	14	4
614	9526849256522121686126980032143911008627165689480138304702874167532937369424539333/224000000000000000000000000000000000000000000000000000000000000000000000000000000000	956872489154491792680775559127101223180796187720015367189208240836993041047171037/22400000000000000000000000000000000000000000000000000000000000000000000000000000000	negative	7	1	14	3
614	956872489154491792680775559127101223180796187720015367189208240836993041047171037/22400000000000000000000000000000000000000000000000000000000000000000000000000000000	9610600526567714167488531150398113454988758064920169039081290649206923451518881407/224000000000000000000000000000000000000000000000000000000000000000000000000000000000	negative	7	1	14	3
614	9610600526567714167488531150398113454988758064920169039081290649206923451518881407/224000000000000000000000000000000000000000000000000000000000000000000000000000000000	2413119040397627602042326677381303669542388563160046101567624722510979123141513111/56000000000000000000000000000000000000000000000000000000000000000000000000000000000	negative	7	1	14	3
614	2413119040397627602042326677381303669542388563160046101567624722510979123141513111/56000000000000000000000000000000000000000000000000000000000000000000000000000000000	9694351796613306648850082268652315901350350440360199773459707130880909533613223481/224000000000000000000000000000000000000000000000000000000000000000000000000000000000	negative	7	1	14	3
614	9694351796613306648850082268652315901350350440360199773459707130880909533613223481/224000000000000000000000000000000000000000000000000000000000000000000000000000000000	695444816545435920680775559127101223180796187720015367189208240836993041047171037/16000000000000000000000000000000000000000000000000000000000000000000000000000000000	negative	7	1	14	3
614	695444816545435920680775559127101223180796187720015367189208240836993041047171037/16000000000000000000000000000000000000000000000000000000000000000000000000000000000	1955620613331779826042326677381303669542388563160046101567624722510979123141513111/44800000000000000000000000000000000000000000000000000000000000000000000000000000000	negative	7	1	14	3
614	1955620613331779826042326677381303669542388563160046101567624722510979123141513111/44800000000000000000000000000000000000000000000000000000000000000000000000000000000	613748668855105960680775559127101223180796187720015367189208240836993041047171037/14000000000000000000000000000000000000000000000000000000000000000000000000000000000	negative	7	1	14	3
615	613748668855105960680775559127101223180796187720015367189208240836993041047171037/14000000000000000000000000000000000000000000000000000000000000000000000000000000000	9861854336704491611573184505160720794073535191240261242216540094228881697801907629/224000000000000000000000000000000000000000000000000000000000000000000000000000000000	negative	7	2	14	3
615	9861854336704491611573184505160720794073535191240261242216540094228881697801907629/224000000000000000000000000000000000000000000000000000000000000000000000000000000000	4951864985863643926126980032143911008627165689480138304702874167532937369424539333/112000000000000000000000000000000000000000000000000000000000000000000000000000000000	negative	7	2	14	3
615	4951864985863643926126980032143911008627165689480138304702874167532937369424539333/112000000000000000000000000000000000000000000000000000000000000000000000000000000000	9945605606750084092934735623414923240435127566680291976594956575902867779896249703/224000000000000000000000000000000000000000000000000000000000000000000000000000000000	negative	7	2	14	3
615	9945605606750084092934735623414923240435127566680291976594956575902867779896249703/224000000000000000000000000000000000000000000000000000000000000000000000000000000000	499374062088644016680775559127101223180796187720015367189208240836993041047171037/11200000000000000000000000000000000000000000000000000000000000000000000000000000000	negative	7	2	14	3
615	499374062088644016680775559127101223180796187720015367189208240836993041047171037/11200000000000000000000000000000000000000000000000000000000000000000000000000000000	1432765268113668082042326677381303669542388563160046101567624722510979123141513111/32000000000000000000000000000000000000000000000000000000000000000000000000000000000	negative	7	2	14	3
615	1432765268113668082042326677381303669542388563160046101567624722510979123141513111/32000000000000000000000000000000000000000000000000000000000000000000000000000000000	5035616255909236407488531150398113454988758064920169039081290649206923451518881407/112000000000000000000000000000000000000000000000000000000000000000000000000000000000	negative	7	2	14	3
615	5035616255909236407488531150398113454988758064920169039081290649206923451518881407/112000000000000000000000000000000000000000000000000000000000000000000000000000000000	10113108146841269055657837859923328133158312317560353445351789539250839944084933851/224000000000000000000000000000000000000000000000000000000000000000000000000000000000	negative	7	2	14	3
615	10113108146841269055657837859923328133158312317560353445351789539250839944084933851/224000000000000000000000000000000000000000000000000000000000000000000000000000000000	1269372972733008162042326677381303669542388563160046101567624722510979123141513111/28000000000000000000000000000000000000000000000000000000000000000000000000000000000	negative	7	2	14	3
616	1269372972733008162042326677381303669542388563160046101567624722510979123141513111/28000000000000000000000000000000000000000000000000000000000000000000000000000000000	407874376675474461480775559127101223180796187720015367189208240836993041047171037/8960000000000000000000000000000000000000000000000000000000000000000000000000000000	negative	7	3	14	3
616	407874376675474461480775559127101223180796187720015367189208240836993041047171037/8960000000000000000000000000000000000000000000000000000000000000000000000000000000	5119367525954828888850082268652315901350350440360199773459707130880909533613223481/112000000000000000000000000000000000000000000000000000000000000000000000000000000000	negative	7	3	14	3
616	5119367525954828888850082268652315901350350440360199773459707130880909533613223481/112000000000000000000000000000000000000000000000000000000000000000000000000000000000	10280610686932454018380940096431733025881497068440414914108622502598812108273617999/224000000000000000000000000000000000000000000000000000000000000000000000000000000000	negative	7	3	14	3
616	10280610686932454018380940096431733025881497068440414914108622502598812108273617999/224000000000000000000000000000000000000000000000000000000000000000000000000000000000	368660225784116080680775559127101223180796187720015367189208240836993041047171037/8000000000000000000000000000000000000000000000000000000000000000000000000000000000	negative	7	3	14	3
616	368660225784116080680775559127101223180796187720015367189208240836993041047171037/8000000000000000000000000000000000000000000000000000000000000000000000000000000000	10364361956978046499742491214685935472243089443880445648487038984272798190367960073/224000000000000000000000000000000000000000000000000000000000000000000000000000000000	negative	7	3	14	3
616	10364361956978046499742491214685935472243089443880445648487038984272798190367960073/224000000000000000000000000000000000000000000000000000000000000000000000000000000000	1040623759200084274042326677381303669542388563160046101567624722510979123141513111/22400000000000000000000000000000000000000000000000000000000000000000000000000000000	negative	7	3	14	3
616	1040623759200084274042326677381303669542388563160046101567624722510979123141513111/22400000000000000000000000000000000000000000000000000000000000000000000000000000000	327812151938951100680775559127101223180796187720015367189208240836993041047171037/7000000000000000000000000000000000000000000000000000000000000000000000000000000000	negative	7	3	14	2
617	327812151938951100680775559127101223180796187720015367189208240836993041047171037/7000000000000000000000000000000000000000000000000000000000000000000000000000000000	5286870066046013851573184505160720794073535191240261242216540094228881697801907629/112000000000000000000000000000000000000000000000000000000000000000000000000000000000	negative	7	4	14	2
617	5286870066046013851573184505160720794073535191240261242216540094228881697801907629/112000000000000000000000000000000000000000000000000000000000000000000000000000000000	2664372850534405046126980032143911008627165689480138304702874167532937369424539333/56000000000000000000000000000000000000000000000000000000000000000000000000000000000	negative	7	4	14	2
617	2664372850534405046126980032143911008627165689480138304702874167532937369424539333/56000000000000000000000000000000000000000000000000000000000000000000000000000000000	5370621336091606332934735623414923240435127566680291976594956575902867779896249703/112000000000000000000000000000000000000000000000000000000000000000000000000000000000	negative	7	4	14	2
617	5370621336091606332934735623414923240435127566680291976594956575902867779896249703/112000000000000000000000000000000000000000000000000000000000000000000000000000000000	270624848555720128680775559127101223180796187720015367189208240836993041047171037/5600000000000000000000000000000000000000000000000000000000000000000000000000000000	negative	7	4	14	2
618	270624848555720128680775559127101223180796187720015367189208240836993041047171037/5600000000000000000000000000000000000000000000000000000000000000000000000000000000	779196086591028402042326677381303669542388563160046101567624722510979123141513111/16000000000000000000000000000000000000000000000000000000000000000000000000000000000	negative	7	5	14	2
618	779196086591028402042326677381303669542388563160046101567624722510979123141513111/16000000000000000000000000000000000000000000000000000000000000000000000000000000000	2748124120579997527488531150398113454988758064920169039081290649206923451518881407/56000000000000000000000000000000000000000000000000000000000000000000000000000000000	negative	7	5	14	2
618	2748124120579997527488531150398113454988758064920169039081290649206923451518881407/56000000000000000000000000000000000000000000000000000000000000000000000000000000000	5538123876182791295657837859923328133158312317560353445351789539250839944084933851/112000000000000000000000000000000000000000000000000000000000000000000000000000000000	negative	7	5	14	2
618	5538123876182791295657837859923328133158312317560353445351789539250839944084933851/112000000000000000000000000000000000000000000000000000000000000000000000000000000000	697499938900698442042326677381303669542388563160046101567624722510979123141513111/14000000000000000000000000000000000000000000000000000000000000000000000000000000000	negative	7	5	14	2
619	697499938900698442042326677381303669542388563160046101567624722510979123141513111/14000000000000000000000000000000000000000000000000000000000000000000000000000000000	224875005849135351080775559127101223180796187720015367189208240836993041047171037/4480000000000000000000000000000000000000000000000000000000000000000000000000000000	negative	7	6	14	2
619	224875005849135351080775559127101223180796187720015367189208240836993041047171037/4480000000000000000000000000000000000000000000000000000000000000000000000000000000	2831875390625590008850082268652315901350350440360199773459707130880909533613223481/56000000000000000000000000000000000000000000000000000000000000000000000000000000000	negative	7	6	14	2
619	2831875390625590008850082268652315901350350440360199773459707130880909533613223481/56000000000000000000000000000000000000000000000000000000000000000000000000000000000	5705626416273976258380940096431733025881497068440414914108622502598812108273617999/112000000000000000000000000000000000000000000000000000000000000000000000000000000000	negative	7	6	14	2
619	5705626416273976258380940096431733025881497068440414914108622502598812108273617999/112000000000000000000000000000000000000000000000000000000000000000000000000000000000	205267930403456160680775559127101223180796187720015367189208240836993041047171037/4000000000000000000000000000000000000000000000000000000000000000000000000000000000	negative	7	6	14	2
620	205267930403456160680775559127101223180796187720015367189208240836993041047171037/4000000000000000000000000000000000000000000000000000000000000000000000000000000000	5789377686319568739742491214685935472243089443880445648487038984272798190367960073/112000000000000000000000000000000000000000000000000000000000000000000000000000000000	negative	7	7	14	2
620	5789377686319568739742491214685935472243089443880445648487038984272798190367960073/112000000000000000000000000000000000000000000000000000000000000000000000000000000000	583125332134236498042326677381303669542388563160046101567624722510979123141513111/11200000000000000000000000000000000000000000000000000000000000000000000000000000000	negative	7	7	14	2
620	583125332134236498042326677381303669542388563160046101567624722510979123141513111/11200000000000000000000000000000000000000000000000000000000000000000000000000000000	5873128956365161221104042332940137918604681819320476382865455465946784272462302147/112000000000000000000000000000000000000000000000000000000000000000000000000000000000	negative	7	7	14	2
620	5873128956365161221104042332940137918604681819320476382865455465946784272462302147/112000000000000000000000000000000000000000000000000000000000000000000000000000000000	184843893480873670680775559127101223180796187720015367189208240836993041047171037/3500000000000000000000000000000000000000000000000000000000000000000000000000000000	negative	7	7	14	2
621	184843893480873670680775559127101223180796187720015367189208240836993041047171037/3500000000000000000000000000000000000000000000000000000000000000000000000000000000	5956880226410753702465593451194340364966274194760507117243871947620770354556644221/112000000000000000000000000000000000000000000000000000000000000000000000000000000000	negative	7	8	14	2
621	5956880226410753702465593451194340364966274194760507117243871947620770354556644221/112000000000000000000000000000000000000000000000000000000000000000000000000000000000	2999377930716774971573184505160720794073535191240261242216540094228881697801907629/56000000000000000000000000000000000000000000000000000000000000000000000000000000000	negative	7	8	14	2
621	2999377930716774971573184505160720794073535191240261242216540094228881697801907629/56000000000000000000000000000000000000000000000000000000000000000000000000000000000	1520626782869785606126980032143911008627165689480138304702874167532937369424539333/28000000000000000000000000000000000000000000000000000000000000000000000000000000000	negative	7	8	14	1
622	1520626782869785606126980032143911008627165689480138304702874167532937369424539333/28000000000000000000000000000000000000000000000000000000000000000000000000000000000	3083129200762367452934735623414923240435127566680291976594956575902867779896249703/56000000000000000000000000000000000000000000000000000000000000000000000000000000000	negative	7	9	14	1
622	3083129200762367452934735623414923240435127566680291976594956575902867779896249703/56000000000000000000000000000000000000000000000000000000000000000000000000000000000	156250241789258184680775559127101223180796187720015367189208240836993041047171037/2800000000000000000000000000000000000000000000000000000000000000000000000000000000	negative	7	9	14	1
623	156250241789258184680775559127101223180796187720015367189208240836993041047171037/2800000000000000000000000000000000000000000000000000000000000000000000000000000000	452411495829708562042326677381303669542388563160046101567624722510979123141513111/8000000000000000000000000000000000000000000000000000000000000000000000000000000000	negative	7	10	14	1
623	452411495829708562042326677381303669542388563160046101567624722510979123141513111/8000000000000000000000000000000000000000000000000000000000000000000000000000000000	1604378052915378087488531150398113454988758064920169039081290649206923451518881407/28000000000000000000000000000000000000000000000000000000000000000000000000000000000	negative	7	10	14	1
624	1604378052915378087488531150398113454988758064920169039081290649206923451518881407/28000000000000000000000000000000000000000000000000000000000000000000000000000000000	3250631740853552415657837859923328133158312317560353445351789539250839944084933851/56000000000000000000000000000000000000000000000000000000000000000000000000000000000	negative	7	11	14	1
624	3250631740853552415657837859923328133158312317560353445351789539250839944084933851/56000000000000000000000000000000000000000000000000000000000000000000000000000000000	411563421984543582042326677381303669542388563160046101567624722510979123141513111/7000000000000000000000000000000000000000000000000000000000000000000000000000000000	negative	7	11	14	1
625	411563421984543582042326677381303669542388563160046101567624722510979123141513111/7000000000000000000000000000000000000000000000000000000000000000000000000000000000	133375320435965795880775559127101223180796187720015367189208240836993041047171037/2240000000000000000000000000000000000000000000000000000000000000000000000000000000	negative	7	12	14	1
625	133375320435965795880775559127101223180796187720015367189208240836993041047171037/2240000000000000000000000000000000000000000000000000000000000000000000000000000000	1688129322960970568850082268652315901350350440360199773459707130880909533613223481/28000000000000000000000000000000000000000000000000000000000000000000000000000000000	negative	7	12	14	1
626	1688129322960970568850082268652315901350350440360199773459707130880909533613223481/28000000000000000000000000000000000000000000000000000000000000000000000000000000000	3418134280944737378380940096431733025881497068440414914108622502598812108273617999/56000000000000000000000000000000000000000000000000000000000000000000000000000000000	negative	7	13	14	1
626	3418134280944737378380940096431733025881497068440414914108622502598812108273617999/56000000000000000000000000000000000000000000000000000000000000000000000000000000000	123571782713126200680775559127101223180796187720015367189208240836993041047171037/2000000000000000000000000000000000000000000000000000000000000000000000000000000000	negative	7	13	14	1
627	125571782713126200680775559127101223180796187720015367189208240836993041047171037/2000000000000000000000000000000000000000000000000000000000000000000000000000000000	114871319789952959214740329891772404532258957511173876571855041475804716065595446411/1808000000000000000000000000000000000000000000000000000000000000000000000000000000000	negative	8	0	452	1
627	114871319789952959214740329891772404532258957511173876571855041475804716065595446411/1808000000000000000000000000000000000000000000000000000000000000000000000000000000000	58112874003619916507029777166322651654539080661726930602332916617483861512274137687/904000000000000000000000000000000000000000000000000000000000000000000000000000000000	negative	8	0	452	1
628	58112874003619916507029777166322651654539080661726930602332916617483861512274137687/904000000000000000000000000000000000000000000000000000000000000000000000000000000000	117580176224526706813378778773518202085897365135733845837476624994130729983501104337/1808000000000000000000000000000000000000000000000000000000000000000000000000000000000	negative	8	1	452	1
628	117580176224526706813378778773518202085897365135733845837476624994130729983501104337/1808000000000000000000000000000000000000000000000000000000000000000000000000000000000	1189346044418135806126980032143911008627165689480138304702874167532937369424539333/18080000000000000000000000000000000000000000000000000000000000000000000000000000000	negative	8	1	452	1
629	1189346044418135806126980032143911008627165689480138304702874167532937369424539333/18080000000000000000000000000000000000000000000000000000000000000000000000000000000	60821730438193664105668226048068449208177488286286899867954500135809875430179795613/904000000000000000000000000000000000000000000000000000000000000000000000000000000000	negative	8	2	452	0
630	60821730438193664105668226048068449208177488286286899867954500135809875430179795613/904000000000000000000000000000000000000000000000000000000000000000000000000000000000	971502478991883404765428913889708562265573314040107570324457685858951287330197259/14125000000000000000000000000000000000000000000000000000000000000000000000000000000	negative	8	3	452	0
631	971502478991883404765428913889708562265573314040107570324457685858951287330197259/14125000000000000000000000000000000000000000000000000000000000000000000000000000000	63530586872767411704306674929814246761815895910846869133576083654135889348085453539/904000000000000000000000000000000000000000000000000000000000000000000000000000000000	negative	8	4	452	0
632	63530586872767411704306674929814246761815895910846869133576083654135889348085453539/904000000000000000000000000000000000000000000000000000000000000000000000000000000000	32442507545027142751812949685343572769317549861563426883193437706649448153519141251/452000000000000000000000000000000000000000000000000000000000000000000000000000000000	negative	8	5	452	0
633	32442507545027142751812949685343572769317549861563426883193437706649448153519141251/452000000000000000000000000000000000000000000000000000000000000000000000000000000000	13247888661468231860589024762312008863090860707081367679839533434492380653198222293/180800000000000000000000000000000000000000000000000000000000000000000000000000000000	negative	8	6	452	0
634	13247888661468231860589024762312008863090860707081367679839533434492380653198222293/180800000000000000000000000000000000000000000000000000000000000000000000000000000000	16898467881157008275566087063108235773068376836921705758002114732906227556235985107/226000000000000000000000000000000000000000000000000000000000000000000000000000000000	negative	8	7	452	0
635	16898467881157008275566087063108235773068376836921705758002114732906227556235985107/226000000000000000000000000000000000000000000000000000000000000000000000000000000000	68948299741914906901583572693305841869092711159966807664819250690787917183896769391/904000000000000000000000000000000000000000000000000000000000000000000000000000000000	negative	8	8	452	0
636	68948299741914906901583572693305841869092711159966807664819250690787917183896769391/904000000000000000000000000000000000000000000000000000000000000000000000000000000000	35151363979600890350451398567089370322955957486123396148815021224975462071424799177/452000000000000000000000000000000000000000000000000000000000000000000000000000000000	negative	8	9	452	0
637	35151363979600890350451398567089370322955957486123396148815021224975462071424799177/452000000000000000000000000000000000000000000000000000000000000000000000000000000000	71657156176488654500222021575051639422731118784526776930440834209113931101802427317/904000000000000000000000000000000000000000000000000000000000000000000000000000000000	negative	8	10	452	0
638	71657156176488654500222021575051639422731118784526776930440834209113931101802427317/904000000000000000000000000000000000000000000000000000000000000000000000000000000000	1825289609844388207488531150398113454988758064920169039081290649206923451518881407/22600000000000000000000000000000000000000000000000000000000000000000000000000000000	negative	8	11	452	0
639	1825289609844388207488531150398113454988758064920169039081290649206923451518881407/22600000000000000000000000000000000000000000000000000000000000000000000000000000000	74366012611062402098860470456797436976369526409086746196062417727439945019708085243/904000000000000000000000000000000000000000000000000000000000000000000000000000000000	negative	8	12	452	0
640	74366012611062402098860470456797436976369526409086746196062417727439945019708085243/904000000000000000000000000000000000000000000000000000000000000000000000000000000000	37860220414174637949089847448835167876594365110683365414436604743301475989330457103/452000000000000000000000000000000000000000000000000000000000000000000000000000000000	negative	8	13	452	0
641	37860220414174637949089847448835167876594365110683365414436604743301475989330457103/452000000000000000000000000000000000000000000000000000000000000000000000000000000000	77074869045636149697498919338543234530007934033646715461684001245765958937613743169/904000000000000000000000000000000000000000000000000000000000000000000000000000000000	negative	8	14	452	0
642	77074869045636149697498919338543234530007934033646715461684001245765958937613743169/904000000000000000000000000000000000000000000000000000000000000000000000000000000000	19607324315730755874204535944854033326706784461481675023623698251232241474141643033/226000000000000000000000000000000000000000000000000000000000000000000000000000000000	negative	8	15	452	0
643	19607324315730755874204535944854033326706784461481675023623698251232241474141643033/226000000000000000000000000000000000000000000000000000000000000000000000000000000000	15956745096041979459227473644057806416729268331641336945461116952818394571103880219/180800000000000000000000000000000000000000000000000000000000000000000000000000000000	negative	8	16	452	0
644	15956745096041979459227473644057806416729268331641336945461116952818394571103880219/180800000000000000000000000000000000000000000000000000000000000000000000000000000000	40569076848748385547728296330580965430232772735243334680058188261627489907236115029/452000000000000000000000000000000000000000000000000000000000000000000000000000000000	negative	8	17	452	0
645	40569076848748385547728296330580965430232772735243334680058188261627489907236115029/452000000000000000000000000000000000000000000000000000000000000000000000000000000000	82492581914783644894775817102034829637284749282766653992927168282417986773425059021/904000000000000000000000000000000000000000000000000000000000000000000000000000000000	negative	8	18	452	0
646	82492581914783644894775817102034829637284749282766653992927168282417986773425059021/904000000000000000000000000000000000000000000000000000000000000000000000000000000000	5240438133254407418380940096431733025881497068440414914108622502598812108273617999/56500000000000000000000000000000000000000000000000000000000000000000000000000000000	negative	8	19	452	0
647	5240438133254407418380940096431733025881497068440414914108622502598812108273617999/56500000000000000000000000000000000000000000000000000000000000000000000000000000000	85201438349357392493414265983780627190923156907326623258548751800744000691330716947/904000000000000000000000000000000000000000000000000000000000000000000000000000000000	negative	8	20	452	0
648	85201438349357392493414265983780627190923156907326623258548751800744000691330716947/904000000000000000000000000000000000000000000000000000000000000000000000000000000000	8655586656664426629273349042465352596774236071960660789135954355990700765028354591/90400000000000000000000000000000000000000000000000000000000000000000000000000000000	negative	8	21	452	0
649	8655586656664426629273349042465352596774236071960660789135954355990700765028354591/90400000000000000000000000000000000000000000000000000000000000000000000000000000000	87910294783931140092052714865526424744561564531886592524170335319070014609236374873/904000000000000000000000000000000000000000000000000000000000000000000000000000000000	negative	8	22	452	0
650	87910294783931140092052714865526424744561564531886592524170335319070014609236374873/904000000000000000000000000000000000000000000000000000000000000000000000000000000000	22316180750304503472842984826599830880345192086041644289245281769558255392047300959/226000000000000000000000000000000000000000000000000000000000000000000000000000000000	negative	8	23	452	0
651	22316180750304503472842984826599830880345192086041644289245281769558255392047300959/226000000000000000000000000000000000000000000000000000000000000000000000000000000000	90619151218504887690691163747272222298199972156446561789791918837396028527142032799/904000000000000000000000000000000000000000000000000000000000000000000000000000000000	negative	8	24	452	0
652	90619151218504887690691163747272222298199972156446561789791918837396028527142032799/904000000000000000000000000000000000000000000000000000000000000000000000000000000000	45986789717895880745005194094072560537509587984363273211301355298279517743047430881/452000000000000000000000000000000000000000000000000000000000000000000000000000000000	negative	8	25	452	0
653	45986789717895880745005194094072560537509587984363273211301355298279517743047430881/452000000000000000000000000000000000000000000000000000000000000000000000000000000000	3733120306123145411573184505160720794073535191240261242216540094228881697801907629/36160000000000000000000000000000000000000000000000000000000000000000000000000000000	negative	8	26	452	0
654	3733120306123145411573184505160720794073535191240261242216540094228881697801907629/36160000000000000000000000000000000000000000000000000000000000000000000000000000000	11835304483795688636081104633736364828582197949160814461028036764360631175500064961/113000000000000000000000000000000000000000000000000000000000000000000000000000000000	negative	8	27	452	0
655	11835304483795688636081104633736364828582197949160814461028036764360631175500064961/113000000000000000000000000000000000000000000000000000000000000000000000000000000000	96036864087652382887968061510763817405476787405566500321035085874048056362953348651/904000000000000000000000000000000000000000000000000000000000000000000000000000000000	negative	8	28	452	0
656	96036864087652382887968061510763817405476787405566500321035085874048056362953348651/904000000000000000000000000000000000000000000000000000000000000000000000000000000000	48695646152469628343643642975818358091147995608923242476922938816605531660953088807/452000000000000000000000000000000000000000000000000000000000000000000000000000000000	negative	8	29	452	0
657	48695646152469628343643642975818358091147995608923242476922938816605531660953088807/452000000000000000000000000000000000000000000000000000000000000000000000000000000000	98745720522226130486606510392509614959115195030126469586656669392374070280859006577/904000000000000000000000000000000000000000000000000000000000000000000000000000000000	negative	8	30	452	0
658	98745720522226130486606510392509614959115195030126469586656669392374070280859006577/904000000000000000000000000000000000000000000000000000000000000000000000000000000000	5005007436975650214296286741669125686796719942120322710973373057576853861990591777/45200000000000000000000000000000000000000000000000000000000000000000000000000000000	negative	8	31	452	0
659	5005007436975650214296286741669125686796719942120322710973373057576853861990591777/45200000000000000000000000000000000000000000000000000000000000000000000000000000000	101454576956799878085244959274255412512753602654686438852278252910700084198764664503/904000000000000000000000000000000000000000000000000000000000000000000000000000000000	negative	8	32	452	0
660	101454576956799878085244959274255412512753602654686438852278252910700084198764664503/904000000000000000000000000000000000000000000000000000000000000000000000000000000000	51404502587043375942282091857564155644786403233483211742544522334931545578858746733/452000000000000000000000000000000000000000000000000000000000000000000000000000000000	negative	8	33	452	0
661	51404502587043375942282091857564155644786403233483211742544522334931545578858746733/452000000000000000000000000000000000000000000000000000000000000000000000000000000000	104163433391373625683883408156001210066392010279246408117899836429026098116670322429/904000000000000000000000000000000000000000000000000000000000000000000000000000000000	negative	8	34	452	0
662	104163433391373625683883408156001210066392010279246408117899836429026098116670322429/904000000000000000000000000000000000000000000000000000000000000000000000000000000000	3297433175270640608850082268652315901350350440360199773459707130880909533613223481/28250000000000000000000000000000000000000000000000000000000000000000000000000000000	negative	8	35	452	0
663	3297433175270640608850082268652315901350350440360199773459707130880909533613223481/28250000000000000000000000000000000000000000000000000000000000000000000000000000000	21374457965189474656504371407549401524006083580761275476704283989470422406915196071/180800000000000000000000000000000000000000000000000000000000000000000000000000000000	negative	8	36	452	0
664	21374457965189474656504371407549401524006083580761275476704283989470422406915196071/180800000000000000000000000000000000000000000000000000000000000000000000000000000000	54113359021617123540920540739309953198424810858043181008166105853257559496764404659/452000000000000000000000000000000000000000000000000000000000000000000000000000000000	negative	8	37	452	0
665	54113359021617123540920540739309953198424810858043181008166105853257559496764404659/452000000000000000000000000000000000000000000000000000000000000000000000000000000000	109581146260521120881160305919492805173668825528366346649143003465678125952481638281/904000000000000000000000000000000000000000000000000000000000000000000000000000000000	negative	8	38	452	0
666	109581146260521120881160305919492805173668825528366346649143003465678125952481638281/904000000000000000000000000000000000000000000000000000000000000000000000000000000000	27733893619451998670119882590091425987622007335161582820488448806210283227858616811/226000000000000000000000000000000000000000000000000000000000000000000000000000000000	negative	8	39	452	0
667	27733893619451998670119882590091425987622007335161582820488448806210283227858616811/226000000000000000000000000000000000000000000000000000000000000000000000000000000000	112290002695094868479798754801238602727307233152926315914764586984004139870387296207/904000000000000000000000000000000000000000000000000000000000000000000000000000000000	negative	8	40	452	0
668	112290002695094868479798754801238602727307233152926315914764586984004139870387296207/904000000000000000000000000000000000000000000000000000000000000000000000000000000000	11364443091238174227911797924211150150412643696520630054757537874316714682934012517/90400000000000000000000000000000000000000000000000000000000000000000000000000000000	negative	8	41	452	0
669	11364443091238174227911797924211150150412643696520630054757537874316714682934012517/90400000000000000000000000000000000000000000000000000000000000000000000000000000000	114998859129668616078437203682984400280945640777486285180386170502330153788292954133/904000000000000000000000000000000000000000000000000000000000000000000000000000000000	negative	8	42	452	0
670	114998859129668616078437203682984400280945640777486285180386170502330153788292954133/904000000000000000000000000000000000000000000000000000000000000000000000000000000000	14544160918369436234719553515482162382220605573720783726649620282686645093405722887/113000000000000000000000000000000000000000000000000000000000000000000000000000000000	negative	8	43	452	0
671	14544160918369436234719553515482162382220605573720783726649620282686645093405722887/113000000000000000000000000000000000000000000000000000000000000000000000000000000000	117707715564242363677075652564730197834584048402046254446007754020656167706198612059/904000000000000000000000000000000000000000000000000000000000000000000000000000000000	negative	8	44	452	0
672	117707715564242363677075652564730197834584048402046254446007754020656167706198612059/904000000000000000000000000000000000000000000000000000000000000000000000000000000000	59531071890764618738197438502801548305701626107163119539409272889909587332575720511/452000000000000000000000000000000000000000000000000000000000000000000000000000000000	negative	8	45	452	0
673	59531071890764618738197438502801548305701626107163119539409272889909587332575720511/452000000000000000000000000000000000000000000000000000000000000000000000000000000000	24083314399763222255142820289295199077644491205321244742325867507796436324820853997/180800000000000000000000000000000000000000000000000000000000000000000000000000000000	negative	8	46	452	0
674	24083314399763222255142820289295199077644491205321244742325867507796436324820853997/180800000000000000000000000000000000000000000000000000000000000000000000000000000000	30442750054025746268758331471837223541260414959721552086110032324536297145764274737/226000000000000000000000000000000000000000000000000000000000000000000000000000000000	negative	8	47	452	0
675	30442750054025746268758331471837223541260414959721552086110032324536297145764274737/226000000000000000000000000000000000000000000000000000000000000000000000000000000000	123125428433389858874352550328221792941860863651166192977250921057308195542009927911/904000000000000000000000000000000000000000000000000000000000000000000000000000000000	negative	8	48	452	0
676	123125428433389858874352550328221792941860863651166192977250921057308195542009927911/904000000000000000000000000000000000000000000000000000000000000000000000000000000000	62239928325338366336835887384547345859340033731723088805030856408235601250481378437/452000000000000000000000000000000000000000000000000000000000000000000000000000000000	negative	8	49	452	0
677	62239928325338366336835887384547345859340033731723088805030856408235601250481378437/452000000000000000000000000000000000000000000000000000000000000000000000000000000000	125834284867963606472990999209967590495499271275726162242872504575634209459915585837/904000000000000000000000000000000000000000000000000000000000000000000000000000000000	negative	8	50	452	0
678	125834284867963606472990999209967590495499271275726162242872504575634209459915585837/904000000000000000000000000000000000000000000000000000000000000000000000000000000000	317971782713126200680775559127101223180796187720015367189208240836993041047171037/2260000000000000000000000000000000000000000000000000000000000000000000000000000000	negative	8	51	452	0
679	317971782713126200680775559127101223180796187720015367189208240836993041047171037/2260000000000000000000000000000000000000000000000000000000000000000000000000000000	128543141302537354071629448091713388049137678900286131508494088093960223377821243763/904000000000000000000000000000000000000000000000000000000000000000000000000000000000	negative	8	52	452	0
680	128543141302537354071629448091713388049137678900286131508494088093960223377821243763/904000000000000000000000000000000000000000000000000000000000000000000000000000000000	64948784759912113935474336266293143412978441356283058070652439926561615168387036363/452000000000000000000000000000000000000000000000000000000000000000000000000000000000	negative	8	53	452	0
681	64948784759912113935474336266293143412978441356283058070652439926561615168387036363/452000000000000000000000000000000000000000000000000000000000000000000000000000000000	131251997737111101670267896973459185602776086524846100774115671612286237295726901689/904000000000000000000000000000000000000000000000000000000000000000000000000000000000	negative	8	54	452	0
682	131251997737111101670267896973459185602776086524846100774115671612286237295726901689/904000000000000000000000000000000000000000000000000000000000000000000000000000000000	33151606488599493867396780353583021094898822584281521351731615842862311063669932663/226000000000000000000000000000000000000000000000000000000000000000000000000000000000	negative	8	55	452	0
683	33151606488599493867396780353583021094898822584281521351731615842862311063669932663/226000000000000000000000000000000000000000000000000000000000000000000000000000000000	26792170834336969853781269171040996631282898829881214007947451026122450242726511923/180800000000000000000000000000000000000000000000000000000000000000000000000000000000	negative	8	56	452	0
684	26792170834336969853781269171040996631282898829881214007947451026122450242726511923/180800000000000000000000000000000000000000000000000000000000000000000000000000000000	67657641194485861534112785148038940966616848980843027336274023444887629086292694289/452000000000000000000000000000000000000000000000000000000000000000000000000000000000	negative	8	57	452	0
685	67657641194485861534112785148038940966616848980843027336274023444887629086292694289/452000000000000000000000000000000000000000000000000000000000000000000000000000000000	136669710606258596867544794736950780710052901773966039305358838648938265131538217541/904000000000000000000000000000000000000000000000000000000000000000000000000000000000	negative	8	58	452	0
686	136669710606258596867544794736950780710052901773966039305358838648938265131538217541/904000000000000000000000000000000000000000000000000000000000000000000000000000000000	17253017352943183833358002397227959935859013198280752992271203801012659011311380813/113000000000000000000000000000000000000000000000000000000000000000000000000000000000	negative	8	59	452	0
687	17253017352943183833358002397227959935859013198280752992271203801012659011311380813/113000000000000000000000000000000000000000000000000000000000000000000000000000000000	139378567040832344466183243618696578263691309398526008570980422167264279049443875467/904000000000000000000000000000000000000000000000000000000000000000000000000000000000	negative	8	60	452	0
688	139378567040832344466183243618696578263691309398526008570980422167264279049443875467/904000000000000000000000000000000000000000000000000000000000000000000000000000000000	14073299525811921826550246805956947704051051321080599320379121392642728600839670443/90400000000000000000000000000000000000000000000000000000000000000000000000000000000	negative	8	61	452	0
689	14073299525811921826550246805956947704051051321080599320379121392642728600839670443/90400000000000000000000000000000000000000000000000000000000000000000000000000000000	142087423475406092064821692500442375817329717023085977836602005685590292967349533393/904000000000000000000000000000000000000000000000000000000000000000000000000000000000	negative	8	62	452	0
690	142087423475406092064821692500442375817329717023085977836602005685590292967349533393/904000000000000000000000000000000000000000000000000000000000000000000000000000000000	35860462923173241466035229235328818648537230208841490617353199361188324981575590589/226000000000000000000000000000000000000000000000000000000000000000000000000000000000	negative	8	63	452	0
691	35860462923173241466035229235328818648537230208841490617353199361188324981575590589/226000000000000000000000000000000000000000000000000000000000000000000000000000000000	144796279909979839663460141382188173370968124647645947102223589203916306885255191319/904000000000000000000000000000000000000000000000000000000000000000000000000000000000	negative	8	64	452	0
692	144796279909979839663460141382188173370968124647645947102223589203916306885255191319/904000000000000000000000000000000000000000000000000000000000000000000000000000000000	73075354063633356731389682911530536073893664229962965867517190481539656922104010141/452000000000000000000000000000000000000000000000000000000000000000000000000000000000	negative	8	65	452	0
693	73075354063633356731389682911530536073893664229962965867517190481539656922104010141/452000000000000000000000000000000000000000000000000000000000000000000000000000000000	29501027268910717452419718052786794184921306454441183273569034544448464160632169849/180800000000000000000000000000000000000000000000000000000000000000000000000000000000	negative	8	66	452	0
694	29501027268910717452419718052786794184921306454441183273569034544448464160632169849/180800000000000000000000000000000000000000000000000000000000000000000000000000000000	1162965348139378602042326677381303669542388563160046101567624722510979123141513111/7062500000000000000000000000000000000000000000000000000000000000000000000000000000	negative	8	67	452	0
695	1162965348139378602042326677381303669542388563160046101567624722510979123141513111/7062500000000000000000000000000000000000000000000000000000000000000000000000000000	150213992779127334860737039145679768478244939896765885633466756240568334721066507171/904000000000000000000000000000000000000000000000000000000000000000000000000000000000	negative	8	68	452	0
696	150213992779127334860737039145679768478244939896765885633466756240568334721066507171/904000000000000000000000000000000000000000000000000000000000000000000000000000000000	75784210498207104330028131793276333627532071854522935133138773999865670840009668067/452000000000000000000000000000000000000000000000000000000000000000000000000000000000	negative	8	69	452	0
697	75784210498207104330028131793276333627532071854522935133138773999865670840009668067/452000000000000000000000000000000000000000000000000000000000000000000000000000000000	152922849213701082459375488027425566031883347521325854899088339758894348638972165097/904000000000000000000000000000000000000000000000000000000000000000000000000000000000	negative	8	70	452	0
698	152922849213701082459375488027425566031883347521325854899088339758894348638972165097/904000000000000000000000000000000000000000000000000000000000000000000000000000000000	7713863871549397812934735623414923240435127566680291976594956575902867779896249703/45200000000000000000000000000000000000000000000000000000000000000000000000000000000	negative	8	71	452	0
699	7713863871549397812934735623414923240435127566680291976594956575902867779896249703/45200000000000000000000000000000000000000000000000000000000000000000000000000000000	155631705648274830058013936909171363585521755145885824164709923277220362556877823023/904000000000000000000000000000000000000000000000000000000000000000000000000000000000	negative	8	72	452	0
700	155631705648274830058013936909171363585521755145885824164709923277220362556877823023/904000000000000000000000000000000000000000000000000000000000000000000000000000000000	78493066932780851928666580675022131181170479479082904398760357518191684757915325993/452000000000000000000000000000000000000000000000000000000000000000000000000000000000	negative	8	73	452	0
701	78493066932780851928666580675022131181170479479082904398760357518191684757915325993/452000000000000000000000000000000000000000000000000000000000000000000000000000000000	158340562082848577656652385790917161139160162770445793430331506795546376474783480949/904000000000000000000000000000000000000000000000000000000000000000000000000000000000	negative	8	74	452	0
702	158340562082848577656652385790917161139160162770445793430331506795546376474783480949/904000000000000000000000000000000000000000000000000000000000000000000000000000000000	19961873787516931431996451278973757489497420822840722257892787319338672929217038739/113000000000000000000000000000000000000000000000000000000000000000000000000000000000	negative	8	75	452	0
703	19961873787516931431996451278973757489497420822840722257892787319338672929217038739/113000000000000000000000000000000000000000000000000000000000000000000000000000000000	1288395348139378602042326677381303669542388563160046101567624722510979123141513111/7232000000000000000000000000000000000000000000000000000000000000000000000000000000	negative	8	76	452	0
704	1288395348139378602042326677381303669542388563160046101567624722510979123141513111/7232000000000000000000000000000000000000000000000000000000000000000000000000000000	81201923367354599527305029556767928734808887103642873664381941036517698675820983919/452000000000000000000000000000000000000000000000000000000000000000000000000000000000	negative	8	77	452	0
705	81201923367354599527305029556767928734808887103642873664381941036517698675820983919/452000000000000000000000000000000000000000000000000000000000000000000000000000000000	163758274951996072853929283554408756246436978019565731961574673832198404310594796801/904000000000000000000000000000000000000000000000000000000000000000000000000000000000	negative	8	78	452	0
706	163758274951996072853929283554408756246436978019565731961574673832198404310594796801/904000000000000000000000000000000000000000000000000000000000000000000000000000000000	41278175792320736663312126998820413755814045457961429148596366397840352817386906441/226000000000000000000000000000000000000000000000000000000000000000000000000000000000	negative	8	79	452	0
707	41278175792320736663312126998820413755814045457961429148596366397840352817386906441/226000000000000000000000000000000000000000000000000000000000000000000000000000000000	166467131386569820452567732436154553800075385644125701227196257350524418228500454727/904000000000000000000000000000000000000000000000000000000000000000000000000000000000	negative	8	80	452	0
708	166467131386569820452567732436154553800075385644125701227196257350524418228500454727/904000000000000000000000000000000000000000000000000000000000000000000000000000000000	16782155960385669425188695687702745257689458945640568586000704910968742518745328369/90400000000000000000000000000000000000000000000000000000000000000000000000000000000	negative	8	81	452	0
709	16782155960385669425188695687702745257689458945640568586000704910968742518745328369/90400000000000000000000000000000000000000000000000000000000000000000000000000000000	169175987821143568051206181317900351353713793268685670492817840868850432146406112653/904000000000000000000000000000000000000000000000000000000000000000000000000000000000	negative	8	82	452	0
710	169175987821143568051206181317900351353713793268685670492817840868850432146406112653/904000000000000000000000000000000000000000000000000000000000000000000000000000000000	10658151002401902615657837859923328133158312317560353445351789539250839944084933851/56500000000000000000000000000000000000000000000000000000000000000000000000000000000	negative	8	83	452	0
711	10658151002401902615657837859923328133158312317560353445351789539250839944084933851/56500000000000000000000000000000000000000000000000000000000000000000000000000000000	171884844255717315649844630199646148907352200893245639758439424387176446064311770579/904000000000000000000000000000000000000000000000000000000000000000000000000000000000	negative	8	84	452	0
712	171884844255717315649844630199646148907352200893245639758439424387176446064311770579/904000000000000000000000000000000000000000000000000000000000000000000000000000000000	86619636236502094724581927320259523842085702352762812195625108073169726511632299771/452000000000000000000000000000000000000000000000000000000000000000000000000000000000	negative	8	85	452	0
713	86619636236502094724581927320259523842085702352762812195625108073169726511632299771/452000000000000000000000000000000000000000000000000000000000000000000000000000000000	34918740138058212649696615816278389292198121703561121804812201581100491996443485701/180800000000000000000000000000000000000000000000000000000000000000000000000000000000	negative	8	86	452	0
714	34918740138058212649696615816278389292198121703561121804812201581100491996443485701/180800000000000000000000000000000000000000000000000000000000000000000000000000000000	43987032226894484261950575880566211309452453082521398414217949916166366735292564367/226000000000000000000000000000000000000000000000000000000000000000000000000000000000	negative	8	87	452	0
715	43987032226894484261950575880566211309452453082521398414217949916166366735292564367/226000000000000000000000000000000000000000000000000000000000000000000000000000000000	177302557124864810847121527963137744014629016142365578289682591423828473900123086431/904000000000000000000000000000000000000000000000000000000000000000000000000000000000	negative	8	88	452	0
716	177302557124864810847121527963137744014629016142365578289682591423828473900123086431/904000000000000000000000000000000000000000000000000000000000000000000000000000000000	89328492671075842323220376202005321395724109977322781461246691591495740429537957697/452000000000000000000000000000000000000000000000000000000000000000000000000000000000	negative	8	89	452	0
717	89328492671075842323220376202005321395724109977322781461246691591495740429537957697/452000000000000000000000000000000000000000000000000000000000000000000000000000000000	180011413559438558445759976844883541568267423766925547555304174942154487818028744357/904000000000000000000000000000000000000000000000000000000000000000000000000000000000	negative	8	90	452	0
718	180011413559438558445759976844883541568267423766925547555304174942154487818028744357/904000000000000000000000000000000000000000000000000000000000000000000000000000000000	4534146044418135806126980032143911008627165689480138304702874167532937369424539333/22600000000000000000000000000000000000000000000000000000000000000000000000000000000	negative	8	91	452	0
719	4534146044418135806126980032143911008627165689480138304702874167532937369424539333/22600000000000000000000000000000000000000000000000000000000000000000000000000000000	182720269994012306044398425726629339121905831391485516820925758460480501735934402283/904000000000000000000000000000000000000000000000000000000000000000000000000000000000	negative	8	92	452	0
720	182720269994012306044398425726629339121905831391485516820925758460480501735934402283/904000000000000000000000000000000000000000000000000000000000000000000000000000000000	92037349105649589921858825083751118949362517601882750726868275109821754347443615623/452000000000000000000000000000000000000000000000000000000000000000000000000000000000	negative	8	93	452	0
721	92037349105649589921858825083751118949362517601882750726868275109821754347443615623/452000000000000000000000000000000000000000000000000000000000000000000000000000000000	185429126428586053643036874608375136675544239016045486086547341978806515653840060209/904000000000000000000000000000000000000000000000000000000000000000000000000000000000	negative	8	94	452	0
722	185429126428586053643036874608375136675544239016045486086547341978806515653840060209/904000000000000000000000000000000000000000000000000000000000000000000000000000000000	46695888661468231860589024762312008863090860707081367679839533434492380653198222293/226000000000000000000000000000000000000000000000000000000000000000000000000000000000	negative	8	95	452	0
723	46695888661468231860589024762312008863090860707081367679839533434492380653198222293/226000000000000000000000000000000000000000000000000000000000000000000000000000000000	37627596572631960248335064698024186845836529328121091070433785099426505914349143627/180800000000000000000000000000000000000000000000000000000000000000000000000000000000	negative	8	96	452	0
724	37627596572631960248335064698024186845836529328121091070433785099426505914349143627/180800000000000000000000000000000000000000000000000000000000000000000000000000000000	94746205540223337520497273965496916503000925226442719992489858628147768265349273549/452000000000000000000000000000000000000000000000000000000000000000000000000000000000	negative	8	97	452	0
725	94746205540223337520497273965496916503000925226442719992489858628147768265349273549/452000000000000000000000000000000000000000000000000000000000000000000000000000000000	190846839297733548840313772371866731782821054265165424617790509015458543489651376061/904000000000000000000000000000000000000000000000000000000000000000000000000000000000	negative	8	98	452	0
726	190846839297733548840313772371866731782821054265165424617790509015458543489651376061/904000000000000000000000000000000000000000000000000000000000000000000000000000000000	6006289609844388207488531150398113454988758064920169039081290649206923451518881407/28250000000000000000000000000000000000000000000000000000000000000000000000000000000	negative	8	99	452	0
727	6006289609844388207488531150398113454988758064920169039081290649206923451518881407/28250000000000000000000000000000000000000000000000000000000000000000000000000000000	193555695732307296438952221253612529336459461889725393883412092533784557407557033987/904000000000000000000000000000000000000000000000000000000000000000000000000000000000	negative	8	100	452	0
728	193555695732307296438952221253612529336459461889725393883412092533784557407557033987/904000000000000000000000000000000000000000000000000000000000000000000000000000000000	3898202478991883404765428913889708562265573314040107570324457685858951287330197259/18080000000000000000000000000000000000000000000000000000000000000000000000000000000	negative	8	101	452	0
729	3898202478991883404765428913889708562265573314040107570324457685858951287330197259/18080000000000000000000000000000000000000000000000000000000000000000000000000000000	196264552166881044037590670135358326890097869514285363149033676052110571325462691913/904000000000000000000000000000000000000000000000000000000000000000000000000000000000	negative	8	102	452	0
730	196264552166881044037590670135358326890097869514285363149033676052110571325462691913/904000000000000000000000000000000000000000000000000000000000000000000000000000000000	49404745096041979459227473644057806416729268331641336945461116952818394571103880219/226000000000000000000000000000000000000000000000000000000000000000000000000000000000	negative	8	103	452	0
731	49404745096041979459227473644057806416729268331641336945461116952818394571103880219/226000000000000000000000000000000000000000000000000000000000000000000000000000000000	198973408601454791636229119017104124443736277138845332414655259570436585243368349839/904000000000000000000000000000000000000000000000000000000000000000000000000000000000	negative	8	104	452	0
732	198973408601454791636229119017104124443736277138845332414655259570436585243368349839/904000000000000000000000000000000000000000000000000000000000000000000000000000000000	100163918409370832717774171728988511610277740475562658523733025664799796101160589401/452000000000000000000000000000000000000000000000000000000000000000000000000000000000	negative	8	105	452	0
733	100163918409370832717774171728988511610277740475562658523733025664799796101160589401/452000000000000000000000000000000000000000000000000000000000000000000000000000000000	40336453007205707846973513579769984399474936952681060336055368617752519832254801553/180800000000000000000000000000000000000000000000000000000000000000000000000000000000	negative	8	106	452	0
734	40336453007205707846973513579769984399474936952681060336055368617752519832254801553/180800000000000000000000000000000000000000000000000000000000000000000000000000000000	25379586656664426629273349042465352596774236071960660789135954355990700765028354591/113000000000000000000000000000000000000000000000000000000000000000000000000000000000	negative	8	107	452	0
735	25379586656664426629273349042465352596774236071960660789135954355990700765028354591/113000000000000000000000000000000000000000000000000000000000000000000000000000000000	204391121470602286833506016780595719551013092387965270945898426607088613079179665691/904000000000000000000000000000000000000000000000000000000000000000000000000000000000	negative	8	108	452	0
736	204391121470602286833506016780595719551013092387965270945898426607088613079179665691/904000000000000000000000000000000000000000000000000000000000000000000000000000000000	102872774843944580316412620610734309163916148100122627789354609183125810019066247327/452000000000000000000000000000000000000000000000000000000000000000000000000000000000	negative	8	109	452	0
737	102872774843944580316412620610734309163916148100122627789354609183125810019066247327/452000000000000000000000000000000000000000000000000000000000000000000000000000000000	207099977905176034432144465662341517104651500012525240211520010125414626997085323617/904000000000000000000000000000000000000000000000000000000000000000000000000000000000	negative	8	110	452	0
738	207099977905176034432144465662341517104651500012525240211520010125414626997085323617/904000000000000000000000000000000000000000000000000000000000000000000000000000000000	10422720306123145411573184505160720794073535191240261242216540094228881697801907629/45200000000000000000000000000000000000000000000000000000000000000000000000000000000	negative	8	111	452	0
739	10422720306123145411573184505160720794073535191240261242216540094228881697801907629/45200000000000000000000000000000000000000000000000000000000000000000000000000000000	1856715348139378602042326677381303669542388563160046101567624722510979123141513111/8000000000000000000000000000000000000000000000000000000000000000000000000000000000	negative	8	112	452	0
740	1856715348139378602042326677381303669542388563160046101567624722510979123141513111/8000000000000000000000000000000000000000000000000000000000000000000000000000000000	105581631278518327915051069492480106717554555724682597054976192701451823936971905253/452000000000000000000000000000000000000000000000000000000000000000000000000000000000	negative	8	113	452	0
741	105581631278518327915051069492480106717554555724682597054976192701451823936971905253/452000000000000000000000000000000000000000000000000000000000000000000000000000000000	212517690774323529629421363425833112211928315261645178742763177162066654832896639469/904000000000000000000000000000000000000000000000000000000000000000000000000000000000	negative	8	114	452	0
742	212517690774323529629421363425833112211928315261645178742763177162066654832896639469/904000000000000000000000000000000000000000000000000000000000000000000000000000000000	13367007436975650214296286741669125686796719942120322710973373057576853861990591777/56500000000000000000000000000000000000000000000000000000000000000000000000000000000	negative	8	115	452	0
743	13367007436975650214296286741669125686796719942120322710973373057576853861990591777/56500000000000000000000000000000000000000000000000000000000000000000000000000000000	43045309441779455445611962461515781953113344577241029601676952136078533750160459479/180800000000000000000000000000000000000000000000000000000000000000000000000000000000	negative	8	116	452	0
744	43045309441779455445611962461515781953113344577241029601676952136078533750160459479/180800000000000000000000000000000000000000000000000000000000000000000000000000000000	108290487713092075513689518374225904271192963349242566320597776219777837854877563179/452000000000000000000000000000000000000000000000000000000000000000000000000000000000	negative	8	117	452	0
745	108290487713092075513689518374225904271192963349242566320597776219777837854877563179/452000000000000000000000000000000000000000000000000000000000000000000000000000000000	217935403643471024826698261189324707319205130510765117274006344198718682668707955321/904000000000000000000000000000000000000000000000000000000000000000000000000000000000	negative	8	118	452	0
746	217935403643471024826698261189324707319205130510765117274006344198718682668707955321/904000000000000000000000000000000000000000000000000000000000000000000000000000000000	54822457965189474656504371407549401524006083580761275476704283989470422406915196071/226000000000000000000000000000000000000000000000000000000000000000000000000000000000	negative	8	119	452	0
747	54822457965189474656504371407549401524006083580761275476704283989470422406915196071/226000000000000000000000000000000000000000000000000000000000000000000000000000000000	220644260078044772425336710071070504872843538135325086539627927717044696586613613247/904000000000000000000000000000000000000000000000000000000000000000000000000000000000	negative	8	120	452	0
748	220644260078044772425336710071070504872843538135325086539627927717044696586613613247/904000000000000000000000000000000000000000000000000000000000000000000000000000000000	22199868829533164622465593451194340364966274194760507117243871947620770354556644221/90400000000000000000000000000000000000000000000000000000000000000000000000000000000	negative	8	121	452	0
749	22199868829533164622465593451194340364966274194760507117243871947620770354556644221/90400000000000000000000000000000000000000000000000000000000000000000000000000000000	223353116512618520023975158952816302426481945759885055805249511235370710504519271173/904000000000000000000000000000000000000000000000000000000000000000000000000000000000	negative	8	122	452	0
750	223353116512618520023975158952816302426481945759885055805249511235370710504519271173/904000000000000000000000000000000000000000000000000000000000000000000000000000000000	28088443091238174227911797924211150150412643696520630054757537874316714682934012517/113000000000000000000000000000000000000000000000000000000000000000000000000000000000	negative	8	123	452	0
751	28088443091238174227911797924211150150412643696520630054757537874316714682934012517/113000000000000000000000000000000000000000000000000000000000000000000000000000000000	226061972947192267622613607834562099980120353384445025070871094753696724422424929099/904000000000000000000000000000000000000000000000000000000000000000000000000000000000	negative	8	124	452	0
752	226061972947192267622613607834562099980120353384445025070871094753696724422424929099/904000000000000000000000000000000000000000000000000000000000000000000000000000000000	113708200582239570710966416137717499378469778598362504851840943256429865690688879031/452000000000000000000000000000000000000000000000000000000000000000000000000000000000	negative	8	125	452	0
753	113708200582239570710966416137717499378469778598362504851840943256429865690688879031/452000000000000000000000000000000000000000000000000000000000000000000000000000000000	9150833175270640608850082268652315901350350440360199773459707130880909533613223481/36160000000000000000000000000000000000000000000000000000000000000000000000000000000	negative	8	126	452	0
754	9150833175270640608850082268652315901350350440360199773459707130880909533613223481/36160000000000000000000000000000000000000000000000000000000000000000000000000000000	57531314399763222255142820289295199077644491205321244742325867507796436324820853997/226000000000000000000000000000000000000000000000000000000000000000000000000000000000	negative	8	127	452	0
755	57531314399763222255142820289295199077644491205321244742325867507796436324820853997/226000000000000000000000000000000000000000000000000000000000000000000000000000000000	231479685816339762819890505598053695087397168633564963602114261790348752258236244951/904000000000000000000000000000000000000000000000000000000000000000000000000000000000	negative	8	128	452	0
756	231479685816339762819890505598053695087397168633564963602114261790348752258236244951/904000000000000000000000000000000000000000000000000000000000000000000000000000000000	116417057016813318309604865019463296932108186222922474117462526774755879608594536957/452000000000000000000000000000000000000000000000000000000000000000000000000000000000	negative	8	129	452	0
757	116417057016813318309604865019463296932108186222922474117462526774755879608594536957/452000000000000000000000000000000000000000000000000000000000000000000000000000000000	234188542250913510418528954479799492641035576258124932867735845308674766176141902877/904000000000000000000000000000000000000000000000000000000000000000000000000000000000	negative	8	130	452	0
758	234188542250913510418528954479799492641035576258124932867735845308674766176141902877/904000000000000000000000000000000000000000000000000000000000000000000000000000000000	736071782713126200680775559127101223180796187720015367189208240836993041047171037/2825000000000000000000000000000000000000000000000000000000000000000000000000000000	negative	8	131	452	0
759	736071782713126200680775559127101223180796187720015367189208240836993041047171037/2825000000000000000000000000000000000000000000000000000000000000000000000000000000	236897398685487258017167403361545290194673983882684902133357428827000780094047560803/904000000000000000000000000000000000000000000000000000000000000000000000000000000000	negative	8	132	452	0
760	236897398685487258017167403361545290194673983882684902133357428827000780094047560803/904000000000000000000000000000000000000000000000000000000000000000000000000000000000	119125913451387065908243313901209094485746593847482443383084110293081893526500194883/452000000000000000000000000000000000000000000000000000000000000000000000000000000000	negative	8	133	452	0
761	119125913451387065908243313901209094485746593847482443383084110293081893526500194883/452000000000000000000000000000000000000000000000000000000000000000000000000000000000	239606255120061005615805852243291087748312391507244871398979012345326794011953218729/904000000000000000000000000000000000000000000000000000000000000000000000000000000000	negative	8	134	452	0
762	239606255120061005615805852243291087748312391507244871398979012345326794011953218729/904000000000000000000000000000000000000000000000000000000000000000000000000000000000	60240170834336969853781269171040996631282898829881214007947451026122450242726511923/226000000000000000000000000000000000000000000000000000000000000000000000000000000000	negative	8	135	452	0
763	60240170834336969853781269171040996631282898829881214007947451026122450242726511923/226000000000000000000000000000000000000000000000000000000000000000000000000000000000	48463022310926950642888860225007377060390159826360968132920119172730561585971775331/180800000000000000000000000000000000000000000000000000000000000000000000000000000000	negative	8	136	452	0
764	48463022310926950642888860225007377060390159826360968132920119172730561585971775331/180800000000000000000000000000000000000000000000000000000000000000000000000000000000	121834769885960813506881762782954892039385001472042412648705693811407907444405852809/452000000000000000000000000000000000000000000000000000000000000000000000000000000000	negative	8	137	452	0
765	121834769885960813506881762782954892039385001472042412648705693811407907444405852809/452000000000000000000000000000000000000000000000000000000000000000000000000000000000	245023967989208500813082750006782682855589206756364809930222179381978821847764534581/904000000000000000000000000000000000000000000000000000000000000000000000000000000000	negative	8	138	452	0
766	245023967989208500813082750006782682855589206756364809930222179381978821847764534581/904000000000000000000000000000000000000000000000000000000000000000000000000000000000	30797299525811921826550246805956947704051051321080599320379121392642728600839670443/113000000000000000000000000000000000000000000000000000000000000000000000000000000000	negative	8	139	452	0
767	30797299525811921826550246805956947704051051321080599320379121392642728600839670443/113000000000000000000000000000000000000000000000000000000000000000000000000000000000	247732824423782248411721198888528480409227614380924779195843762900304835765670192507/904000000000000000000000000000000000000000000000000000000000000000000000000000000000	negative	8	140	452	0
768	247732824423782248411721198888528480409227614380924779195843762900304835765670192507/904000000000000000000000000000000000000000000000000000000000000000000000000000000000	24908725264106912221104042332940137918604681819320476382865455465946784272462302147/90400000000000000000000000000000000000000000000000000000000000000000000000000000000	negative	8	141	452	0
769	24908725264106912221104042332940137918604681819320476382865455465946784272462302147/90400000000000000000000000000000000000000000000000000000000000000000000000000000000	250441680858355996010359647770274277962866022005484748461465346418630849683575850433/904000000000000000000000000000000000000000000000000000000000000000000000000000000000	negative	8	142	452	0
770	250441680858355996010359647770274277962866022005484748461465346418630849683575850433/904000000000000000000000000000000000000000000000000000000000000000000000000000000000	62949027268910717452419718052786794184921306454441183273569034544448464160632169849/226000000000000000000000000000000000000000000000000000000000000000000000000000000000	negative	8	143	452	0
771	62949027268910717452419718052786794184921306454441183273569034544448464160632169849/226000000000000000000000000000000000000000000000000000000000000000000000000000000000	253150537292929743608998096652020075516504429630044717727086929936956863601481508359/904000000000000000000000000000000000000000000000000000000000000000000000000000000000	negative	8	144	452	0
772	253150537292929743608998096652020075516504429630044717727086929936956863601481508359/904000000000000000000000000000000000000000000000000000000000000000000000000000000000	127252482755108308704158660546446487146661816721162351179948860848059935280217168661/452000000000000000000000000000000000000000000000000000000000000000000000000000000000	negative	8	145	452	0
773	127252482755108308704158660546446487146661816721162351179948860848059935280217168661/452000000000000000000000000000000000000000000000000000000000000000000000000000000000	51171878745500698241527309106753174614028567450920937398541702691056575503877433257/180800000000000000000000000000000000000000000000000000000000000000000000000000000000	negative	8	146	452	0
774	51171878745500698241527309106753174614028567450920937398541702691056575503877433257/180800000000000000000000000000000000000000000000000000000000000000000000000000000000	16075863871549397812934735623414923240435127566680291976594956575902867779896249703/56500000000000000000000000000000000000000000000000000000000000000000000000000000000	negative	8	147	452	0
775	16075863871549397812934735623414923240435127566680291976594956575902867779896249703/56500000000000000000000000000000000000000000000000000000000000000000000000000000000	258568250162077238806274994415511670623781244879164656258330096973608891437292824211/904000000000000000000000000000000000000000000000000000000000000000000000000000000000	negative	8	148	452	0
776	258568250162077238806274994415511670623781244879164656258330096973608891437292824211/904000000000000000000000000000000000000000000000000000000000000000000000000000000000	129961339189682056302797109428192284700300224345722320445570444366385949198122826587/452000000000000000000000000000000000000000000000000000000000000000000000000000000000	negative	8	149	452	0
777	129961339189682056302797109428192284700300224345722320445570444366385949198122826587/452000000000000000000000000000000000000000000000000000000000000000000000000000000000	261277106596650986404913443297257468177419652503724625523951680491934905355198482137/904000000000000000000000000000000000000000000000000000000000000000000000000000000000	negative	8	150	452	0
778	261277106596650986404913443297257468177419652503724625523951680491934905355198482137/904000000000000000000000000000000000000000000000000000000000000000000000000000000000	2626315348139378602042326677381303669542388563160046101567624722510979123141513111/9040000000000000000000000000000000000000000000000000000000000000000000000000000000	negative	8	151	452	0
779	2626315348139378602042326677381303669542388563160046101567624722510979123141513111/9040000000000000000000000000000000000000000000000000000000000000000000000000000000	263985963031224734003551892179003265731058060128284594789573264010260919273104140063/904000000000000000000000000000000000000000000000000000000000000000000000000000000000	negative	8	152	452	0
780	263985963031224734003551892179003265731058060128284594789573264010260919273104140063/904000000000000000000000000000000000000000000000000000000000000000000000000000000000	132670195624255803901435558309938082253938631970282289711192027884711963116028484513/452000000000000000000000000000000000000000000000000000000000000000000000000000000000	negative	8	153	452	0
781	132670195624255803901435558309938082253938631970282289711192027884711963116028484513/452000000000000000000000000000000000000000000000000000000000000000000000000000000000	266694819465798481602190341060749063284696467752844564055194847528586933191009797989/904000000000000000000000000000000000000000000000000000000000000000000000000000000000	negative	8	154	452	0
782	266694819465798481602190341060749063284696467752844564055194847528586933191009797989/904000000000000000000000000000000000000000000000000000000000000000000000000000000000	33506155960385669425188695687702745257689458945640568586000704910968742518745328369/113000000000000000000000000000000000000000000000000000000000000000000000000000000000	negative	8	155	452	0
783	33506155960385669425188695687702745257689458945640568586000704910968742518745328369/113000000000000000000000000000000000000000000000000000000000000000000000000000000000	53880735180074445840165757988498972167666975075480906664163286209382589421783091183/180800000000000000000000000000000000000000000000000000000000000000000000000000000000	negative	8	156	452	0
784	53880735180074445840165757988498972167666975075480906664163286209382589421783091183/180800000000000000000000000000000000000000000000000000000000000000000000000000000000	135379052058829551500074007191683879807577039594842258976813611403037977033934142439/452000000000000000000000000000000000000000000000000000000000000000000000000000000000	negative	8	157	452	0
785	135379052058829551500074007191683879807577039594842258976813611403037977033934142439/452000000000000000000000000000000000000000000000000000000000000000000000000000000000	272112532334945976799467238824240658391973283001964502586438014565238961026821113841/904000000000000000000000000000000000000000000000000000000000000000000000000000000000	negative	8	158	452	0
786	272112532334945976799467238824240658391973283001964502586438014565238961026821113841/904000000000000000000000000000000000000000000000000000000000000000000000000000000000	68366740138058212649696615816278389292198121703561121804812201581100491996443485701/226000000000000000000000000000000000000000000000000000000000000000000000000000000000	negative	8	159	452	0
787	68366740138058212649696615816278389292198121703561121804812201581100491996443485701/226000000000000000000000000000000000000000000000000000000000000000000000000000000000	274821388769519724398105687705986455945611690626524471852059598083564974944726771767/904000000000000000000000000000000000000000000000000000000000000000000000000000000000	negative	8	160	452	0
788	274821388769519724398105687705986455945611690626524471852059598083564974944726771767/904000000000000000000000000000000000000000000000000000000000000000000000000000000000	27617581698680659819742491214685935472243089443880445648487038984272798190367960073/90400000000000000000000000000000000000000000000000000000000000000000000000000000000	negative	8	161	452	0
789	27617581698680659819742491214685935472243089443880445648487038984272798190367960073/90400000000000000000000000000000000000000000000000000000000000000000000000000000000	277530245204093471996744136587732253499250098251084441117681181601890988862632429693/904000000000000000000000000000000000000000000000000000000000000000000000000000000000	negative	8	162	452	0
790	277530245204093471996744136587732253499250098251084441117681181601890988862632429693/904000000000000000000000000000000000000000000000000000000000000000000000000000000000	8715146044418135806126980032143911008627165689480138304702874167532937369424539333/28250000000000000000000000000000000000000000000000000000000000000000000000000000000	negative	8	163	452	0
791	8715146044418135806126980032143911008627165689480138304702874167532937369424539333/28250000000000000000000000000000000000000000000000000000000000000000000000000000000	280239101638667219595382585469478051052888505875644410383302765120217002780538087619/904000000000000000000000000000000000000000000000000000000000000000000000000000000000	negative	8	164	452	0
792	280239101638667219595382585469478051052888505875644410383302765120217002780538087619/904000000000000000000000000000000000000000000000000000000000000000000000000000000000	140796764927977046697350904955175474914853854843962197508056778439690004869745458291/452000000000000000000000000000000000000000000000000000000000000000000000000000000000	negative	8	165	452	0
793	140796764927977046697350904955175474914853854843962197508056778439690004869745458291/452000000000000000000000000000000000000000000000000000000000000000000000000000000000	56589591614648193438804206870244769721305382700040875929784869727708603339688749109/180800000000000000000000000000000000000000000000000000000000000000000000000000000000	negative	8	166	452	0
794	56589591614648193438804206870244769721305382700040875929784869727708603339688749109/180800000000000000000000000000000000000000000000000000000000000000000000000000000000	71075596572631960248335064698024186845836529328121091070433785099426505914349143627/226000000000000000000000000000000000000000000000000000000000000000000000000000000000	negative	8	167	452	0
795	71075596572631960248335064698024186845836529328121091070433785099426505914349143627/226000000000000000000000000000000000000000000000000000000000000000000000000000000000	285656814507814714792659483232969646160165321124764348914545932156869030616349403471/904000000000000000000000000000000000000000000000000000000000000000000000000000000000	negative	8	168	452	0
796	285656814507814714792659483232969646160165321124764348914545932156869030616349403471/904000000000000000000000000000000000000000000000000000000000000000000000000000000000	143505621362550794295989353836921272468492262468522166773678361958016018787651116217/452000000000000000000000000000000000000000000000000000000000000000000000000000000000	negative	8	169	452	0
797	143505621362550794295989353836921272468492262468522166773678361958016018787651116217/452000000000000000000000000000000000000000000000000000000000000000000000000000000000	288365670942388462391297932114715443713803728749324318180167515675195044534255061397/904000000000000000000000000000000000000000000000000000000000000000000000000000000000	negative	8	170	452	0
798	288365670942388462391297932114715443713803728749324318180167515675195044534255061397/904000000000000000000000000000000000000000000000000000000000000000000000000000000000	7243002478991883404765428913889708562265573314040107570324457685858951287330197259/22600000000000000000000000000000000000000000000000000000000000000000000000000000000	negative	8	171	452	0
799	7243002478991883404765428913889708562265573314040107570324457685858951287330197259/22600000000000000000000000000000000000000000000000000000000000000000000000000000000	291074527376962209989936380996461241267442136373884287445789099193521058452160719323/904000000000000000000000000000000000000000000000000000000000000000000000000000000000	negative	8	172	452	0
800	291074527376962209989936380996461241267442136373884287445789099193521058452160719323/904000000000000000000000000000000000000000000000000000000000000000000000000000000000	146214477797124541894627802718667070022130670093082136039299945476342032705556774143/452000000000000000000000000000000000000000000000000000000000000000000000000000000000	negative	8	173	452	0
801	146214477797124541894627802718667070022130670093082136039299945476342032705556774143/452000000000000000000000000000000000000000000000000000000000000000000000000000000000	293783383811535957588574829878207038821080543998444256711410682711847072370066377249/904000000000000000000000000000000000000000000000000000000000000000000000000000000000	negative	8	174	452	0
802	293783383811535957588574829878207038821080543998444256711410682711847072370066377249/904000000000000000000000000000000000000000000000000000000000000000000000000000000000	73784453007205707846973513579769984399474936952681060336055368617752519832254801553/226000000000000000000000000000000000000000000000000000000000000000000000000000000000	negative	8	175	452	0
803	73784453007205707846973513579769984399474936952681060336055368617752519832254801553/226000000000000000000000000000000000000000000000000000000000000000000000000000000000	11859689609844388207488531150398113454988758064920169039081290649206923451518881407/36160000000000000000000000000000000000000000000000000000000000000000000000000000000	negative	8	176	452	0
804	11859689609844388207488531150398113454988758064920169039081290649206923451518881407/36160000000000000000000000000000000000000000000000000000000000000000000000000000000	148923334231698289493266251600412867575769077717642105304921528994668046623462432069/452000000000000000000000000000000000000000000000000000000000000000000000000000000000	negative	8	177	452	0
805	148923334231698289493266251600412867575769077717642105304921528994668046623462432069/452000000000000000000000000000000000000000000000000000000000000000000000000000000000	299201096680683452785851727641698633928357359247564195242653849748499100205877693101/904000000000000000000000000000000000000000000000000000000000000000000000000000000000	negative	8	178	452	0
806	299201096680683452785851727641698633928357359247564195242653849748499100205877693101/904000000000000000000000000000000000000000000000000000000000000000000000000000000000	18784720306123145411573184505160720794073535191240261242216540094228881697801907629/56500000000000000000000000000000000000000000000000000000000000000000000000000000000	negative	8	179	452	0
807	18784720306123145411573184505160720794073535191240261242216540094228881697801907629/56500000000000000000000000000000000000000000000000000000000000000000000000000000000	301909953115257200384490176523444431481995766872124164508275433266825114123783351027/904000000000000000000000000000000000000000000000000000000000000000000000000000000000	negative	8	180	452	0
808	301909953115257200384490176523444431481995766872124164508275433266825114123783351027/904000000000000000000000000000000000000000000000000000000000000000000000000000000000	30326438133254407418380940096431733025881497068440414914108622502598812108273617999/90400000000000000000000000000000000000000000000000000000000000000000000000000000000	negative	8	181	452	0
809	30326438133254407418380940096431733025881497068440414914108622502598812108273617999/90400000000000000000000000000000000000000000000000000000000000000000000000000000000	304618809549830947983128625405190229035634174496684133773897016785151128041689008953/904000000000000000000000000000000000000000000000000000000000000000000000000000000000	negative	8	182	452	0
810	304618809549830947983128625405190229035634174496684133773897016785151128041689008953/904000000000000000000000000000000000000000000000000000000000000000000000000000000000	76493309441779455445611962461515781953113344577241029601676952136078533750160459479/226000000000000000000000000000000000000000000000000000000000000000000000000000000000	negative	8	183	452	0
811	76493309441779455445611962461515781953113344577241029601676952136078533750160459479/226000000000000000000000000000000000000000000000000000000000000000000000000000000000	307327665984404695581767074286936026589272582121244103039518600303477141959594666879/904000000000000000000000000000000000000000000000000000000000000000000000000000000000	negative	8	184	452	0
812	307327665984404695581767074286936026589272582121244103039518600303477141959594666879/904000000000000000000000000000000000000000000000000000000000000000000000000000000000	154341047100845784690543149363904462683045892966762043836164696031320074459273747921/452000000000000000000000000000000000000000000000000000000000000000000000000000000000	negative	8	185	452	0
813	154341047100845784690543149363904462683045892966762043836164696031320074459273747921/452000000000000000000000000000000000000000000000000000000000000000000000000000000000	62007304483795688636081104633736364828582197949160814461028036764360631175500064961/180800000000000000000000000000000000000000000000000000000000000000000000000000000000	negative	8	186	452	0
814	62007304483795688636081104633736364828582197949160814461028036764360631175500064961/180800000000000000000000000000000000000000000000000000000000000000000000000000000000	38923868829533164622465593451194340364966274194760507117243871947620770354556644221/113000000000000000000000000000000000000000000000000000000000000000000000000000000000	negative	8	187	452	0
815	38923868829533164622465593451194340364966274194760507117243871947620770354556644221/113000000000000000000000000000000000000000000000000000000000000000000000000000000000	312745378853552190779043972050427621696549397370364041570761767340129169795405982731/904000000000000000000000000000000000000000000000000000000000000000000000000000000000	negative	8	188	452	0
816	312745378853552190779043972050427621696549397370364041570761767340129169795405982731/904000000000000000000000000000000000000000000000000000000000000000000000000000000000	157049903535419532289181598245650260236684300591322013101786279549646088377179405847/452000000000000000000000000000000000000000000000000000000000000000000000000000000000	negative	8	189	452	0
817	157049903535419532289181598245650260236684300591322013101786279549646088377179405847/452000000000000000000000000000000000000000000000000000000000000000000000000000000000	315454235288125938377682420932173419250187804994924010836383350858455183713311640657/904000000000000000000000000000000000000000000000000000000000000000000000000000000000	negative	8	190	452	0
818	315454235288125938377682420932173419250187804994924010836383350858455183713311640657/904000000000000000000000000000000000000000000000000000000000000000000000000000000000	15840433175270640608850082268652315901350350440360199773459707130880909533613223481/45200000000000000000000000000000000000000000000000000000000000000000000000000000000	negative	8	191	452	0
819	15840433175270640608850082268652315901350350440360199773459707130880909533613223481/45200000000000000000000000000000000000000000000000000000000000000000000000000000000	318163091722699685976320869813919216803826212619483980102004934376781197631217298583/904000000000000000000000000000000000000000000000000000000000000000000000000000000000	negative	8	192	452	0
820	318163091722699685976320869813919216803826212619483980102004934376781197631217298583/904000000000000000000000000000000000000000000000000000000000000000000000000000000000	159758759969993279887820047127396057790322708215881982367407863067972102295085063773/452000000000000000000000000000000000000000000000000000000000000000000000000000000000	negative	8	193	452	0
821	159758759969993279887820047127396057790322708215881982367407863067972102295085063773/452000000000000000000000000000000000000000000000000000000000000000000000000000000000	320871948157273433574959318695665014357464620244043949367626517895107211549122956509/904000000000000000000000000000000000000000000000000000000000000000000000000000000000	negative	8	194	452	0
822	320871948157273433574959318695665014357464620244043949367626517895107211549122956509/904000000000000000000000000000000000000000000000000000000000000000000000000000000000	1258696782713126200680775559127101223180796187720015367189208240836993041047171037/3531250000000000000000000000000000000000000000000000000000000000000000000000000000	negative	8	195	452	0
823	1258696782713126200680775559127101223180796187720015367189208240836993041047171037/3531250000000000000000000000000000000000000000000000000000000000000000000000000000	64716160918369436234719553515482162382220605573720783726649620282686645093405722887/180800000000000000000000000000000000000000000000000000000000000000000000000000000000	negative	8	196	452	0
824	64716160918369436234719553515482162382220605573720783726649620282686645093405722887/180800000000000000000000000000000000000000000000000000000000000000000000000000000000	162467616404567027486458496009141855343961115840441951633029446586298116212990721699/452000000000000000000000000000000000000000000000000000000000000000000000000000000000	negative	8	197	452	0
825	162467616404567027486458496009141855343961115840441951633029446586298116212990721699/452000000000000000000000000000000000000000000000000000000000000000000000000000000000	326289661026420928772236216459156609464741435493163887898869684931759239384934272361/904000000000000000000000000000000000000000000000000000000000000000000000000000000000	negative	8	198	452	0
826	326289661026420928772236216459156609464741435493163887898869684931759239384934272361/904000000000000000000000000000000000000000000000000000000000000000000000000000000000	81911022310926950642888860225007377060390159826360968132920119172730561585971775331/226000000000000000000000000000000000000000000000000000000000000000000000000000000000	negative	8	199	452	0
827	81911022310926950642888860225007377060390159826360968132920119172730561585971775331/226000000000000000000000000000000000000000000000000000000000000000000000000000000000	328998517460994676370874665340902407018379843117723857164491268450085253302839930287/904000000000000000000000000000000000000000000000000000000000000000000000000000000000	negative	8	200	452	0
828	328998517460994676370874665340902407018379843117723857164491268450085253302839930287/904000000000000000000000000000000000000000000000000000000000000000000000000000000000	1321411782713126200680775559127101223180796187720015367189208240836993041047171037/3616000000000000000000000000000000000000000000000000000000000000000000000000000000	negative	8	201	452	0
829	1321411782713126200680775559127101223180796187720015367189208240836993041047171037/3616000000000000000000000000000000000000000000000000000000000000000000000000000000	331707373895568423969513114222648204572018250742283826430112851968411267220745588213/904000000000000000000000000000000000000000000000000000000000000000000000000000000000	negative	8	202	452	0
830	331707373895568423969513114222648204572018250742283826430112851968411267220745588213/904000000000000000000000000000000000000000000000000000000000000000000000000000000000	41632725264106912221104042332940137918604681819320476382865455465946784272462302147/113000000000000000000000000000000000000000000000000000000000000000000000000000000000	negative	8	203	452	0
831	41632725264106912221104042332940137918604681819320476382865455465946784272462302147/113000000000000000000000000000000000000000000000000000000000000000000000000000000000	334416230330142171568151563104394002125656658366843795695734435486737281138651246139/904000000000000000000000000000000000000000000000000000000000000000000000000000000000	negative	8	204	452	0
832	334416230330142171568151563104394002125656658366843795695734435486737281138651246139/904000000000000000000000000000000000000000000000000000000000000000000000000000000000	167885329273714522683735393772633450451237931089561890164272613622950144048802037551/452000000000000000000000000000000000000000000000000000000000000000000000000000000000	negative	8	205	452	0
833	167885329273714522683735393772633450451237931089561890164272613622950144048802037551/452000000000000000000000000000000000000000000000000000000000000000000000000000000000	67425017352943183833358002397227959935859013198280752992271203801012659011311380813/180800000000000000000000000000000000000000000000000000000000000000000000000000000000	negative	8	206	452	0
834	67425017352943183833358002397227959935859013198280752992271203801012659011311380813/180800000000000000000000000000000000000000000000000000000000000000000000000000000000	84619878745500698241527309106753174614028567450920937398541702691056575503877433257/226000000000000000000000000000000000000000000000000000000000000000000000000000000000	negative	8	207	452	0
835	84619878745500698241527309106753174614028567450920937398541702691056575503877433257/226000000000000000000000000000000000000000000000000000000000000000000000000000000000	339833943199289666765428460867885597232933473615963734226977602523389308974462561991/904000000000000000000000000000000000000000000000000000000000000000000000000000000000	negative	8	208	452	0
836	339833943199289666765428460867885597232933473615963734226977602523389308974462561991/904000000000000000000000000000000000000000000000000000000000000000000000000000000000	170594185708288270282373842654379248004876338714121859429894197141276157966707695477/452000000000000000000000000000000000000000000000000000000000000000000000000000000000	negative	8	209	452	0
837	170594185708288270282373842654379248004876338714121859429894197141276157966707695477/452000000000000000000000000000000000000000000000000000000000000000000000000000000000	342542799633863414364066909749631394786571881240523703492599186041715322892368219917/904000000000000000000000000000000000000000000000000000000000000000000000000000000000	negative	8	210	452	0
838	342542799633863414364066909749631394786571881240523703492599186041715322892368219917/904000000000000000000000000000000000000000000000000000000000000000000000000000000000	4298715348139378602042326677381303669542388563160046101567624722510979123141513111/11300000000000000000000000000000000000000000000000000000000000000000000000000000000	negative	8	211	452	0
839	4298715348139378602042326677381303669542388563160046101567624722510979123141513111/11300000000000000000000000000000000000000000000000000000000000000000000000000000000	345251656068437161962705358631377192340210288865083672758220769560041336810273877843/904000000000000000000000000000000000000000000000000000000000000000000000000000000000	negative	8	212	452	0
840	345251656068437161962705358631377192340210288865083672758220769560041336810273877843/904000000000000000000000000000000000000000000000000000000000000000000000000000000000	173303042142862017881012291536125045558514746338681828695515780659602171884613353403/452000000000000000000000000000000000000000000000000000000000000000000000000000000000	negative	8	213	452	0
841	173303042142862017881012291536125045558514746338681828695515780659602171884613353403/452000000000000000000000000000000000000000000000000000000000000000000000000000000000	347960512503010909561343807513122989893848696489643642023842353078367350728179535769/904000000000000000000000000000000000000000000000000000000000000000000000000000000000	negative	8	214	452	0
842	347960512503010909561343807513122989893848696489643642023842353078367350728179535769/904000000000000000000000000000000000000000000000000000000000000000000000000000000000	87328735180074445840165757988498972167666975075480906664163286209382589421783091183/226000000000000000000000000000000000000000000000000000000000000000000000000000000000	negative	8	215	452	0
843	87328735180074445840165757988498972167666975075480906664163286209382589421783091183/226000000000000000000000000000000000000000000000000000000000000000000000000000000000	70133873787516931431996451278973757489497420822840722257892787319338672929217038739/180800000000000000000000000000000000000000000000000000000000000000000000000000000000	negative	8	216	452	0
844	70133873787516931431996451278973757489497420822840722257892787319338672929217038739/180800000000000000000000000000000000000000000000000000000000000000000000000000000000	176011898577435765479650740417870843112153153963241797961137364177928185802519011329/452000000000000000000000000000000000000000000000000000000000000000000000000000000000	negative	8	217	452	0
845	176011898577435765479650740417870843112153153963241797961137364177928185802519011329/452000000000000000000000000000000000000000000000000000000000000000000000000000000000	353378225372158404758620705276614585001125511738763580555085520115019378563990851621/904000000000000000000000000000000000000000000000000000000000000000000000000000000000	negative	8	218	452	0
846	353378225372158404758620705276614585001125511738763580555085520115019378563990851621/904000000000000000000000000000000000000000000000000000000000000000000000000000000000	44341581698680659819742491214685935472243089443880445648487038984272798190367960073/113000000000000000000000000000000000000000000000000000000000000000000000000000000000	negative	8	219	452	0
847	44341581698680659819742491214685935472243089443880445648487038984272798190367960073/113000000000000000000000000000000000000000000000000000000000000000000000000000000000	356087081806732152357259154158360382554763919363323549820707103633345392481896509547/904000000000000000000000000000000000000000000000000000000000000000000000000000000000	negative	8	220	452	0
848	356087081806732152357259154158360382554763919363323549820707103633345392481896509547/904000000000000000000000000000000000000000000000000000000000000000000000000000000000	35744151002401902615657837859923328133158312317560353445351789539250839944084933851/90400000000000000000000000000000000000000000000000000000000000000000000000000000000	negative	8	221	452	0
849	35744151002401902615657837859923328133158312317560353445351789539250839944084933851/90400000000000000000000000000000000000000000000000000000000000000000000000000000000	358795938241305899955897603040106180108402326987883519086328687151671406399802167473/904000000000000000000000000000000000000000000000000000000000000000000000000000000000	negative	8	222	452	0
850	358795938241305899955897603040106180108402326987883519086328687151671406399802167473/904000000000000000000000000000000000000000000000000000000000000000000000000000000000	90037591614648193438804206870244769721305382700040875929784869727708603339688749109/226000000000000000000000000000000000000000000000000000000000000000000000000000000000	negative	8	223	452	0
851	90037591614648193438804206870244769721305382700040875929784869727708603339688749109/226000000000000000000000000000000000000000000000000000000000000000000000000000000000	361504794675879647554536051921851977662040734612443488351950270669997420317707825399/904000000000000000000000000000000000000000000000000000000000000000000000000000000000	negative	8	224	452	0
852	361504794675879647554536051921851977662040734612443488351950270669997420317707825399/904000000000000000000000000000000000000000000000000000000000000000000000000000000000	1605571782713126200680775559127101223180796187720015367189208240836993041047171037/4000000000000000000000000000000000000000000000000000000000000000000000000000000000	negative	8	225	452	0
853	1605571782713126200680775559127101223180796187720015367189208240836993041047171037/4000000000000000000000000000000000000000000000000000000000000000000000000000000000	14568546044418135806126980032143911008627165689480138304702874167532937369424539333/36160000000000000000000000000000000000000000000000000000000000000000000000000000000	negative	8	226	452	0
854	14568546044418135806126980032143911008627165689480138304702874167532937369424539333/36160000000000000000000000000000000000000000000000000000000000000000000000000000000	11424002478991883404765428913889708562265573314040107570324457685858951287330197259/28250000000000000000000000000000000000000000000000000000000000000000000000000000000	negative	8	227	452	0
855	11424002478991883404765428913889708562265573314040107570324457685858951287330197259/28250000000000000000000000000000000000000000000000000000000000000000000000000000000	366922507545027142751812949685343572769317549861563426883193437706649448153519141251/904000000000000000000000000000000000000000000000000000000000000000000000000000000000	negative	8	228	452	0
856	366922507545027142751812949685343572769317549861563426883193437706649448153519141251/904000000000000000000000000000000000000000000000000000000000000000000000000000000000	184138467881157008275566087063108235773068376836921705758002114732906227556235985107/452000000000000000000000000000000000000000000000000000000000000000000000000000000000	negative	8	229	452	0
857	184138467881157008275566087063108235773068376836921705758002114732906227556235985107/452000000000000000000000000000000000000000000000000000000000000000000000000000000000	369631363979600890350451398567089370322955957486123396148815021224975462071424799177/904000000000000000000000000000000000000000000000000000000000000000000000000000000000	negative	8	230	452	0
858	369631363979600890350451398567089370322955957486123396148815021224975462071424799177/904000000000000000000000000000000000000000000000000000000000000000000000000000000000	18549289609844388207488531150398113454988758064920169039081290649206923451518881407/45200000000000000000000000000000000000000000000000000000000000000000000000000000000	negative	8	231	452	0
859	18549289609844388207488531150398113454988758064920169039081290649206923451518881407/45200000000000000000000000000000000000000000000000000000000000000000000000000000000	372340220414174637949089847448835167876594365110683365414436604743301475989330457103/904000000000000000000000000000000000000000000000000000000000000000000000000000000000	negative	8	232	452	0
860	372340220414174637949089847448835167876594365110683365414436604743301475989330457103/904000000000000000000000000000000000000000000000000000000000000000000000000000000000	186847324315730755874204535944854033326706784461481675023623698251232241474141643033/452000000000000000000000000000000000000000000000000000000000000000000000000000000000	negative	8	233	452	0
861	186847324315730755874204535944854033326706784461481675023623698251232241474141643033/452000000000000000000000000000000000000000000000000000000000000000000000000000000000	375049076848748385547728296330580965430232772735243334680058188261627489907236115029/904000000000000000000000000000000000000000000000000000000000000000000000000000000000	negative	8	234	452	0
862	375049076848748385547728296330580965430232772735243334680058188261627489907236115029/904000000000000000000000000000000000000000000000000000000000000000000000000000000000	47050438133254407418380940096431733025881497068440414914108622502598812108273617999/113000000000000000000000000000000000000000000000000000000000000000000000000000000000	negative	8	235	452	0
863	47050438133254407418380940096431733025881497068440414914108622502598812108273617999/113000000000000000000000000000000000000000000000000000000000000000000000000000000000	75551586656664426629273349042465352596774236071960660789135954355990700765028354591/180800000000000000000000000000000000000000000000000000000000000000000000000000000000	negative	8	236	452	0
864	75551586656664426629273349042465352596774236071960660789135954355990700765028354591/180800000000000000000000000000000000000000000000000000000000000000000000000000000000	189556180750304503472842984826599830880345192086041644289245281769558255392047300959/452000000000000000000000000000000000000000000000000000000000000000000000000000000000	negative	8	237	452	0
865	189556180750304503472842984826599830880345192086041644289245281769558255392047300959/452000000000000000000000000000000000000000000000000000000000000000000000000000000000	380466789717895880745005194094072560537509587984363273211301355298279517743047430881/904000000000000000000000000000000000000000000000000000000000000000000000000000000000	negative	8	238	452	0
866	380466789717895880745005194094072560537509587984363273211301355298279517743047430881/904000000000000000000000000000000000000000000000000000000000000000000000000000000000	95455304483795688636081104633736364828582197949160814461028036764360631175500064961/226000000000000000000000000000000000000000000000000000000000000000000000000000000000	negative	8	239	452	0
867	95455304483795688636081104633736364828582197949160814461028036764360631175500064961/226000000000000000000000000000000000000000000000000000000000000000000000000000000000	383175646152469628343643642975818358091147995608923242476922938816605531660953088807/904000000000000000000000000000000000000000000000000000000000000000000000000000000000	negative	8	240	452	0
868	383175646152469628343643642975818358091147995608923242476922938816605531660953088807/904000000000000000000000000000000000000000000000000000000000000000000000000000000000	38453007436975650214296286741669125686796719942120322710973373057576853861990591777/90400000000000000000000000000000000000000000000000000000000000000000000000000000000	negative	8	241	452	0
869	38453007436975650214296286741669125686796719942120322710973373057576853861990591777/90400000000000000000000000000000000000000000000000000000000000000000000000000000000	385884502587043375942282091857564155644786403233483211742544522334931545578858746733/904000000000000000000000000000000000000000000000000000000000000000000000000000000000	negative	8	242	452	0
870	385884502587043375942282091857564155644786403233483211742544522334931545578858746733/904000000000000000000000000000000000000000000000000000000000000000000000000000000000	24202433175270640608850082268652315901350350440360199773459707130880909533613223481/56500000000000000000000000000000000000000000000000000000000000000000000000000000000	negative	8	243	452	0
871	24202433175270640608850082268652315901350350440360199773459707130880909533613223481/56500000000000000000000000000000000000000000000000000000000000000000000000000000000	388593359021617123540920540739309953198424810858043181008166105853257559496764404659/904000000000000000000000000000000000000000000000000000000000000000000000000000000000	negative	8	244	452	0
872	388593359021617123540920540739309953198424810858043181008166105853257559496764404659/904000000000000000000000000000000000000000000000000000000000000000000000000000000000	194973893619451998670119882590091425987622007335161582820488448806210283227858616811/452000000000000000000000000000000000000000000000000000000000000000000000000000000000	negative	8	245	452	0
873	194973893619451998670119882590091425987622007335161582820488448806210283227858616811/452000000000000000000000000000000000000000000000000000000000000000000000000000000000	78260443091238174227911797924211150150412643696520630054757537874316714682934012517/180800000000000000000000000000000000000000000000000000000000000000000000000000000000	negative	8	246	452	0
874	78260443091238174227911797924211150150412643696520630054757537874316714682934012517/180800000000000000000000000000000000000000000000000000000000000000000000000000000000	98164160918369436234719553515482162382220605573720783726649620282686645093405722887/226000000000000000000000000000000000000000000000000000000000000000000000000000000000	negative	8	247	452	0
875	98164160918369436234719553515482162382220605573720783726649620282686645093405722887/226000000000000000000000000000000000000000000000000000000000000000000000000000000000	394011071890764618738197438502801548305701626107163119539409272889909587332575720511/904000000000000000000000000000000000000000000000000000000000000000000000000000000000	negative	8	248	452	0
876	394011071890764618738197438502801548305701626107163119539409272889909587332575720511/904000000000000000000000000000000000000000000000000000000000000000000000000000000000	197682750054025746268758331471837223541260414959721552086110032324536297145764274737/452000000000000000000000000000000000000000000000000000000000000000000000000000000000	negative	8	249	452	0
877	197682750054025746268758331471837223541260414959721552086110032324536297145764274737/452000000000000000000000000000000000000000000000000000000000000000000000000000000000	396719928325338366336835887384547345859340033731723088805030856408235601250481378437/904000000000000000000000000000000000000000000000000000000000000000000000000000000000	negative	8	250	452	0
878	396719928325338366336835887384547345859340033731723088805030856408235601250481378437/904000000000000000000000000000000000000000000000000000000000000000000000000000000000	1990371782713126200680775559127101223180796187720015367189208240836993041047171037/4520000000000000000000000000000000000000000000000000000000000000000000000000000000	negative	8	251	452	0
879	1990371782713126200680775559127101223180796187720015367189208240836993041047171037/4520000000000000000000000000000000000000000000000000000000000000000000000000000000	399428784759912113935474336266293143412978441356283058070652439926561615168387036363/904000000000000000000000000000000000000000000000000000000000000000000000000000000000	negative	8	252	452	0
880	399428784759912113935474336266293143412978441356283058070652439926561615168387036363/904000000000000000000000000000000000000000000000000000000000000000000000000000000000	200391606488599493867396780353583021094898822584281521351731615842862311063669932663/452000000000000000000000000000000000000000000000000000000000000000000000000000000000	negative	8	253	452	0
881	200391606488599493867396780353583021094898822584281521351731615842862311063669932663/452000000000000000000000000000000000000000000000000000000000000000000000000000000000	402137641194485861534112785148038940966616848980843027336274023444887629086292694289/904000000000000000000000000000000000000000000000000000000000000000000000000000000000	negative	8	254	452	0
882	402137641194485861534112785148038940966616848980843027336274023444887629086292694289/904000000000000000000000000000000000000000000000000000000000000000000000000000000000	100873017352943183833358002397227959935859013198280752992271203801012659011311380813/226000000000000000000000000000000000000000000000000000000000000000000000000000000000	negative	8	255	452	0
883	100873017352943183833358002397227959935859013198280752992271203801012659011311380813/226000000000000000000000000000000000000000000000000000000000000000000000000000000000	80969299525811921826550246805956947704051051321080599320379121392642728600839670443/180800000000000000000000000000000000000000000000000000000000000000000000000000000000	negative	8	256	452	0
884	80969299525811921826550246805956947704051051321080599320379121392642728600839670443/180800000000000000000000000000000000000000000000000000000000000000000000000000000000	203100462923173241466035229235328818648537230208841490617353199361188324981575590589/452000000000000000000000000000000000000000000000000000000000000000000000000000000000	negative	8	257	452	0
885	203100462923173241466035229235328818648537230208841490617353199361188324981575590589/452000000000000000000000000000000000000000000000000000000000000000000000000000000000	407555354063633356731389682911530536073893664229962965867517190481539656922104010141/904000000000000000000000000000000000000000000000000000000000000000000000000000000000	negative	8	258	452	0
886	407555354063633356731389682911530536073893664229962965867517190481539656922104010141/904000000000000000000000000000000000000000000000000000000000000000000000000000000000	6389215348139378602042326677381303669542388563160046101567624722510979123141513111/14125000000000000000000000000000000000000000000000000000000000000000000000000000000	negative	8	259	452	0
887	6389215348139378602042326677381303669542388563160046101567624722510979123141513111/14125000000000000000000000000000000000000000000000000000000000000000000000000000000	410264210498207104330028131793276333627532071854522935133138773999865670840009668067/904000000000000000000000000000000000000000000000000000000000000000000000000000000000	negative	8	260	452	0
888	410264210498207104330028131793276333627532071854522935133138773999865670840009668067/904000000000000000000000000000000000000000000000000000000000000000000000000000000000	41161863871549397812934735623414923240435127566680291976594956575902867779896249703/90400000000000000000000000000000000000000000000000000000000000000000000000000000000	negative	8	261	452	0
889	41161863871549397812934735623414923240435127566680291976594956575902867779896249703/90400000000000000000000000000000000000000000000000000000000000000000000000000000000	412973066932780851928666580675022131181170479479082904398760357518191684757915325993/904000000000000000000000000000000000000000000000000000000000000000000000000000000000	negative	8	262	452	0
890	412973066932780851928666580675022131181170479479082904398760357518191684757915325993/904000000000000000000000000000000000000000000000000000000000000000000000000000000000	103581873787516931431996451278973757489497420822840722257892787319338672929217038739/226000000000000000000000000000000000000000000000000000000000000000000000000000000000	negative	8	263	452	0
891	103581873787516931431996451278973757489497420822840722257892787319338672929217038739/226000000000000000000000000000000000000000000000000000000000000000000000000000000000	415681923367354599527305029556767928734808887103642873664381941036517698675820983919/904000000000000000000000000000000000000000000000000000000000000000000000000000000000	negative	8	264	452	0
892	415681923367354599527305029556767928734808887103642873664381941036517698675820983919/904000000000000000000000000000000000000000000000000000000000000000000000000000000000	208518175792320736663312126998820413755814045457961429148596366397840352817386906441/452000000000000000000000000000000000000000000000000000000000000000000000000000000000	negative	8	265	452	0
893	208518175792320736663312126998820413755814045457961429148596366397840352817386906441/452000000000000000000000000000000000000000000000000000000000000000000000000000000000	83678155960385669425188695687702745257689458945640568586000704910968742518745328369/180800000000000000000000000000000000000000000000000000000000000000000000000000000000	negative	8	266	452	0
894	83678155960385669425188695687702745257689458945640568586000704910968742518745328369/180800000000000000000000000000000000000000000000000000000000000000000000000000000000	52468151002401902615657837859923328133158312317560353445351789539250839944084933851/113000000000000000000000000000000000000000000000000000000000000000000000000000000000	negative	8	267	452	0
895	52468151002401902615657837859923328133158312317560353445351789539250839944084933851/113000000000000000000000000000000000000000000000000000000000000000000000000000000000	421099636236502094724581927320259523842085702352762812195625108073169726511632299771/904000000000000000000000000000000000000000000000000000000000000000000000000000000000	negative	8	268	452	0
896	421099636236502094724581927320259523842085702352762812195625108073169726511632299771/904000000000000000000000000000000000000000000000000000000000000000000000000000000000	211227032226894484261950575880566211309452453082521398414217949916166366735292564367/452000000000000000000000000000000000000000000000000000000000000000000000000000000000	negative	8	269	452	0
897	211227032226894484261950575880566211309452453082521398414217949916166366735292564367/452000000000000000000000000000000000000000000000000000000000000000000000000000000000	423808492671075842323220376202005321395724109977322781461246691591495740429537957697/904000000000000000000000000000000000000000000000000000000000000000000000000000000000	negative	8	270	452	0
898	423808492671075842323220376202005321395724109977322781461246691591495740429537957697/904000000000000000000000000000000000000000000000000000000000000000000000000000000000	21258146044418135806126980032143911008627165689480138304702874167532937369424539333/45200000000000000000000000000000000000000000000000000000000000000000000000000000000	negative	8	271	452	0
899	21258146044418135806126980032143911008627165689480138304702874167532937369424539333/45200000000000000000000000000000000000000000000000000000000000000000000000000000000	426517349105649589921858825083751118949362517601882750726868275109821754347443615623/904000000000000000000000000000000000000000000000000000000000000000000000000000000000	negative	8	272	452	0
900	426517349105649589921858825083751118949362517601882750726868275109821754347443615623/904000000000000000000000000000000000000000000000000000000000000000000000000000000000	213935888661468231860589024762312008863090860707081367679839533434492380653198222293/452000000000000000000000000000000000000000000000000000000000000000000000000000000000	negative	8	273	452	0
901	213935888661468231860589024762312008863090860707081367679839533434492380653198222293/452000000000000000000000000000000000000000000000000000000000000000000000000000000000	429226205540223337520497273965496916503000925226442719992489858628147768265349273549/904000000000000000000000000000000000000000000000000000000000000000000000000000000000	negative	8	274	452	0
902	429226205540223337520497273965496916503000925226442719992489858628147768265349273549/904000000000000000000000000000000000000000000000000000000000000000000000000000000000	26911289609844388207488531150398113454988758064920169039081290649206923451518881407/56500000000000000000000000000000000000000000000000000000000000000000000000000000000	negative	8	275	452	0
903	26911289609844388207488531150398113454988758064920169039081290649206923451518881407/56500000000000000000000000000000000000000000000000000000000000000000000000000000000	17277402478991883404765428913889708562265573314040107570324457685858951287330197259/36160000000000000000000000000000000000000000000000000000000000000000000000000000000	negative	8	276	452	0
904	17277402478991883404765428913889708562265573314040107570324457685858951287330197259/36160000000000000000000000000000000000000000000000000000000000000000000000000000000	216644745096041979459227473644057806416729268331641336945461116952818394571103880219/452000000000000000000000000000000000000000000000000000000000000000000000000000000000	negative	8	277	452	0
905	216644745096041979459227473644057806416729268331641336945461116952818394571103880219/452000000000000000000000000000000000000000000000000000000000000000000000000000000000	434643918409370832717774171728988511610277740475562658523733025664799796101160589401/904000000000000000000000000000000000000000000000000000000000000000000000000000000000	negative	8	278	452	0
906	434643918409370832717774171728988511610277740475562658523733025664799796101160589401/904000000000000000000000000000000000000000000000000000000000000000000000000000000000	108999586656664426629273349042465352596774236071960660789135954355990700765028354591/226000000000000000000000000000000000000000000000000000000000000000000000000000000000	negative	8	279	452	0
907	108999586656664426629273349042465352596774236071960660789135954355990700765028354591/226000000000000000000000000000000000000000000000000000000000000000000000000000000000	437352774843944580316412620610734309163916148100122627789354609183125810019066247327/904000000000000000000000000000000000000000000000000000000000000000000000000000000000	negative	8	280	452	0
908	437352774843944580316412620610734309163916148100122627789354609183125810019066247327/904000000000000000000000000000000000000000000000000000000000000000000000000000000000	43870720306123145411573184505160720794073535191240261242216540094228881697801907629/90400000000000000000000000000000000000000000000000000000000000000000000000000000000	negative	8	281	452	0
909	43870720306123145411573184505160720794073535191240261242216540094228881697801907629/90400000000000000000000000000000000000000000000000000000000000000000000000000000000	440061631278518327915051069492480106717554555724682597054976192701451823936971905253/904000000000000000000000000000000000000000000000000000000000000000000000000000000000	negative	8	282	452	0
910	440061631278518327915051069492480106717554555724682597054976192701451823936971905253/904000000000000000000000000000000000000000000000000000000000000000000000000000000000	55177007436975650214296286741669125686796719942120322710973373057576853861990591777/113000000000000000000000000000000000000000000000000000000000000000000000000000000000	negative	8	283	452	0
911	55177007436975650214296286741669125686796719942120322710973373057576853861990591777/113000000000000000000000000000000000000000000000000000000000000000000000000000000000	442770487713092075513689518374225904271192963349242566320597776219777837854877563179/904000000000000000000000000000000000000000000000000000000000000000000000000000000000	negative	8	284	452	0
912	442770487713092075513689518374225904271192963349242566320597776219777837854877563179/904000000000000000000000000000000000000000000000000000000000000000000000000000000000	222062457965189474656504371407549401524006083580761275476704283989470422406915196071/452000000000000000000000000000000000000000000000000000000000000000000000000000000000	negative	8	285	452	0
913	222062457965189474656504371407549401524006083580761275476704283989470422406915196071/452000000000000000000000000000000000000000000000000000000000000000000000000000000000	89095868829533164622465593451194340364966274194760507117243871947620770354556644221/180800000000000000000000000000000000000000000000000000000000000000000000000000000000	negative	8	286	452	0
914	89095868829533164622465593451194340364966274194760507117243871947620770354556644221/180800000000000000000000000000000000000000000000000000000000000000000000000000000000	111708443091238174227911797924211150150412643696520630054757537874316714682934012517/226000000000000000000000000000000000000000000000000000000000000000000000000000000000	negative	8	287	452	0
915	111708443091238174227911797924211150150412643696520630054757537874316714682934012517/226000000000000000000000000000000000000000000000000000000000000000000000000000000000	448188200582239570710966416137717499378469778598362504851840943256429865690688879031/904000000000000000000000000000000000000000000000000000000000000000000000000000000000	negative	8	288	452	0
916	448188200582239570710966416137717499378469778598362504851840943256429865690688879031/904000000000000000000000000000000000000000000000000000000000000000000000000000000000	224771314399763222255142820289295199077644491205321244742325867507796436324820853997/452000000000000000000000000000000000000000000000000000000000000000000000000000000000	negative	8	289	452	0
917	224771314399763222255142820289295199077644491205321244742325867507796436324820853997/452000000000000000000000000000000000000000000000000000000000000000000000000000000000	450897057016813318309604865019463296932108186222922474117462526774755879608594536957/904000000000000000000000000000000000000000000000000000000000000000000000000000000000	negative	8	290	452	0
918	450897057016813318309604865019463296932108186222922474117462526774755879608594536957/904000000000000000000000000000000000000000000000000000000000000000000000000000000000	2826571782713126200680775559127101223180796187720015367189208240836993041047171037/5650000000000000000000000000000000000000000000000000000000000000000000000000000000	negative	8	291	452	0
919	2826571782713126200680775559127101223180796187720015367189208240836993041047171037/5650000000000000000000000000000000000000000000000000000000000000000000000000000000	453605913451387065908243313901209094485746593847482443383084110293081893526500194883/904000000000000000000000000000000000000000000000000000000000000000000000000000000000	negative	8	292	452	0
920	453605913451387065908243313901209094485746593847482443383084110293081893526500194883/904000000000000000000000000000000000000000000000000000000000000000000000000000000000	227480170834336969853781269171040996631282898829881214007947451026122450242726511923/452000000000000000000000000000000000000000000000000000000000000000000000000000000000	negative	8	293	452	0
921	227480170834336969853781269171040996631282898829881214007947451026122450242726511923/452000000000000000000000000000000000000000000000000000000000000000000000000000000000	456314769885960813506881762782954892039385001472042412648705693811407907444405852809/904000000000000000000000000000000000000000000000000000000000000000000000000000000000	negative	8	294	452	0
922	456314769885960813506881762782954892039385001472042412648705693811407907444405852809/904000000000000000000000000000000000000000000000000000000000000000000000000000000000	114417299525811921826550246805956947704051051321080599320379121392642728600839670443/226000000000000000000000000000000000000000000000000000000000000000000000000000000000	negative	8	295	452	0
923	114417299525811921826550246805956947704051051321080599320379121392642728600839670443/226000000000000000000000000000000000000000000000000000000000000000000000000000000000	91804725264106912221104042332940137918604681819320476382865455465946784272462302147/180800000000000000000000000000000000000000000000000000000000000000000000000000000000	negative	8	296	452	0
924	91804725264106912221104042332940137918604681819320476382865455465946784272462302147/180800000000000000000000000000000000000000000000000000000000000000000000000000000000	230189027268910717452419718052786794184921306454441183273569034544448464160632169849/452000000000000000000000000000000000000000000000000000000000000000000000000000000000	negative	8	297	452	0
925	230189027268910717452419718052786794184921306454441183273569034544448464160632169849/452000000000000000000000000000000000000000000000000000000000000000000000000000000000	461732482755108308704158660546446487146661816721162351179948860848059935280217168661/904000000000000000000000000000000000000000000000000000000000000000000000000000000000	negative	8	298	452	0
926	461732482755108308704158660546446487146661816721162351179948860848059935280217168661/904000000000000000000000000000000000000000000000000000000000000000000000000000000000	57885863871549397812934735623414923240435127566680291976594956575902867779896249703/113000000000000000000000000000000000000000000000000000000000000000000000000000000000	negative	8	299	452	0
927	57885863871549397812934735623414923240435127566680291976594956575902867779896249703/113000000000000000000000000000000000000000000000000000000000000000000000000000000000	464441339189682056302797109428192284700300224345722320445570444366385949198122826587/904000000000000000000000000000000000000000000000000000000000000000000000000000000000	negative	8	300	452	0
928	464441339189682056302797109428192284700300224345722320445570444366385949198122826587/904000000000000000000000000000000000000000000000000000000000000000000000000000000000	9315915348139378602042326677381303669542388563160046101567624722510979123141513111/18080000000000000000000000000000000000000000000000000000000000000000000000000000000	negative	8	301	452	0
929	9315915348139378602042326677381303669542388563160046101567624722510979123141513111/18080000000000000000000000000000000000000000000000000000000000000000000000000000000	467150195624255803901435558309938082253938631970282289711192027884711963116028484513/904000000000000000000000000000000000000000000000000000000000000000000000000000000000	negative	8	302	452	0
930	467150195624255803901435558309938082253938631970282289711192027884711963116028484513/904000000000000000000000000000000000000000000000000000000000000000000000000000000000	117126155960385669425188695687702745257689458945640568586000704910968742518745328369/226000000000000000000000000000000000000000000000000000000000000000000000000000000000	negative	8	303	452	0
931	117126155960385669425188695687702745257689458945640568586000704910968742518745328369/226000000000000000000000000000000000000000000000000000000000000000000000000000000000	469859052058829551500074007191683879807577039594842258976813611403037977033934142439/904000000000000000000000000000000000000000000000000000000000000000000000000000000000	negative	8	304	452	0
932	469859052058829551500074007191683879807577039594842258976813611403037977033934142439/904000000000000000000000000000000000000000000000000000000000000000000000000000000000	235606740138058212649696615816278389292198121703561121804812201581100491996443485701/452000000000000000000000000000000000000000000000000000000000000000000000000000000000	negative	8	305	452	0
933	235606740138058212649696615816278389292198121703561121804812201581100491996443485701/452000000000000000000000000000000000000000000000000000000000000000000000000000000000	94513581698680659819742491214685935472243089443880445648487038984272798190367960073/180800000000000000000000000000000000000000000000000000000000000000000000000000000000	negative	8	306	452	0
934	94513581698680659819742491214685935472243089443880445648487038984272798190367960073/180800000000000000000000000000000000000000000000000000000000000000000000000000000000	29620146044418135806126980032143911008627165689480138304702874167532937369424539333/56500000000000000000000000000000000000000000000000000000000000000000000000000000000	negative	8	307	452	0
935	29620146044418135806126980032143911008627165689480138304702874167532937369424539333/56500000000000000000000000000000000000000000000000000000000000000000000000000000000	475276764927977046697350904955175474914853854843962197508056778439690004869745458291/904000000000000000000000000000000000000000000000000000000000000000000000000000000000	negative	8	308	452	0
936	475276764927977046697350904955175474914853854843962197508056778439690004869745458291/904000000000000000000000000000000000000000000000000000000000000000000000000000000000	238315596572631960248335064698024186845836529328121091070433785099426505914349143627/452000000000000000000000000000000000000000000000000000000000000000000000000000000000	negative	8	309	452	0
937	238315596572631960248335064698024186845836529328121091070433785099426505914349143627/452000000000000000000000000000000000000000000000000000000000000000000000000000000000	477985621362550794295989353836921272468492262468522166773678361958016018787651116217/904000000000000000000000000000000000000000000000000000000000000000000000000000000000	negative	8	310	452	0
938	477985621362550794295989353836921272468492262468522166773678361958016018787651116217/904000000000000000000000000000000000000000000000000000000000000000000000000000000000	23967002478991883404765428913889708562265573314040107570324457685858951287330197259/45200000000000000000000000000000000000000000000000000000000000000000000000000000000	negative	8	311	452	0
939	23967002478991883404765428913889708562265573314040107570324457685858951287330197259/45200000000000000000000000000000000000000000000000000000000000000000000000000000000	480694477797124541894627802718667070022130670093082136039299945476342032705556774143/904000000000000000000000000000000000000000000000000000000000000000000000000000000000	negative	8	312	452	0
940	480694477797124541894627802718667070022130670093082136039299945476342032705556774143/904000000000000000000000000000000000000000000000000000000000000000000000000000000000	241024453007205707846973513579769984399474936952681060336055368617752519832254801553/452000000000000000000000000000000000000000000000000000000000000000000000000000000000	negative	8	313	452	0
941	241024453007205707846973513579769984399474936952681060336055368617752519832254801553/452000000000000000000000000000000000000000000000000000000000000000000000000000000000	483403334231698289493266251600412867575769077717642105304921528994668046623462432069/904000000000000000000000000000000000000000000000000000000000000000000000000000000000	negative	8	314	452	0
942	483403334231698289493266251600412867575769077717642105304921528994668046623462432069/904000000000000000000000000000000000000000000000000000000000000000000000000000000000	60594720306123145411573184505160720794073535191240261242216540094228881697801907629/113000000000000000000000000000000000000000000000000000000000000000000000000000000000	negative	8	315	452	0
943	60594720306123145411573184505160720794073535191240261242216540094228881697801907629/113000000000000000000000000000000000000000000000000000000000000000000000000000000000	97222438133254407418380940096431733025881497068440414914108622502598812108273617999/180800000000000000000000000000000000000000000000000000000000000000000000000000000000	negative	8	316	452	0
944	97222438133254407418380940096431733025881497068440414914108622502598812108273617999/180800000000000000000000000000000000000000000000000000000000000000000000000000000000	243733309441779455445611962461515781953113344577241029601676952136078533750160459479/452000000000000000000000000000000000000000000000000000000000000000000000000000000000	negative	8	317	452	0
945	243733309441779455445611962461515781953113344577241029601676952136078533750160459479/452000000000000000000000000000000000000000000000000000000000000000000000000000000000	488821047100845784690543149363904462683045892966762043836164696031320074459273747921/904000000000000000000000000000000000000000000000000000000000000000000000000000000000	negative	8	318	452	0
946	488821047100845784690543149363904462683045892966762043836164696031320074459273747921/904000000000000000000000000000000000000000000000000000000000000000000000000000000000	122543868829533164622465593451194340364966274194760507117243871947620770354556644221/226000000000000000000000000000000000000000000000000000000000000000000000000000000000	negative	8	319	452	0
947	122543868829533164622465593451194340364966274194760507117243871947620770354556644221/226000000000000000000000000000000000000000000000000000000000000000000000000000000000	491529903535419532289181598245650260236684300591322013101786279549646088377179405847/904000000000000000000000000000000000000000000000000000000000000000000000000000000000	negative	8	320	452	0
948	491529903535419532289181598245650260236684300591322013101786279549646088377179405847/904000000000000000000000000000000000000000000000000000000000000000000000000000000000	49288433175270640608850082268652315901350350440360199773459707130880909533613223481/90400000000000000000000000000000000000000000000000000000000000000000000000000000000	negative	8	321	452	0
949	49288433175270640608850082268652315901350350440360199773459707130880909533613223481/90400000000000000000000000000000000000000000000000000000000000000000000000000000000	494238759969993279887820047127396057790322708215881982367407863067972102295085063773/904000000000000000000000000000000000000000000000000000000000000000000000000000000000	negative	8	322	452	0
950	494238759969993279887820047127396057790322708215881982367407863067972102295085063773/904000000000000000000000000000000000000000000000000000000000000000000000000000000000	3871821782713126200680775559127101223180796187720015367189208240836993041047171037/7062500000000000000000000000000000000000000000000000000000000000000000000000000000	negative	8	323	452	0
951	3871821782713126200680775559127101223180796187720015367189208240836993041047171037/7062500000000000000000000000000000000000000000000000000000000000000000000000000000	496947616404567027486458496009141855343961115840441951633029446586298116212990721699/904000000000000000000000000000000000000000000000000000000000000000000000000000000000	negative	8	324	452	0
952	496947616404567027486458496009141855343961115840441951633029446586298116212990721699/904000000000000000000000000000000000000000000000000000000000000000000000000000000000	249151022310926950642888860225007377060390159826360968132920119172730561585971775331/452000000000000000000000000000000000000000000000000000000000000000000000000000000000	negative	8	325	452	0
953	249151022310926950642888860225007377060390159826360968132920119172730561585971775331/452000000000000000000000000000000000000000000000000000000000000000000000000000000000	3997251782713126200680775559127101223180796187720015367189208240836993041047171037/7232000000000000000000000000000000000000000000000000000000000000000000000000000000	negative	8	326	452	0
954	3997251782713126200680775559127101223180796187720015367189208240836993041047171037/7232000000000000000000000000000000000000000000000000000000000000000000000000000000	125252725264106912221104042332940137918604681819320476382865455465946784272462302147/226000000000000000000000000000000000000000000000000000000000000000000000000000000000	negative	8	327	452	0
955	125252725264106912221104042332940137918604681819320476382865455465946784272462302147/226000000000000000000000000000000000000000000000000000000000000000000000000000000000	502365329273714522683735393772633450451237931089561890164272613622950144048802037551/904000000000000000000000000000000000000000000000000000000000000000000000000000000000	negative	8	328	452	0
956	502365329273714522683735393772633450451237931089561890164272613622950144048802037551/904000000000000000000000000000000000000000000000000000000000000000000000000000000000	251859878745500698241527309106753174614028567450920937398541702691056575503877433257/452000000000000000000000000000000000000000000000000000000000000000000000000000000000	negative	8	329	452	0
957	251859878745500698241527309106753174614028567450920937398541702691056575503877433257/452000000000000000000000000000000000000000000000000000000000000000000000000000000000	505074185708288270282373842654379248004876338714121859429894197141276157966707695477/904000000000000000000000000000000000000000000000000000000000000000000000000000000000	negative	8	330	452	0
958	505074185708288270282373842654379248004876338714121859429894197141276157966707695477/904000000000000000000000000000000000000000000000000000000000000000000000000000000000	12660715348139378602042326677381303669542388563160046101567624722510979123141513111/22600000000000000000000000000000000000000000000000000000000000000000000000000000000	negative	8	331	452	0
959	12660715348139378602042326677381303669542388563160046101567624722510979123141513111/22600000000000000000000000000000000000000000000000000000000000000000000000000000000	507783042142862017881012291536125045558514746338681828695515780659602171884613353403/904000000000000000000000000000000000000000000000000000000000000000000000000000000000	negative	8	332	452	0
960	507783042142862017881012291536125045558514746338681828695515780659602171884613353403/904000000000000000000000000000000000000000000000000000000000000000000000000000000000	254568735180074445840165757988498972167666975075480906664163286209382589421783091183/452000000000000000000000000000000000000000000000000000000000000000000000000000000000	negative	8	333	452	0
961	254568735180074445840165757988498972167666975075480906664163286209382589421783091183/452000000000000000000000000000000000000000000000000000000000000000000000000000000000	510491898577435765479650740417870843112153153963241797961137364177928185802519011329/904000000000000000000000000000000000000000000000000000000000000000000000000000000000	negative	8	334	452	0
962	510491898577435765479650740417870843112153153963241797961137364177928185802519011329/904000000000000000000000000000000000000000000000000000000000000000000000000000000000	127961581698680659819742491214685935472243089443880445648487038984272798190367960073/226000000000000000000000000000000000000000000000000000000000000000000000000000000000	negative	8	335	452	0
963	127961581698680659819742491214685935472243089443880445648487038984272798190367960073/226000000000000000000000000000000000000000000000000000000000000000000000000000000000	102640151002401902615657837859923328133158312317560353445351789539250839944084933851/180800000000000000000000000000000000000000000000000000000000000000000000000000000000	negative	8	336	452	0
964	102640151002401902615657837859923328133158312317560353445351789539250839944084933851/180800000000000000000000000000000000000000000000000000000000000000000000000000000000	257277591614648193438804206870244769721305382700040875929784869727708603339688749109/452000000000000000000000000000000000000000000000000000000000000000000000000000000000	negative	8	337	452	0
965	257277591614648193438804206870244769721305382700040875929784869727708603339688749109/452000000000000000000000000000000000000000000000000000000000000000000000000000000000	4565571782713126200680775559127101223180796187720015367189208240836993041047171037/8000000000000000000000000000000000000000000000000000000000000000000000000000000000	negative	8	338	452	0
966	4565571782713126200680775559127101223180796187720015367189208240836993041047171037/8000000000000000000000000000000000000000000000000000000000000000000000000000000000	32329002478991883404765428913889708562265573314040107570324457685858951287330197259/56500000000000000000000000000000000000000000000000000000000000000000000000000000000	negative	8	339	452	0
967	32329002478991883404765428913889708562265573314040107570324457685858951287330197259/56500000000000000000000000000000000000000000000000000000000000000000000000000000000	518618467881157008275566087063108235773068376836921705758002114732906227556235985107/904000000000000000000000000000000000000000000000000000000000000000000000000000000000	negative	8	340	452	0
968	518618467881157008275566087063108235773068376836921705758002114732906227556235985107/904000000000000000000000000000000000000000000000000000000000000000000000000000000000	51997289609844388207488531150398113454988758064920169039081290649206923451518881407/90400000000000000000000000000000000000000000000000000000000000000000000000000000000	negative	8	341	452	0
969	51997289609844388207488531150398113454988758064920169039081290649206923451518881407/90400000000000000000000000000000000000000000000000000000000000000000000000000000000	521327324315730755874204535944854033326706784461481675023623698251232241474141643033/904000000000000000000000000000000000000000000000000000000000000000000000000000000000	negative	8	342	452	0
970	521327324315730755874204535944854033326706784461481675023623698251232241474141643033/904000000000000000000000000000000000000000000000000000000000000000000000000000000000	130670438133254407418380940096431733025881497068440414914108622502598812108273617999/226000000000000000000000000000000000000000000000000000000000000000000000000000000000	negative	8	343	452	0
971	130670438133254407418380940096431733025881497068440414914108622502598812108273617999/226000000000000000000000000000000000000000000000000000000000000000000000000000000000	524036180750304503472842984826599830880345192086041644289245281769558255392047300959/904000000000000000000000000000000000000000000000000000000000000000000000000000000000	negative	8	344	452	0
972	524036180750304503472842984826599830880345192086041644289245281769558255392047300959/904000000000000000000000000000000000000000000000000000000000000000000000000000000000	262695304483795688636081104633736364828582197949160814461028036764360631175500064961/452000000000000000000000000000000000000000000000000000000000000000000000000000000000	negative	8	345	452	0
973	262695304483795688636081104633736364828582197949160814461028036764360631175500064961/452000000000000000000000000000000000000000000000000000000000000000000000000000000000	105349007436975650214296286741669125686796719942120322710973373057576853861990591777/180800000000000000000000000000000000000000000000000000000000000000000000000000000000	negative	8	346	452	0
974	105349007436975650214296286741669125686796719942120322710973373057576853861990591777/180800000000000000000000000000000000000000000000000000000000000000000000000000000000	66012433175270640608850082268652315901350350440360199773459707130880909533613223481/113000000000000000000000000000000000000000000000000000000000000000000000000000000000	negative	8	347	452	0
975	66012433175270640608850082268652315901350350440360199773459707130880909533613223481/113000000000000000000000000000000000000000000000000000000000000000000000000000000000	529453893619451998670119882590091425987622007335161582820488448806210283227858616811/904000000000000000000000000000000000000000000000000000000000000000000000000000000000	negative	8	348	452	0
976	529453893619451998670119882590091425987622007335161582820488448806210283227858616811/904000000000000000000000000000000000000000000000000000000000000000000000000000000000	265404160918369436234719553515482162382220605573720783726649620282686645093405722887/452000000000000000000000000000000000000000000000000000000000000000000000000000000000	negative	8	349	452	0
977	265404160918369436234719553515482162382220605573720783726649620282686645093405722887/452000000000000000000000000000000000000000000000000000000000000000000000000000000000	532162750054025746268758331471837223541260414959721552086110032324536297145764274737/904000000000000000000000000000000000000000000000000000000000000000000000000000000000	negative	8	350	452	0
978	532162750054025746268758331471837223541260414959721552086110032324536297145764274737/904000000000000000000000000000000000000000000000000000000000000000000000000000000000	5335171782713126200680775559127101223180796187720015367189208240836993041047171037/9040000000000000000000000000000000000000000000000000000000000000000000000000000000	negative	8	351	452	0
979	5335171782713126200680775559127101223180796187720015367189208240836993041047171037/9040000000000000000000000000000000000000000000000000000000000000000000000000000000	534871606488599493867396780353583021094898822584281521351731615842862311063669932663/904000000000000000000000000000000000000000000000000000000000000000000000000000000000	negative	8	352	452	0
980	534871606488599493867396780353583021094898822584281521351731615842862311063669932663/904000000000000000000000000000000000000000000000000000000000000000000000000000000000	268113017352943183833358002397227959935859013198280752992271203801012659011311380813/452000000000000000000000000000000000000000000000000000000000000000000000000000000000	negative	8	353	452	0
981	268113017352943183833358002397227959935859013198280752992271203801012659011311380813/452000000000000000000000000000000000000000000000000000000000000000000000000000000000	537580462923173241466035229235328818648537230208841490617353199361188324981575590589/904000000000000000000000000000000000000000000000000000000000000000000000000000000000	negative	8	354	452	0
982	537580462923173241466035229235328818648537230208841490617353199361188324981575590589/904000000000000000000000000000000000000000000000000000000000000000000000000000000000	16841715348139378602042326677381303669542388563160046101567624722510979123141513111/28250000000000000000000000000000000000000000000000000000000000000000000000000000000	negative	8	355	452	0
983	16841715348139378602042326677381303669542388563160046101567624722510979123141513111/28250000000000000000000000000000000000000000000000000000000000000000000000000000000	108057863871549397812934735623414923240435127566680291976594956575902867779896249703/180800000000000000000000000000000000000000000000000000000000000000000000000000000000	negative	8	356	452	0
984	108057863871549397812934735623414923240435127566680291976594956575902867779896249703/180800000000000000000000000000000000000000000000000000000000000000000000000000000000	270821873787516931431996451278973757489497420822840722257892787319338672929217038739/452000000000000000000000000000000000000000000000000000000000000000000000000000000000	negative	8	357	452	0
985	270821873787516931431996451278973757489497420822840722257892787319338672929217038739/452000000000000000000000000000000000000000000000000000000000000000000000000000000000	542998175792320736663312126998820413755814045457961429148596366397840352817386906441/904000000000000000000000000000000000000000000000000000000000000000000000000000000000	negative	8	358	452	0
986	542998175792320736663312126998820413755814045457961429148596366397840352817386906441/904000000000000000000000000000000000000000000000000000000000000000000000000000000000	136088151002401902615657837859923328133158312317560353445351789539250839944084933851/226000000000000000000000000000000000000000000000000000000000000000000000000000000000	negative	8	359	452	0
987	136088151002401902615657837859923328133158312317560353445351789539250839944084933851/226000000000000000000000000000000000000000000000000000000000000000000000000000000000	545707032226894484261950575880566211309452453082521398414217949916166366735292564367/904000000000000000000000000000000000000000000000000000000000000000000000000000000000	negative	8	360	452	0
988	545707032226894484261950575880566211309452453082521398414217949916166366735292564367/904000000000000000000000000000000000000000000000000000000000000000000000000000000000	54706146044418135806126980032143911008627165689480138304702874167532937369424539333/90400000000000000000000000000000000000000000000000000000000000000000000000000000000	negative	8	361	452	0
989	54706146044418135806126980032143911008627165689480138304702874167532937369424539333/90400000000000000000000000000000000000000000000000000000000000000000000000000000000	548415888661468231860589024762312008863090860707081367679839533434492380653198222293/904000000000000000000000000000000000000000000000000000000000000000000000000000000000	negative	8	362	452	0
990	548415888661468231860589024762312008863090860707081367679839533434492380653198222293/904000000000000000000000000000000000000000000000000000000000000000000000000000000000	68721289609844388207488531150398113454988758064920169039081290649206923451518881407/113000000000000000000000000000000000000000000000000000000000000000000000000000000000	negative	8	363	452	0
991	68721289609844388207488531150398113454988758064920169039081290649206923451518881407/113000000000000000000000000000000000000000000000000000000000000000000000000000000000	551124745096041979459227473644057806416729268331641336945461116952818394571103880219/904000000000000000000000000000000000000000000000000000000000000000000000000000000000	negative	8	364	452	0
992	551124745096041979459227473644057806416729268331641336945461116952818394571103880219/904000000000000000000000000000000000000000000000000000000000000000000000000000000000	276239586656664426629273349042465352596774236071960660789135954355990700765028354591/452000000000000000000000000000000000000000000000000000000000000000000000000000000000	negative	8	365	452	0
993	276239586656664426629273349042465352596774236071960660789135954355990700765028354591/452000000000000000000000000000000000000000000000000000000000000000000000000000000000	110766720306123145411573184505160720794073535191240261242216540094228881697801907629/180800000000000000000000000000000000000000000000000000000000000000000000000000000000	negative	8	366	452	0
994	110766720306123145411573184505160720794073535191240261242216540094228881697801907629/180800000000000000000000000000000000000000000000000000000000000000000000000000000000	138797007436975650214296286741669125686796719942120322710973373057576853861990591777/226000000000000000000000000000000000000000000000000000000000000000000000000000000000	negative	8	367	452	0
995	138797007436975650214296286741669125686796719942120322710973373057576853861990591777/226000000000000000000000000000000000000000000000000000000000000000000000000000000000	556542457965189474656504371407549401524006083580761275476704283989470422406915196071/904000000000000000000000000000000000000000000000000000000000000000000000000000000000	negative	8	368	452	0
996	556542457965189474656504371407549401524006083580761275476704283989470422406915196071/904000000000000000000000000000000000000000000000000000000000000000000000000000000000	278948443091238174227911797924211150150412643696520630054757537874316714682934012517/452000000000000000000000000000000000000000000000000000000000000000000000000000000000	negative	8	369	452	0
997	278948443091238174227911797924211150150412643696520630054757537874316714682934012517/452000000000000000000000000000000000000000000000000000000000000000000000000000000000	559251314399763222255142820289295199077644491205321244742325867507796436324820853997/904000000000000000000000000000000000000000000000000000000000000000000000000000000000	negative	8	370	452	0
998	559251314399763222255142820289295199077644491205321244742325867507796436324820853997/904000000000000000000000000000000000000000000000000000000000000000000000000000000000	7007571782713126200680775559127101223180796187720015367189208240836993041047171037/11300000000000000000000000000000000000000000000000000000000000000000000000000000000	negative	8	371	452	0
999	7007571782713126200680775559127101223180796187720015367189208240836993041047171037/11300000000000000000000000000000000000000000000000000000000000000000000000000000000	561960170834336969853781269171040996631282898829881214007947451026122450242726511923/904000000000000000000000000000000000000000000000000000000000000000000000000000000000	negative	8	372	452	0
1000	561960170834336969853781269171040996631282898829881214007947451026122450242726511923/904000000000000000000000000000000000000000000000000000000000000000000000000000000000	281657299525811921826550246805956947704051051321080599320379121392642728600839670443/452000000000000000000000000000000000000000000000000000000000000000000000000000000000	negative	8	373	452	0
1001	281657299525811921826550246805956947704051051321080599320379121392642728600839670443/452000000000000000000000000000000000000000000000000000000000000000000000000000000000	564669027268910717452419718052786794184921306454441183273569034544448464160632169849/904000000000000000000000000000000000000000000000000000000000000000000000000000000000	negative	8	374	452	0
1002	564669027268910717452419718052786794184921306454441183273569034544448464160632169849/904000000000000000000000000000000000000000000000000000000000000000000000000000000000	141505863871549397812934735623414923240435127566680291976594956575902867779896249703/226000000000000000000000000000000000000000000000000000000000000000000000000000000000	negative	8	375	452	0
1003	141505863871549397812934735623414923240435127566680291976594956575902867779896249703/226000000000000000000000000000000000000000000000000000000000000000000000000000000000	22695115348139378602042326677381303669542388563160046101567624722510979123141513111/36160000000000000000000000000000000000000000000000000000000000000000000000000000000	negative	8	376	452	0
1004	22695115348139378602042326677381303669542388563160046101567624722510979123141513111/36160000000000000000000000000000000000000000000000000000000000000000000000000000000	284366155960385669425188695687702745257689458945640568586000704910968742518745328369/452000000000000000000000000000000000000000000000000000000000000000000000000000000000	negative	8	377	452	0
1005	284366155960385669425188695687702745257689458945640568586000704910968742518745328369/452000000000000000000000000000000000000000000000000000000000000000000000000000000000	570086740138058212649696615816278389292198121703561121804812201581100491996443485701/904000000000000000000000000000000000000000000000000000000000000000000000000000000000	negative	8	378	452	0
1006	570086740138058212649696615816278389292198121703561121804812201581100491996443485701/904000000000000000000000000000000000000000000000000000000000000000000000000000000000	71430146044418135806126980032143911008627165689480138304702874167532937369424539333/113000000000000000000000000000000000000000000000000000000000000000000000000000000000	negative	8	379	452	0
1007	71430146044418135806126980032143911008627165689480138304702874167532937369424539333/113000000000000000000000000000000000000000000000000000000000000000000000000000000000	572795596572631960248335064698024186845836529328121091070433785099426505914349143627/904000000000000000000000000000000000000000000000000000000000000000000000000000000000	negative	8	380	452	0
1008	572795596572631960248335064698024186845836529328121091070433785099426505914349143627/904000000000000000000000000000000000000000000000000000000000000000000000000000000000	57415002478991883404765428913889708562265573314040107570324457685858951287330197259/90400000000000000000000000000000000000000000000000000000000000000000000000000000000	negative	8	381	452	0
1009	57415002478991883404765428913889708562265573314040107570324457685858951287330197259/90400000000000000000000000000000000000000000000000000000000000000000000000000000000	575504453007205707846973513579769984399474936952681060336055368617752519832254801553/904000000000000000000000000000000000000000000000000000000000000000000000000000000000	negative	8	382	452	0
1010	575504453007205707846973513579769984399474936952681060336055368617752519832254801553/904000000000000000000000000000000000000000000000000000000000000000000000000000000000	144214720306123145411573184505160720794073535191240261242216540094228881697801907629/226000000000000000000000000000000000000000000000000000000000000000000000000000000000	negative	8	383	452	0
1011	144214720306123145411573184505160720794073535191240261242216540094228881697801907629/226000000000000000000000000000000000000000000000000000000000000000000000000000000000	578213309441779455445611962461515781953113344577241029601676952136078533750160459479/904000000000000000000000000000000000000000000000000000000000000000000000000000000000	negative	8	384	452	0
1012	578213309441779455445611962461515781953113344577241029601676952136078533750160459479/904000000000000000000000000000000000000000000000000000000000000000000000000000000000	289783868829533164622465593451194340364966274194760507117243871947620770354556644221/452000000000000000000000000000000000000000000000000000000000000000000000000000000000	negative	8	385	452	0
1013	289783868829533164622465593451194340364966274194760507117243871947620770354556644221/452000000000000000000000000000000000000000000000000000000000000000000000000000000000	116184433175270640608850082268652315901350350440360199773459707130880909533613223481/180800000000000000000000000000000000000000000000000000000000000000000000000000000000	negative	8	386	452	0
1014	116184433175270640608850082268652315901350350440360199773459707130880909533613223481/180800000000000000000000000000000000000000000000000000000000000000000000000000000000	9098071782713126200680775559127101223180796187720015367189208240836993041047171037/14125000000000000000000000000000000000000000000000000000000000000000000000000000000	negative	8	387	452	0
1015	9098071782713126200680775559127101223180796187720015367189208240836993041047171037/14125000000000000000000000000000000000000000000000000000000000000000000000000000000	583631022310926950642888860225007377060390159826360968132920119172730561585971775331/904000000000000000000000000000000000000000000000000000000000000000000000000000000000	negative	8	388	452	0
1016	583631022310926950642888860225007377060390159826360968132920119172730561585971775331/904000000000000000000000000000000000000000000000000000000000000000000000000000000000	292492725264106912221104042332940137918604681819320476382865455465946784272462302147/452000000000000000000000000000000000000000000000000000000000000000000000000000000000	negative	8	389	452	0
1017	292492725264106912221104042332940137918604681819320476382865455465946784272462302147/452000000000000000000000000000000000000000000000000000000000000000000000000000000000	586339878745500698241527309106753174614028567450920937398541702691056575503877433257/904000000000000000000000000000000000000000000000000000000000000000000000000000000000	negative	8	390	452	0
1018	586339878745500698241527309106753174614028567450920937398541702691056575503877433257/904000000000000000000000000000000000000000000000000000000000000000000000000000000000	29384715348139378602042326677381303669542388563160046101567624722510979123141513111/45200000000000000000000000000000000000000000000000000000000000000000000000000000000	negative	8	391	452	0
1019	29384715348139378602042326677381303669542388563160046101567624722510979123141513111/45200000000000000000000000000000000000000000000000000000000000000000000000000000000	589048735180074445840165757988498972167666975075480906664163286209382589421783091183/904000000000000000000000000000000000000000000000000000000000000000000000000000000000	negative	8	392	452	0
1020	589048735180074445840165757988498972167666975075480906664163286209382589421783091183/904000000000000000000000000000000000000000000000000000000000000000000000000000000000	295201581698680659819742491214685935472243089443880445648487038984272798190367960073/452000000000000000000000000000000000000000000000000000000000000000000000000000000000	negative	8	393	452	0
1021	295201581698680659819742491214685935472243089443880445648487038984272798190367960073/452000000000000000000000000000000000000000000000000000000000000000000000000000000000	591757591614648193438804206870244769721305382700040875929784869727708603339688749109/904000000000000000000000000000000000000000000000000000000000000000000000000000000000	negative	8	394	452	0
1022	591757591614648193438804206870244769721305382700040875929784869727708603339688749109/904000000000000000000000000000000000000000000000000000000000000000000000000000000000	74139002478991883404765428913889708562265573314040107570324457685858951287330197259/113000000000000000000000000000000000000000000000000000000000000000000000000000000000	negative	8	395	452	0
1023	74139002478991883404765428913889708562265573314040107570324457685858951287330197259/113000000000000000000000000000000000000000000000000000000000000000000000000000000000	118893289609844388207488531150398113454988758064920169039081290649206923451518881407/180800000000000000000000000000000000000000000000000000000000000000000000000000000000	negative	8	396	452	0
1024	118893289609844388207488531150398113454988758064920169039081290649206923451518881407/180800000000000000000000000000000000000000000000000000000000000000000000000000000000	297910438133254407418380940096431733025881497068440414914108622502598812108273617999/452000000000000000000000000000000000000000000000000000000000000000000000000000000000	negative	8	397	452	0
1025	297910438133254407418380940096431733025881497068440414914108622502598812108273617999/452000000000000000000000000000000000000000000000000000000000000000000000000000000000	597175304483795688636081104633736364828582197949160814461028036764360631175500064961/904000000000000000000000000000000000000000000000000000000000000000000000000000000000	negative	8	398	452	0
1026	597175304483795688636081104633736364828582197949160814461028036764360631175500064961/904000000000000000000000000000000000000000000000000000000000000000000000000000000000	149632433175270640608850082268652315901350350440360199773459707130880909533613223481/226000000000000000000000000000000000000000000000000000000000000000000000000000000000	negative	8	399	452	0
1027	149632433175270640608850082268652315901350350440360199773459707130880909533613223481/226000000000000000000000000000000000000000000000000000000000000000000000000000000000	599884160918369436234719553515482162382220605573720783726649620282686645093405722887/904000000000000000000000000000000000000000000000000000000000000000000000000000000000	negative	8	400	452	0
1028	599884160918369436234719553515482162382220605573720783726649620282686645093405722887/904000000000000000000000000000000000000000000000000000000000000000000000000000000000	12024771782713126200680775559127101223180796187720015367189208240836993041047171037/18080000000000000000000000000000000000000000000000000000000000000000000000000000000	negative	8	401	452	0
1029	12024771782713126200680775559127101223180796187720015367189208240836993041047171037/18080000000000000000000000000000000000000000000000000000000000000000000000000000000	602593017352943183833358002397227959935859013198280752992271203801012659011311380813/904000000000000000000000000000000000000000000000000000000000000000000000000000000000	negative	8	402	452	0
1030	602593017352943183833358002397227959935859013198280752992271203801012659011311380813/904000000000000000000000000000000000000000000000000000000000000000000000000000000000	37746715348139378602042326677381303669542388563160046101567624722510979123141513111/56500000000000000000000000000000000000000000000000000000000000000000000000000000000	negative	8	403	452	0
1031	37746715348139378602042326677381303669542388563160046101567624722510979123141513111/56500000000000000000000000000000000000000000000000000000000000000000000000000000000	605301873787516931431996451278973757489497420822840722257892787319338672929217038739/904000000000000000000000000000000000000000000000000000000000000000000000000000000000	negative	8	404	452	0
1032	605301873787516931431996451278973757489497420822840722257892787319338672929217038739/904000000000000000000000000000000000000000000000000000000000000000000000000000000000	303328151002401902615657837859923328133158312317560353445351789539250839944084933851/452000000000000000000000000000000000000000000000000000000000000000000000000000000000	negative	8	405	452	0
1033	303328151002401902615657837859923328133158312317560353445351789539250839944084933851/452000000000000000000000000000000000000000000000000000000000000000000000000000000000	121602146044418135806126980032143911008627165689480138304702874167532937369424539333/180800000000000000000000000000000000000000000000000000000000000000000000000000000000	negative	8	406	452	0
1034	121602146044418135806126980032143911008627165689480138304702874167532937369424539333/180800000000000000000000000000000000000000000000000000000000000000000000000000000000	152341289609844388207488531150398113454988758064920169039081290649206923451518881407/226000000000000000000000000000000000000000000000000000000000000000000000000000000000	negative	8	407	452	0
1035	152341289609844388207488531150398113454988758064920169039081290649206923451518881407/226000000000000000000000000000000000000000000000000000000000000000000000000000000000	610719586656664426629273349042465352596774236071960660789135954355990700765028354591/904000000000000000000000000000000000000000000000000000000000000000000000000000000000	negative	8	408	452	0
1036	610719586656664426629273349042465352596774236071960660789135954355990700765028354591/904000000000000000000000000000000000000000000000000000000000000000000000000000000000	306037007436975650214296286741669125686796719942120322710973373057576853861990591777/452000000000000000000000000000000000000000000000000000000000000000000000000000000000	negative	8	409	452	0
1037	306037007436975650214296286741669125686796719942120322710973373057576853861990591777/452000000000000000000000000000000000000000000000000000000000000000000000000000000000	613428443091238174227911797924211150150412643696520630054757537874316714682934012517/904000000000000000000000000000000000000000000000000000000000000000000000000000000000	negative	8	410	452	0
1038	613428443091238174227911797924211150150412643696520630054757537874316714682934012517/904000000000000000000000000000000000000000000000000000000000000000000000000000000000	15369571782713126200680775559127101223180796187720015367189208240836993041047171037/22600000000000000000000000000000000000000000000000000000000000000000000000000000000	negative	8	411	452	0
1039	15369571782713126200680775559127101223180796187720015367189208240836993041047171037/22600000000000000000000000000000000000000000000000000000000000000000000000000000000	616137299525811921826550246805956947704051051321080599320379121392642728600839670443/904000000000000000000000000000000000000000000000000000000000000000000000000000000000	negative	8	412	452	0
1040	616137299525811921826550246805956947704051051321080599320379121392642728600839670443/904000000000000000000000000000000000000000000000000000000000000000000000000000000000	308745863871549397812934735623414923240435127566680291976594956575902867779896249703/452000000000000000000000000000000000000000000000000000000000000000000000000000000000	negative	8	413	452	0
1041	308745863871549397812934735623414923240435127566680291976594956575902867779896249703/452000000000000000000000000000000000000000000000000000000000000000000000000000000000	618846155960385669425188695687702745257689458945640568586000704910968742518745328369/904000000000000000000000000000000000000000000000000000000000000000000000000000000000	negative	8	414	452	0
1042	618846155960385669425188695687702745257689458945640568586000704910968742518745328369/904000000000000000000000000000000000000000000000000000000000000000000000000000000000	155050146044418135806126980032143911008627165689480138304702874167532937369424539333/226000000000000000000000000000000000000000000000000000000000000000000000000000000000	negative	8	415	452	0
1043	155050146044418135806126980032143911008627165689480138304702874167532937369424539333/226000000000000000000000000000000000000000000000000000000000000000000000000000000000	124311002478991883404765428913889708562265573314040107570324457685858951287330197259/180800000000000000000000000000000000000000000000000000000000000000000000000000000000	negative	8	416	452	0
1044	124311002478991883404765428913889708562265573314040107570324457685858951287330197259/180800000000000000000000000000000000000000000000000000000000000000000000000000000000	311454720306123145411573184505160720794073535191240261242216540094228881697801907629/452000000000000000000000000000000000000000000000000000000000000000000000000000000000	negative	8	417	452	0
1045	311454720306123145411573184505160720794073535191240261242216540094228881697801907629/452000000000000000000000000000000000000000000000000000000000000000000000000000000000	624263868829533164622465593451194340364966274194760507117243871947620770354556644221/904000000000000000000000000000000000000000000000000000000000000000000000000000000000	negative	8	418	452	0
1046	624263868829533164622465593451194340364966274194760507117243871947620770354556644221/904000000000000000000000000000000000000000000000000000000000000000000000000000000000	19550571782713126200680775559127101223180796187720015367189208240836993041047171037/28250000000000000000000000000000000000000000000000000000000000000000000000000000000	negative	8	419	452	0
1047	19550571782713126200680775559127101223180796187720015367189208240836993041047171037/28250000000000000000000000000000000000000000000000000000000000000000000000000000000	626972725264106912221104042332940137918604681819320476382865455465946784272462302147/904000000000000000000000000000000000000000000000000000000000000000000000000000000000	negative	8	420	452	0
1048	626972725264106912221104042332940137918604681819320476382865455465946784272462302147/904000000000000000000000000000000000000000000000000000000000000000000000000000000000	62832715348139378602042326677381303669542388563160046101567624722510979123141513111/90400000000000000000000000000000000000000000000000000000000000000000000000000000000	negative	8	421	452	0
1049	62832715348139378602042326677381303669542388563160046101567624722510979123141513111/90400000000000000000000000000000000000000000000000000000000000000000000000000000000	629681581698680659819742491214685935472243089443880445648487038984272798190367960073/904000000000000000000000000000000000000000000000000000000000000000000000000000000000	negative	8	422	452	0
1050	629681581698680659819742491214685935472243089443880445648487038984272798190367960073/904000000000000000000000000000000000000000000000000000000000000000000000000000000000	157759002478991883404765428913889708562265573314040107570324457685858951287330197259/226000000000000000000000000000000000000000000000000000000000000000000000000000000000	negative	8	423	452	0
1051	157759002478991883404765428913889708562265573314040107570324457685858951287330197259/226000000000000000000000000000000000000000000000000000000000000000000000000000000000	632390438133254407418380940096431733025881497068440414914108622502598812108273617999/904000000000000000000000000000000000000000000000000000000000000000000000000000000000	negative	8	424	452	0
1052	632390438133254407418380940096431733025881497068440414914108622502598812108273617999/904000000000000000000000000000000000000000000000000000000000000000000000000000000000	316872433175270640608850082268652315901350350440360199773459707130880909533613223481/452000000000000000000000000000000000000000000000000000000000000000000000000000000000	negative	8	425	452	0
1053	316872433175270640608850082268652315901350350440360199773459707130880909533613223481/452000000000000000000000000000000000000000000000000000000000000000000000000000000000	25403971782713126200680775559127101223180796187720015367189208240836993041047171037/36160000000000000000000000000000000000000000000000000000000000000000000000000000000	negative	8	426	452	0
1054	25403971782713126200680775559127101223180796187720015367189208240836993041047171037/36160000000000000000000000000000000000000000000000000000000000000000000000000000000	79556715348139378602042326677381303669542388563160046101567624722510979123141513111/113000000000000000000000000000000000000000000000000000000000000000000000000000000000	negative	8	427	452	0
1055	79556715348139378602042326677381303669542388563160046101567624722510979123141513111/113000000000000000000000000000000000000000000000000000000000000000000000000000000000	637808151002401902615657837859923328133158312317560353445351789539250839944084933851/904000000000000000000000000000000000000000000000000000000000000000000000000000000000	negative	8	428	452	0
1056	637808151002401902615657837859923328133158312317560353445351789539250839944084933851/904000000000000000000000000000000000000000000000000000000000000000000000000000000000	319581289609844388207488531150398113454988758064920169039081290649206923451518881407/452000000000000000000000000000000000000000000000000000000000000000000000000000000000	negative	8	429	452	0
1057	319581289609844388207488531150398113454988758064920169039081290649206923451518881407/452000000000000000000000000000000000000000000000000000000000000000000000000000000000	640517007436975650214296286741669125686796719942120322710973373057576853861990591777/904000000000000000000000000000000000000000000000000000000000000000000000000000000000	negative	8	430	452	0
1058	640517007436975650214296286741669125686796719942120322710973373057576853861990591777/904000000000000000000000000000000000000000000000000000000000000000000000000000000000	32093571782713126200680775559127101223180796187720015367189208240836993041047171037/45200000000000000000000000000000000000000000000000000000000000000000000000000000000	negative	8	431	452	0
1059	32093571782713126200680775559127101223180796187720015367189208240836993041047171037/45200000000000000000000000000000000000000000000000000000000000000000000000000000000	643225863871549397812934735623414923240435127566680291976594956575902867779896249703/904000000000000000000000000000000000000000000000000000000000000000000000000000000000	negative	8	432	452	0
1060	643225863871549397812934735623414923240435127566680291976594956575902867779896249703/904000000000000000000000000000000000000000000000000000000000000000000000000000000000	322290146044418135806126980032143911008627165689480138304702874167532937369424539333/452000000000000000000000000000000000000000000000000000000000000000000000000000000000	negative	8	433	452	0
1061	322290146044418135806126980032143911008627165689480138304702874167532937369424539333/452000000000000000000000000000000000000000000000000000000000000000000000000000000000	645934720306123145411573184505160720794073535191240261242216540094228881697801907629/904000000000000000000000000000000000000000000000000000000000000000000000000000000000	negative	8	434	452	0
1062	645934720306123145411573184505160720794073535191240261242216540094228881697801907629/904000000000000000000000000000000000000000000000000000000000000000000000000000000000	40455571782713126200680775559127101223180796187720015367189208240836993041047171037/56500000000000000000000000000000000000000000000000000000000000000000000000000000000	negative	8	435	452	0
1063	40455571782713126200680775559127101223180796187720015367189208240836993041047171037/56500000000000000000000000000000000000000000000000000000000000000000000000000000000	129728715348139378602042326677381303669542388563160046101567624722510979123141513111/180800000000000000000000000000000000000000000000000000000000000000000000000000000000	negative	8	436	452	0
1064	129728715348139378602042326677381303669542388563160046101567624722510979123141513111/180800000000000000000000000000000000000000000000000000000000000000000000000000000000	324999002478991883404765428913889708562265573314040107570324457685858951287330197259/452000000000000000000000000000000000000000000000000000000000000000000000000000000000	negative	8	437	452	0
1065	324999002478991883404765428913889708562265573314040107570324457685858951287330197259/452000000000000000000000000000000000000000000000000000000000000000000000000000000000	651352433175270640608850082268652315901350350440360199773459707130880909533613223481/904000000000000000000000000000000000000000000000000000000000000000000000000000000000	negative	8	438	452	0
1066	651352433175270640608850082268652315901350350440360199773459707130880909533613223481/904000000000000000000000000000000000000000000000000000000000000000000000000000000000	163176715348139378602042326677381303669542388563160046101567624722510979123141513111/226000000000000000000000000000000000000000000000000000000000000000000000000000000000	negative	8	439	452	0
1067	163176715348139378602042326677381303669542388563160046101567624722510979123141513111/226000000000000000000000000000000000000000000000000000000000000000000000000000000000	654061289609844388207488531150398113454988758064920169039081290649206923451518881407/904000000000000000000000000000000000000000000000000000000000000000000000000000000000	negative	8	440	452	0
1068	654061289609844388207488531150398113454988758064920169039081290649206923451518881407/904000000000000000000000000000000000000000000000000000000000000000000000000000000000	65541571782713126200680775559127101223180796187720015367189208240836993041047171037/90400000000000000000000000000000000000000000000000000000000000000000000000000000000	negative	8	441	452	0
1069	65541571782713126200680775559127101223180796187720015367189208240836993041047171037/90400000000000000000000000000000000000000000000000000000000000000000000000000000000	656770146044418135806126980032143911008627165689480138304702874167532937369424539333/904000000000000000000000000000000000000000000000000000000000000000000000000000000000	negative	8	442	452	0
1070	656770146044418135806126980032143911008627165689480138304702874167532937369424539333/904000000000000000000000000000000000000000000000000000000000000000000000000000000000	82265571782713126200680775559127101223180796187720015367189208240836993041047171037/113000000000000000000000000000000000000000000000000000000000000000000000000000000000	negative	8	443	452	0
1071	82265571782713126200680775559127101223180796187720015367189208240836993041047171037/113000000000000000000000000000000000000000000000000000000000000000000000000000000000	659479002478991883404765428913889708562265573314040107570324457685858951287330197259/904000000000000000000000000000000000000000000000000000000000000000000000000000000000	negative	8	444	452	0
1072	659479002478991883404765428913889708562265573314040107570324457685858951287330197259/904000000000000000000000000000000000000000000000000000000000000000000000000000000000	330416715348139378602042326677381303669542388563160046101567624722510979123141513111/452000000000000000000000000000000000000000000000000000000000000000000000000000000000	negative	8	445	452	0
1073	330416715348139378602042326677381303669542388563160046101567624722510979123141513111/452000000000000000000000000000000000000000000000000000000000000000000000000000000000	132437571782713126200680775559127101223180796187720015367189208240836993041047171037/180800000000000000000000000000000000000000000000000000000000000000000000000000000000	negative	8	446	452	0
1074	132437571782713126200680775559127101223180796187720015367189208240836993041047171037/180800000000000000000000000000000000000000000000000000000000000000000000000000000000	165885571782713126200680775559127101223180796187720015367189208240836993041047171037/226000000000000000000000000000000000000000000000000000000000000000000000000000000000	negative	8	447	452	0
1075	165885571782713126200680775559127101223180796187720015367189208240836993041047171037/226000000000000000000000000000000000000000000000000000000000000000000000000000000000	664896715348139378602042326677381303669542388563160046101567624722510979123141513111/904000000000000000000000000000000000000000000000000000000000000000000000000000000000	negative	8	448	452	0
1076	664896715348139378602042326677381303669542388563160046101567624722510979123141513111/904000000000000000000000000000000000000000000000000000000000000000000000000000000000	333125571782713126200680775559127101223180796187720015367189208240836993041047171037/452000000000000000000000000000000000000000000000000000000000000000000000000000000000	negative	8	449	452	0
1077	333125571782713126200680775559127101223180796187720015367189208240836993041047171037/452000000000000000000000000000000000000000000000000000000000000000000000000000000000	667605571782713126200680775559127101223180796187720015367189208240836993041047171037/904000000000000000000000000000000000000000000000000000000000000000000000000000000000	negative	8	450	452	0
1078	667605571782713126200680775559127101223180796187720015367189208240836993041047171037/904000000000000000000000000000000000000000000000000000000000000000000000000000000000	37/50	negative	8	451	452	0
