sha256,copies,paths
007d1ad54c976bd1abe9f3fcdc0fb30c4ccfca3e8795cc3d4e777ef09653ab3d,3,library_archive/bundles/proof/arc_cubature_proof_v5_dual_engine_20260730/arc_cubature_proof_v5_dual_engine_20260730/strengthening/results/INDEPENDENT_PYDECIMAL_SCALAR_REPLAY.json | library_archive/bundles/proof/arc_cubature_proof_v5_strengthened_20260730/arc_cubature_proof_v5_strengthened/strengthening/results/INDEPENDENT_PYDECIMAL_SCALAR_REPLAY.json | library_archive/bundles/proof/whestbench_t22_t23_dual_engine_release_v5_2_20260730/arc_cubature_proof_v5_dual_engine_20260730/strengthening/results/INDEPENDENT_PYDECIMAL_SCALAR_REPLAY.json
00932b19d89951f39ae4d15b036235b6abad2bd7c814d67476efe2dd0b9639c6,2,library_archive/bundles/experiment/REOPENED_PATHS_REPRO_PACKAGE_20260730/reopened_paths_repro_20260730/results/network_3006.json | library_archive/bundles/proof/WHESTBENCH_COMPLETE_PROOF_PACKAGE_20260730/whestbench_complete_proof/reopened_paths_repro_20260730/results/network_3006.json
0096fa995272dc9c87a98df1766a8717dc72e6000d0b5e467e1172a33430eb9d,2,library_archive/bundles/experiment/T0_official_grader_instrumentation_20260729_FINAL/T0_official_grader_instrumentation_20260729/evidence/t0_pair_clean_seed51001.json | library_archive/bundles/experiment/T0_unblocked_execution_bundle_20260729/T0_unblocked_execution_bundle_20260729/T0_official_grader_instrumentation_20260729/evidence/t0_pair_clean_seed51001.json
013a5a5f0ceef87b61561d3f0d1cc07abc94fdd040e9da1cf71fb3d5129971d2,2,library_archive/bundles/experiment/T0_official_grader_instrumentation_20260729_FINAL/T0_official_grader_instrumentation_20260729/T0.2_compute_calibration/DECISION.md | library_archive/bundles/experiment/T0_unblocked_execution_bundle_20260729/T0_unblocked_execution_bundle_20260729/T0_official_grader_instrumentation_20260729/T0.2_compute_calibration/DECISION.md
014f87c75b0e97f59b3ffa27a3606bcd1bd16c156bc14fa7a457cbb5ec56452a,2,library_archive/bundles/experiment/path5_set_level_coreset_20260729/05_set_level_coreset/data/top8_rank_train32/top8_rank_seed64331.npz | library_archive/bundles/experiment/path5_set_level_coreset_20260729_v2/05_set_level_coreset/data/top8_rank_train32/top8_rank_seed64331.npz
01736a20b413e46882cda3a78174a094f7e650bcd721d84fe3332f255a55c2ce,2,library_archive/bundles/experiment/T0_official_grader_instrumentation_20260729_FINAL/T0_official_grader_instrumentation_20260729/T0.2_compute_calibration/ROWS.csv | library_archive/bundles/experiment/T0_unblocked_execution_bundle_20260729/T0_unblocked_execution_bundle_20260729/T0_official_grader_instrumentation_20260729/T0.2_compute_calibration/ROWS.csv
01a771cb837829dd529ff0330c5d351d6e0ea9f15e26a59dc7d5d32c42d43a77,2,library_archive/bundles/experiment/Agent5_SignedWeight_Audit_20260729/agent5_signed_weight_audit_20260729/lowdim_signed_node_search.py | library_archive/bundles/experiment/cascade_observability_execution_20260730/cascade_observability_execution_20260730/sources/signed_weight_audit/lowdim_signed_node_search.py
01ca9ef04569c7ef067e9a72c97b7517d4827c26fcbe4682bc2c757ced7012ac,2,library_archive/bundles/experiment/T0_official_grader_instrumentation_20260729_FINAL/T0_official_grader_instrumentation_20260729/T0.3_A42_A43_grade/DECISION.md | library_archive/bundles/experiment/T0_unblocked_execution_bundle_20260729/T0_unblocked_execution_bundle_20260729/T0_official_grader_instrumentation_20260729/T0.3_A42_A43_grade/DECISION.md
020bf943fd9c80cf164efe293888481080b84d43e16ed3d2594a3193c2c58748,4,library_archive/bundles/proof/arc_cubature_proof_v5_dual_engine_20260730/arc_cubature_proof_v5_dual_engine_20260730/strengthening/mpfr_full_replay/kernel_mean_512.json | library_archive/bundles/proof/whestbench_continuation_audit_20260730/whestbench_continuation_audit_20260730/verification/mpfr_replay/clang/kernel_mean_512.json | library_archive/bundles/proof/whestbench_continuation_audit_20260730/whestbench_continuation_audit_20260730/verification/mpfr_replay/gcc/kernel_mean_512.json | library_archive/bundles/proof/whestbench_t22_t23_dual_engine_release_v5_2_20260730/arc_cubature_proof_v5_dual_engine_20260730/strengthening/mpfr_full_replay/kernel_mean_512.json
02209f2005bfd3c5a0f0fb4bc8f5ad5e8d44e677c204b6f62c9ff7e5a75cf088,2,library_archive/bundles/proof/WHestBench_Math_Continuation_v23_20260730/WHestBench_Math_Continuation_v23_20260730/source_v21/SIGNED_NEAR_OPTIMALITY_CERTIFICATE_BLOCKTRACE_ORDER320.json | library_archive/bundles/proof/remaining_questions_progress_20260730/SIGNED_NEAR_OPTIMALITY_CERTIFICATE_BLOCKTRACE_ORDER320.json
022e0e62ded2036cd592a169ef887787747e953497baa2fdf6fdf03ec3fb37b8,2,library_archive/bundles/experiment/REOPENED_PATHS_REPRO_PACKAGE_20260730/reopened_paths_repro_20260730/results/network_3033.json | library_archive/bundles/proof/WHESTBENCH_COMPLETE_PROOF_PACKAGE_20260730/whestbench_complete_proof/reopened_paths_repro_20260730/results/network_3033.json
02473c8c7b0cf66b1c76a500f53b72962428bde5fb60d5570407fc56de736a17,2,library_archive/bundles/experiment/WHestBench_Project_Closeout_v17_20260730/WHestBench_Project_Closeout_v17_20260730/artifacts/CANONICAL_CLAIM_REGISTER.csv | library_archive/bundles/experiment/whest_critique_closure_20260730/whest_critique_closure_20260730/CANONICAL_CLAIM_REGISTER.csv
025d972d28cc36fcd567a203f474caa9ca53281070d0cdbe544f204093e79666,3,library_archive/bundles/proof/arc_cubature_proof_v5_dual_engine_20260730/arc_cubature_proof_v5_dual_engine_20260730/strengthening/results/PYDECIMAL_CHUNK_0550_REPLAY.json | library_archive/bundles/proof/arc_cubature_proof_v5_strengthened_20260730/arc_cubature_proof_v5_strengthened/strengthening/results/PYDECIMAL_CHUNK_0550_REPLAY.json | library_archive/bundles/proof/whestbench_t22_t23_dual_engine_release_v5_2_20260730/arc_cubature_proof_v5_dual_engine_20260730/strengthening/results/PYDECIMAL_CHUNK_0550_REPLAY.json
02d010c9246815900d0e468c4c1460fac08d33425ba14c20a44987623402b7d6,2,library_archive/bundles/experiment/01_legal_signed_anchor_20260729/01_legal_signed_anchor/results/records/network_3001.json | library_archive/bundles/experiment/legal_signed_anchor_continuation_20260729/legal_signed_anchor_continuation_20260729/continue_path1/01_legal_signed_anchor/results/records/network_3001.json
0316b4efe746a9c413a9ec79d85240e978cddafb2f0fb9c8f4dfdd86531afe6c,2,library_archive/bundles/proof/arc_cubature_proof_v5_dual_engine_20260730/arc_cubature_proof_v5_dual_engine_20260730/__pycache__/formal_meanvalue_certificate.cpython-313.pyc | library_archive/bundles/proof/whestbench_t22_t23_dual_engine_release_v5_2_20260730/arc_cubature_proof_v5_dual_engine_20260730/__pycache__/formal_meanvalue_certificate.cpython-313.pyc
0415fad0c116653b05e69c0be6b5806f876b260c39926023217f9712b64168e1,2,library_archive/bundles/experiment/legal_signed_anchor_continuation_20260729/legal_signed_anchor_continuation_20260729/continue_path1/13_direct_pilot_phased_q128/results/rescue_all/network_4216.json | library_archive/bundles/experiment/legal_signed_anchor_continuation_20260729/legal_signed_anchor_continuation_20260729/continue_path1/13_direct_pilot_phased_q128/results/rescue_holdout/network_4216.json
0485d74bd91d1a2de0ebb6fa6ef1106f922b6ebc94d29dab21e56f6ab32492d0,2,library_archive/bundles/experiment/oracle_circularity_correction_20260730/oracle_circularity_correction_20260730/PREREG_DOWNSTREAM_WEIGHTED_LAYER31.md | library_archive/bundles/experiment/oracle_continuation_experiments_20260730/oracle_continuation_20260730/PREREG_DOWNSTREAM_WEIGHTED_LAYER31.md
050460feb80365e1e3a35e23234b48ecfa21b3b518020b55ec8436f700fee318,2,library_archive/bundles/experiment/REOPENED_PATHS_REPRO_PACKAGE_20260730/reopened_paths_repro_20260730/results/network_3016.npz | library_archive/bundles/proof/WHESTBENCH_COMPLETE_PROOF_PACKAGE_20260730/whestbench_complete_proof/reopened_paths_repro_20260730/results/network_3016.npz
05166027ebda5d550242b06b2f27f91276202bbb4b6dec5e88bfbb68d0727e4f,2,library_archive/bundles/experiment/WHestBench_Prompt2_FiniteWidth_Reproducibility_20260730/WHestBench_Prompt2_FiniteWidth_Reproducibility_20260730/cf_complete_tensor9_degree_0.json | library_archive/bundles/experiment/WHestBench_Prompt2_FiniteWidth_Reproducibility_20260730/WHestBench_Prompt2_FiniteWidth_Reproducibility_20260730/cf_full_tensor9_degree_0.json
054556ae1f0456590e84cd67dd7f52f26b13695702fb7b3a4a3b7ad1abc762eb,3,library_archive/bundles/proof/arc_cubature_proof_v5_dual_engine_20260730/arc_cubature_proof_v5_dual_engine_20260730/requirements.txt | library_archive/bundles/proof/arc_cubature_proof_v5_strengthened_20260730/arc_cubature_proof_v5_strengthened/requirements.txt | library_archive/bundles/proof/whestbench_t22_t23_dual_engine_release_v5_2_20260730/arc_cubature_proof_v5_dual_engine_20260730/requirements.txt
05856a21f2663fcbb33e8ea91d6f2a31948ccde1ebe0d51f259b2ec1c5d0b7b2,2,library_archive/bundles/experiment/REOPENED_PATHS_REPRO_PACKAGE_20260730/reopened_paths_repro_20260730/results/network_3032.json | library_archive/bundles/proof/WHESTBENCH_COMPLETE_PROOF_PACKAGE_20260730/whestbench_complete_proof/reopened_paths_repro_20260730/results/network_3032.json
05b2fe0eb712e88f571529e3ec572c114ab162ef1eebfadb9d4cc3e4b245004d,2,library_archive/bundles/experiment/Agent5_SignedWeight_Audit_20260729/agent5_signed_weight_audit_20260729/DECISION.md | library_archive/bundles/experiment/cascade_observability_execution_20260730/cascade_observability_execution_20260730/sources/signed_weight_audit/DECISION.md
0660592f5f0a19a592a13b5b96c5693fa33e6cd44e04ee3b8e7747778073e208,3,library_archive/bundles/experiment/Agent5_SignedWeight_Audit_20260729/agent5_signed_weight_audit_20260729/T22_MANIFEST_VERIFICATION.txt | library_archive/bundles/experiment/cascade_observability_execution_20260730/cascade_observability_execution_20260730/sources/signed_weight_audit/T22_MANIFEST_VERIFICATION.txt | library_archive/bundles/proof/whestbench_continuation_audit_20260730/whestbench_continuation_audit_20260730/verification/dual_engine_manifest.txt
066553fd54036121667d7642a2a110ac85c77373ca720508298dfe6e2ed78bdb,3,library_archive/bundles/proof/arc_cubature_proof_v5_dual_engine_20260730/arc_cubature_proof_v5_dual_engine_20260730/strengthening/code/run_pydecimal_component_replay.py | library_archive/bundles/proof/arc_cubature_proof_v5_strengthened_20260730/arc_cubature_proof_v5_strengthened/strengthening/code/run_pydecimal_component_replay.py | library_archive/bundles/proof/whestbench_t22_t23_dual_engine_release_v5_2_20260730/arc_cubature_proof_v5_dual_engine_20260730/strengthening/code/run_pydecimal_component_replay.py
06f5f287dadd9645e294ec823172e6f36cdb24116812469460e868b5e7a1f73d,2,library_archive/bundles/proof/arc_cubature_proof_v5_dual_engine_20260730/arc_cubature_proof_v5_dual_engine_20260730/strengthening/mpfr_full_replay/sanitizer_results.json | library_archive/bundles/proof/whestbench_t22_t23_dual_engine_release_v5_2_20260730/arc_cubature_proof_v5_dual_engine_20260730/strengthening/mpfr_full_replay/sanitizer_results.json
0708b0dbfa2d414d69af960e25d3f58c4418cd79817ebaa88562857b9150fa55,2,library_archive/bundles/experiment/path5_set_level_coreset_20260729/05_set_level_coreset/results/direct_sketch_ranker_dev8_aggregate.json | library_archive/bundles/experiment/path5_set_level_coreset_20260729_v2/05_set_level_coreset/results/direct_sketch_ranker_dev8_aggregate.json
0784bfd4cffc60bb10dc88f8392a9f33d91b12981f8942e72a20bacde9642212,2,library_archive/bundles/experiment/REOPENED_PATHS_REPRO_PACKAGE_20260730/reopened_paths_repro_20260730/results/network_3002.json | library_archive/bundles/proof/WHESTBENCH_COMPLETE_PROOF_PACKAGE_20260730/whestbench_complete_proof/reopened_paths_repro_20260730/results/network_3002.json
07e2c1ba1c1ff6bf13cc16fd48139c57064179f77130ce53dffc3b557418c843,5,library_archive/bundles/proof/WHestBench_Agent_Review_Closure_20260730/whestbench_closure_20260730/arc_cubature_proof_v5_1/results/formal_gpp_chunk_0551_0560.json | library_archive/bundles/proof/arc_cubature_proof_v5_1/arc_cubature_proof_v5_1/results/formal_gpp_chunk_0551_0560.json | library_archive/bundles/proof/arc_cubature_proof_v5_dual_engine_20260730/arc_cubature_proof_v5_dual_engine_20260730/results/formal_gpp_chunk_0551_0560.json | library_archive/bundles/proof/arc_cubature_proof_v5_strengthened_20260730/arc_cubature_proof_v5_strengthened/results/formal_gpp_chunk_0551_0560.json | library_archive/bundles/proof/whestbench_t22_t23_dual_engine_release_v5_2_20260730/arc_cubature_proof_v5_dual_engine_20260730/results/formal_gpp_chunk_0551_0560.json
084d869c4efab20a699dc78fac3ca5673ffbb82d2b027bfa9cd0b9a32561e27e,2,library_archive/bundles/experiment/REOPENED_PATHS_REPRO_PACKAGE_20260730/reopened_paths_repro_20260730/results/network_3058.json | library_archive/bundles/proof/WHESTBENCH_COMPLETE_PROOF_PACKAGE_20260730/whestbench_complete_proof/reopened_paths_repro_20260730/results/network_3058.json
086958ddae70a88a53b89aeb098581d6bbea870f794a61ecb1d86152bafcb7bd,2,library_archive/bundles/experiment/REOPENED_PATHS_REPRO_PACKAGE_20260730/reopened_paths_repro_20260730/results/downstream_rescore/DOWNSTREAM_RESCORE_SUMMARY.json | library_archive/bundles/proof/WHESTBENCH_COMPLETE_PROOF_PACKAGE_20260730/whestbench_complete_proof/reopened_paths_repro_20260730/results/downstream_rescore/DOWNSTREAM_RESCORE_SUMMARY.json
088c9f0a016056054c1d675f1886c88a8e92afec0d2a55f4a0a8a470148ba612,2,library_archive/bundles/proof/whestbench_continuation_audit_20260730/whestbench_continuation_audit_20260730/verification/mpfr_replay/clang/global_minorant.log | library_archive/bundles/proof/whestbench_continuation_audit_20260730/whestbench_continuation_audit_20260730/verification/mpfr_replay/gcc/global_minorant.log
08cee370cc8af7672b89dd3c2c9e3d37de6f243becc53cb15b15d887744a977f,2,library_archive/bundles/experiment/01_legal_signed_anchor_20260729/01_legal_signed_anchor/results/records/network_3005.json | library_archive/bundles/experiment/legal_signed_anchor_continuation_20260729/legal_signed_anchor_continuation_20260729/continue_path1/01_legal_signed_anchor/results/records/network_3005.json
08e8b1f04b321a4fc488dee5129220e4a9f9b56ae2c3d47d22f917724350a19b,2,library_archive/bundles/experiment/legal_signed_anchor_continuation_20260729/legal_signed_anchor_continuation_20260729/continue_path1/11_pilot_phased_q128_source/results/all/network_4152.json | library_archive/bundles/experiment/legal_signed_anchor_continuation_20260729/legal_signed_anchor_continuation_20260729/continue_path1/11_pilot_phased_q128_source/results/validation/network_4152.json
09054595e516d252f80631573bf1125f774f57f698df3741dee7c0fc5581bf86,5,library_archive/bundles/proof/WHestBench_Agent_Review_Closure_20260730/whestbench_closure_20260730/arc_cubature_proof_v5_1/results/formal_gpp_chunk_0727_0827.json | library_archive/bundles/proof/arc_cubature_proof_v5_1/arc_cubature_proof_v5_1/results/formal_gpp_chunk_0727_0827.json | library_archive/bundles/proof/arc_cubature_proof_v5_dual_engine_20260730/arc_cubature_proof_v5_dual_engine_20260730/results/formal_gpp_chunk_0727_0827.json | library_archive/bundles/proof/arc_cubature_proof_v5_strengthened_20260730/arc_cubature_proof_v5_strengthened/results/formal_gpp_chunk_0727_0827.json | library_archive/bundles/proof/whestbench_t22_t23_dual_engine_release_v5_2_20260730/arc_cubature_proof_v5_dual_engine_20260730/results/formal_gpp_chunk_0727_0827.json
0909e086a60f62f6d70486865ca5aca6944e2dcfe18498807690f8ee751365df,2,library_archive/bundles/experiment/path5_set_level_coreset_20260729/05_set_level_coreset/data/top8_rank_dev8/top8_rank_seed64004.npz | library_archive/bundles/experiment/path5_set_level_coreset_20260729_v2/05_set_level_coreset/data/top8_rank_dev8/top8_rank_seed64004.npz
090dc360561538cf4752dd16d3d34dfe87eb1a7ea335131c1508d384dd1efad5,4,library_archive/bundles/proof/arc_cubature_proof_v5_dual_engine_20260730/arc_cubature_proof_v5_dual_engine_20260730/strengthening/mpfr_full_replay/regenerate_mesh.json | library_archive/bundles/proof/whestbench_continuation_audit_20260730/whestbench_continuation_audit_20260730/verification/mpfr_replay/clang/regenerate_mesh.json | library_archive/bundles/proof/whestbench_continuation_audit_20260730/whestbench_continuation_audit_20260730/verification/mpfr_replay/gcc/regenerate_mesh.json | library_archive/bundles/proof/whestbench_t22_t23_dual_engine_release_v5_2_20260730/arc_cubature_proof_v5_dual_engine_20260730/strengthening/mpfr_full_replay/regenerate_mesh.json
0918fd5750df18d9fd173c2664e78a8dbe897f84383cf7daf7ed7a02038e40d3,5,library_archive/bundles/proof/WHestBench_Agent_Review_Closure_20260730/whestbench_closure_20260730/arc_cubature_proof_v5_1/results/formal_gpp_chunk_0585_0600.json | library_archive/bundles/proof/arc_cubature_proof_v5_1/arc_cubature_proof_v5_1/results/formal_gpp_chunk_0585_0600.json | library_archive/bundles/proof/arc_cubature_proof_v5_dual_engine_20260730/arc_cubature_proof_v5_dual_engine_20260730/results/formal_gpp_chunk_0585_0600.json | library_archive/bundles/proof/arc_cubature_proof_v5_strengthened_20260730/arc_cubature_proof_v5_strengthened/results/formal_gpp_chunk_0585_0600.json | library_archive/bundles/proof/whestbench_t22_t23_dual_engine_release_v5_2_20260730/arc_cubature_proof_v5_dual_engine_20260730/results/formal_gpp_chunk_0585_0600.json
092ea4e9a0f1b0610bf4560b70f8deb4d9349c62eef83ce757069c2a0e57d5a4,2,library_archive/bundles/experiment/REOPENED_PATHS_REPRO_PACKAGE_20260730/reopened_paths_repro_20260730/results/network_3026.json | library_archive/bundles/proof/WHESTBENCH_COMPLETE_PROOF_PACKAGE_20260730/whestbench_complete_proof/reopened_paths_repro_20260730/results/network_3026.json
098d2a5faee8995aada3c195cffa2c6e86ab98c0f4c46a24c31d2e5e4c17c713,2,library_archive/bundles/experiment/T0_official_grader_instrumentation_20260729_FINAL/T0_official_grader_instrumentation_20260729/T0.3_A42_A43_grade/PROPOSED_LEDGER_ADDITION.csv | library_archive/bundles/experiment/T0_unblocked_execution_bundle_20260729/T0_unblocked_execution_bundle_20260729/T0_official_grader_instrumentation_20260729/T0.3_A42_A43_grade/PROPOSED_LEDGER_ADDITION.csv
09da55254c1391a89c1cd17335a03975037e9d45e8b2d84154f63ad671920343,3,library_archive/bundles/proof/arc_cubature_proof_v5_dual_engine_20260730/arc_cubature_proof_v5_dual_engine_20260730/strengthening/code/independent_kerdock_construction.py | library_archive/bundles/proof/arc_cubature_proof_v5_strengthened_20260730/arc_cubature_proof_v5_strengthened/strengthening/code/independent_kerdock_construction.py | library_archive/bundles/proof/whestbench_t22_t23_dual_engine_release_v5_2_20260730/arc_cubature_proof_v5_dual_engine_20260730/strengthening/code/independent_kerdock_construction.py
09f54be0b4105007236cbe7f3d041ce3a7cbb4bc99a6f41d03c8692a6836e6cd,2,library_archive/bundles/proof/WHestBench_Prompt1_Infinite_Hermite_Factor_20260730/WHestBench_Prompt1_Infinite_Hermite_Factor_20260730/KERDOCK_MSE_CERTIFIED_INTERVAL.json | library_archive/bundles/proof/WHestBench_Prompt1_Weighted_Floor_Continuation_20260730/WHestBench_Prompt1_Weighted_Floor_Continuation_20260730/KERDOCK_MSE_CERTIFIED_INTERVAL.json
0a2e848bae7754c22668eda8e8a55f7f4a026d22952d5149592951d850f96797,2,library_archive/bundles/experiment/T0_official_grader_instrumentation_20260729_FINAL/T0_official_grader_instrumentation_20260729/packages/A43_delta64/__pycache__/estimator.cpython-313.pyc | library_archive/bundles/experiment/T0_unblocked_execution_bundle_20260729/T0_unblocked_execution_bundle_20260729/T0_official_grader_instrumentation_20260729/packages/A43_delta64/__pycache__/estimator.cpython-313.pyc
0a410ca43df868b2a4207affdf68d60490d99b5c5cd5eae5571d9c07335229f4,2,library_archive/bundles/experiment/REOPENED_PATHS_REPRO_PACKAGE_20260730/reopened_paths_repro_20260730/results/network_3017.json | library_archive/bundles/proof/WHESTBENCH_COMPLETE_PROOF_PACKAGE_20260730/whestbench_complete_proof/reopened_paths_repro_20260730/results/network_3017.json
0afb594993485a797855f7b42b4d660d6e76f3d5075aa185199c8c918f042baa,2,library_archive/bundles/experiment/T0_official_grader_instrumentation_20260729_FINAL/T0_official_grader_instrumentation_20260729/packages/A43_basis129/__pycache__/estimator.cpython-313.pyc | library_archive/bundles/experiment/T0_unblocked_execution_bundle_20260729/T0_unblocked_execution_bundle_20260729/T0_official_grader_instrumentation_20260729/packages/A43_basis129/__pycache__/estimator.cpython-313.pyc
0b29e6d66a3e59b52d14b90ed62c36b44e276501e4cb9603a39500fe357f0035,2,library_archive/bundles/experiment/REOPENED_PATHS_REPRO_PACKAGE_20260730/reopened_paths_repro_20260730/results/network_3028.json | library_archive/bundles/proof/WHESTBENCH_COMPLETE_PROOF_PACKAGE_20260730/whestbench_complete_proof/reopened_paths_repro_20260730/results/network_3028.json
0b2f577677f21b7a9afb92c43141d2503938a26e6307f0a6e8b18563fc943f25,2,library_archive/bundles/experiment/T0_official_grader_instrumentation_20260729_FINAL/T0_official_grader_instrumentation_20260729/packages/A43_diagnostic_basis016/__pycache__/estimator.cpython-313.pyc | library_archive/bundles/experiment/T0_unblocked_execution_bundle_20260729/T0_unblocked_execution_bundle_20260729/T0_official_grader_instrumentation_20260729/packages/A43_diagnostic_basis016/__pycache__/estimator.cpython-313.pyc
0b348370bb0422d6580226b9bc7824f83e7c25e4fb0098b764604dc8da4fe7c3,2,library_archive/bundles/experiment/T0_official_grader_instrumentation_20260729_FINAL/T0_official_grader_instrumentation_20260729/packages/A43_diagnostic_basis020.tar.gz | library_archive/bundles/experiment/T0_unblocked_execution_bundle_20260729/T0_unblocked_execution_bundle_20260729/T0_official_grader_instrumentation_20260729/packages/A43_diagnostic_basis020.tar.gz
0b40243039ba40a8be51367e01e520daa5e4ac6fd9167c434975136465583e9b,2,library_archive/bundles/experiment/REOPENED_PATHS_REPRO_PACKAGE_20260730/reopened_paths_repro_20260730/results/network_3063.npz | library_archive/bundles/proof/WHESTBENCH_COMPLETE_PROOF_PACKAGE_20260730/whestbench_complete_proof/reopened_paths_repro_20260730/results/network_3063.npz
0b4173297cf6c2f3386239d3a04f6e3618f34e5fefb5e741077502f45e119214,2,library_archive/bundles/experiment/REOPENED_PATHS_REPRO_PACKAGE_20260730/reopened_paths_repro_20260730/results/network_3020.npz | library_archive/bundles/proof/WHESTBENCH_COMPLETE_PROOF_PACKAGE_20260730/whestbench_complete_proof/reopened_paths_repro_20260730/results/network_3020.npz
0ba645d810a63bdd996d2e8fc6990de45082ddc2e4d630b633ab889bd15a92af,2,library_archive/bundles/experiment/WHestBench_Project_Closeout_v17_20260730/WHestBench_Project_Closeout_v17_20260730/source_reports/ASSEMBLED_DRAFT_HOSTILE_REVIEW.md | library_archive/bundles/experiment/whest_critique_closure_20260730/whest_critique_closure_20260730/ASSEMBLED_DRAFT_HOSTILE_REVIEW.md
0bb11752ea4395654e223f797d2eccd5e6ab79985579714ab28e0d68742890f5,2,library_archive/bundles/experiment/PATH2_LEARNED_SIGN_SCALE_ABSTENTION_20260729/02_learned_sign_scale_abstention/test_gate.py | library_archive/bundles/experiment/PATH2_LEARNED_SIGN_SCALE_ABSTENTION_CONTINUATION_20260729/test_gate.py
0c66a522031183338e5f1dd93f605f42f1d769550b2eff27abe054df4feba165,2,library_archive/bundles/experiment/T0_official_grader_instrumentation_20260729_FINAL/T0_official_grader_instrumentation_20260729/packages/A43_delta64/manifest.json | library_archive/bundles/experiment/T0_unblocked_execution_bundle_20260729/T0_unblocked_execution_bundle_20260729/T0_official_grader_instrumentation_20260729/packages/A43_delta64/manifest.json
0cc049fcc9f4e55f058cd60fedf0080b79bc57999ed4ee6da9345c76461d99bd,3,library_archive/bundles/experiment/whest_additional_progress_20260730/whest_additional_progress_20260730/t22_manifest_verifier_stdout.txt | library_archive/bundles/proof/WHestBench_Agent_Review_Closure_20260730/whestbench_closure_20260730/T22_MANIFEST_VERIFIER_OUTPUT.txt | library_archive/bundles/proof/whestbench_continuation_audit_20260730/whestbench_continuation_audit_20260730/verification/t22_verify_manifest.txt
0da431f460626a8a4529a1faddac4bf91df3f47170afa17b04f756129b0ae522,5,library_archive/bundles/proof/WHestBench_Agent_Review_Closure_20260730/whestbench_closure_20260730/arc_cubature_proof_v5_1/formal_base_certificate.py | library_archive/bundles/proof/arc_cubature_proof_v5_1/arc_cubature_proof_v5_1/formal_base_certificate.py | library_archive/bundles/proof/arc_cubature_proof_v5_dual_engine_20260730/arc_cubature_proof_v5_dual_engine_20260730/formal_base_certificate.py | library_archive/bundles/proof/arc_cubature_proof_v5_strengthened_20260730/arc_cubature_proof_v5_strengthened/formal_base_certificate.py | library_archive/bundles/proof/whestbench_t22_t23_dual_engine_release_v5_2_20260730/arc_cubature_proof_v5_dual_engine_20260730/formal_base_certificate.py
0dd4ed228c3a71b51697ddb65b4696a72cceba724c7f96a8cf2e548c2deacf43,3,library_archive/bundles/experiment/oracle_continuation_experiments_20260730/oracle_continuation_20260730/source_snapshots/FINAL_REPORT.md | library_archive/bundles/experiment/oracle_continuation_experiments_20260730/oracle_continuation_20260730/source_snapshots/ORACLE_GAP_FINAL_REPORT.md | library_archive/bundles/experiment/whest_additional_progress_20260730/whest_additional_progress_20260730/review_sources/FINAL_REPORT(4).md
0ddfdb4372db8ffadf36f45aea22eccd6ef29efcf564902baa8156a08883d491,2,library_archive/bundles/proof/arc_cubature_proof_v5_dual_engine_20260730/arc_cubature_proof_v5_dual_engine_20260730/__pycache__/proof_file_list.cpython-313.pyc | library_archive/bundles/proof/whestbench_t22_t23_dual_engine_release_v5_2_20260730/arc_cubature_proof_v5_dual_engine_20260730/__pycache__/proof_file_list.cpython-313.pyc
0dfee67bf99bddcfbd7816c3528b57c0812df6c5021d8bb3ef7cad057832f0df,2,library_archive/bundles/experiment/oracle_continuation_experiments_20260730/oracle_continuation_20260730/reopened_paths_sha256_check.txt | library_archive/bundles/proof/whestbench_continuation_audit_20260730/whestbench_continuation_audit_20260730/verification/reopened_hashes.txt
0e6b09504129739539943f5bf08934211b8ba3cbb4887ce98069d43464034699,2,library_archive/bundles/experiment/PATH2_LEARNED_SIGN_SCALE_ABSTENTION_20260729/02_learned_sign_scale_abstention/legal_features_and_labels.csv | library_archive/bundles/experiment/PATH2_LEARNED_SIGN_SCALE_ABSTENTION_CONTINUATION_20260729/legal_features_and_labels.csv
0e9103e7c3f06f80d32d6e41d85894ffc475e9d816f26f0b57971012d221b2fb,2,library_archive/bundles/proof/arc_cubature_proof_v5_dual_engine_20260730/arc_cubature_proof_v5_dual_engine_20260730/FULL_ARTIFACT_FILES.json | library_archive/bundles/proof/whestbench_t22_t23_dual_engine_release_v5_2_20260730/arc_cubature_proof_v5_dual_engine_20260730/FULL_ARTIFACT_FILES.json
0eb4902b7b3b01ea645a61ba1f874b8e7e0bd525fba7c0225ba3e0d22ec2bdf3,2,library_archive/bundles/experiment/REOPENED_PATHS_REPRO_PACKAGE_20260730/reopened_paths_repro_20260730/results/network_3064.json | library_archive/bundles/proof/WHESTBENCH_COMPLETE_PROOF_PACKAGE_20260730/whestbench_complete_proof/reopened_paths_repro_20260730/results/network_3064.json
0ec0df954672fe8261f68e851c3da79e2d988951ba485ae5b24fe2f58f832200,2,library_archive/bundles/experiment/T0_official_grader_instrumentation_20260729_FINAL/T0_official_grader_instrumentation_20260729/packages/A43/__pycache__/estimator.cpython-313.pyc | library_archive/bundles/experiment/T0_unblocked_execution_bundle_20260729/T0_unblocked_execution_bundle_20260729/T0_official_grader_instrumentation_20260729/packages/A43/__pycache__/estimator.cpython-313.pyc
0ef49b2abd754f1be938d0a84f73f5a86075633ff8ed00aa1a5290e9c871d916,3,library_archive/bundles/experiment/Agent5_SignedWeight_Audit_20260729/agent5_signed_weight_audit_20260729/M_CERTIFICATE.json | library_archive/bundles/experiment/cascade_observability_execution_20260730/cascade_observability_execution_20260730/sources/M_CERTIFICATE.json | library_archive/bundles/experiment/cascade_observability_execution_20260730/cascade_observability_execution_20260730/sources/signed_weight_audit/M_CERTIFICATE.json
0f320e5de16cdb415e5f665aadfb9c9622221b8fd30a3641e47908d03ae639d2,2,library_archive/bundles/experiment/T0_official_grader_instrumentation_20260729_FINAL/T0_official_grader_instrumentation_20260729/evidence/t0_diag_k16.json | library_archive/bundles/experiment/T0_unblocked_execution_bundle_20260729/T0_unblocked_execution_bundle_20260729/T0_official_grader_instrumentation_20260729/evidence/t0_diag_k16.json
0f48c28af5e8bc4ecb98ec1fd4b853ba82551af1d473ef5c974d6aa2d42c7a66,2,library_archive/bundles/experiment/T0_official_grader_instrumentation_20260729_FINAL/T0_official_grader_instrumentation_20260729/packages/A42/__pycache__/fast_matmul.cpython-313.pyc | library_archive/bundles/experiment/T0_unblocked_execution_bundle_20260729/T0_unblocked_execution_bundle_20260729/T0_official_grader_instrumentation_20260729/packages/A42/__pycache__/fast_matmul.cpython-313.pyc
0f9c4355870e8ade4296d5375727a795fc71b86539602beb0fdee65891a9e7b7,2,library_archive/bundles/experiment/01_legal_signed_anchor_20260729/01_legal_signed_anchor/tests/test_compute.py | library_archive/bundles/experiment/legal_signed_anchor_continuation_20260729/legal_signed_anchor_continuation_20260729/continue_path1/01_legal_signed_anchor/tests/test_compute.py
11243a3d3de3160a66b1bb9cfa141700b658d11757d7af2a572d16415ec13133,3,library_archive/bundles/proof/arc_cubature_proof_v5_dual_engine_20260730/arc_cubature_proof_v5_dual_engine_20260730/strengthening/requirements-audit.txt | library_archive/bundles/proof/arc_cubature_proof_v5_strengthened_20260730/arc_cubature_proof_v5_strengthened/strengthening/requirements-audit.txt | library_archive/bundles/proof/whestbench_t22_t23_dual_engine_release_v5_2_20260730/arc_cubature_proof_v5_dual_engine_20260730/strengthening/requirements-audit.txt
117627db4edebc3bfe803c6deb569d1b35bd19b8a7c988729558365110a7f2a5,2,library_archive/bundles/experiment/oracle_continuation_experiments_20260730/oracle_continuation_20260730/FINAL_REPORT.md | library_archive/bundles/proof/WHestBench_Oracle_Proof_Completion_v18_20260730/WHestBench_Oracle_Proof_Completion_v18_20260730/source_snapshots/ORACLE_CONTINUATION_FINAL_REPORT.md
12791eb279c4739b9f19ec74e6a23ba8889b227eb89d32bd7cd40da9a84cfc92,5,library_archive/bundles/proof/WHestBench_Agent_Review_Closure_20260730/whestbench_closure_20260730/arc_cubature_proof_v5_1/results/THEOREM_PACKAGE_VERIFICATION.json | library_archive/bundles/proof/arc_cubature_proof_v5_1/arc_cubature_proof_v5_1/results/THEOREM_PACKAGE_VERIFICATION.json | library_archive/bundles/proof/arc_cubature_proof_v5_dual_engine_20260730/arc_cubature_proof_v5_dual_engine_20260730/results/THEOREM_PACKAGE_VERIFICATION.json | library_archive/bundles/proof/arc_cubature_proof_v5_strengthened_20260730/arc_cubature_proof_v5_strengthened/results/THEOREM_PACKAGE_VERIFICATION.json | library_archive/bundles/proof/whestbench_t22_t23_dual_engine_release_v5_2_20260730/arc_cubature_proof_v5_dual_engine_20260730/results/THEOREM_PACKAGE_VERIFICATION.json
1319085d036a191514d5636d277aec9ac263ba28185f588b6e9f80fb8bcb5e12,5,library_archive/bundles/proof/WHestBench_Agent_Review_Closure_20260730/whestbench_closure_20260730/arc_cubature_proof_v5_1/formal_kernel_mean.py | library_archive/bundles/proof/arc_cubature_proof_v5_1/arc_cubature_proof_v5_1/formal_kernel_mean.py | library_archive/bundles/proof/arc_cubature_proof_v5_dual_engine_20260730/arc_cubature_proof_v5_dual_engine_20260730/formal_kernel_mean.py | library_archive/bundles/proof/arc_cubature_proof_v5_strengthened_20260730/arc_cubature_proof_v5_strengthened/formal_kernel_mean.py | library_archive/bundles/proof/whestbench_t22_t23_dual_engine_release_v5_2_20260730/arc_cubature_proof_v5_dual_engine_20260730/formal_kernel_mean.py
13739e32443dfc22861ad571f3d1cb4a02a3b1124c3cb8e49f937a9966842d47,5,library_archive/bundles/proof/WHestBench_Agent_Review_Closure_20260730/whestbench_closure_20260730/arc_cubature_proof_v5_1/assemble_formal_certificate.py | library_archive/bundles/proof/arc_cubature_proof_v5_1/arc_cubature_proof_v5_1/assemble_formal_certificate.py | library_archive/bundles/proof/arc_cubature_proof_v5_dual_engine_20260730/arc_cubature_proof_v5_dual_engine_20260730/assemble_formal_certificate.py | library_archive/bundles/proof/arc_cubature_proof_v5_strengthened_20260730/arc_cubature_proof_v5_strengthened/assemble_formal_certificate.py | library_archive/bundles/proof/whestbench_t22_t23_dual_engine_release_v5_2_20260730/arc_cubature_proof_v5_dual_engine_20260730/assemble_formal_certificate.py
13a1800a835bfe9853f20f810a446554907713420f7a8bfc70e23be886233019,2,library_archive/bundles/experiment/T0_official_grader_instrumentation_20260729_FINAL/T0_official_grader_instrumentation_20260729/T0.3_A42_A43_grade/RESULTS.json | library_archive/bundles/experiment/T0_unblocked_execution_bundle_20260729/T0_unblocked_execution_bundle_20260729/T0_official_grader_instrumentation_20260729/T0.3_A42_A43_grade/RESULTS.json
13d8ae786807a61e508d30f30e3393db26237c2be6d897ffca64dbdbfae375e0,2,library_archive/bundles/experiment/path5_set_level_coreset_20260729/05_set_level_coreset/data/top8_rank_train32/top8_rank_seed64303.npz | library_archive/bundles/experiment/path5_set_level_coreset_20260729_v2/05_set_level_coreset/data/top8_rank_train32/top8_rank_seed64303.npz
13ea09f265945c5d928349056a8483748d675fddf2dd2659a0041575160434e9,2,library_archive/bundles/experiment/whest_additional_progress_20260730/whest_additional_progress_20260730/review_sources/BEST_THEOREM_TARGETS_EXHAUSTIVE_CHECK_20260730.md | library_archive/bundles/proof/best_theorem_targets_exhaustive_20260730/BEST_THEOREM_TARGETS_EXHAUSTIVE_CHECK_20260730.md
13faa4589ce3b2a6c29ee2d12c4d7637ba379063e85522da7c456f16f9df9f55,2,library_archive/bundles/experiment/legal_signed_anchor_continuation_20260729/legal_signed_anchor_continuation_20260729/continue_path1/12_direct_output_affine_cv/src/direct_output_cv.py | library_archive/bundles/experiment/legal_signed_anchor_continuation_20260729/legal_signed_anchor_continuation_20260729/continue_path1/13_direct_pilot_phased_q128/src/direct_output_cv.py
1424284381f9dd28cfe2527ec62f383620b1db7fdf4a8d409f87c3a651cfa5dc,2,library_archive/bundles/experiment/whest_additional_progress_20260730/whest_additional_progress_20260730/review_sources/CONTINUATION_AUDIT_REPORT.md | library_archive/bundles/proof/whestbench_continuation_audit_20260730/whestbench_continuation_audit_20260730/CONTINUATION_AUDIT_REPORT.md
14689ec6b4bbc95f7c8fb4306f790cc308246def47d4a821cbfbdbb1784ba5de,2,library_archive/bundles/experiment/whest_additional_progress_20260730/whest_additional_progress_20260730/MULTIRANK_SIGNED_NODE_CERTIFICATE.json | library_archive/bundles/experiment/whest_additional_progress_20260730/whest_additional_progress_20260730/sources/MULTIRANK_SIGNED_NODE_CERTIFICATE.json
1504e7864c31bc1e8ad89f50094a25af766f1910013eca9f470ab5cdc48251c3,2,library_archive/bundles/experiment/REOPENED_PATHS_REPRO_PACKAGE_20260730/reopened_paths_repro_20260730/results/network_3009.npz | library_archive/bundles/proof/WHESTBENCH_COMPLETE_PROOF_PACKAGE_20260730/whestbench_complete_proof/reopened_paths_repro_20260730/results/network_3009.npz
159993e3e6a45d61b4f3c27203f0e1f91deb8340f6d98628af3419758a0ee6d6,2,library_archive/bundles/experiment/01_legal_signed_anchor_20260729/01_legal_signed_anchor/tests/test_algebra.py | library_archive/bundles/experiment/legal_signed_anchor_continuation_20260729/legal_signed_anchor_continuation_20260729/continue_path1/01_legal_signed_anchor/tests/test_algebra.py
15cf42530ead39cf6a8ff02b715e9cfdf130b4d9e01714168e6fd9f19b1057ff,2,library_archive/bundles/experiment/T0_official_grader_instrumentation_20260729_FINAL/T0_official_grader_instrumentation_20260729/PROPOSED_LEDGER_ADDITIONS.csv | library_archive/bundles/experiment/T0_unblocked_execution_bundle_20260729/T0_unblocked_execution_bundle_20260729/T0_official_grader_instrumentation_20260729/PROPOSED_LEDGER_ADDITIONS.csv
15f64f526ce7a0601499d5faf3deaf299bfa7637dba1c7e1afb139030aca5a0e,8,library_archive/bundles/experiment/Agent5_SignedWeight_Audit_20260729/agent5_signed_weight_audit_20260729/vendor_proof/formal_interval_certificate.py | library_archive/bundles/experiment/cascade_observability_execution_20260730/cascade_observability_execution_20260730/sources/signed_weight_audit/vendor_proof/formal_interval_certificate.py | library_archive/bundles/proof/WHestBench_Agent_Review_Closure_20260730/whestbench_closure_20260730/arc_cubature_proof_v5_1/formal_interval_certificate.py | library_archive/bundles/proof/WHestBench_Salvaged_Theorems_V18_20260730/whestbench_salvaged_theorems_20260730/vendor/formal_interval_certificate.py | library_archive/bundles/proof/arc_cubature_proof_v5_1/arc_cubature_proof_v5_1/formal_interval_certificate.py | library_archive/bundles/proof/arc_cubature_proof_v5_dual_engine_20260730/arc_cubature_proof_v5_dual_engine_20260730/formal_interval_certificate.py | library_archive/bundles/proof/arc_cubature_proof_v5_strengthened_20260730/arc_cubature_proof_v5_strengthened/formal_interval_certificate.py | library_archive/bundles/proof/whestbench_t22_t23_dual_engine_release_v5_2_20260730/arc_cubature_proof_v5_dual_engine_20260730/formal_interval_certificate.py
174465a6bca5024ff10db0fd63cb32b4d688961e127b0d84213576e3509df905,2,library_archive/bundles/experiment/T0_official_grader_instrumentation_20260729_FINAL/T0_official_grader_instrumentation_20260729/packages/A43_basis129/estimator.py | library_archive/bundles/experiment/T0_unblocked_execution_bundle_20260729/T0_unblocked_execution_bundle_20260729/T0_official_grader_instrumentation_20260729/packages/A43_basis129/estimator.py
17816ec579a3e8683ead7cbfc48fc01ffd48a987f1455723c49f4a8441b9df9e,2,library_archive/bundles/experiment/whestbench_markdown_disproof_continuation_20260730/whestbench_markdown_disproof_continuation_20260730/sources/T47_DEGREE15_FROZEN.json | library_archive/bundles/proof/WHestBench_Oracle_Proof_Completion_v18_20260730/WHestBench_Oracle_Proof_Completion_v18_20260730/results/weighted_rank_floor_degree15_frozen.json
17f35e44867bb55c7d7de7e25fb8ba278e4706d98b6da23c0b0af23b0a50a923,2,library_archive/bundles/experiment/path5_set_level_coreset_20260729/05_set_level_coreset/data/top8_rank_train32/top8_rank_seed64309.npz | library_archive/bundles/experiment/path5_set_level_coreset_20260729_v2/05_set_level_coreset/data/top8_rank_train32/top8_rank_seed64309.npz
1840c024082e7827006e8df006acebe405bb1b67f7007f4899176ac6f79c939f,3,library_archive/bundles/experiment/Agent5_SignedWeight_Audit_20260729/agent5_signed_weight_audit_20260729/NEGATIVE_MASS_EXCLUSION_CURVE.json | library_archive/bundles/experiment/cascade_observability_execution_20260730/cascade_observability_execution_20260730/sources/NEGATIVE_MASS_EXCLUSION_CURVE.json | library_archive/bundles/experiment/cascade_observability_execution_20260730/cascade_observability_execution_20260730/sources/signed_weight_audit/NEGATIVE_MASS_EXCLUSION_CURVE.json
1952d321825efd207670615f4fe566c38a377409eaf9a7f8d3eaea6f66b5c943,2,library_archive/bundles/experiment/legal_signed_anchor_continuation_20260729/legal_signed_anchor_continuation_20260729/continue_path1/13_direct_pilot_phased_q128/results/rescue_all/network_4217.json | library_archive/bundles/experiment/legal_signed_anchor_continuation_20260729/legal_signed_anchor_continuation_20260729/continue_path1/13_direct_pilot_phased_q128/results/rescue_holdout/network_4217.json
19c29993b6650fbc7c79e5419c62073ce38df4805ec40b0ade47f58a87a65d4c,2,library_archive/bundles/experiment/T0_official_grader_instrumentation_20260729_FINAL/T0_official_grader_instrumentation_20260729/packages/A43_basis032/manifest.json | library_archive/bundles/experiment/T0_unblocked_execution_bundle_20260729/T0_unblocked_execution_bundle_20260729/T0_official_grader_instrumentation_20260729/packages/A43_basis032/manifest.json
19ee4a029f93de8e4a2df24b7e78073b266e000c0ebab9ca0a46babd1263a163,2,library_archive/bundles/proof/WHestBench_Agent_Review_Closure_20260730/whestbench_closure_20260730/arc_cubature_proof_v5_1/README.md | library_archive/bundles/proof/arc_cubature_proof_v5_1/arc_cubature_proof_v5_1/README.md
1a082725edb0dc5a44fe7147f4e4d738f84d23fd8dbf89622dc35fee90cd4a58,2,library_archive/bundles/experiment/REOPENED_PATHS_REPRO_PACKAGE_20260730/reopened_paths_repro_20260730/results/network_3030.json | library_archive/bundles/proof/WHESTBENCH_COMPLETE_PROOF_PACKAGE_20260730/whestbench_complete_proof/reopened_paths_repro_20260730/results/network_3030.json
1a8e746c646951b9295c162436e4f0aa01029002fa2637689ec319d208277c9b,2,library_archive/bundles/proof/arc_cubature_proof_v5_dual_engine_20260730/arc_cubature_proof_v5_dual_engine_20260730/strengthening/docs/DECISION.md | library_archive/bundles/proof/whestbench_t22_t23_dual_engine_release_v5_2_20260730/arc_cubature_proof_v5_dual_engine_20260730/strengthening/docs/DECISION.md
1b248766946b0c4f984aec93fd96fb9361d1f872bd8dce181036e8045032e16b,2,library_archive/bundles/experiment/REOPENED_PATHS_REPRO_PACKAGE_20260730/reopened_paths_repro_20260730/results/network_3010.npz | library_archive/bundles/proof/WHESTBENCH_COMPLETE_PROOF_PACKAGE_20260730/whestbench_complete_proof/reopened_paths_repro_20260730/results/network_3010.npz
1b7825b16eca284da65d9b1e031e5c0286018cf12a119abd0e701d4eb2deb1e2,2,library_archive/bundles/experiment/REOPENED_PATHS_REPRO_PACKAGE_20260730/reopened_paths_repro_20260730/results/network_3039.json | library_archive/bundles/proof/WHESTBENCH_COMPLETE_PROOF_PACKAGE_20260730/whestbench_complete_proof/reopened_paths_repro_20260730/results/network_3039.json
1be908206fde185f19e5949024ff702fa9d5b2632e058101365fa1870308d507,2,library_archive/bundles/experiment/T0_official_grader_instrumentation_20260729_FINAL/T0_official_grader_instrumentation_20260729/T0.2_compute_calibration/NODE_SPEC.md | library_archive/bundles/experiment/T0_unblocked_execution_bundle_20260729/T0_unblocked_execution_bundle_20260729/T0_official_grader_instrumentation_20260729/T0.2_compute_calibration/NODE_SPEC.md
1c51e76baf2c8466f97b84f4a5de7c8a22e5d3f968e50db4ed214b5f2cb99b63,3,library_archive/bundles/proof/arc_cubature_proof_v5_dual_engine_20260730/arc_cubature_proof_v5_dual_engine_20260730/PROOF_MANIFEST.sha256 | library_archive/bundles/proof/arc_cubature_proof_v5_strengthened_20260730/arc_cubature_proof_v5_strengthened/PROOF_MANIFEST.sha256 | library_archive/bundles/proof/whestbench_t22_t23_dual_engine_release_v5_2_20260730/arc_cubature_proof_v5_dual_engine_20260730/PROOF_MANIFEST.sha256
1c99bca4733d85cfb6a5f8b38ef42d19736006a0692021baec34d092e5b91530,2,library_archive/bundles/experiment/T0_official_grader_instrumentation_20260729_FINAL/T0_official_grader_instrumentation_20260729/T0.3_A42_A43_grade/CHILDREN.md | library_archive/bundles/experiment/T0_unblocked_execution_bundle_20260729/T0_unblocked_execution_bundle_20260729/T0_official_grader_instrumentation_20260729/T0.3_A42_A43_grade/CHILDREN.md
1cd2afab9dab0a423a47ebbcf85e0096a0b4c09ff7120fabb04e615c0ae95d54,4,library_archive/bundles/proof/WHestBench_Agent_Review_Closure_20260730/whestbench_closure_20260730/T16_ALL_DEGREE_CERTIFICATE.json | library_archive/bundles/proof/WHestBench_Agent_Review_Closure_20260730/whestbench_closure_20260730/T16_ALL_DEGREE_RERUN_OUTPUT.json | library_archive/bundles/proof/agent10_whestbench_strengthening_20260730/agent10_whestbench_strengthening_20260730/t16_prior/T16_ALL_DEGREE_CERTIFICATE.json | library_archive/bundles/proof/whestbench_continuation_audit_20260730/whestbench_continuation_audit_20260730/verification/t16_all_degree_stdout.json
1d252bb710ca640fcea381732442c24f750666c7c2d20d411a2ec4341040ce85,2,library_archive/bundles/experiment/REOPENED_PATHS_REPRO_PACKAGE_20260730/reopened_paths_repro_20260730/results/network_3049.json | library_archive/bundles/proof/WHESTBENCH_COMPLETE_PROOF_PACKAGE_20260730/whestbench_complete_proof/reopened_paths_repro_20260730/results/network_3049.json
1d49f704e9372e923a5510af12df3ca1619ac4bda0e99245307390feb9d4ec42,2,library_archive/bundles/experiment/T0_official_grader_instrumentation_20260729_FINAL/T0_official_grader_instrumentation_20260729/evidence/A43_arm_measurements.csv | library_archive/bundles/experiment/T0_unblocked_execution_bundle_20260729/T0_unblocked_execution_bundle_20260729/T0_official_grader_instrumentation_20260729/evidence/A43_arm_measurements.csv
1d9f4830c410819dadde105cea4a09206b8dd2a9b5ff20153fbf88789b13a563,2,library_archive/bundles/experiment/REOPENED_PATHS_REPRO_PACKAGE_20260730/reopened_paths_repro_20260730/results/network_3040.json | library_archive/bundles/proof/WHESTBENCH_COMPLETE_PROOF_PACKAGE_20260730/whestbench_complete_proof/reopened_paths_repro_20260730/results/network_3040.json
1dc39468ec1efbf3a5ac54c212027ebbc6d512278fed8e24c35f7bd077f65483,5,library_archive/bundles/proof/WHestBench_Agent_Review_Closure_20260730/whestbench_closure_20260730/arc_cubature_proof_v5_1/results/KERDOCK_MULTIPLICITY_PROOF.json | library_archive/bundles/proof/arc_cubature_proof_v5_1/arc_cubature_proof_v5_1/results/KERDOCK_MULTIPLICITY_PROOF.json | library_archive/bundles/proof/arc_cubature_proof_v5_dual_engine_20260730/arc_cubature_proof_v5_dual_engine_20260730/results/KERDOCK_MULTIPLICITY_PROOF.json | library_archive/bundles/proof/arc_cubature_proof_v5_strengthened_20260730/arc_cubature_proof_v5_strengthened/results/KERDOCK_MULTIPLICITY_PROOF.json | library_archive/bundles/proof/whestbench_t22_t23_dual_engine_release_v5_2_20260730/arc_cubature_proof_v5_dual_engine_20260730/results/KERDOCK_MULTIPLICITY_PROOF.json
1e81af6175cf9779981dfae50b63fcdb0e04964c3a89d1541ee9cb442483ba33,2,library_archive/bundles/experiment/REOPENED_PATHS_REPRO_PACKAGE_20260730/reopened_paths_repro_20260730/results/network_3024.npz | library_archive/bundles/proof/WHESTBENCH_COMPLETE_PROOF_PACKAGE_20260730/whestbench_complete_proof/reopened_paths_repro_20260730/results/network_3024.npz
1eec192f369e120ed1cf9138aa0477b83c4d0621c23d48b84fb02632bd7e91d7,2,library_archive/bundles/proof/WHestBench_NonOverlap_Continuation_v25_20260730/results/posterior_score_decomposition.json | library_archive/bundles/proof/WHestBench_NonOverlap_Continuation_v25_20260730/results/verification_stdout.txt
1ef0f04880ac49d6845b56450955fe320a0eff212d426a93633fcc13fb3b58be,5,library_archive/bundles/proof/WHestBench_Agent_Review_Closure_20260730/whestbench_closure_20260730/arc_cubature_proof_v5_1/results/formal_gpp_chunk_0570_0575.json | library_archive/bundles/proof/arc_cubature_proof_v5_1/arc_cubature_proof_v5_1/results/formal_gpp_chunk_0570_0575.json | library_archive/bundles/proof/arc_cubature_proof_v5_dual_engine_20260730/arc_cubature_proof_v5_dual_engine_20260730/results/formal_gpp_chunk_0570_0575.json | library_archive/bundles/proof/arc_cubature_proof_v5_strengthened_20260730/arc_cubature_proof_v5_strengthened/results/formal_gpp_chunk_0570_0575.json | library_archive/bundles/proof/whestbench_t22_t23_dual_engine_release_v5_2_20260730/arc_cubature_proof_v5_dual_engine_20260730/results/formal_gpp_chunk_0570_0575.json
1f7473748e0e8e1991e9fa971c6489ac4488aa67f99ee0b6405cb8e279f7cc4e,2,library_archive/bundles/proof/arc_cubature_proof_v5_dual_engine_20260730/arc_cubature_proof_v5_dual_engine_20260730/strengthening/pydecimal_shim/__pycache__/decimal.cpython-313.pyc | library_archive/bundles/proof/whestbench_t22_t23_dual_engine_release_v5_2_20260730/arc_cubature_proof_v5_dual_engine_20260730/strengthening/pydecimal_shim/__pycache__/decimal.cpython-313.pyc
1f8cb427ca62a55169701e4e9ee65822128faf11a1a2f6bf04ec58328038250a,2,library_archive/bundles/experiment/T0_official_grader_instrumentation_20260729_FINAL/T0_official_grader_instrumentation_20260729/evidence/t0_diag_k20.npy | library_archive/bundles/experiment/T0_unblocked_execution_bundle_20260729/T0_unblocked_execution_bundle_20260729/T0_official_grader_instrumentation_20260729/evidence/t0_diag_k20.npy
1fca73b3193cb1b49f1753a7a46cd157de045f0248d8a8c0cf237239ef691af7,2,library_archive/bundles/experiment/legal_signed_anchor_continuation_20260729/legal_signed_anchor_continuation_20260729/continue_path1/11_pilot_phased_q128_source/results/all/network_4150.json | library_archive/bundles/experiment/legal_signed_anchor_continuation_20260729/legal_signed_anchor_continuation_20260729/continue_path1/11_pilot_phased_q128_source/results/validation/network_4150.json
1ff9cc962a5d4931fa365eef2f27b1c503b8f75a2eb2055c3fabbc83f5328810,2,library_archive/bundles/experiment/T0_official_grader_instrumentation_20260729_FINAL/T0_official_grader_instrumentation_20260729/scripts/assemble_t0_bundle.py | library_archive/bundles/experiment/T0_unblocked_execution_bundle_20260729/T0_unblocked_execution_bundle_20260729/T0_official_grader_instrumentation_20260729/scripts/assemble_t0_bundle.py
20054071a4a20d5443f7ce2a96e400452b051da392c9613f376b9be090737adf,2,library_archive/bundles/experiment/T0_official_grader_instrumentation_20260729_FINAL/T0_official_grader_instrumentation_20260729/packages/A43_basis096/__pycache__/fast_matmul.cpython-313.pyc | library_archive/bundles/experiment/T0_unblocked_execution_bundle_20260729/T0_unblocked_execution_bundle_20260729/T0_official_grader_instrumentation_20260729/packages/A43_basis096/__pycache__/fast_matmul.cpython-313.pyc
20a6d958c75f6cc7e92ce49c4d60ab9809dc551abbce4225448898ef0a326e2b,6,library_archive/bundles/experiment/whest_additional_progress_20260730/whest_additional_progress_20260730/sources/T16_DECIMAL_PRIMAL_DUAL_CERTIFICATE.json | library_archive/bundles/proof/WHESTBENCH_COMPLETE_PROOF_PACKAGE_20260730/whestbench_complete_proof/sources/T16_PRIMAL_DUAL_CERTIFICATE.json | library_archive/bundles/proof/WHestBench_Agent_Review_Closure_20260730/whestbench_closure_20260730/T16_PRIMAL_DUAL_CERTIFICATE.json | library_archive/bundles/proof/WHestBench_Agent_Review_Closure_20260730/whestbench_closure_20260730/T16_PRIMAL_DUAL_RERUN_OUTPUT.json | library_archive/bundles/proof/WHestBench_Salvaged_Theorems_V18_20260730/whestbench_salvaged_theorems_20260730/source_certificates/T16_PRIMAL_DUAL_CERTIFICATE.json | library_archive/bundles/proof/whestbench_continuation_audit_20260730/whestbench_continuation_audit_20260730/verification/t16_primal_dual_stdout.json
20f875caeccbcbb5a304b9e1dc3f4a3386e5fee9fb05a9a24a720da11d83e440,2,library_archive/bundles/experiment/REOPENED_PATHS_REPRO_PACKAGE_20260730/reopened_paths_repro_20260730/results/network_3067.npz | library_archive/bundles/proof/WHESTBENCH_COMPLETE_PROOF_PACKAGE_20260730/whestbench_complete_proof/reopened_paths_repro_20260730/results/network_3067.npz
21140c66535f0eca608c87d67f27e34fe9a90f208b05f8468d66f4e415bcbe3b,5,library_archive/bundles/proof/WHestBench_Agent_Review_Closure_20260730/whestbench_closure_20260730/arc_cubature_proof_v5_1/results/FORMAL_SIGN_LOGIC_AUDIT.json | library_archive/bundles/proof/arc_cubature_proof_v5_1/arc_cubature_proof_v5_1/results/FORMAL_SIGN_LOGIC_AUDIT.json | library_archive/bundles/proof/arc_cubature_proof_v5_dual_engine_20260730/arc_cubature_proof_v5_dual_engine_20260730/results/FORMAL_SIGN_LOGIC_AUDIT.json | library_archive/bundles/proof/arc_cubature_proof_v5_strengthened_20260730/arc_cubature_proof_v5_strengthened/results/FORMAL_SIGN_LOGIC_AUDIT.json | library_archive/bundles/proof/whestbench_t22_t23_dual_engine_release_v5_2_20260730/arc_cubature_proof_v5_dual_engine_20260730/results/FORMAL_SIGN_LOGIC_AUDIT.json
21cb645148cd58793f871059c443eca0563df77220c08ad815bc248d239b577a,2,library_archive/bundles/experiment/T0_official_grader_instrumentation_20260729_FINAL/T0_official_grader_instrumentation_20260729/T0.2_compute_calibration/RESULTS.json | library_archive/bundles/experiment/T0_unblocked_execution_bundle_20260729/T0_unblocked_execution_bundle_20260729/T0_official_grader_instrumentation_20260729/T0.2_compute_calibration/RESULTS.json
2204f959bbe14f8b247b70731e04e1af4887a35257ebfb559ec6b40e9dc6a9a1,2,library_archive/bundles/proof/arc_cubature_proof_v5_dual_engine_20260730/arc_cubature_proof_v5_dual_engine_20260730/FULL_ARTIFACT_MANIFEST.sha256 | library_archive/bundles/proof/whestbench_t22_t23_dual_engine_release_v5_2_20260730/arc_cubature_proof_v5_dual_engine_20260730/FULL_ARTIFACT_MANIFEST.sha256
220cd7be90aad93130d111c691a44c1c8426c07b7dc1f5752bee29d9d7c21ea0,2,library_archive/bundles/experiment/T0_official_grader_instrumentation_20260729_FINAL/T0_official_grader_instrumentation_20260729/evidence/t0_pkg_k32.json | library_archive/bundles/experiment/T0_unblocked_execution_bundle_20260729/T0_unblocked_execution_bundle_20260729/T0_official_grader_instrumentation_20260729/evidence/t0_pkg_k32.json
2270f5610a07cf35d56574e9059ee027a1b4d01a8bd8c693b6cf6b1dbe784f6b,2,library_archive/bundles/experiment/T0_unblocked_execution_bundle_20260729/T0_unblocked_execution_bundle_20260729/unblocked_research/CONTROL_HURDLES.csv | library_archive/bundles/experiment/cascade_observability_execution_20260730/cascade_observability_execution_20260730/sources/CONTROL_HURDLES.csv
227f0897cfdc8f1d8c66686375ce876328df0feceba7d4b10da775ea3735feee,2,library_archive/bundles/experiment/REOPENED_PATHS_REPRO_PACKAGE_20260730/reopened_paths_repro_20260730/results/network_3023.npz | library_archive/bundles/proof/WHESTBENCH_COMPLETE_PROOF_PACKAGE_20260730/whestbench_complete_proof/reopened_paths_repro_20260730/results/network_3023.npz
22cd3e7194ae7b34e803d75cc3d9921e06fb3763725ed0b9ba2fd38463e60c1f,2,library_archive/bundles/experiment/REOPENED_PATHS_REPRO_PACKAGE_20260730/reopened_paths_repro_20260730/results/network_3038.npz | library_archive/bundles/proof/WHESTBENCH_COMPLETE_PROOF_PACKAGE_20260730/whestbench_complete_proof/reopened_paths_repro_20260730/results/network_3038.npz
2367f2732b15d47daf05b7b4897a629d2241f46df9cb6deaa571b93ee6809588,2,library_archive/bundles/proof/WHestBench_Agent_Review_Closure_20260730/whestbench_closure_20260730/AGENT4_ORIGINAL_DECISION.md | library_archive/bundles/proof/WHestBench_Agent_Review_Closure_20260730/whestbench_closure_20260730/reviewed_markdown/DECISION.md
2378d2053698f0ad6f1b52b9ca4fce2819fd64232203c843fece2b0a047e5b27,3,library_archive/bundles/proof/arc_cubature_proof_v5_dual_engine_20260730/arc_cubature_proof_v5_dual_engine_20260730/strengthening/results/PYDECIMAL_CHUNK_605_TIMING.txt | library_archive/bundles/proof/arc_cubature_proof_v5_strengthened_20260730/arc_cubature_proof_v5_strengthened/strengthening/results/PYDECIMAL_CHUNK_605_TIMING.txt | library_archive/bundles/proof/whestbench_t22_t23_dual_engine_release_v5_2_20260730/arc_cubature_proof_v5_dual_engine_20260730/strengthening/results/PYDECIMAL_CHUNK_605_TIMING.txt
23b0fd1a27e6d669fb874f13a726b82e7970d0f97533d6a4afe521edc918427f,2,library_archive/bundles/proof/arc_cubature_proof_v5_dual_engine_20260730/arc_cubature_proof_v5_dual_engine_20260730/strengthening/mpfr_full_replay/run_mpfr_replay.sh | library_archive/bundles/proof/whestbench_t22_t23_dual_engine_release_v5_2_20260730/arc_cubature_proof_v5_dual_engine_20260730/strengthening/mpfr_full_replay/run_mpfr_replay.sh
23b9c8291d0845c739908ed7ed8f050a7eda612d99d5816fec5cdcb681ecdbf7,2,library_archive/bundles/experiment/path5_set_level_coreset_20260729/05_set_level_coreset/data/top8_rank_dev8/top8_rank_seed64007.npz | library_archive/bundles/experiment/path5_set_level_coreset_20260729_v2/05_set_level_coreset/data/top8_rank_dev8/top8_rank_seed64007.npz
2469f20747339b1f75c93feafebade440bf05493bfb7b9e63e0167aaa9928414,2,library_archive/bundles/experiment/REOPENED_PATHS_REPRO_PACKAGE_20260730/reopened_paths_repro_20260730/results/network_3015.npz | library_archive/bundles/proof/WHESTBENCH_COMPLETE_PROOF_PACKAGE_20260730/whestbench_complete_proof/reopened_paths_repro_20260730/results/network_3015.npz
25214f8cd36a393582db8242822126cc9230f3fdfba192bbfc597f5874eb2d76,2,library_archive/bundles/experiment/REOPENED_PATHS_REPRO_PACKAGE_20260730/reopened_paths_repro_20260730/results/network_3031.npz | library_archive/bundles/proof/WHESTBENCH_COMPLETE_PROOF_PACKAGE_20260730/whestbench_complete_proof/reopened_paths_repro_20260730/results/network_3031.npz
25408e5af944ee7f4e8c04361e2320287f98a7c676eab74a25e1a09522de51be,2,library_archive/bundles/experiment/path5_set_level_coreset_20260729/05_set_level_coreset/data/dev8_full128/setlevel_seed64005_q128_c64.npz | library_archive/bundles/experiment/path5_set_level_coreset_20260729_v2/05_set_level_coreset/data/dev8_full128/setlevel_seed64005_q128_c64.npz
255ea3d5096f9f2ae06bf54362109b1dffc8b99bb67003ce4e2ca56fb552db56,2,library_archive/bundles/experiment/REOPENED_PATHS_REPRO_PACKAGE_20260730/reopened_paths_repro_20260730/results/network_3014.npz | library_archive/bundles/proof/WHESTBENCH_COMPLETE_PROOF_PACKAGE_20260730/whestbench_complete_proof/reopened_paths_repro_20260730/results/network_3014.npz
25ddb4183713651e1b9b18d8f14fc153d229784df6ae725b6f748fd467a45bce,2,library_archive/bundles/experiment/REOPENED_PATHS_REPRO_PACKAGE_20260730/reopened_paths_repro_20260730/results/network_3067.json | library_archive/bundles/proof/WHESTBENCH_COMPLETE_PROOF_PACKAGE_20260730/whestbench_complete_proof/reopened_paths_repro_20260730/results/network_3067.json
25ffb7e80b8f73bb1466526b2b875748461c7bba16343f44c598a9130ceeaa52,2,library_archive/bundles/experiment/REOPENED_PATHS_REPRO_PACKAGE_20260730/reopened_paths_repro_20260730/results/network_3041.npz | library_archive/bundles/proof/WHESTBENCH_COMPLETE_PROOF_PACKAGE_20260730/whestbench_complete_proof/reopened_paths_repro_20260730/results/network_3041.npz
26f54d9e33c9250df693393417980ab333509c9ffaaa717150913a14ca615004,2,library_archive/bundles/experiment/Agent4_Replayability_Continuation_V3_20260730/direct_economics_stdout.txt | library_archive/bundles/experiment/Agent4_Replayability_Continuation_V3_20260730/direct_output_source_economics.json
2768c05f88c1a8627916149f45855c33153d4cd4866e66caec9b594d11a01bdb,2,library_archive/bundles/experiment/path5_set_level_coreset_20260729/05_set_level_coreset/data/top8_rank_train32/top8_rank_seed64329.npz | library_archive/bundles/experiment/path5_set_level_coreset_20260729_v2/05_set_level_coreset/data/top8_rank_train32/top8_rank_seed64329.npz
27844f414e0f55f009124bad8d5451a3507cd53d8761d4f057af3b63d755c962,2,library_archive/bundles/experiment/path5_set_level_coreset_20260729/05_set_level_coreset/code/set_level_basis_feasibility.py | library_archive/bundles/experiment/path5_set_level_coreset_20260729_v2/05_set_level_coreset/code/set_level_basis_feasibility.py
282e9e47d4c6fcbe1d674a59a9dcf97d49fddc436f4e18b93c1cb637f37695f8,6,library_archive/bundles/experiment/Agent5_SignedWeight_Audit_20260729/agent5_signed_weight_audit_20260729/T22_FAST_VERIFIER_OUTPUT.json | library_archive/bundles/experiment/cascade_observability_execution_20260730/cascade_observability_execution_20260730/sources/signed_weight_audit/T22_FAST_VERIFIER_OUTPUT.json | library_archive/bundles/experiment/whest_additional_progress_20260730/whest_additional_progress_20260730/t22_fast_verifier_stdout.json | library_archive/bundles/proof/WHestBench_Agent_Review_Closure_20260730/whestbench_closure_20260730/T22_FAST_VERIFIER_OUTPUT.txt | library_archive/bundles/proof/whestbench_continuation_audit_20260730/whestbench_continuation_audit_20260730/verification/dual_engine_t22_fast.txt | library_archive/bundles/proof/whestbench_continuation_audit_20260730/whestbench_continuation_audit_20260730/verification/t22_verify_theorem_package.txt
2863044ebe3877ed424865d77c1643c95127c0af95d30f6546b80e4ff09feb99,2,library_archive/bundles/experiment/T0_official_grader_instrumentation_20260729_FINAL/T0_official_grader_instrumentation_20260729/T0.1_basis_curve/DECISION.md | library_archive/bundles/experiment/T0_unblocked_execution_bundle_20260729/T0_unblocked_execution_bundle_20260729/T0_official_grader_instrumentation_20260729/T0.1_basis_curve/DECISION.md
286d895d58b0f037e7cf74eddf197a04f88c05df738878b386bd7c29d56f0e35,2,library_archive/bundles/proof/WHestBench_Agent_Review_Closure_20260730/whestbench_closure_20260730/arc_cubature_proof_v5_1/ENVIRONMENT_LOCK.md | library_archive/bundles/proof/arc_cubature_proof_v5_1/arc_cubature_proof_v5_1/ENVIRONMENT_LOCK.md
28f106466b1201fdc4dcc6a27b1e710acd263b7e0b252e05f0eb9db48ff54ad0,2,library_archive/bundles/experiment/REOPENED_PATHS_REPRO_PACKAGE_20260730/reopened_paths_repro_20260730/results/network_3007.npz | library_archive/bundles/proof/WHESTBENCH_COMPLETE_PROOF_PACKAGE_20260730/whestbench_complete_proof/reopened_paths_repro_20260730/results/network_3007.npz
295ef14a3fc3b7f9bb14e5253e64ee8182a38ef0acb72105558dc578b5c33f22,2,library_archive/bundles/experiment/01_legal_signed_anchor_20260729/01_legal_signed_anchor/results/records_shared/network_3011.json | library_archive/bundles/experiment/legal_signed_anchor_continuation_20260729/legal_signed_anchor_continuation_20260729/continue_path1/01_legal_signed_anchor/results/records_shared/network_3011.json
296794e4f8ebb5ec439e77e6f148c21ca553e2238c824736120b119b3a36267f,2,library_archive/bundles/experiment/path5_set_level_coreset_20260729/05_set_level_coreset/code/generate_top8_rank_dataset.py | library_archive/bundles/experiment/path5_set_level_coreset_20260729_v2/05_set_level_coreset/code/generate_top8_rank_dataset.py
29ff611b2d3d6d1f8cfbfb86d38e8ae2fbac544349ce275b7c5728bb77c11cda,3,library_archive/bundles/experiment/legal_signed_anchor_continuation_20260729/legal_signed_anchor_continuation_20260729/continue_path1/13_direct_pilot_phased_q128/results/all/network_4190.json | library_archive/bundles/experiment/legal_signed_anchor_continuation_20260729/legal_signed_anchor_continuation_20260729/continue_path1/13_direct_pilot_phased_q128/results/rescue_all/network_4190.json | library_archive/bundles/experiment/legal_signed_anchor_continuation_20260729/legal_signed_anchor_continuation_20260729/continue_path1/13_direct_pilot_phased_q128/results/validation/network_4190.json
2a3fa9375f30e64e9a2a0a752edae81c7f575db70a4de224a233d972d49424f8,2,library_archive/bundles/experiment/WHestBench_Project_Closeout_v17_20260730/WHestBench_Project_Closeout_v17_20260730/source_reports/CRITIQUE_CLOSURE_REGISTER.md | library_archive/bundles/experiment/whest_critique_closure_20260730/whest_critique_closure_20260730/CRITIQUE_CLOSURE_REGISTER.md
2ab09faa241a2d364aaadc761ebaf778b73b6d8c0186e56ed87c71eaea42798a,2,library_archive/bundles/experiment/T0_official_grader_instrumentation_20260729_FINAL/T0_official_grader_instrumentation_20260729/evidence/t0_panel_seed51000_k129.json | library_archive/bundles/experiment/T0_unblocked_execution_bundle_20260729/T0_unblocked_execution_bundle_20260729/T0_official_grader_instrumentation_20260729/evidence/t0_panel_seed51000_k129.json
2ad06fa721e57278d51b794006c4a8ae8465298bc38da45b04b0c028ff1930dc,2,library_archive/bundles/experiment/legal_signed_anchor_continuation_20260729/legal_signed_anchor_continuation_20260729/continue_path1/11_pilot_phased_q128_source/results/all/network_4140.json | library_archive/bundles/experiment/legal_signed_anchor_continuation_20260729/legal_signed_anchor_continuation_20260729/continue_path1/11_pilot_phased_q128_source/results/train/network_4140.json
2b3fbf988194cecc49a9cabda79b57e9813e13aca4a99d2d8176d42cc527ceed,2,library_archive/bundles/experiment/T0_official_grader_instrumentation_20260729_FINAL/T0_official_grader_instrumentation_20260729/packages/A43.tar.gz | library_archive/bundles/experiment/T0_unblocked_execution_bundle_20260729/T0_unblocked_execution_bundle_20260729/T0_official_grader_instrumentation_20260729/packages/A43.tar.gz
2b721466020d52955b619a50efe7c97cc95ddce15a99b36758c994dd250508b9,2,library_archive/bundles/proof/whestbench_continuation_audit_20260730/whestbench_continuation_audit_20260730/verification/mpfr_replay/clang/regenerate_mesh.log | library_archive/bundles/proof/whestbench_continuation_audit_20260730/whestbench_continuation_audit_20260730/verification/mpfr_replay/gcc/regenerate_mesh.log
2b7c78ad4a457c65eeddc2d918f082c5e41015e9e04269786a8471b58a82605b,4,library_archive/bundles/experiment/WHestBench_Project_Closeout_v17_20260730/WHestBench_Project_Closeout_v17_20260730/source_reports/PROOF_AUDIT.md | library_archive/bundles/proof/arc_cubature_proof_v5_dual_engine_20260730/arc_cubature_proof_v5_dual_engine_20260730/PROOF_AUDIT.md | library_archive/bundles/proof/arc_cubature_proof_v5_strengthened_20260730/arc_cubature_proof_v5_strengthened/PROOF_AUDIT.md | library_archive/bundles/proof/whestbench_t22_t23_dual_engine_release_v5_2_20260730/arc_cubature_proof_v5_dual_engine_20260730/PROOF_AUDIT.md
2bb983ed8d5fb265f4b25d04bcf7c88cfc9b89a8a3da2205ed52d6208edffd97,2,library_archive/bundles/experiment/T0_official_grader_instrumentation_20260729_FINAL/T0_official_grader_instrumentation_20260729/packages/A43_basis129/__pycache__/fast_matmul.cpython-313.pyc | library_archive/bundles/experiment/T0_unblocked_execution_bundle_20260729/T0_unblocked_execution_bundle_20260729/T0_official_grader_instrumentation_20260729/packages/A43_basis129/__pycache__/fast_matmul.cpython-313.pyc
2c70fb4270471c9cdc9d739663d1b004925279ee49202bb1cdc0a4b5d9f59a90,2,library_archive/bundles/experiment/PATH2_LEARNED_SIGN_SCALE_ABSTENTION_20260729/02_learned_sign_scale_abstention/feature_manifest.json | library_archive/bundles/experiment/PATH2_LEARNED_SIGN_SCALE_ABSTENTION_CONTINUATION_20260729/feature_manifest.json
2c937817a9646bd900bea20ffc8608e796a222d12180894cf8a3ff1eda0e5234,2,library_archive/bundles/experiment/REOPENED_PATHS_REPRO_PACKAGE_20260730/reopened_paths_repro_20260730/results/network_3021.json | library_archive/bundles/proof/WHESTBENCH_COMPLETE_PROOF_PACKAGE_20260730/whestbench_complete_proof/reopened_paths_repro_20260730/results/network_3021.json
2cdc26864b0be38d72b7b04119a95d3a5a8ccaf59bf90b28b53db2fd9da0aa13,2,library_archive/bundles/experiment/legal_signed_anchor_continuation_20260729/legal_signed_anchor_continuation_20260729/continue_path1/11_pilot_phased_q128_source/results/all/network_4155.json | library_archive/bundles/experiment/legal_signed_anchor_continuation_20260729/legal_signed_anchor_continuation_20260729/continue_path1/11_pilot_phased_q128_source/results/validation/network_4155.json
2d210075907112a944c4a7baab9ed4250e5aec7983d10cd03ea774bd337b80db,2,library_archive/bundles/experiment/T0_official_grader_instrumentation_20260729_FINAL/T0_official_grader_instrumentation_20260729/packages/A42/manifest.json | library_archive/bundles/experiment/T0_unblocked_execution_bundle_20260729/T0_unblocked_execution_bundle_20260729/T0_official_grader_instrumentation_20260729/packages/A42/manifest.json
2d79c1e352a991efb5aab6ac5ac5a4cb91d63f8febb3ba579f5de843c5d8bd62,2,library_archive/bundles/experiment/Agent5_SignedWeight_Audit_20260729/agent5_signed_weight_audit_20260729/CLAIMS_CHECKED.md | library_archive/bundles/experiment/cascade_observability_execution_20260730/cascade_observability_execution_20260730/sources/signed_weight_audit/CLAIMS_CHECKED.md
2d9420f1b7e810503616231368a3c71d86b1a0178858b381d2483d69e8c24226,2,library_archive/bundles/experiment/whestbench_markdown_disproof_continuation_20260730/whestbench_markdown_disproof_continuation_20260730/code/verify_oracle_proof_completion.py | library_archive/bundles/proof/WHestBench_Oracle_Proof_Completion_v18_20260730/WHestBench_Oracle_Proof_Completion_v18_20260730/code/verify_oracle_proof_completion.py
2e0e61f7f58a984bc497bcb49ae31d2e586d32489a25621d9a80b933db11a772,3,library_archive/bundles/experiment/Agent5_SignedWeight_Audit_20260729/agent5_signed_weight_audit_20260729/signed_weight_certificate.py | library_archive/bundles/experiment/cascade_observability_execution_20260730/cascade_observability_execution_20260730/sources/signed_weight_audit/signed_weight_certificate.py | library_archive/bundles/experiment/cascade_observability_execution_20260730/cascade_observability_execution_20260730/sources/signed_weight_certificate.py
2e330d1306fd93995ea7ffb50673442dadfcd9e18f7ebd5870455f73927116a5,3,library_archive/bundles/experiment/Agent5_SignedWeight_Audit_20260729/agent5_signed_weight_audit_20260729/FORMAL_NEAR_OPTIMALITY_THEOREM_D256_L32.json | library_archive/bundles/experiment/cascade_observability_execution_20260730/cascade_observability_execution_20260730/sources/signed_weight_audit/FORMAL_NEAR_OPTIMALITY_THEOREM_D256_L32.json | library_archive/bundles/proof/agent10_whestbench_strengthening_20260730/agent10_whestbench_strengthening_20260730/t22_release/STALE_FORMAL_NEAR_OPTIMALITY_THEOREM_D256_L32.json
2e61f91aef5101eb3a32611349389043c36b38e6dd34511540685c0f061a3a7b,2,library_archive/bundles/experiment/path5_set_level_coreset_20260729/05_set_level_coreset/data/top8_rank_train32/top8_rank_seed64325.npz | library_archive/bundles/experiment/path5_set_level_coreset_20260729_v2/05_set_level_coreset/data/top8_rank_train32/top8_rank_seed64325.npz
2eb2ad5c11fc0d0f3e7901a4a6443cc40f73fc062305d39eb1d5cbb0dd430541,2,library_archive/bundles/experiment/T0_official_grader_instrumentation_20260729_FINAL/T0_official_grader_instrumentation_20260729/evidence/t0_pkg_delta64.json | library_archive/bundles/experiment/T0_unblocked_execution_bundle_20260729/T0_unblocked_execution_bundle_20260729/T0_official_grader_instrumentation_20260729/evidence/t0_pkg_delta64.json
2ebc539904f503272c3e5f08e4419b02950eff686bf3d7c5fb4d1ff64513cbd3,2,library_archive/bundles/experiment/REOPENED_PATHS_REPRO_PACKAGE_20260730/reopened_paths_repro_20260730/results/network_3016.json | library_archive/bundles/proof/WHESTBENCH_COMPLETE_PROOF_PACKAGE_20260730/whestbench_complete_proof/reopened_paths_repro_20260730/results/network_3016.json
2f45e106f40229e734d923995b5cc0ed264a315caf960f6130a0541f46dc9472,2,library_archive/bundles/experiment/path5_set_level_coreset_20260729/05_set_level_coreset/data/top8_rank_train32/top8_rank_seed64300.npz | library_archive/bundles/experiment/path5_set_level_coreset_20260729_v2/05_set_level_coreset/data/top8_rank_train32/top8_rank_seed64300.npz
2f68afe895c6eb2095039145bedbb36139537c21cd6a1c9b9e4c6edb22641617,2,library_archive/bundles/experiment/T0_official_grader_instrumentation_20260729_FINAL/T0_official_grader_instrumentation_20260729/T0.1_basis_curve/COST_MODEL.json | library_archive/bundles/experiment/T0_unblocked_execution_bundle_20260729/T0_unblocked_execution_bundle_20260729/T0_official_grader_instrumentation_20260729/T0.1_basis_curve/COST_MODEL.json
3004a416852dfc40325356bd14e1f0c1508f038aefb7f102df5d38bc78470504,2,library_archive/bundles/proof/arc_cubature_proof_v5_dual_engine_20260730/arc_cubature_proof_v5_dual_engine_20260730/strengthening/mpfr_full_replay/mesh.tsv | library_archive/bundles/proof/whestbench_t22_t23_dual_engine_release_v5_2_20260730/arc_cubature_proof_v5_dual_engine_20260730/strengthening/mpfr_full_replay/mesh.tsv
307a95eb5bd175efb3c41d50019d90363df19c1155f570485fc404b65acfe544,2,library_archive/bundles/experiment/01_legal_signed_anchor_20260729/01_legal_signed_anchor/results/records_shared/network_3000.json | library_archive/bundles/experiment/legal_signed_anchor_continuation_20260729/legal_signed_anchor_continuation_20260729/continue_path1/01_legal_signed_anchor/results/records_shared/network_3000.json
30f7117f8522fb7eb7a9ca69762d711c97f512a86391a345b2774095b316091e,2,library_archive/bundles/experiment/REOPENED_PATHS_REPRO_PACKAGE_20260730/reopened_paths_repro_20260730/results/network_3035.npz | library_archive/bundles/proof/WHESTBENCH_COMPLETE_PROOF_PACKAGE_20260730/whestbench_complete_proof/reopened_paths_repro_20260730/results/network_3035.npz
310f9bbec03a329d11d9550350bfa1de1a58789a2e96831772cefcbfb35e56d8,2,library_archive/bundles/proof/WHestBench_Math_Continuation_v23_20260730/WHestBench_Math_Continuation_v23_20260730/code/verify_gaussian_crossing_formula.py | library_archive/bundles/proof/best_paths_beyond_v21_20260730/verify_gaussian_crossing_formula.py
3144a7ae9f326052de2ee2adefddf24fc9fc164680e92ad95e859cf2c810b1dc,2,library_archive/bundles/experiment/path5_set_level_coreset_20260729/05_set_level_coreset/results/top8_ranker_light_results.json | library_archive/bundles/experiment/path5_set_level_coreset_20260729_v2/05_set_level_coreset/results/top8_ranker_light_results.json
318df2cd8b866ad67f3637a64dbb2cb4906cc1b2bbb9acb273601d3d2bd74497,5,library_archive/bundles/proof/WHestBench_Agent_Review_Closure_20260730/whestbench_closure_20260730/arc_cubature_proof_v5_1/results/FORMAL_KERNEL_MEAN_D256_L32.json | library_archive/bundles/proof/arc_cubature_proof_v5_1/arc_cubature_proof_v5_1/results/FORMAL_KERNEL_MEAN_D256_L32.json | library_archive/bundles/proof/arc_cubature_proof_v5_dual_engine_20260730/arc_cubature_proof_v5_dual_engine_20260730/results/FORMAL_KERNEL_MEAN_D256_L32.json | library_archive/bundles/proof/arc_cubature_proof_v5_strengthened_20260730/arc_cubature_proof_v5_strengthened/results/FORMAL_KERNEL_MEAN_D256_L32.json | library_archive/bundles/proof/whestbench_t22_t23_dual_engine_release_v5_2_20260730/arc_cubature_proof_v5_dual_engine_20260730/results/FORMAL_KERNEL_MEAN_D256_L32.json
326d5e7353f32a87fa3c8a910a9eace7a8370e21dddabe845ca7772044b78acf,2,library_archive/bundles/experiment/T0_official_grader_instrumentation_20260729_FINAL/T0_official_grader_instrumentation_20260729/evidence/t0_panel_seed51001_k96.json | library_archive/bundles/experiment/T0_unblocked_execution_bundle_20260729/T0_unblocked_execution_bundle_20260729/T0_official_grader_instrumentation_20260729/evidence/t0_panel_seed51001_k96.json
32bc20f65f318e907a894bd29ce03388abb2ea1580b8c786f99d07915b47acfe,2,library_archive/bundles/experiment/01_legal_signed_anchor_20260729/01_legal_signed_anchor/results/records/network_3000.json | library_archive/bundles/experiment/legal_signed_anchor_continuation_20260729/legal_signed_anchor_continuation_20260729/continue_path1/01_legal_signed_anchor/results/records/network_3000.json
32d24890862881686557cad57be1229725ccf341df6094081d224802f9956ecc,2,library_archive/bundles/experiment/01_legal_signed_anchor_20260729/01_legal_signed_anchor/results/compute_compliant_development12.json | library_archive/bundles/experiment/legal_signed_anchor_continuation_20260729/legal_signed_anchor_continuation_20260729/continue_path1/01_legal_signed_anchor/results/compute_compliant_development12.json
3381738edb7ff0b3d51c85233d548a3dc55613814f2c1155cf8385df76ea5a64,2,library_archive/bundles/experiment/PATH2_LEARNED_SIGN_SCALE_ABSTENTION_20260729/02_learned_sign_scale_abstention/results/oof_decisions.csv | library_archive/bundles/experiment/PATH2_LEARNED_SIGN_SCALE_ABSTENTION_CONTINUATION_20260729/results/oof_decisions.csv
3417ba0bb1065bb2dd1dac37fbb33c98f8d01fba03b240c77fe891c571a28876,2,library_archive/bundles/experiment/REOPENED_PATHS_REPRO_PACKAGE_20260730/reopened_paths_repro_20260730/results/network_3018.npz | library_archive/bundles/proof/WHESTBENCH_COMPLETE_PROOF_PACKAGE_20260730/whestbench_complete_proof/reopened_paths_repro_20260730/results/network_3018.npz
341abc5cc66a59ce5e3b42d0270da2b528266165c1ea8045711488cba5e69ad3,2,library_archive/bundles/experiment/01_legal_signed_anchor_20260729/01_legal_signed_anchor/frozen_config.json | library_archive/bundles/experiment/legal_signed_anchor_continuation_20260729/legal_signed_anchor_continuation_20260729/continue_path1/01_legal_signed_anchor/frozen_config.json
345aa6567bf496df7dc0daf6e5cb56d97516af08df917e49afd271bd56bb1eb8,2,library_archive/bundles/experiment/01_legal_signed_anchor_20260729/01_legal_signed_anchor/src/reanchored_pilot_defect_highcompute.py | library_archive/bundles/experiment/legal_signed_anchor_continuation_20260729/legal_signed_anchor_continuation_20260729/continue_path1/01_legal_signed_anchor/src/reanchored_pilot_defect_highcompute.py
34fa19e8cfb46e307be88049de7354f4a1dad01bdb2d54224232207a9de1cd4c,2,library_archive/bundles/experiment/path5_set_level_coreset_20260729/05_set_level_coreset/data/top8_rank_train32/top8_rank_seed64317.npz | library_archive/bundles/experiment/path5_set_level_coreset_20260729_v2/05_set_level_coreset/data/top8_rank_train32/top8_rank_seed64317.npz
354b30fdffc4bb7380ef67c3ee37702b79e29a93de8175969c3fa93ff7c8185e,2,library_archive/bundles/proof/arc_cubature_proof_v5_dual_engine_20260730/arc_cubature_proof_v5_dual_engine_20260730/strengthening/mpfr_full_replay/README.md | library_archive/bundles/proof/whestbench_t22_t23_dual_engine_release_v5_2_20260730/arc_cubature_proof_v5_dual_engine_20260730/strengthening/mpfr_full_replay/README.md
3697edde03f00c51b258fdc5e77805f783a7e580d8c4c77aa2c5d708cfa9cfec,2,library_archive/bundles/experiment/agent6_anchor_review_20260730/agent6_anchor_review/THEOREM_CHECKS.json | library_archive/bundles/experiment/agent6_anchor_review_20260730/agent6_anchor_review/THEOREM_CHECKS_STDOUT.txt
36de8713ea2dbf1fdc7e7eb8c4c336e52dad41fb28db57521b8bd733069e6772,2,library_archive/bundles/experiment/01_legal_signed_anchor_20260729/01_legal_signed_anchor/ARTIFACT_MANIFEST.json | library_archive/bundles/experiment/legal_signed_anchor_continuation_20260729/legal_signed_anchor_continuation_20260729/continue_path1/01_legal_signed_anchor/ARTIFACT_MANIFEST.json
36f5c6a347305374d670f71302bd90be24ded8e4cc6a3cb010316f26074bb20a,2,library_archive/bundles/experiment/REOPENED_PATHS_REPRO_PACKAGE_20260730/reopened_paths_repro_20260730/results/network_3049.npz | library_archive/bundles/proof/WHESTBENCH_COMPLETE_PROOF_PACKAGE_20260730/whestbench_complete_proof/reopened_paths_repro_20260730/results/network_3049.npz
37d765ec0140b3ce4953e058393a2697668c37ad33376a24c8c48753075b1a00,2,library_archive/bundles/experiment/01_legal_signed_anchor_20260729/01_legal_signed_anchor/results/records_shared/network_3004.json | library_archive/bundles/experiment/legal_signed_anchor_continuation_20260729/legal_signed_anchor_continuation_20260729/continue_path1/01_legal_signed_anchor/results/records_shared/network_3004.json
38764d9975b2698b2b271b3a4d52205ebee25b7e2896ab2413ad1a9fbc92d3d1,2,library_archive/bundles/experiment/T0_official_grader_instrumentation_20260729_FINAL/T0_official_grader_instrumentation_20260729/evidence/t0_pair_delta_seed51001.json | library_archive/bundles/experiment/T0_unblocked_execution_bundle_20260729/T0_unblocked_execution_bundle_20260729/T0_official_grader_instrumentation_20260729/evidence/t0_pair_delta_seed51001.json
38781e4f25ad0a91f022bd3ebdaaa489ae927b2e6814cea46ad81080b6fe7dfb,2,library_archive/bundles/proof/WHestBench_Prompt1_Weighted_Floor_Continuation_20260730/WHestBench_Prompt1_Weighted_Floor_Continuation_20260730/DEGREE47_DUAL_VERIFICATION_CORRECTED.json | library_archive/bundles/proof/WHestBench_Prompt1_Weighted_Floor_Continuation_20260730/WHestBench_Prompt1_Weighted_Floor_Continuation_20260730/DEGREE47_ENTRYWISE_DUAL_CERTIFICATE_CORRECTED.json
38db7d0cf57d8692de8029f22333b7d53932000103f048feef81789b2fe76640,2,library_archive/bundles/experiment/path5_set_level_coreset_20260729/05_set_level_coreset/data/top8_rank_dev8/top8_rank_seed64000.npz | library_archive/bundles/experiment/path5_set_level_coreset_20260729_v2/05_set_level_coreset/data/top8_rank_dev8/top8_rank_seed64000.npz
39373496bee8696af99b95f2f3d9b24029def421bebfc53f239a1d3631f6b9d3,6,library_archive/bundles/experiment/WHestBench_Project_Closeout_v17_20260730/WHestBench_Project_Closeout_v17_20260730/source_reports/THEOREM_PROOF.md | library_archive/bundles/proof/WHestBench_Agent_Review_Closure_20260730/whestbench_closure_20260730/arc_cubature_proof_v5_1/THEOREM_PROOF.md | library_archive/bundles/proof/arc_cubature_proof_v5_1/arc_cubature_proof_v5_1/THEOREM_PROOF.md | library_archive/bundles/proof/arc_cubature_proof_v5_dual_engine_20260730/arc_cubature_proof_v5_dual_engine_20260730/THEOREM_PROOF.md | library_archive/bundles/proof/arc_cubature_proof_v5_strengthened_20260730/arc_cubature_proof_v5_strengthened/THEOREM_PROOF.md | library_archive/bundles/proof/whestbench_t22_t23_dual_engine_release_v5_2_20260730/arc_cubature_proof_v5_dual_engine_20260730/THEOREM_PROOF.md
397ea75b6fe2ba6275b51781656dbc944fa556111a746fe81d9bb1af1b506653,2,library_archive/bundles/experiment/REOPENED_PATHS_REPRO_PACKAGE_20260730/reopened_paths_repro_20260730/results/network_3051.json | library_archive/bundles/proof/WHESTBENCH_COMPLETE_PROOF_PACKAGE_20260730/whestbench_complete_proof/reopened_paths_repro_20260730/results/network_3051.json
3a3f18659552bcddc3e0212ab775a154954311f5fe28f46f9e2785013190a7cc,2,library_archive/bundles/experiment/REOPENED_PATHS_REPRO_PACKAGE_20260730/reopened_paths_repro_20260730/results/network_3048.npz | library_archive/bundles/proof/WHESTBENCH_COMPLETE_PROOF_PACKAGE_20260730/whestbench_complete_proof/reopened_paths_repro_20260730/results/network_3048.npz
3afa9206d9e40ce1e7bd224a6d9e759b4fdd7b20a58a098f1dceda5e370804e5,2,library_archive/bundles/experiment/path5_set_level_coreset_20260729/05_set_level_coreset/data/top8_rank_train32/top8_rank_seed64305.npz | library_archive/bundles/experiment/path5_set_level_coreset_20260729_v2/05_set_level_coreset/data/top8_rank_train32/top8_rank_seed64305.npz
3b1ce9c69453a54148b7facec6474e9fc1981f6d4e8e89fc233b370f73a2f95c,2,library_archive/bundles/proof/arc_cubature_proof_v5_dual_engine_20260730/arc_cubature_proof_v5_dual_engine_20260730/strengthening/mpfr_full_replay/MPFR_REPLAY_REPORT.md | library_archive/bundles/proof/whestbench_t22_t23_dual_engine_release_v5_2_20260730/arc_cubature_proof_v5_dual_engine_20260730/strengthening/mpfr_full_replay/MPFR_REPLAY_REPORT.md
3b39fd786bb2ce7a3d39cbd32c73db9e0e0f54e5067a67f7663999ef8a259437,5,library_archive/bundles/proof/WHestBench_Agent_Review_Closure_20260730/whestbench_closure_20260730/arc_cubature_proof_v5_1/results/formal_gpp_chunk_0500_0550.json | library_archive/bundles/proof/arc_cubature_proof_v5_1/arc_cubature_proof_v5_1/results/formal_gpp_chunk_0500_0550.json | library_archive/bundles/proof/arc_cubature_proof_v5_dual_engine_20260730/arc_cubature_proof_v5_dual_engine_20260730/results/formal_gpp_chunk_0500_0550.json | library_archive/bundles/proof/arc_cubature_proof_v5_strengthened_20260730/arc_cubature_proof_v5_strengthened/results/formal_gpp_chunk_0500_0550.json | library_archive/bundles/proof/whestbench_t22_t23_dual_engine_release_v5_2_20260730/arc_cubature_proof_v5_dual_engine_20260730/results/formal_gpp_chunk_0500_0550.json
3cae5f7560e5305a818c0a7a004cbb1e52bd6ff651018b77c6602c080d940e24,3,library_archive/bundles/experiment/legal_signed_anchor_continuation_20260729/legal_signed_anchor_continuation_20260729/continue_path1/13_direct_pilot_phased_q128/results/all/network_4180.json | library_archive/bundles/experiment/legal_signed_anchor_continuation_20260729/legal_signed_anchor_continuation_20260729/continue_path1/13_direct_pilot_phased_q128/results/rescue_all/network_4180.json | library_archive/bundles/experiment/legal_signed_anchor_continuation_20260729/legal_signed_anchor_continuation_20260729/continue_path1/13_direct_pilot_phased_q128/results/train/network_4180.json
3ccad0a1da937596250c1226db7450a09499549e1dfff8a497d8626f495d7c38,2,library_archive/bundles/experiment/Agent5_SignedWeight_Audit_20260729/agent5_signed_weight_audit_20260729/SOURCE_ARCHIVE_SHA256.txt | library_archive/bundles/experiment/cascade_observability_execution_20260730/cascade_observability_execution_20260730/sources/signed_weight_audit/SOURCE_ARCHIVE_SHA256.txt
3d18ad533096a24db391fbc91ae9d430d519d237d1a0adf0fc7c3c4d8c7db7f8,2,library_archive/bundles/proof/arc_cubature_proof_v5_dual_engine_20260730/arc_cubature_proof_v5_dual_engine_20260730/strengthening/mpfr_full_replay/verify_exact_coverage.py | library_archive/bundles/proof/whestbench_t22_t23_dual_engine_release_v5_2_20260730/arc_cubature_proof_v5_dual_engine_20260730/strengthening/mpfr_full_replay/verify_exact_coverage.py
3d2c97675d126cae19cc9834a63478164dcf28dbac9b8220852915dfb479ee18,2,library_archive/bundles/experiment/REOPENED_PATHS_REPRO_PACKAGE_20260730/reopened_paths_repro_20260730/results/network_3059.json | library_archive/bundles/proof/WHESTBENCH_COMPLETE_PROOF_PACKAGE_20260730/whestbench_complete_proof/reopened_paths_repro_20260730/results/network_3059.json
3d55d31e2b54f366cfb3cffe321a5a18efc00d94073b5ba7339993af31a2754f,2,library_archive/bundles/experiment/path5_set_level_coreset_20260729/05_set_level_coreset/data/top8_rank_train32/top8_rank_seed64306.npz | library_archive/bundles/experiment/path5_set_level_coreset_20260729_v2/05_set_level_coreset/data/top8_rank_train32/top8_rank_seed64306.npz
3daa6a65cf04e32ec8ecdd94f901762e9fd0f35f706006337f4202be9a709692,2,library_archive/bundles/experiment/Agent4_Replayability_Continuation_V3_20260730/blockwise_sorted_benchmark.json | library_archive/bundles/experiment/Agent4_Replayability_Continuation_V3_20260730/blockwise_sorted_stdout.txt
3dac3f1e42f35668eecb27664754b7b7c9249e64e22d56f86c87aa81fd4c7d75,2,library_archive/bundles/experiment/01_legal_signed_anchor_20260729/01_legal_signed_anchor/results/records_shared/network_3001.json | library_archive/bundles/experiment/legal_signed_anchor_continuation_20260729/legal_signed_anchor_continuation_20260729/continue_path1/01_legal_signed_anchor/results/records_shared/network_3001.json
3e7ee009821bd304d6e0f3574fb519a335ef9d08f1723ec01d38b036eb578395,2,library_archive/bundles/proof/whestbench_continuation_audit_20260730/whestbench_continuation_audit_20260730/verification/mpfr_replay/clang/verify_certified.log | library_archive/bundles/proof/whestbench_continuation_audit_20260730/whestbench_continuation_audit_20260730/verification/mpfr_replay/gcc/verify_certified.log
3ed93648abffa8b6c47372af63bf135aef956c206623db863399d9c6e06bcddd,2,library_archive/bundles/experiment/T0_official_grader_instrumentation_20260729_FINAL/T0_official_grader_instrumentation_20260729/scripts/build_floor_diagnostics.py | library_archive/bundles/experiment/T0_unblocked_execution_bundle_20260729/T0_unblocked_execution_bundle_20260729/T0_official_grader_instrumentation_20260729/scripts/build_floor_diagnostics.py
3f7ebc03aa5acabb5185c07c6fe18ad15c5c02e4cdc064b44098096a9d9afdb4,2,library_archive/bundles/experiment/T0_official_grader_instrumentation_20260729_FINAL/T0_official_grader_instrumentation_20260729/evidence/kerdock_mub5_winograd_official_row0.json | library_archive/bundles/experiment/T0_unblocked_execution_bundle_20260729/T0_unblocked_execution_bundle_20260729/T0_official_grader_instrumentation_20260729/evidence/kerdock_mub5_winograd_official_row0.json
3f9d74bbb1685129893e127b0c58011441ba9f21c84fdb8bdb1b258ab28750dd,2,library_archive/bundles/proof/arc_cubature_proof_v5_dual_engine_20260730/arc_cubature_proof_v5_dual_engine_20260730/__pycache__/formal_proof_common.cpython-313.pyc | library_archive/bundles/proof/whestbench_t22_t23_dual_engine_release_v5_2_20260730/arc_cubature_proof_v5_dual_engine_20260730/__pycache__/formal_proof_common.cpython-313.pyc
4003d6e1e60cb0400dc3614922f34d6e7337b132ce3cc587657f80196c59c379,2,library_archive/bundles/experiment/T0_official_grader_instrumentation_20260729_FINAL/T0_official_grader_instrumentation_20260729/packages/A43_basis032/__pycache__/fast_matmul.cpython-313.pyc | library_archive/bundles/experiment/T0_unblocked_execution_bundle_20260729/T0_unblocked_execution_bundle_20260729/T0_official_grader_instrumentation_20260729/packages/A43_basis032/__pycache__/fast_matmul.cpython-313.pyc
4056ff11df143247a1e91e7fa2cafc438762e3636c9a8feac538e62fcc1298c6,2,library_archive/bundles/experiment/01_legal_signed_anchor_20260729/01_legal_signed_anchor/results/records/network_3009.json | library_archive/bundles/experiment/legal_signed_anchor_continuation_20260729/legal_signed_anchor_continuation_20260729/continue_path1/01_legal_signed_anchor/results/records/network_3009.json
40fb2f7c23a6d0312a7d7d4628e9fc9eec7666b11046bdb0bfeb715db43afc35,2,library_archive/bundles/experiment/T0_official_grader_instrumentation_20260729_FINAL/T0_official_grader_instrumentation_20260729/scripts/build_t0_packages.py | library_archive/bundles/experiment/T0_unblocked_execution_bundle_20260729/T0_unblocked_execution_bundle_20260729/T0_official_grader_instrumentation_20260729/scripts/build_t0_packages.py
41c715e9e4c5093bbef8a61bb5b5e7bae5d36c78c9a6c5c7565af5c70323d42e,2,library_archive/bundles/experiment/REOPENED_PATHS_REPRO_PACKAGE_20260730/reopened_paths_repro_20260730/results/network_3050.json | library_archive/bundles/proof/WHESTBENCH_COMPLETE_PROOF_PACKAGE_20260730/whestbench_complete_proof/reopened_paths_repro_20260730/results/network_3050.json
41d4e0f0137cb300c6e82762d652c2f521a6b9a7e2786139cc7f22bf249b9923,2,library_archive/bundles/proof/arc_cubature_proof_v5_dual_engine_20260730/arc_cubature_proof_v5_dual_engine_20260730/strengthening/docs/RESEARCH_REPORT.md | library_archive/bundles/proof/whestbench_t22_t23_dual_engine_release_v5_2_20260730/arc_cubature_proof_v5_dual_engine_20260730/strengthening/docs/RESEARCH_REPORT.md
42ee839659881630214469dd74270b12d3edf70d4d3471d52f42b6f211ad21bd,2,library_archive/bundles/experiment/path5_set_level_coreset_20260729/05_set_level_coreset/data/top8_rank_dev8/top8_rank_seed64002.npz | library_archive/bundles/experiment/path5_set_level_coreset_20260729_v2/05_set_level_coreset/data/top8_rank_dev8/top8_rank_seed64002.npz
439743321951dd8d1cbe3efdd8feaee9e95cc4801c7e259e4444849b381f9fc1,2,library_archive/bundles/experiment/T0_official_grader_instrumentation_20260729_FINAL/T0_official_grader_instrumentation_20260729/evidence/t0_panel_seed51001_k96.npy | library_archive/bundles/experiment/T0_unblocked_execution_bundle_20260729/T0_unblocked_execution_bundle_20260729/T0_official_grader_instrumentation_20260729/evidence/t0_panel_seed51001_k96.npy
43a813522559150f2b4f131e3ef325be6c7cc98449f0022c4f6944a1858ff322,2,library_archive/bundles/experiment/T0_official_grader_instrumentation_20260729_FINAL/T0_official_grader_instrumentation_20260729/evidence/t0_t03_a43_seed51002_k8.json | library_archive/bundles/experiment/T0_unblocked_execution_bundle_20260729/T0_unblocked_execution_bundle_20260729/T0_official_grader_instrumentation_20260729/evidence/t0_t03_a43_seed51002_k8.json
43cdcfdd8bd8e682c7957fbcf8e6ce91266e01f52860538c70fddfd02d38391c,4,library_archive/bundles/experiment/Agent5_SignedWeight_Audit_20260729/agent5_signed_weight_audit_20260729/AGENT5_SIGNED_WEIGHT_REPORT.md | library_archive/bundles/experiment/cascade_observability_execution_20260730/cascade_observability_execution_20260730/sources/AGENT5_SIGNED_WEIGHT_REPORT.md | library_archive/bundles/experiment/cascade_observability_execution_20260730/cascade_observability_execution_20260730/sources/signed_weight_audit/AGENT5_SIGNED_WEIGHT_REPORT.md | library_archive/bundles/proof/WHestBench_Agent_Review_Closure_20260730/whestbench_closure_20260730/reviewed_markdown/AGENT5_SIGNED_WEIGHT_REPORT.md
43e50ab72e50345b0d7ed8de0191aa309be233ed2a32e61abfdbdf420ba4b783,4,library_archive/bundles/experiment/T0_official_grader_instrumentation_20260729_FINAL/T0_official_grader_instrumentation_20260729/evidence/t0_panel_seed51000_k96.npy | library_archive/bundles/experiment/T0_official_grader_instrumentation_20260729_FINAL/T0_official_grader_instrumentation_20260729/evidence/t0_pkg_k96.npy | library_archive/bundles/experiment/T0_unblocked_execution_bundle_20260729/T0_unblocked_execution_bundle_20260729/T0_official_grader_instrumentation_20260729/evidence/t0_panel_seed51000_k96.npy | library_archive/bundles/experiment/T0_unblocked_execution_bundle_20260729/T0_unblocked_execution_bundle_20260729/T0_official_grader_instrumentation_20260729/evidence/t0_pkg_k96.npy
43e8447176bbe3ef783df0af1657d315a2d533258e18c68eda5e81aebe3bbc29,2,library_archive/bundles/experiment/T0_official_grader_instrumentation_20260729_FINAL/T0_official_grader_instrumentation_20260729/evidence/t0_validation_stdout.json | library_archive/bundles/experiment/T0_unblocked_execution_bundle_20260729/T0_unblocked_execution_bundle_20260729/T0_official_grader_instrumentation_20260729/evidence/t0_validation_stdout.json
441426bb3782939a4bf07a24d3b34c369dcf0835000ce9c7ed0a234fd76dd917,2,library_archive/bundles/experiment/01_legal_signed_anchor_20260729/01_legal_signed_anchor/results/development8.json | library_archive/bundles/experiment/legal_signed_anchor_continuation_20260729/legal_signed_anchor_continuation_20260729/continue_path1/01_legal_signed_anchor/results/development8.json
4454eed10ac24831c4f998896b41401bdfb13653b6ce3a682032a276b6d3d93a,3,library_archive/bundles/experiment/legal_signed_anchor_continuation_20260729/legal_signed_anchor_continuation_20260729/continue_path1/13_direct_pilot_phased_q128/results/all/network_4197.json | library_archive/bundles/experiment/legal_signed_anchor_continuation_20260729/legal_signed_anchor_continuation_20260729/continue_path1/13_direct_pilot_phased_q128/results/rescue_all/network_4197.json | library_archive/bundles/experiment/legal_signed_anchor_continuation_20260729/legal_signed_anchor_continuation_20260729/continue_path1/13_direct_pilot_phased_q128/results/validation/network_4197.json
448cd39facc95af7e0ad5c86e0f8d1dbcc17e2bbade2ee964836015d48d75435,2,library_archive/bundles/experiment/T0_official_grader_instrumentation_20260729_FINAL/T0_official_grader_instrumentation_20260729/packages/A43_diagnostic_basis020/manifest.json | library_archive/bundles/experiment/T0_unblocked_execution_bundle_20260729/T0_unblocked_execution_bundle_20260729/T0_official_grader_instrumentation_20260729/packages/A43_diagnostic_basis020/manifest.json
4490943f66142d34b81b636d630699d72d93c64623f0b4293e6233f623e14bb1,2,library_archive/bundles/experiment/REOPENED_PATHS_REPRO_PACKAGE_20260730/reopened_paths_repro_20260730/results/network_3004.npz | library_archive/bundles/proof/WHESTBENCH_COMPLETE_PROOF_PACKAGE_20260730/whestbench_complete_proof/reopened_paths_repro_20260730/results/network_3004.npz
44c62d6b0fcdae70de66daaa574fdbbb491701069895a65b8913ebad490b7548,2,library_archive/bundles/experiment/path5_set_level_coreset_20260729/05_set_level_coreset/data/dev8_full128/setlevel_seed64006_q128_c64.npz | library_archive/bundles/experiment/path5_set_level_coreset_20260729_v2/05_set_level_coreset/data/dev8_full128/setlevel_seed64006_q128_c64.npz
44cd234dc01dda36c692abcb531e29dcb1b706b2b7fec53104775090ddbc0381,2,library_archive/bundles/experiment/REOPENED_PATHS_REPRO_PACKAGE_20260730/reopened_paths_repro_20260730/scripts/terminal_descendant_eval.py | library_archive/bundles/proof/WHESTBENCH_COMPLETE_PROOF_PACKAGE_20260730/whestbench_complete_proof/reopened_paths_repro_20260730/scripts/terminal_descendant_eval.py
44d5c648225fd77f7badbec989fba81bb595a2f05a9bf511ed2213c9314c25d9,5,library_archive/bundles/proof/WHestBench_Agent_Review_Closure_20260730/whestbench_closure_20260730/arc_cubature_proof_v5_1/results/formal_base_certificate_d256_L32.json | library_archive/bundles/proof/arc_cubature_proof_v5_1/arc_cubature_proof_v5_1/results/formal_base_certificate_d256_L32.json | library_archive/bundles/proof/arc_cubature_proof_v5_dual_engine_20260730/arc_cubature_proof_v5_dual_engine_20260730/results/formal_base_certificate_d256_L32.json | library_archive/bundles/proof/arc_cubature_proof_v5_strengthened_20260730/arc_cubature_proof_v5_strengthened/results/formal_base_certificate_d256_L32.json | library_archive/bundles/proof/whestbench_t22_t23_dual_engine_release_v5_2_20260730/arc_cubature_proof_v5_dual_engine_20260730/results/formal_base_certificate_d256_L32.json
44e8d503ed87355b38c2d670fe0cc4d882f456270bb124c58c015a56f38b994e,2,library_archive/bundles/experiment/T0_official_grader_instrumentation_20260729_FINAL/T0_official_grader_instrumentation_20260729/packages/production_baseline/__pycache__/fast_matmul.cpython-313.pyc | library_archive/bundles/experiment/T0_unblocked_execution_bundle_20260729/T0_unblocked_execution_bundle_20260729/T0_official_grader_instrumentation_20260729/packages/production_baseline/__pycache__/fast_matmul.cpython-313.pyc
4548187f1014a8d8e873cbb7b0577645c1071d13aa3a7aaffae17b2e1fa25195,2,library_archive/bundles/proof/arc_cubature_proof_v5_dual_engine_20260730/arc_cubature_proof_v5_dual_engine_20260730/strengthening/docs/REPRODUCTION_MATRIX.md | library_archive/bundles/proof/whestbench_t22_t23_dual_engine_release_v5_2_20260730/arc_cubature_proof_v5_dual_engine_20260730/strengthening/docs/REPRODUCTION_MATRIX.md
46023b025be26a80dee775be45fe2dad38441af6fb044e4663a76371145baf8f,4,library_archive/bundles/experiment/T0_official_grader_instrumentation_20260729_FINAL/T0_official_grader_instrumentation_20260729/evidence/t0_t03_a42_seed51002_k8.npy | library_archive/bundles/experiment/T0_official_grader_instrumentation_20260729_FINAL/T0_official_grader_instrumentation_20260729/evidence/t0_t03_a43_seed51002_k8.npy | library_archive/bundles/experiment/T0_unblocked_execution_bundle_20260729/T0_unblocked_execution_bundle_20260729/T0_official_grader_instrumentation_20260729/evidence/t0_t03_a42_seed51002_k8.npy | library_archive/bundles/experiment/T0_unblocked_execution_bundle_20260729/T0_unblocked_execution_bundle_20260729/T0_official_grader_instrumentation_20260729/evidence/t0_t03_a43_seed51002_k8.npy
465f12ee7415d2b5247a98063e19df0585496dc70420584e5d1292efab7decc7,2,library_archive/bundles/experiment/T0_official_grader_instrumentation_20260729_FINAL/T0_official_grader_instrumentation_20260729/packages/A43_diagnostic_basis016.tar.gz | library_archive/bundles/experiment/T0_unblocked_execution_bundle_20260729/T0_unblocked_execution_bundle_20260729/T0_official_grader_instrumentation_20260729/packages/A43_diagnostic_basis016.tar.gz
4667d8ee99a250e986f9c80d6eea53a6017e2cbe56b71d12d8646bc516de1262,2,library_archive/bundles/experiment/path5_set_level_coreset_20260729/05_set_level_coreset/data/top8_rank_dev8/top8_rank_seed64003.npz | library_archive/bundles/experiment/path5_set_level_coreset_20260729_v2/05_set_level_coreset/data/top8_rank_dev8/top8_rank_seed64003.npz
46d736e0d8b18b87d45979477b9e2285b1d12527af1678db2941f5cb8cf2f2ef,2,library_archive/bundles/proof/WHestBench_Math_Continuation_v23_20260730/WHestBench_Math_Continuation_v23_20260730/parallel_verified/gaussian_crossing_formula_verification.json | library_archive/bundles/proof/best_paths_beyond_v21_20260730/gaussian_crossing_formula_verification.json
4735544eadd658181f102ef7700a79f3421bd6cc81d26e4348618cb67fc756ef,2,library_archive/bundles/experiment/T0_official_grader_instrumentation_20260729_FINAL/T0_official_grader_instrumentation_20260729/evidence/t0_t03_baseline_seed51002_k8.json | library_archive/bundles/experiment/T0_unblocked_execution_bundle_20260729/T0_unblocked_execution_bundle_20260729/T0_official_grader_instrumentation_20260729/evidence/t0_t03_baseline_seed51002_k8.json
474e4c1387cd45a53aceb836fef4dd5dbc92d69577c0692c0c632d64fee2051e,5,library_archive/bundles/proof/WHestBench_Agent_Review_Closure_20260730/whestbench_closure_20260730/arc_cubature_proof_v5_1/results/formal_gpp_chunk_0100_0200.json | library_archive/bundles/proof/arc_cubature_proof_v5_1/arc_cubature_proof_v5_1/results/formal_gpp_chunk_0100_0200.json | library_archive/bundles/proof/arc_cubature_proof_v5_dual_engine_20260730/arc_cubature_proof_v5_dual_engine_20260730/results/formal_gpp_chunk_0100_0200.json | library_archive/bundles/proof/arc_cubature_proof_v5_strengthened_20260730/arc_cubature_proof_v5_strengthened/results/formal_gpp_chunk_0100_0200.json | library_archive/bundles/proof/whestbench_t22_t23_dual_engine_release_v5_2_20260730/arc_cubature_proof_v5_dual_engine_20260730/results/formal_gpp_chunk_0100_0200.json
477fbc8c0b7b4ea6c781f71c5d7ea433851d90bc33bb3c1e482ae517efb1b8ce,2,library_archive/bundles/experiment/REOPENED_PATHS_REPRO_PACKAGE_20260730/reopened_paths_repro_20260730/results/network_3055.json | library_archive/bundles/proof/WHESTBENCH_COMPLETE_PROOF_PACKAGE_20260730/whestbench_complete_proof/reopened_paths_repro_20260730/results/network_3055.json
48f462f9971ea775c29e712ed8836245bbd291fb2be9d23f665fee59eb23891a,2,library_archive/bundles/experiment/path5_set_level_coreset_20260729/05_set_level_coreset/results/oracle_sweep_64320_q128_c64.json | library_archive/bundles/experiment/path5_set_level_coreset_20260729_v2/05_set_level_coreset/results/oracle_sweep_64320_q128_c64.json
4930f77fed29375760ea3ff1bb868a1a2cc73ecd01e4b32cea198ca1917bfe6f,2,library_archive/bundles/experiment/01_legal_signed_anchor_20260729/01_legal_signed_anchor/results/records_shared/network_3002.json | library_archive/bundles/experiment/legal_signed_anchor_continuation_20260729/legal_signed_anchor_continuation_20260729/continue_path1/01_legal_signed_anchor/results/records_shared/network_3002.json
4973c14c8fc8c5fa434bc36a7b834f385c8cf89100894eaee75ac9716b5e3805,2,library_archive/bundles/experiment/01_legal_signed_anchor_20260729/01_legal_signed_anchor/LOCAL_HANDOFF.md | library_archive/bundles/experiment/legal_signed_anchor_continuation_20260729/legal_signed_anchor_continuation_20260729/continue_path1/01_legal_signed_anchor/LOCAL_HANDOFF.md
498c84375b59acb2fac1cf7e24142ed6eb5fe50c9f74b3421c60ed639be5f59d,2,library_archive/bundles/experiment/T0_official_grader_instrumentation_20260729_FINAL/T0_official_grader_instrumentation_20260729/T0.1_basis_curve/MANIFEST.json | library_archive/bundles/experiment/T0_unblocked_execution_bundle_20260729/T0_unblocked_execution_bundle_20260729/T0_official_grader_instrumentation_20260729/T0.1_basis_curve/MANIFEST.json
49948fdfea532bdda07faebad92c67b6674f5583a1a8a1a8b062e042cd4880de,2,library_archive/bundles/experiment/path5_set_level_coreset_20260729/05_set_level_coreset/data/dev8_full128/setlevel_seed64002_q128_c64.npz | library_archive/bundles/experiment/path5_set_level_coreset_20260729_v2/05_set_level_coreset/data/dev8_full128/setlevel_seed64002_q128_c64.npz
499a513e5d3e21afe01477b4cf5734d92d1bf2713b2ba3523354f635548fc616,2,library_archive/bundles/experiment/T0_official_grader_instrumentation_20260729_FINAL/T0_official_grader_instrumentation_20260729/packages/A42.tar.gz | library_archive/bundles/experiment/T0_unblocked_execution_bundle_20260729/T0_unblocked_execution_bundle_20260729/T0_official_grader_instrumentation_20260729/packages/A42.tar.gz
4b53d007ff901165f220fb29cd3b2f4c772aead0e4f3cfb08ded1b42878b7765,2,library_archive/bundles/experiment/REOPENED_PATHS_REPRO_PACKAGE_20260730/reopened_paths_repro_20260730/results/network_3029.npz | library_archive/bundles/proof/WHESTBENCH_COMPLETE_PROOF_PACKAGE_20260730/whestbench_complete_proof/reopened_paths_repro_20260730/results/network_3029.npz
4b61af360f02332c9eae4ab4c562e1cc94b112a11b2424098963ece77f74d525,5,library_archive/bundles/proof/WHestBench_Agent_Review_Closure_20260730/whestbench_closure_20260730/arc_cubature_proof_v5_1/results/formal_gpp_chunk_0627_0727.json | library_archive/bundles/proof/arc_cubature_proof_v5_1/arc_cubature_proof_v5_1/results/formal_gpp_chunk_0627_0727.json | library_archive/bundles/proof/arc_cubature_proof_v5_dual_engine_20260730/arc_cubature_proof_v5_dual_engine_20260730/results/formal_gpp_chunk_0627_0727.json | library_archive/bundles/proof/arc_cubature_proof_v5_strengthened_20260730/arc_cubature_proof_v5_strengthened/results/formal_gpp_chunk_0627_0727.json | library_archive/bundles/proof/whestbench_t22_t23_dual_engine_release_v5_2_20260730/arc_cubature_proof_v5_dual_engine_20260730/results/formal_gpp_chunk_0627_0727.json
4b757edc5b31baf4dcf4fed66a5188eca0ddd955c9381a88c2e31164c46af765,2,library_archive/bundles/experiment/path5_set_level_coreset_20260729/05_set_level_coreset/code/aggregate_path5_results.py | library_archive/bundles/experiment/path5_set_level_coreset_20260729_v2/05_set_level_coreset/code/aggregate_path5_results.py
4bb0335b9e52c5ad1ab07d1b1dddb1fc358b068ce6cc57388663756b12470e79,2,library_archive/bundles/experiment/01_legal_signed_anchor_20260729/01_legal_signed_anchor/src/reanchored_pilot_defect.py | library_archive/bundles/experiment/legal_signed_anchor_continuation_20260729/legal_signed_anchor_continuation_20260729/continue_path1/01_legal_signed_anchor/src/reanchored_pilot_defect.py
4bed0ae1bba6e9c90bb9e70eb18d7b13f21afc21eb1634c4a3e7d0adb30df08d,2,library_archive/bundles/experiment/T0_official_grader_instrumentation_20260729_FINAL/T0_official_grader_instrumentation_20260729/packages/production_baseline/__pycache__/estimator.cpython-313.pyc | library_archive/bundles/experiment/T0_unblocked_execution_bundle_20260729/T0_unblocked_execution_bundle_20260729/T0_official_grader_instrumentation_20260729/packages/production_baseline/__pycache__/estimator.cpython-313.pyc
4c020863abf243684608bbe54fd918f5e1a925bfc5915bbcbd5e5bdc637443c3,2,library_archive/bundles/experiment/T0_official_grader_instrumentation_20260729_FINAL/T0_official_grader_instrumentation_20260729/packages/A43_basis064/__pycache__/estimator.cpython-313.pyc | library_archive/bundles/experiment/T0_unblocked_execution_bundle_20260729/T0_unblocked_execution_bundle_20260729/T0_official_grader_instrumentation_20260729/packages/A43_basis064/__pycache__/estimator.cpython-313.pyc
4ca725474149356acebc93022a59f28701bf154695f4cdc400f8c7ba215d9e01,3,library_archive/bundles/experiment/legal_signed_anchor_continuation_20260729/legal_signed_anchor_continuation_20260729/continue_path1/13_direct_pilot_phased_q128/results/all/network_4194.json | library_archive/bundles/experiment/legal_signed_anchor_continuation_20260729/legal_signed_anchor_continuation_20260729/continue_path1/13_direct_pilot_phased_q128/results/rescue_all/network_4194.json | library_archive/bundles/experiment/legal_signed_anchor_continuation_20260729/legal_signed_anchor_continuation_20260729/continue_path1/13_direct_pilot_phased_q128/results/validation/network_4194.json
4ce0f39a8b5f4ac229a62ca020d87934485e324424b34b014a2b1c49a9e8bf9e,5,library_archive/bundles/proof/WHestBench_Agent_Review_Closure_20260730/whestbench_closure_20260730/arc_cubature_proof_v5_1/results/formal_gpp_chunk_0607_0613.json | library_archive/bundles/proof/arc_cubature_proof_v5_1/arc_cubature_proof_v5_1/results/formal_gpp_chunk_0607_0613.json | library_archive/bundles/proof/arc_cubature_proof_v5_dual_engine_20260730/arc_cubature_proof_v5_dual_engine_20260730/results/formal_gpp_chunk_0607_0613.json | library_archive/bundles/proof/arc_cubature_proof_v5_strengthened_20260730/arc_cubature_proof_v5_strengthened/results/formal_gpp_chunk_0607_0613.json | library_archive/bundles/proof/whestbench_t22_t23_dual_engine_release_v5_2_20260730/arc_cubature_proof_v5_dual_engine_20260730/results/formal_gpp_chunk_0607_0613.json
4d9e9c583b642c4f9a31b3d61add4cd9181171cab3e7182b4aef6ea39a66dcb2,2,library_archive/bundles/experiment/T0_official_grader_instrumentation_20260729_FINAL/T0_official_grader_instrumentation_20260729/evidence/t0_t03_a42_seed51002_k8.json | library_archive/bundles/experiment/T0_unblocked_execution_bundle_20260729/T0_unblocked_execution_bundle_20260729/T0_official_grader_instrumentation_20260729/evidence/t0_t03_a42_seed51002_k8.json
4dc0754602effb6a580eadf02196e45c73ef26f96de08caf7f96d982b053a645,2,library_archive/bundles/proof/WHESTBENCH_COMPLETE_PROOF_PACKAGE_20260730/whestbench_complete_proof/sources/T22_RELEASE_CLOSURE.md | library_archive/bundles/proof/WHestBench_Agent_Review_Closure_20260730/whestbench_closure_20260730/T22_RELEASE_CLOSURE.md
4def52d586ff6830aa9f0971e03f06b3556b9fb9402aba448a3d71f756b47557,2,library_archive/bundles/experiment/T0_official_grader_instrumentation_20260729_FINAL/T0_official_grader_instrumentation_20260729/packages/A43_diagnostic_basis016/manifest.json | library_archive/bundles/experiment/T0_unblocked_execution_bundle_20260729/T0_unblocked_execution_bundle_20260729/T0_official_grader_instrumentation_20260729/packages/A43_diagnostic_basis016/manifest.json
4e2b380fb465afcf2cb7fa500c4de3c0dc01430c6b9a1fce1ec9bf5e99ec65fc,2,library_archive/bundles/experiment/01_legal_signed_anchor_20260729/01_legal_signed_anchor/results/records/network_3008.json | library_archive/bundles/experiment/legal_signed_anchor_continuation_20260729/legal_signed_anchor_continuation_20260729/continue_path1/01_legal_signed_anchor/results/records/network_3008.json
4ec45bd41df18a9a50f01eb61c2e0abe353e05628da6d952569aa87257af87ab,2,library_archive/bundles/experiment/T0_official_grader_instrumentation_20260729_FINAL/T0_official_grader_instrumentation_20260729/evidence/t0_panel_seed51000_k64.json | library_archive/bundles/experiment/T0_unblocked_execution_bundle_20260729/T0_unblocked_execution_bundle_20260729/T0_official_grader_instrumentation_20260729/evidence/t0_panel_seed51000_k64.json
4edfe73bfc32840e52a6c374f0359175f19d045f78c660937866b325180f909e,5,library_archive/bundles/proof/WHestBench_Agent_Review_Closure_20260730/whestbench_closure_20260730/arc_cubature_proof_v5_1/verify_manifest.py | library_archive/bundles/proof/arc_cubature_proof_v5_1/arc_cubature_proof_v5_1/verify_manifest.py | library_archive/bundles/proof/arc_cubature_proof_v5_dual_engine_20260730/arc_cubature_proof_v5_dual_engine_20260730/verify_manifest.py | library_archive/bundles/proof/arc_cubature_proof_v5_strengthened_20260730/arc_cubature_proof_v5_strengthened/verify_manifest.py | library_archive/bundles/proof/whestbench_t22_t23_dual_engine_release_v5_2_20260730/arc_cubature_proof_v5_dual_engine_20260730/verify_manifest.py
4f1e0dea7ee003433dc31667f7e9796e85ae1154affd2f88e6ce43c65e047d0a,2,library_archive/bundles/experiment/REOPENED_PATHS_REPRO_PACKAGE_20260730/reopened_paths_repro_20260730/results/network_3043.npz | library_archive/bundles/proof/WHESTBENCH_COMPLETE_PROOF_PACKAGE_20260730/whestbench_complete_proof/reopened_paths_repro_20260730/results/network_3043.npz
4f51177ec2f7964031232cafaef0e3593420ad740638a7c2130a3f5235448c91,3,library_archive/bundles/experiment/legal_signed_anchor_continuation_20260729/legal_signed_anchor_continuation_20260729/continue_path1/13_direct_pilot_phased_q128/results/all/network_4182.json | library_archive/bundles/experiment/legal_signed_anchor_continuation_20260729/legal_signed_anchor_continuation_20260729/continue_path1/13_direct_pilot_phased_q128/results/rescue_all/network_4182.json | library_archive/bundles/experiment/legal_signed_anchor_continuation_20260729/legal_signed_anchor_continuation_20260729/continue_path1/13_direct_pilot_phased_q128/results/train/network_4182.json
4f9b92b886615adea2f4728d2229f92f996f6d6bbf6628095df7393072bbdb7c,2,library_archive/bundles/experiment/T0_official_grader_instrumentation_20260729_FINAL/T0_official_grader_instrumentation_20260729/packages/A43_diagnostic_basis016/estimator.py | library_archive/bundles/experiment/T0_unblocked_execution_bundle_20260729/T0_unblocked_execution_bundle_20260729/T0_official_grader_instrumentation_20260729/packages/A43_diagnostic_basis016/estimator.py
4fb25949d6b69ed76bfb0b4b309f396397fe2ae1ed08ffa0181a18507de69c55,2,library_archive/bundles/experiment/T0_official_grader_instrumentation_20260729_FINAL/T0_official_grader_instrumentation_20260729/packages/A43_basis064/__pycache__/fast_matmul.cpython-313.pyc | library_archive/bundles/experiment/T0_unblocked_execution_bundle_20260729/T0_unblocked_execution_bundle_20260729/T0_official_grader_instrumentation_20260729/packages/A43_basis064/__pycache__/fast_matmul.cpython-313.pyc
5134dada66cb9848895d46a06eee9769b76b1dde1acfb754c6e7e0633bfbc743,2,library_archive/bundles/experiment/Agent4_Replayability_Continuation_V3_20260730/sorted_stoploss_kernel_selftest.json | library_archive/bundles/experiment/Agent4_Replayability_Continuation_V3_20260730/sorted_stoploss_kernel_stdout.txt
51444e695ee0e21e8436cb274179cbad4e4764da6090d8de9f38f93517a0b5e3,5,library_archive/bundles/proof/WHestBench_Agent_Review_Closure_20260730/whestbench_closure_20260730/arc_cubature_proof_v5_1/results/formal_gpp_chunk_0400_0500.json | library_archive/bundles/proof/arc_cubature_proof_v5_1/arc_cubature_proof_v5_1/results/formal_gpp_chunk_0400_0500.json | library_archive/bundles/proof/arc_cubature_proof_v5_dual_engine_20260730/arc_cubature_proof_v5_dual_engine_20260730/results/formal_gpp_chunk_0400_0500.json | library_archive/bundles/proof/arc_cubature_proof_v5_strengthened_20260730/arc_cubature_proof_v5_strengthened/results/formal_gpp_chunk_0400_0500.json | library_archive/bundles/proof/whestbench_t22_t23_dual_engine_release_v5_2_20260730/arc_cubature_proof_v5_dual_engine_20260730/results/formal_gpp_chunk_0400_0500.json
515992a8d6546c05706500c55de74ddf9f53d4c5de6f3aac3f3e92858b813118,2,library_archive/bundles/proof/arc_cubature_proof_v5_dual_engine_20260730/arc_cubature_proof_v5_dual_engine_20260730/strengthening/mpfr_full_replay/mpfr_kernel_mean_512.c | library_archive/bundles/proof/whestbench_t22_t23_dual_engine_release_v5_2_20260730/arc_cubature_proof_v5_dual_engine_20260730/strengthening/mpfr_full_replay/mpfr_kernel_mean_512.c
5174d5c2469d34ac8986e606e5d89d21c49f452aee1b19156861dbfe4ca3ef3f,3,library_archive/bundles/experiment/legal_signed_anchor_continuation_20260729/legal_signed_anchor_continuation_20260729/continue_path1/13_direct_pilot_phased_q128/results/all/network_4191.json | library_archive/bundles/experiment/legal_signed_anchor_continuation_20260729/legal_signed_anchor_continuation_20260729/continue_path1/13_direct_pilot_phased_q128/results/rescue_all/network_4191.json | library_archive/bundles/experiment/legal_signed_anchor_continuation_20260729/legal_signed_anchor_continuation_20260729/continue_path1/13_direct_pilot_phased_q128/results/validation/network_4191.json
51ab9742e578c073d0daf59abc5f63c850a0759a095dd5543f902346b2838c5f,2,library_archive/bundles/proof/arc_cubature_proof_v5_dual_engine_20260730/arc_cubature_proof_v5_dual_engine_20260730/strengthening/mpfr_full_replay/global.tsv | library_archive/bundles/proof/whestbench_t22_t23_dual_engine_release_v5_2_20260730/arc_cubature_proof_v5_dual_engine_20260730/strengthening/mpfr_full_replay/global.tsv
51dcf5220b22f9e7b0d025a89e6cae96aac9042495514c840ffc310a9a775727,2,library_archive/bundles/experiment/REOPENED_PATHS_REPRO_PACKAGE_20260730/reopened_paths_repro_20260730/results/network_3042.npz | library_archive/bundles/proof/WHESTBENCH_COMPLETE_PROOF_PACKAGE_20260730/whestbench_complete_proof/reopened_paths_repro_20260730/results/network_3042.npz
51efb2d25727808ab7f46abb290bac39480c7eb62c7397b648a2c145735dc78b,2,library_archive/bundles/experiment/path5_set_level_coreset_20260729/05_set_level_coreset/data/top8_rank_train32/top8_rank_seed64311.npz | library_archive/bundles/experiment/path5_set_level_coreset_20260729_v2/05_set_level_coreset/data/top8_rank_train32/top8_rank_seed64311.npz
51efda222b71a368b0574631f91164b3abd7a4b56e4a9b6962c394feb21c01c5,3,library_archive/bundles/experiment/legal_signed_anchor_continuation_20260729/legal_signed_anchor_continuation_20260729/continue_path1/13_direct_pilot_phased_q128/results/all/network_4185.json | library_archive/bundles/experiment/legal_signed_anchor_continuation_20260729/legal_signed_anchor_continuation_20260729/continue_path1/13_direct_pilot_phased_q128/results/rescue_all/network_4185.json | library_archive/bundles/experiment/legal_signed_anchor_continuation_20260729/legal_signed_anchor_continuation_20260729/continue_path1/13_direct_pilot_phased_q128/results/train/network_4185.json
51f53700125162612e4cb6d681ea1b03aca8a643f946d5a2ce2ba543868d9cee,2,library_archive/bundles/proof/whestbench_continuation_audit_20260730/whestbench_continuation_audit_20260730/verification/mpfr_replay/clang/verification_summary.json | library_archive/bundles/proof/whestbench_continuation_audit_20260730/whestbench_continuation_audit_20260730/verification/mpfr_replay/gcc/verification_summary.json
524097799253af4e96e0af6fdbeaab48375a064a46af2069e0d8c09476e9c52d,2,library_archive/bundles/experiment/legal_signed_anchor_continuation_20260729/legal_signed_anchor_continuation_20260729/continue_path1/11_pilot_phased_q128_source/results/all/network_4158.json | library_archive/bundles/experiment/legal_signed_anchor_continuation_20260729/legal_signed_anchor_continuation_20260729/continue_path1/11_pilot_phased_q128_source/results/validation/network_4158.json
527f89f950017e157e23799ad0d7414857e3e6e6023c58423bab7005ab8a85fa,2,library_archive/bundles/experiment/T0_official_grader_instrumentation_20260729_FINAL/T0_official_grader_instrumentation_20260729/packages/A43/__pycache__/fast_matmul.cpython-313.pyc | library_archive/bundles/experiment/T0_unblocked_execution_bundle_20260729/T0_unblocked_execution_bundle_20260729/T0_official_grader_instrumentation_20260729/packages/A43/__pycache__/fast_matmul.cpython-313.pyc
533a74c9dd087b5142fa3d57439ce069044982fd7435540715f8ca3a1c21b348,2,library_archive/bundles/experiment/path5_set_level_coreset_20260729/05_set_level_coreset/data/top8_rank_train32/top8_rank_seed64324.npz | library_archive/bundles/experiment/path5_set_level_coreset_20260729_v2/05_set_level_coreset/data/top8_rank_train32/top8_rank_seed64324.npz
53473514cdb7daebfbd9ec5b140b2cab10b37d29c3a7c59e1a3a25ef68483d4d,2,library_archive/bundles/experiment/REOPENED_PATHS_REPRO_PACKAGE_20260730/reopened_paths_repro_20260730/results/network_3058.npz | library_archive/bundles/proof/WHESTBENCH_COMPLETE_PROOF_PACKAGE_20260730/whestbench_complete_proof/reopened_paths_repro_20260730/results/network_3058.npz
535abfbd501be54b01ec0ecf8198440f1ee1c065dcdc8492378c55bd9752b7b6,2,library_archive/bundles/experiment/T0_official_grader_instrumentation_20260729_FINAL/T0_official_grader_instrumentation_20260729/RESULTS.json | library_archive/bundles/experiment/T0_unblocked_execution_bundle_20260729/T0_unblocked_execution_bundle_20260729/T0_official_grader_instrumentation_20260729/RESULTS.json
536fc04246344fef852c89c501c7c63bd0ecc5fbe70c9778953ac99a34a42916,2,library_archive/bundles/experiment/REOPENED_PATHS_REPRO_PACKAGE_20260730/reopened_paths_repro_20260730/results/network_3029.json | library_archive/bundles/proof/WHESTBENCH_COMPLETE_PROOF_PACKAGE_20260730/whestbench_complete_proof/reopened_paths_repro_20260730/results/network_3029.json
53cacab203a0b39de6d07c1f02fd5d0328cd3551cd1f196e399c5604087061fd,2,library_archive/bundles/experiment/01_legal_signed_anchor_20260729/01_legal_signed_anchor/results/records/network_3003.json | library_archive/bundles/experiment/legal_signed_anchor_continuation_20260729/legal_signed_anchor_continuation_20260729/continue_path1/01_legal_signed_anchor/results/records/network_3003.json
53f17e120aa188d6258361f34da7c10a490e2e9715facc235eff629ded5b6f21,2,library_archive/bundles/proof/WHestBench_Math_Continuation_v23_20260730/WHestBench_Math_Continuation_v23_20260730/README.md | library_archive/bundles/proof/WHestBench_Math_Continuation_v23_20260730/WHestBench_Math_Continuation_v23_20260730/WHestBench_Math_Continuation_v23_20260730.md
546e5493ea0d20cba63942b873413fcec3be5e907c73235068b403f44bba7137,2,library_archive/bundles/experiment/T0_official_grader_instrumentation_20260729_FINAL/T0_official_grader_instrumentation_20260729/T0.1_basis_curve/ROWS.csv | library_archive/bundles/experiment/T0_unblocked_execution_bundle_20260729/T0_unblocked_execution_bundle_20260729/T0_official_grader_instrumentation_20260729/T0.1_basis_curve/ROWS.csv
5516e5d8b7216386a46064785423d59936e4035da941e1e531328bbf2a4c5957,2,library_archive/bundles/experiment/Agent5_SignedWeight_Audit_20260729/agent5_signed_weight_audit_20260729/COUNTEREXAMPLES.md | library_archive/bundles/experiment/cascade_observability_execution_20260730/cascade_observability_execution_20260730/sources/signed_weight_audit/COUNTEREXAMPLES.md
554c2671a1784f249a894088d8276496e0045c5cf71d94f73b1d4978a2b9c29f,2,library_archive/bundles/experiment/Agent4_Replayability_Continuation_V3_20260730/sorted_flops_stdout.txt | library_archive/bundles/experiment/Agent4_Replayability_Continuation_V3_20260730/sorted_stoploss_flops.json
558b678879a6469479ab78f6c8c3ce0801768f82baedd3041505553caba83352,2,library_archive/bundles/experiment/oracle_continuation_experiments_20260730/oracle_continuation_20260730/oracle_gap_sha256_check.txt | library_archive/bundles/experiment/oracle_continuation_experiments_20260730/oracle_continuation_20260730/reproduction_logs/oracle_gap_sha256_after_rerun.txt
5642675e3b4ea09b316526040d8ab393e4bd2379d696dc83d0bf65269756ff6a,2,library_archive/bundles/experiment/T0_official_grader_instrumentation_20260729_FINAL/T0_official_grader_instrumentation_20260729/packages/A43_basis096/__pycache__/estimator.cpython-313.pyc | library_archive/bundles/experiment/T0_unblocked_execution_bundle_20260729/T0_unblocked_execution_bundle_20260729/T0_official_grader_instrumentation_20260729/packages/A43_basis096/__pycache__/estimator.cpython-313.pyc
56a42d6adccb51a9e994137cb9d0971d3e7bd3a902036c94d168f4ee6715d14d,2,library_archive/bundles/experiment/REOPENED_PATHS_REPRO_PACKAGE_20260730/reopened_paths_repro_20260730/results/network_3025.json | library_archive/bundles/proof/WHESTBENCH_COMPLETE_PROOF_PACKAGE_20260730/whestbench_complete_proof/reopened_paths_repro_20260730/results/network_3025.json
572f1a47177adf5d96ca9263d9ca13158ab4049b93b818ab9a20e8e9738f0af5,2,library_archive/bundles/proof/WHestBench_Math_Continuation_v23_20260730/WHestBench_Math_Continuation_v23_20260730/parallel_verified/finite_width_monotonicity_counterexample.json | library_archive/bundles/proof/best_paths_beyond_v21_20260730/finite_width_monotonicity_counterexample.json
58442a8b3d4ff84a3ae6b14b03cb98ab5d619a614a45150424dfd8565c98c563,2,library_archive/bundles/experiment/01_legal_signed_anchor_20260729/01_legal_signed_anchor/results/records_shared/network_3010.json | library_archive/bundles/experiment/legal_signed_anchor_continuation_20260729/legal_signed_anchor_continuation_20260729/continue_path1/01_legal_signed_anchor/results/records_shared/network_3010.json
5868ad0b573bdb3264fcf6dc67963451cd8e09d718703d83bbcb132117ac990a,2,library_archive/bundles/experiment/T0_official_grader_instrumentation_20260729_FINAL/T0_official_grader_instrumentation_20260729/evidence/sparse_kerdock_frontier_selection.json | library_archive/bundles/experiment/T0_unblocked_execution_bundle_20260729/T0_unblocked_execution_bundle_20260729/T0_official_grader_instrumentation_20260729/evidence/sparse_kerdock_frontier_selection.json
58eac1b69707b204d00f6d50cf4e1996b1fcd566154ec93a7ecb5668c1acbfad,29,library_archive/bundles/experiment/Agent4_Replayability_Continuation_V3_20260730/source_snapshots/kerdock_mub5_seed3.npz | library_archive/bundles/experiment/T0_official_grader_instrumentation_20260729_FINAL/T0_official_grader_instrumentation_20260729/packages/A42/kerdock_mub5_seed3.npz | library_archive/bundles/experiment/T0_official_grader_instrumentation_20260729_FINAL/T0_official_grader_instrumentation_20260729/packages/A43/kerdock_mub5_seed3.npz | library_archive/bundles/experiment/T0_official_grader_instrumentation_20260729_FINAL/T0_official_grader_instrumentation_20260729/packages/A43_basis032/kerdock_mub5_seed3.npz | library_archive/bundles/experiment/T0_official_grader_instrumentation_20260729_FINAL/T0_official_grader_instrumentation_20260729/packages/A43_basis064/kerdock_mub5_seed3.npz | library_archive/bundles/experiment/T0_official_grader_instrumentation_20260729_FINAL/T0_official_grader_instrumentation_20260729/packages/A43_basis096/kerdock_mub5_seed3.npz | library_archive/bundles/experiment/T0_official_grader_instrumentation_20260729_FINAL/T0_official_grader_instrumentation_20260729/packages/A43_basis129/kerdock_mub5_seed3.npz | library_archive/bundles/experiment/T0_official_grader_instrumentation_20260729_FINAL/T0_official_grader_instrumentation_20260729/packages/A43_delta64/kerdock_mub5_seed3.npz | library_archive/bundles/experiment/T0_official_grader_instrumentation_20260729_FINAL/T0_official_grader_instrumentation_20260729/packages/A43_diagnostic_basis016/kerdock_mub5_seed3.npz | library_archive/bundles/experiment/T0_official_grader_instrumentation_20260729_FINAL/T0_official_grader_instrumentation_20260729/packages/A43_diagnostic_basis020/kerdock_mub5_seed3.npz | library_archive/bundles/experiment/T0_official_grader_instrumentation_20260729_FINAL/T0_official_grader_instrumentation_20260729/packages/production_baseline/kerdock_mub5_seed3.npz | library_archive/bundles/experiment/T0_unblocked_execution_bundle_20260729/T0_unblocked_execution_bundle_20260729/T0_official_grader_instrumentation_20260729/packages/A42/kerdock_mub5_seed3.npz | library_archive/bundles/experiment/T0_unblocked_execution_bundle_20260729/T0_unblocked_execution_bundle_20260729/T0_official_grader_instrumentation_20260729/packages/A43/kerdock_mub5_seed3.npz | library_archive/bundles/experiment/T0_unblocked_execution_bundle_20260729/T0_unblocked_execution_bundle_20260729/T0_official_grader_instrumentation_20260729/packages/A43_basis032/kerdock_mub5_seed3.npz | library_archive/bundles/experiment/T0_unblocked_execution_bundle_20260729/T0_unblocked_execution_bundle_20260729/T0_official_grader_instrumentation_20260729/packages/A43_basis064/kerdock_mub5_seed3.npz | library_archive/bundles/experiment/T0_unblocked_execution_bundle_20260729/T0_unblocked_execution_bundle_20260729/T0_official_grader_instrumentation_20260729/packages/A43_basis096/kerdock_mub5_seed3.npz | library_archive/bundles/experiment/T0_unblocked_execution_bundle_20260729/T0_unblocked_execution_bundle_20260729/T0_official_grader_instrumentation_20260729/packages/A43_basis129/kerdock_mub5_seed3.npz | library_archive/bundles/experiment/T0_unblocked_execution_bundle_20260729/T0_unblocked_execution_bundle_20260729/T0_official_grader_instrumentation_20260729/packages/A43_delta64/kerdock_mub5_seed3.npz | library_archive/bundles/experiment/T0_unblocked_execution_bundle_20260729/T0_unblocked_execution_bundle_20260729/T0_official_grader_instrumentation_20260729/packages/A43_diagnostic_basis016/kerdock_mub5_seed3.npz | library_archive/bundles/experiment/T0_unblocked_execution_bundle_20260729/T0_unblocked_execution_bundle_20260729/T0_official_grader_instrumentation_20260729/packages/A43_diagnostic_basis020/kerdock_mub5_seed3.npz | library_archive/bundles/experiment/T0_unblocked_execution_bundle_20260729/T0_unblocked_execution_bundle_20260729/T0_official_grader_instrumentation_20260729/packages/production_baseline/kerdock_mub5_seed3.npz | library_archive/bundles/experiment/cascade_observability_execution_20260730/cascade_observability_execution_20260730/sources/kerdock_mub5_seed3.npz | library_archive/bundles/experiment/path5_set_level_coreset_20260729/05_set_level_coreset/assets/kerdock_mub5_seed3.npz | library_archive/bundles/experiment/path5_set_level_coreset_20260729_v2/05_set_level_coreset/assets/kerdock_mub5_seed3.npz | library_archive/bundles/experiment/path6_compute_liberation_20260729/package/submission_path6_final_chunk2048/kerdock_mub5_seed3.npz | library_archive/bundles/proof/WHestBench_NonOverlap_Continuation_v25_20260730/assets/kerdock_mub5_seed3.npz | library_archive/bundles/proof/arc_cubature_proof_v5_dual_engine_20260730/arc_cubature_proof_v5_dual_engine_20260730/strengthening/assets/kerdock_mub5_seed3.npz | library_archive/bundles/proof/arc_cubature_proof_v5_strengthened_20260730/arc_cubature_proof_v5_strengthened/strengthening/assets/kerdock_mub5_seed3.npz | library_archive/bundles/proof/whestbench_t22_t23_dual_engine_release_v5_2_20260730/arc_cubature_proof_v5_dual_engine_20260730/strengthening/assets/kerdock_mub5_seed3.npz
5943cd388df02b583c1da48f6b255258f7edc021ae45501c07c37ef1cc070aa4,2,library_archive/bundles/experiment/REOPENED_PATHS_REPRO_PACKAGE_20260730/reopened_paths_repro_20260730/results/network_3056.npz | library_archive/bundles/proof/WHESTBENCH_COMPLETE_PROOF_PACKAGE_20260730/whestbench_complete_proof/reopened_paths_repro_20260730/results/network_3056.npz
595e867ad20e9b0fdc610f9cc01c7bcfe745e5131ea27f4912a4323299cb4779,2,library_archive/bundles/proof/arc_cubature_proof_v5_dual_engine_20260730/arc_cubature_proof_v5_dual_engine_20260730/strengthening/docs/PROPOSED_LEDGER_CHANGES.md | library_archive/bundles/proof/whestbench_t22_t23_dual_engine_release_v5_2_20260730/arc_cubature_proof_v5_dual_engine_20260730/strengthening/docs/PROPOSED_LEDGER_CHANGES.md
597e4829424bf7979a583a59e8bc9bb893b401841e330c6d2aafe578a4310f7e,2,library_archive/bundles/experiment/REOPENED_PATHS_REPRO_PACKAGE_20260730/reopened_paths_repro_20260730/results/network_3047.npz | library_archive/bundles/proof/WHESTBENCH_COMPLETE_PROOF_PACKAGE_20260730/whestbench_complete_proof/reopened_paths_repro_20260730/results/network_3047.npz
59b3a6ce15cdfb077f574e66a59276cbcf0447aaf5c3c377039ef1ac7b65b519,2,library_archive/bundles/experiment/PATH2_LEARNED_SIGN_SCALE_ABSTENTION_20260729/02_learned_sign_scale_abstention/extract_legal_features.py | library_archive/bundles/experiment/PATH2_LEARNED_SIGN_SCALE_ABSTENTION_CONTINUATION_20260729/extract_legal_features.py
5a9ffc58c920af1d2532539def6da25af63b3ba65912d723000e93c27f97496f,2,library_archive/bundles/experiment/REOPENED_PATHS_REPRO_PACKAGE_20260730/reopened_paths_repro_20260730/results/network_3044.npz | library_archive/bundles/proof/WHESTBENCH_COMPLETE_PROOF_PACKAGE_20260730/whestbench_complete_proof/reopened_paths_repro_20260730/results/network_3044.npz
5ab776bc09e079cc80b023f7c68d634689b54a18680f11f8deff475b095031e0,2,library_archive/bundles/proof/WHestBench_Oracle_Proof_Completion_v18_20260730/WHestBench_Oracle_Proof_Completion_v18_20260730/exploratory_weight_search/weighted_rank_floor_degree14_equal_low.json | library_archive/bundles/proof/WHestBench_Oracle_Proof_Completion_v18_20260730/WHestBench_Oracle_Proof_Completion_v18_20260730/exploratory_weight_search/weighted_rank_floor_degree14_frozen.json
5b33ca8e30a5a71c84a259a5092cc14b50048a1b5abcc9a7c4f1121b7ffe009b,2,library_archive/bundles/experiment/path5_set_level_coreset_20260729/05_set_level_coreset/data/dev8_full128/setlevel_seed64001_q128_c64.npz | library_archive/bundles/experiment/path5_set_level_coreset_20260729_v2/05_set_level_coreset/data/dev8_full128/setlevel_seed64001_q128_c64.npz
5c51a07880db6f958331b62d8e5d7487f670c45b4daf9aeef623ceedc79aa7a5,5,library_archive/bundles/proof/WHestBench_Agent_Review_Closure_20260730/whestbench_closure_20260730/arc_cubature_proof_v5_1/results/formal_gpp_chunk_0565_0570.json | library_archive/bundles/proof/arc_cubature_proof_v5_1/arc_cubature_proof_v5_1/results/formal_gpp_chunk_0565_0570.json | library_archive/bundles/proof/arc_cubature_proof_v5_dual_engine_20260730/arc_cubature_proof_v5_dual_engine_20260730/results/formal_gpp_chunk_0565_0570.json | library_archive/bundles/proof/arc_cubature_proof_v5_strengthened_20260730/arc_cubature_proof_v5_strengthened/results/formal_gpp_chunk_0565_0570.json | library_archive/bundles/proof/whestbench_t22_t23_dual_engine_release_v5_2_20260730/arc_cubature_proof_v5_dual_engine_20260730/results/formal_gpp_chunk_0565_0570.json
5c5df3f8b5ba9142fbf3d4a6aab780f221fe1c2f884c7e0b50dbc474f0c8127e,5,library_archive/bundles/proof/WHestBench_Agent_Review_Closure_20260730/whestbench_closure_20260730/arc_cubature_proof_v5_1/audit_kernel_mean_independent.py | library_archive/bundles/proof/arc_cubature_proof_v5_1/arc_cubature_proof_v5_1/audit_kernel_mean_independent.py | library_archive/bundles/proof/arc_cubature_proof_v5_dual_engine_20260730/arc_cubature_proof_v5_dual_engine_20260730/audit_kernel_mean_independent.py | library_archive/bundles/proof/arc_cubature_proof_v5_strengthened_20260730/arc_cubature_proof_v5_strengthened/audit_kernel_mean_independent.py | library_archive/bundles/proof/whestbench_t22_t23_dual_engine_release_v5_2_20260730/arc_cubature_proof_v5_dual_engine_20260730/audit_kernel_mean_independent.py
5cc51cc52580ec2a8f936df8da2d0509e6f5f943d397d74f2e2511f0e5665248,2,library_archive/bundles/experiment/path5_set_level_coreset_20260729/05_set_level_coreset/data/top8_rank_train32/top8_rank_seed64307.npz | library_archive/bundles/experiment/path5_set_level_coreset_20260729_v2/05_set_level_coreset/data/top8_rank_train32/top8_rank_seed64307.npz
5dab5db7b3b83832c8bb5b36d2f43166061198730e9a3b4aa2e97950a69d2dc8,2,library_archive/bundles/experiment/T0_official_grader_instrumentation_20260729_FINAL/T0_official_grader_instrumentation_20260729/packages/A43_diagnostic_basis020/__pycache__/estimator.cpython-313.pyc | library_archive/bundles/experiment/T0_unblocked_execution_bundle_20260729/T0_unblocked_execution_bundle_20260729/T0_official_grader_instrumentation_20260729/packages/A43_diagnostic_basis020/__pycache__/estimator.cpython-313.pyc
5df0423978d79b6add1ca54be3983b4a68bd5aa86ec70db3f5d6263373612a51,2,library_archive/bundles/experiment/path5_set_level_coreset_20260729/05_set_level_coreset/data/top8_rank_train32/top8_rank_seed64304.npz | library_archive/bundles/experiment/path5_set_level_coreset_20260729_v2/05_set_level_coreset/data/top8_rank_train32/top8_rank_seed64304.npz
5f396f6a4ad634ad1234c2fb4a7fa71db4fb0f6acc7ff07a685797841c9085e4,2,library_archive/bundles/experiment/legal_signed_anchor_continuation_20260729/legal_signed_anchor_continuation_20260729/continue_path1/13_direct_pilot_phased_q128/results/rescue_all/network_4210.json | library_archive/bundles/experiment/legal_signed_anchor_continuation_20260729/legal_signed_anchor_continuation_20260729/continue_path1/13_direct_pilot_phased_q128/results/rescue_holdout/network_4210.json
6192ac0872c2bec8b2ec1739936cad8af1fc4f22f6dfa6269f48d6b832118b11,2,library_archive/bundles/experiment/T0_official_grader_instrumentation_20260729_FINAL/T0_official_grader_instrumentation_20260729/evidence/t0_panel_seed51001_k32.json | library_archive/bundles/experiment/T0_unblocked_execution_bundle_20260729/T0_unblocked_execution_bundle_20260729/T0_official_grader_instrumentation_20260729/evidence/t0_panel_seed51001_k32.json
619b26e50cdc8f361b5329ada05fe3ba94f7ce6c15ff032bd3a0de10eaa1e218,2,library_archive/bundles/experiment/path5_set_level_coreset_20260729/05_set_level_coreset/data/top8_rank_train32/top8_rank_seed64327.npz | library_archive/bundles/experiment/path5_set_level_coreset_20260729_v2/05_set_level_coreset/data/top8_rank_train32/top8_rank_seed64327.npz
6214b3508f405aedc977503b75d2552ef755f8745702e622f09a95b218ee85f3,2,library_archive/bundles/experiment/REOPENED_PATHS_REPRO_PACKAGE_20260730/reopened_paths_repro_20260730/results/downstream_rescore/DOWNSTREAM_RESCORE_ROWS.csv | library_archive/bundles/proof/WHESTBENCH_COMPLETE_PROOF_PACKAGE_20260730/whestbench_complete_proof/reopened_paths_repro_20260730/results/downstream_rescore/DOWNSTREAM_RESCORE_ROWS.csv
625069579bfeb3cbe232053fdc201de69abcf7734b4acba404015be70ecae44e,2,library_archive/bundles/experiment/REOPENED_PATHS_REPRO_PACKAGE_20260730/reopened_paths_repro_20260730/results/network_3062.npz | library_archive/bundles/proof/WHESTBENCH_COMPLETE_PROOF_PACKAGE_20260730/whestbench_complete_proof/reopened_paths_repro_20260730/results/network_3062.npz
62fc2a66836521695325add398eacbaa5329ba7ef46d549b94cefe3df1d0dab6,2,library_archive/bundles/experiment/T0_official_grader_instrumentation_20260729_FINAL/T0_official_grader_instrumentation_20260729/T0.1_basis_curve/__pycache__/run_node.cpython-313.pyc | library_archive/bundles/experiment/T0_unblocked_execution_bundle_20260729/T0_unblocked_execution_bundle_20260729/T0_official_grader_instrumentation_20260729/T0.1_basis_curve/__pycache__/run_node.cpython-313.pyc
6447ec3de30347be82ffa3d51e2332fb7414409f59f11cde8dd918068bad1504,2,library_archive/bundles/experiment/Agent5_SignedWeight_Audit_20260729/agent5_signed_weight_audit_20260729/KERDOCK_SIGNED_STRESS_RESULTS.json | library_archive/bundles/experiment/cascade_observability_execution_20260730/cascade_observability_execution_20260730/sources/signed_weight_audit/KERDOCK_SIGNED_STRESS_RESULTS.json
64d8e946027ff44823f5de6dd3e8cbb60e1520b2f14c0eab926f2ce00d821e0c,2,library_archive/bundles/experiment/path5_set_level_coreset_20260729/05_set_level_coreset/data/top8_rank_train32/top8_rank_seed64319.npz | library_archive/bundles/experiment/path5_set_level_coreset_20260729_v2/05_set_level_coreset/data/top8_rank_train32/top8_rank_seed64319.npz
6561bf379d8f619095811e5ba9b55a80336fa6de9d1ada53d78e002522dad0b1,2,library_archive/bundles/experiment/path5_set_level_coreset_20260729/05_set_level_coreset/code/exact_kerdock_coreset_diagnostic.py | library_archive/bundles/experiment/path5_set_level_coreset_20260729_v2/05_set_level_coreset/code/exact_kerdock_coreset_diagnostic.py
691295ca19665a17d36148bbc54913acdf34486bab45b7d4e1947a93f8107629,2,library_archive/bundles/proof/arc_cubature_proof_v5_dual_engine_20260730/arc_cubature_proof_v5_dual_engine_20260730/strengthening/mpfr_full_replay/compiler_comparison.json | library_archive/bundles/proof/whestbench_t22_t23_dual_engine_release_v5_2_20260730/arc_cubature_proof_v5_dual_engine_20260730/strengthening/mpfr_full_replay/compiler_comparison.json
6ad4d30fb06473a8e33b991d4ff483192f9d19a58218f2d7089beb7d6bb43a9d,2,library_archive/bundles/experiment/T0_official_grader_instrumentation_20260729_FINAL/T0_official_grader_instrumentation_20260729/evidence/t0_diag_k20.json | library_archive/bundles/experiment/T0_unblocked_execution_bundle_20260729/T0_unblocked_execution_bundle_20260729/T0_official_grader_instrumentation_20260729/evidence/t0_diag_k20.json
6afdd2de98fc59431c560c9231c0da7f4a45e4f48ab87b79e2af860decee4b68,2,library_archive/bundles/experiment/Agent5_SignedWeight_Audit_20260729/agent5_signed_weight_audit_20260729/SHA256SUMS.txt | library_archive/bundles/experiment/cascade_observability_execution_20260730/cascade_observability_execution_20260730/sources/signed_weight_audit/SHA256SUMS.txt
6b6df3f5207e0fe47b3f1a48719f920f95993dc85570bb71f92abe1d0ae528ee,2,library_archive/bundles/experiment/REOPENED_PATHS_REPRO_PACKAGE_20260730/reopened_paths_repro_20260730/results/network_3033.npz | library_archive/bundles/proof/WHESTBENCH_COMPLETE_PROOF_PACKAGE_20260730/whestbench_complete_proof/reopened_paths_repro_20260730/results/network_3033.npz
6c2283ae473db7b11789c40ab186f19a91221276dde4f40ac1642a2109ac9cdf,3,library_archive/bundles/proof/arc_cubature_proof_v5_dual_engine_20260730/arc_cubature_proof_v5_dual_engine_20260730/strengthening/results/PYDECIMAL_CHUNK_606_TIMING.txt | library_archive/bundles/proof/arc_cubature_proof_v5_strengthened_20260730/arc_cubature_proof_v5_strengthened/strengthening/results/PYDECIMAL_CHUNK_606_TIMING.txt | library_archive/bundles/proof/whestbench_t22_t23_dual_engine_release_v5_2_20260730/arc_cubature_proof_v5_dual_engine_20260730/strengthening/results/PYDECIMAL_CHUNK_606_TIMING.txt
6c24d7468d3df9c4dcfb0e41e38842390f0b3226042b71d62522fefe69710457,2,library_archive/bundles/experiment/legal_signed_anchor_continuation_20260729/legal_signed_anchor_continuation_20260729/continue_path1/11_pilot_phased_q128_source/results/all/network_4151.json | library_archive/bundles/experiment/legal_signed_anchor_continuation_20260729/legal_signed_anchor_continuation_20260729/continue_path1/11_pilot_phased_q128_source/results/validation/network_4151.json
6c6b087d57d4f6601c06ea1a0c8822d9f405ac7fbed4b96a79799c5b5a34946b,2,library_archive/bundles/proof/WHestBench_Math_Continuation_v23_20260730/WHestBench_Math_Continuation_v23_20260730/source_v21/verify_signed_near_optimality_certificate_blocktrace_order320.py | library_archive/bundles/proof/remaining_questions_progress_20260730/verify_signed_near_optimality_certificate_blocktrace_order320.py
6d6249d76fcb267672f17671f5ea607a3c4cfa3388193f508957fbf9746a147c,5,library_archive/bundles/proof/WHestBench_Agent_Review_Closure_20260730/whestbench_closure_20260730/arc_cubature_proof_v5_1/results/formal_gpp_chunk_0300_0400.json | library_archive/bundles/proof/arc_cubature_proof_v5_1/arc_cubature_proof_v5_1/results/formal_gpp_chunk_0300_0400.json | library_archive/bundles/proof/arc_cubature_proof_v5_dual_engine_20260730/arc_cubature_proof_v5_dual_engine_20260730/results/formal_gpp_chunk_0300_0400.json | library_archive/bundles/proof/arc_cubature_proof_v5_strengthened_20260730/arc_cubature_proof_v5_strengthened/results/formal_gpp_chunk_0300_0400.json | library_archive/bundles/proof/whestbench_t22_t23_dual_engine_release_v5_2_20260730/arc_cubature_proof_v5_dual_engine_20260730/results/formal_gpp_chunk_0300_0400.json
6d6743c0f213938c9b980a505972a0a98e2e02962973afc421f61ab310593e35,2,library_archive/bundles/experiment/REOPENED_PATHS_REPRO_PACKAGE_20260730/reopened_paths_repro_20260730/results/network_3034.json | library_archive/bundles/proof/WHESTBENCH_COMPLETE_PROOF_PACKAGE_20260730/whestbench_complete_proof/reopened_paths_repro_20260730/results/network_3034.json
6e32b22ad15a1f6229be8f009ea120495347f3c5fa2cad068f0492c2ba9f7c90,2,library_archive/bundles/experiment/01_legal_signed_anchor_20260729/01_legal_signed_anchor/ENVIRONMENT.txt | library_archive/bundles/experiment/legal_signed_anchor_continuation_20260729/legal_signed_anchor_continuation_20260729/continue_path1/01_legal_signed_anchor/ENVIRONMENT.txt
6e442b3318eec0787fb84f5534ebb16e4a2bc7b40b6cece59af35e2a3527ada0,2,library_archive/bundles/experiment/path5_set_level_coreset_20260729/05_set_level_coreset/results/oracle_sweep_64331_q128_c64.json | library_archive/bundles/experiment/path5_set_level_coreset_20260729_v2/05_set_level_coreset/results/oracle_sweep_64331_q128_c64.json
6ea1eeb248e0351d744e2809cff6bc0aac70b1873e90bc73f8c501f8852a97f7,2,library_archive/bundles/experiment/path5_set_level_coreset_20260729/05_set_level_coreset/data/top8_rank_train32/top8_rank_seed64315.npz | library_archive/bundles/experiment/path5_set_level_coreset_20260729_v2/05_set_level_coreset/data/top8_rank_train32/top8_rank_seed64315.npz
700cb307ab82a99a1cf1bfac87d9f37983d185c6c153d98c848b8618e46ff3b6,2,library_archive/bundles/experiment/path5_set_level_coreset_20260729/05_set_level_coreset/results/smoke_63998_q128_c64.json | library_archive/bundles/experiment/path5_set_level_coreset_20260729_v2/05_set_level_coreset/results/smoke_63998_q128_c64.json
705b7e8f25e6badffce423442315db859b8e0206c3f71b0998f148f6de4c11bf,2,library_archive/bundles/experiment/REOPENED_PATHS_REPRO_PACKAGE_20260730/reopened_paths_repro_20260730/results/network_3046.json | library_archive/bundles/proof/WHESTBENCH_COMPLETE_PROOF_PACKAGE_20260730/whestbench_complete_proof/reopened_paths_repro_20260730/results/network_3046.json
70f75f68fdbdcfb918bb34de2b082f064356f8f381b015a9a373f291d9e95b80,3,library_archive/bundles/proof/arc_cubature_proof_v5_dual_engine_20260730/arc_cubature_proof_v5_dual_engine_20260730/strengthening/results/DERIVED_SIGN_LOGIC_AUDIT.json | library_archive/bundles/proof/arc_cubature_proof_v5_strengthened_20260730/arc_cubature_proof_v5_strengthened/strengthening/results/DERIVED_SIGN_LOGIC_AUDIT.json | library_archive/bundles/proof/whestbench_t22_t23_dual_engine_release_v5_2_20260730/arc_cubature_proof_v5_dual_engine_20260730/strengthening/results/DERIVED_SIGN_LOGIC_AUDIT.json
7107481a2ee2b17d5c0e2c65616df2c91c855336dfa120b786171864b521c1a6,2,library_archive/bundles/experiment/T0_official_grader_instrumentation_20260729_FINAL/T0_official_grader_instrumentation_20260729/packages/production_baseline/manifest_actual.json | library_archive/bundles/experiment/T0_unblocked_execution_bundle_20260729/T0_unblocked_execution_bundle_20260729/T0_official_grader_instrumentation_20260729/packages/production_baseline/manifest_actual.json
710c6ae242146708ac9c67e0d44fa72c4c3d3b8bc9a65f3589a189d23eef2fa7,2,library_archive/bundles/experiment/WHestBench_Project_Closeout_v17_20260730/WHestBench_Project_Closeout_v17_20260730/artifacts/AI_ASSISTANCE_AND_REPRODUCIBILITY_DISCLOSURE.md | library_archive/bundles/experiment/whest_critique_closure_20260730/whest_critique_closure_20260730/AI_ASSISTANCE_AND_REPRODUCIBILITY_DISCLOSURE.md
712fb7837cd3500edc69779e5a1509f5e6a93f2de9c833cdd52a7a6f369d54bd,2,library_archive/bundles/experiment/REOPENED_PATHS_REPRO_PACKAGE_20260730/reopened_paths_repro_20260730/results/network_3001.npz | library_archive/bundles/proof/WHESTBENCH_COMPLETE_PROOF_PACKAGE_20260730/whestbench_complete_proof/reopened_paths_repro_20260730/results/network_3001.npz
718bf394e85f9a768da2f62e4f8801a410e7ea6ee71c50917fc7769fa2943f9f,3,library_archive/bundles/experiment/T0_official_grader_instrumentation_20260729_FINAL/T0_official_grader_instrumentation_20260729/packages/production_baseline/README.md | library_archive/bundles/experiment/T0_unblocked_execution_bundle_20260729/T0_unblocked_execution_bundle_20260729/T0_official_grader_instrumentation_20260729/packages/production_baseline/README.md | library_archive/bundles/experiment/path6_compute_liberation_20260729/package/submission_path6_final_chunk2048/README.md
71b6ba9e211435fa774635913853d021828bd8bc08c4c67b5090b74e399b934e,2,library_archive/bundles/experiment/path5_set_level_coreset_20260729/05_set_level_coreset/data/top8_rank_train32/top8_rank_seed64302.npz | library_archive/bundles/experiment/path5_set_level_coreset_20260729_v2/05_set_level_coreset/data/top8_rank_train32/top8_rank_seed64302.npz
71ff43c936aa544f0b2a8df08194c50ea779dfb719877b8c0deb9785e8211361,2,library_archive/bundles/experiment/T0_official_grader_instrumentation_20260729_FINAL/T0_official_grader_instrumentation_20260729/evidence/t0_panel_seed51000_k32.json | library_archive/bundles/experiment/T0_unblocked_execution_bundle_20260729/T0_unblocked_execution_bundle_20260729/T0_official_grader_instrumentation_20260729/evidence/t0_panel_seed51000_k32.json
72a3493299cad90cb3ac06598c1da67f5e39821ab880bd681ef49ef3a35ac62d,3,library_archive/bundles/experiment/legal_signed_anchor_continuation_20260729/legal_signed_anchor_continuation_20260729/continue_path1/13_direct_pilot_phased_q128/results/all/network_4199.json | library_archive/bundles/experiment/legal_signed_anchor_continuation_20260729/legal_signed_anchor_continuation_20260729/continue_path1/13_direct_pilot_phased_q128/results/rescue_all/network_4199.json | library_archive/bundles/experiment/legal_signed_anchor_continuation_20260729/legal_signed_anchor_continuation_20260729/continue_path1/13_direct_pilot_phased_q128/results/validation/network_4199.json
73018d7c1a8e3ad3a8121e48784ab3ac85b283c5f27240f752b9f91162c8bdb7,2,library_archive/bundles/experiment/REOPENED_PATHS_REPRO_PACKAGE_20260730/reopened_paths_repro_20260730/results/network_3056.json | library_archive/bundles/proof/WHESTBENCH_COMPLETE_PROOF_PACKAGE_20260730/whestbench_complete_proof/reopened_paths_repro_20260730/results/network_3056.json
731993ba80cc842fdae0fe788f01bb165bf324a7f048fe00fb27cb1249002ec2,2,library_archive/bundles/experiment/REOPENED_PATHS_REPRO_PACKAGE_20260730/reopened_paths_repro_20260730/results/network_3063.json | library_archive/bundles/proof/WHESTBENCH_COMPLETE_PROOF_PACKAGE_20260730/whestbench_complete_proof/reopened_paths_repro_20260730/results/network_3063.json
73221722c3c5c87268ce3d81cac1bc2ff5ab1896b99b8408f1e3cbbcf97aa394,2,library_archive/bundles/experiment/WHestBench_Project_Closeout_v17_20260730/WHestBench_Project_Closeout_v17_20260730/artifacts/EMPIRICAL_EVIDENCE_AND_CONTAMINATION.csv | library_archive/bundles/experiment/whest_critique_closure_20260730/whest_critique_closure_20260730/EMPIRICAL_EVIDENCE_AND_CONTAMINATION.csv
745e6c98458d8c4106a28b890c71f63530ad7776b7531cb30ab96bc4e81faa95,2,library_archive/bundles/experiment/Agent5_SignedWeight_Audit_20260729/agent5_signed_weight_audit_20260729/PROPOSED_LEDGER_CHANGES.md | library_archive/bundles/experiment/cascade_observability_execution_20260730/cascade_observability_execution_20260730/sources/signed_weight_audit/PROPOSED_LEDGER_CHANGES.md
74b46797ce40cb4e0a1fcb3dfe2b93b2442cf253e0ad147ca234bd35255ddc3f,3,library_archive/bundles/proof/WHestBench_Prompt1_Infinite_Hermite_Factor_20260730/WHestBench_Prompt1_Infinite_Hermite_Factor_20260730/mpfr_kernel_jet_511.c | library_archive/bundles/proof/WHestBench_Prompt1_Weighted_Floor_20260730/WHestBench_Prompt1_Weighted_Floor_20260730/mpfr_kernel_jet_511.c | library_archive/bundles/proof/WHestBench_Prompt1_Weighted_Floor_Continuation_20260730/WHestBench_Prompt1_Weighted_Floor_Continuation_20260730/mpfr_kernel_jet_511.c
753595211c12b681eadba0473dd44d911dc79cd091db97be43669befaebfb5b9,3,library_archive/bundles/experiment/REOPENED_PATHS_REPRO_PACKAGE_20260730/reopened_paths_repro_20260730/results/TERMINAL_DESCENDANT_RESULTS.json | library_archive/bundles/proof/WHESTBENCH_COMPLETE_PROOF_PACKAGE_20260730/whestbench_complete_proof/reopened_paths_repro_20260730/results/TERMINAL_DESCENDANT_RESULTS.json | library_archive/bundles/proof/whestbench_continuation_audit_20260730/whestbench_continuation_audit_20260730/verification/reopened_rerun/orig_TERMINAL_DESCENDANT_RESULTS.json
7536a980be4e57e9aafa2568cc29d780f0cfd27bc6021da289670280676a0312,2,library_archive/bundles/experiment/path5_set_level_coreset_20260729/05_set_level_coreset/PATH5_SET_LEVEL_CORESET_REPORT.md | library_archive/bundles/experiment/path5_set_level_coreset_20260729_v2/05_set_level_coreset/PATH5_SET_LEVEL_CORESET_REPORT.md
7554203f06b1894758327ed93020f3f68fd86652fb861e39e3e963f14b3a069f,2,library_archive/bundles/experiment/T0_official_grader_instrumentation_20260729_FINAL/T0_official_grader_instrumentation_20260729/packages/A43_basis032/__pycache__/estimator.cpython-313.pyc | library_archive/bundles/experiment/T0_unblocked_execution_bundle_20260729/T0_unblocked_execution_bundle_20260729/T0_official_grader_instrumentation_20260729/packages/A43_basis032/__pycache__/estimator.cpython-313.pyc
75d22f1c8c3d87f14f539a5ec1a070613ad8d81b72cbc35c0e84ef4c6a830624,2,library_archive/bundles/proof/WHestBench_Math_Continuation_v23_20260730/WHestBench_Math_Continuation_v23_20260730/code/verify_finite_width_monotonicity_counterexample.py | library_archive/bundles/proof/best_paths_beyond_v21_20260730/verify_finite_width_monotonicity_counterexample.py
75ddbab76a506577322802ef93c2bc9edd1735d15a835bf13b2474c7b964e49b,2,library_archive/bundles/experiment/01_legal_signed_anchor_20260729/01_legal_signed_anchor/results/records_shared/network_3003.json | library_archive/bundles/experiment/legal_signed_anchor_continuation_20260729/legal_signed_anchor_continuation_20260729/continue_path1/01_legal_signed_anchor/results/records_shared/network_3003.json
75eb61b0ef854172e024923e7bbf1da640fbf82e6f0087c8b92a7dc775245848,2,library_archive/bundles/proof/WHestBench_Agent_Review_Closure_20260730/whestbench_closure_20260730/T16_CPP_RERUN_OUTPUT.json | library_archive/bundles/proof/whestbench_continuation_audit_20260730/whestbench_continuation_audit_20260730/verification/t16_cpp_stdout.json
77724687e3916247cd9765f32bd2088330f04fab5980da4d975c8ecf4e4bb692,2,library_archive/bundles/experiment/Agent4_Replayability_Continuation_V3_20260730/replay_benchmark_results.json | library_archive/bundles/experiment/Agent4_Replayability_Continuation_V3_20260730/replay_benchmark_stdout.txt
7776ce61904b563154396b8cd07cd4efb6bf304f43713ec848ff4dc39b042bcf,2,library_archive/bundles/experiment/REOPENED_PATHS_REPRO_PACKAGE_20260730/reopened_paths_repro_20260730/results/network_3028.npz | library_archive/bundles/proof/WHESTBENCH_COMPLETE_PROOF_PACKAGE_20260730/whestbench_complete_proof/reopened_paths_repro_20260730/results/network_3028.npz
77be0e8865b2aeee6c6c16314cac4d38496efefed6b2b758f75bc3033bb6b7bc,2,library_archive/bundles/experiment/T0_official_grader_instrumentation_20260729_FINAL/T0_official_grader_instrumentation_20260729/packages/production_baseline.tar.gz | library_archive/bundles/experiment/T0_unblocked_execution_bundle_20260729/T0_unblocked_execution_bundle_20260729/T0_official_grader_instrumentation_20260729/packages/production_baseline.tar.gz
77de5b755533e26d84a1f9cef144f5e93403b609c603fdc9ac1204fcf5f996f8,2,library_archive/bundles/experiment/REOPENED_PATHS_REPRO_PACKAGE_20260730/reopened_paths_repro_20260730/results/network_3037.json | library_archive/bundles/proof/WHESTBENCH_COMPLETE_PROOF_PACKAGE_20260730/whestbench_complete_proof/reopened_paths_repro_20260730/results/network_3037.json
78368bba6dce64e41f3b663f98d4ef872fe5b86c05ce4f692fc90c738107ffa7,2,library_archive/bundles/experiment/legal_signed_anchor_continuation_20260729/legal_signed_anchor_continuation_20260729/continue_path1/13_direct_pilot_phased_q128/results/rescue_all/network_4215.json | library_archive/bundles/experiment/legal_signed_anchor_continuation_20260729/legal_signed_anchor_continuation_20260729/continue_path1/13_direct_pilot_phased_q128/results/rescue_holdout/network_4215.json
784c3ee9fb56a868c60ca050a0b8ad07a0ffd7c6d1735f9e2d773f303720057f,2,library_archive/bundles/experiment/REOPENED_PATHS_REPRO_PACKAGE_20260730/reopened_paths_repro_20260730/results/network_3066.json | library_archive/bundles/proof/WHESTBENCH_COMPLETE_PROOF_PACKAGE_20260730/whestbench_complete_proof/reopened_paths_repro_20260730/results/network_3066.json
78589ce6d1d815982d61da87c6f585cd0455254908cab68d0a068ea3ca9c4f20,4,library_archive/bundles/proof/arc_cubature_proof_v5_dual_engine_20260730/arc_cubature_proof_v5_dual_engine_20260730/strengthening/mpfr_full_replay/final_theorem.json | library_archive/bundles/proof/whestbench_continuation_audit_20260730/whestbench_continuation_audit_20260730/verification/mpfr_replay/clang/final_theorem.json | library_archive/bundles/proof/whestbench_continuation_audit_20260730/whestbench_continuation_audit_20260730/verification/mpfr_replay/gcc/final_theorem.json | library_archive/bundles/proof/whestbench_t22_t23_dual_engine_release_v5_2_20260730/arc_cubature_proof_v5_dual_engine_20260730/strengthening/mpfr_full_replay/final_theorem.json
7ad895901dcd45578c9c52024b778f5571521186db47053a9a3766ec6d4865b3,2,library_archive/bundles/experiment/path5_set_level_coreset_20260729/05_set_level_coreset/code/build_setlevel_dataset.py | library_archive/bundles/experiment/path5_set_level_coreset_20260729_v2/05_set_level_coreset/code/build_setlevel_dataset.py
7b70ec08fd58f51efd3db763d78de913d4b9dd3636d62c4bba74c03ac26ad363,2,library_archive/bundles/experiment/T0_official_grader_instrumentation_20260729_FINAL/T0_official_grader_instrumentation_20260729/evidence/t0_pkg_k96.json | library_archive/bundles/experiment/T0_unblocked_execution_bundle_20260729/T0_unblocked_execution_bundle_20260729/T0_official_grader_instrumentation_20260729/evidence/t0_pkg_k96.json
7ba2cae5104752241ebb49a2e848e18ec620259fab9f279e93709edd55b6b9b3,2,library_archive/bundles/proof/arc_cubature_proof_v5_dual_engine_20260730/arc_cubature_proof_v5_dual_engine_20260730/__pycache__/formal_interval_certificate.cpython-313.pyc | library_archive/bundles/proof/whestbench_t22_t23_dual_engine_release_v5_2_20260730/arc_cubature_proof_v5_dual_engine_20260730/__pycache__/formal_interval_certificate.cpython-313.pyc
7bc052ea9e559f4a389f829c29236dc0ef8113f7d1fe4986f043b1f951f483aa,2,library_archive/bundles/experiment/REOPENED_PATHS_REPRO_PACKAGE_20260730/reopened_paths_repro_20260730/results/network_3040.npz | library_archive/bundles/proof/WHESTBENCH_COMPLETE_PROOF_PACKAGE_20260730/whestbench_complete_proof/reopened_paths_repro_20260730/results/network_3040.npz
7c0860d169615cf6e5009d9db11e5a2e94b38b3ea0cc138898203c372d16a4eb,2,library_archive/bundles/experiment/REOPENED_PATHS_REPRO_PACKAGE_20260730/reopened_paths_repro_20260730/results/network_3041.json | library_archive/bundles/proof/WHESTBENCH_COMPLETE_PROOF_PACKAGE_20260730/whestbench_complete_proof/reopened_paths_repro_20260730/results/network_3041.json
7c46d69b5927d3928940d8af85d02867fea32225d7b1282e389f77754e805822,2,library_archive/bundles/experiment/agent8_harmonic_control_audit_20260729/agent8_harmonic_audit_20260729/AGENT8_HARMONIC_CONTROL_AUDIT.md | library_archive/bundles/proof/WHestBench_Agent_Review_Closure_20260730/whestbench_closure_20260730/reviewed_markdown/AGENT8_HARMONIC_CONTROL_AUDIT.md
7c799786f790042c3a9f7de0aabf3b7f8b5edfe0241ab225b5df2b3979fe4012,2,library_archive/bundles/experiment/T0_official_grader_instrumentation_20260729_FINAL/T0_official_grader_instrumentation_20260729/T0.1_basis_curve/RESULTS.json | library_archive/bundles/experiment/T0_unblocked_execution_bundle_20260729/T0_unblocked_execution_bundle_20260729/T0_official_grader_instrumentation_20260729/T0.1_basis_curve/RESULTS.json
7ceaf77a81ee6a86e18a940a328b320aba3ac2ae939a5a43b931e94efb2976c1,3,library_archive/bundles/experiment/legal_signed_anchor_continuation_20260729/legal_signed_anchor_continuation_20260729/continue_path1/07_q128_adjoint_sources/src/q128_sources.py | library_archive/bundles/experiment/legal_signed_anchor_continuation_20260729/legal_signed_anchor_continuation_20260729/continue_path1/13_direct_pilot_phased_q128/src/q128_sources.py | library_archive/bundles/experiment/legal_signed_anchor_continuation_20260729/legal_signed_anchor_continuation_20260729/continue_path1/14_fold_stable_q128_source/src/q128_sources.py
7d27d503532cb053b901742091ff4eb219a01b18fb4fea500b85558dcc681fda,2,library_archive/bundles/experiment/whest_additional_progress_20260730/whest_additional_progress_20260730/sources/SINGLE_RANK_SIGNED_NODE_CERTIFICATE.json | library_archive/bundles/proof/best_theorem_targets_exhaustive_20260730/best_theorem_targets_verification.json
7d3fcdc36a97d2fabb575e051e0d2853e82fdc0096b82e0d7a9f98e33a70d91b,2,library_archive/bundles/experiment/REOPENED_PATHS_REPRO_PACKAGE_20260730/reopened_paths_repro_20260730/results/network_3053.npz | library_archive/bundles/proof/WHESTBENCH_COMPLETE_PROOF_PACKAGE_20260730/whestbench_complete_proof/reopened_paths_repro_20260730/results/network_3053.npz
7d96ef7b2e2aaebc2aec6d81007aaba32f7888c6cefd52793e5daf6a9fb75b2a,2,library_archive/bundles/experiment/T0_official_grader_instrumentation_20260729_FINAL/T0_official_grader_instrumentation_20260729/packages/PACKAGE_HASHES.json | library_archive/bundles/experiment/T0_unblocked_execution_bundle_20260729/T0_unblocked_execution_bundle_20260729/T0_official_grader_instrumentation_20260729/packages/PACKAGE_HASHES.json
7e28363744db4b62031e61e1781e44cda9ded4423652c0dff5a8b61ddc310c26,2,library_archive/bundles/experiment/T0_official_grader_instrumentation_20260729_FINAL/T0_official_grader_instrumentation_20260729/T0.2_compute_calibration/__pycache__/run_node.cpython-313.pyc | library_archive/bundles/experiment/T0_unblocked_execution_bundle_20260729/T0_unblocked_execution_bundle_20260729/T0_official_grader_instrumentation_20260729/T0.2_compute_calibration/__pycache__/run_node.cpython-313.pyc
7e68c22b674b4591b9871e6c9f05d79efab57db08bd03ff4ea42aaddb3aee45c,2,library_archive/bundles/proof/arc_cubature_proof_v5_dual_engine_20260730/arc_cubature_proof_v5_dual_engine_20260730/strengthening/mpfr_full_replay/mpfr_final_theorem.c | library_archive/bundles/proof/whestbench_t22_t23_dual_engine_release_v5_2_20260730/arc_cubature_proof_v5_dual_engine_20260730/strengthening/mpfr_full_replay/mpfr_final_theorem.c
7f0a6bb33d6f5da714b66f2c7298162dc4c2253262cf61b3251efd16731338d8,4,library_archive/bundles/experiment/T0_official_grader_instrumentation_20260729_FINAL/T0_official_grader_instrumentation_20260729/evidence/t0_panel_seed51000_k64.npy | library_archive/bundles/experiment/T0_official_grader_instrumentation_20260729_FINAL/T0_official_grader_instrumentation_20260729/evidence/t0_pkg_k64.npy | library_archive/bundles/experiment/T0_unblocked_execution_bundle_20260729/T0_unblocked_execution_bundle_20260729/T0_official_grader_instrumentation_20260729/evidence/t0_panel_seed51000_k64.npy | library_archive/bundles/experiment/T0_unblocked_execution_bundle_20260729/T0_unblocked_execution_bundle_20260729/T0_official_grader_instrumentation_20260729/evidence/t0_pkg_k64.npy
7f163d3c3f5a576491817d47d84cb59929367f0a6f2e3d1171e8ba8eacc2ca7b,2,library_archive/bundles/experiment/T0_official_grader_instrumentation_20260729_FINAL/T0_official_grader_instrumentation_20260729/PACKAGE_AUDIT.json | library_archive/bundles/experiment/T0_unblocked_execution_bundle_20260729/T0_unblocked_execution_bundle_20260729/T0_official_grader_instrumentation_20260729/PACKAGE_AUDIT.json
7f5f2e7e3ccf32a862b15724728100600da0d2acb8471334ca8b822b97cdcac6,2,library_archive/bundles/proof/remaining_questions_progress_20260730/CONTINUOUS_ADJACENT_BLOCKTRACE_DISCOVERY_320_CORRECTED.json | library_archive/bundles/proof/remaining_questions_progress_20260730/CONTINUOUS_ADJACENT_BLOCKTRACE_DISCOVERY_320_FIXED.json
7f6b53ba3644087fa8f0c66b1c8173ee005ed67049420715d6c07439024e91c9,2,library_archive/bundles/proof/WHestBench_Math_Continuation_v23_20260730/WHestBench_Math_Continuation_v23_20260730/source_v21/K32_MACLAURIN_INTERVALS_ORDER320.json | library_archive/bundles/proof/remaining_questions_progress_20260730/K32_MACLAURIN_INTERVALS_ORDER320.json
7fd0852824f5f58a2d56abdbabf8d5e4fa5fd8a66ee60ea7a43a2c959a508011,2,library_archive/bundles/experiment/path5_set_level_coreset_20260729/05_set_level_coreset/results/top8_sketch_dev8.json | library_archive/bundles/experiment/path5_set_level_coreset_20260729_v2/05_set_level_coreset/results/top8_sketch_dev8.json
7fe7530ac88970a96b57091dd07f41606e2143ec7a242b356f3a2db61cbbedb9,5,library_archive/bundles/proof/WHestBench_Agent_Review_Closure_20260730/whestbench_closure_20260730/arc_cubature_proof_v5_1/results/formal_gpp_chunk_0550_0551.json | library_archive/bundles/proof/arc_cubature_proof_v5_1/arc_cubature_proof_v5_1/results/formal_gpp_chunk_0550_0551.json | library_archive/bundles/proof/arc_cubature_proof_v5_dual_engine_20260730/arc_cubature_proof_v5_dual_engine_20260730/results/formal_gpp_chunk_0550_0551.json | library_archive/bundles/proof/arc_cubature_proof_v5_strengthened_20260730/arc_cubature_proof_v5_strengthened/results/formal_gpp_chunk_0550_0551.json | library_archive/bundles/proof/whestbench_t22_t23_dual_engine_release_v5_2_20260730/arc_cubature_proof_v5_dual_engine_20260730/results/formal_gpp_chunk_0550_0551.json
8009d6c4bd160db8b26a17cf926f8ede6ff76258806e679876342c5fb6487523,2,library_archive/bundles/experiment/legal_signed_anchor_continuation_20260729/legal_signed_anchor_continuation_20260729/continue_path1/13_direct_pilot_phased_q128/results/rescue_all/network_4211.json | library_archive/bundles/experiment/legal_signed_anchor_continuation_20260729/legal_signed_anchor_continuation_20260729/continue_path1/13_direct_pilot_phased_q128/results/rescue_holdout/network_4211.json
80757eb9584aeee8be57cbe1917849ef036cb1ad186d576ce33a41285b1738ca,4,library_archive/bundles/experiment/Agent4_Replayability_Continuation_V3_20260730/source_snapshots/T0_COST_MODEL.json | library_archive/bundles/experiment/Agent4_Sole_Path_Final_Compact_20260730/sources/T0_COST_MODEL.json | library_archive/bundles/experiment/T0_official_grader_instrumentation_20260729_FINAL/T0_official_grader_instrumentation_20260729/COST_MODEL.json | library_archive/bundles/experiment/T0_unblocked_execution_bundle_20260729/T0_unblocked_execution_bundle_20260729/T0_official_grader_instrumentation_20260729/COST_MODEL.json
813757844dd3fead9565c0bd8244feabe4f1ab4854e14825e91740e5fa8a4807,3,library_archive/bundles/experiment/legal_signed_anchor_continuation_20260729/legal_signed_anchor_continuation_20260729/continue_path1/13_direct_pilot_phased_q128/results/all/network_4196.json | library_archive/bundles/experiment/legal_signed_anchor_continuation_20260729/legal_signed_anchor_continuation_20260729/continue_path1/13_direct_pilot_phased_q128/results/rescue_all/network_4196.json | library_archive/bundles/experiment/legal_signed_anchor_continuation_20260729/legal_signed_anchor_continuation_20260729/continue_path1/13_direct_pilot_phased_q128/results/validation/network_4196.json
819d095628eeeb65f8c5896faca571437712981316e63b1612553959b66d14c6,2,library_archive/bundles/experiment/T0_official_grader_instrumentation_20260729_FINAL/T0_official_grader_instrumentation_20260729/T0.1_basis_curve/NODE_SPEC.md | library_archive/bundles/experiment/T0_unblocked_execution_bundle_20260729/T0_unblocked_execution_bundle_20260729/T0_official_grader_instrumentation_20260729/T0.1_basis_curve/NODE_SPEC.md
8266916d33e5e9b3be6f0030ff5854f64653ded511a81b5f3614da80f4523f7d,2,library_archive/bundles/experiment/REOPENED_PATHS_REPRO_PACKAGE_20260730/reopened_paths_repro_20260730/results/network_3003.json | library_archive/bundles/proof/WHESTBENCH_COMPLETE_PROOF_PACKAGE_20260730/whestbench_complete_proof/reopened_paths_repro_20260730/results/network_3003.json
82bc937bb170fa4b76d87870a6fe9021ab772c0564738213b87c1920a8ebde1f,2,library_archive/bundles/experiment/REOPENED_PATHS_REPRO_PACKAGE_20260730/reopened_paths_repro_20260730/results/network_3044.json | library_archive/bundles/proof/WHESTBENCH_COMPLETE_PROOF_PACKAGE_20260730/whestbench_complete_proof/reopened_paths_repro_20260730/results/network_3044.json
836634df82cca8ac013565116eaf1d6d55c1e3393a451189bb8ffc942181987e,2,library_archive/bundles/experiment/REOPENED_PATHS_REPRO_PACKAGE_20260730/reopened_paths_repro_20260730/results/network_3064.npz | library_archive/bundles/proof/WHESTBENCH_COMPLETE_PROOF_PACKAGE_20260730/whestbench_complete_proof/reopened_paths_repro_20260730/results/network_3064.npz
8371e278667c728ab63fc1446d374e4f88b5b420394d03968ed8ae29c497a572,2,library_archive/bundles/experiment/T0_unblocked_execution_bundle_20260729/T0_unblocked_execution_bundle_20260729/unblocked_research/RESULTS_test.json | library_archive/bundles/experiment/cascade_observability_execution_20260730/cascade_observability_execution_20260730/sources/RESULTS_test.json
83bd635e6fd4b251d1841ed9f2100942505c0576194e2c8e4dbb6f5a9a4c466b,4,library_archive/bundles/proof/arc_cubature_proof_v5_dual_engine_20260730/arc_cubature_proof_v5_dual_engine_20260730/strengthening/mpfr_full_replay/exact_coverage.json | library_archive/bundles/proof/whestbench_continuation_audit_20260730/whestbench_continuation_audit_20260730/verification/mpfr_replay/clang/exact_coverage.json | library_archive/bundles/proof/whestbench_continuation_audit_20260730/whestbench_continuation_audit_20260730/verification/mpfr_replay/gcc/exact_coverage.json | library_archive/bundles/proof/whestbench_t22_t23_dual_engine_release_v5_2_20260730/arc_cubature_proof_v5_dual_engine_20260730/strengthening/mpfr_full_replay/exact_coverage.json
840a60a5a9bec9f3f0c4f45c30fd9d034690f471d48ba8fc3411c5481a9cb41f,2,library_archive/bundles/experiment/T0_official_grader_instrumentation_20260729_FINAL/T0_official_grader_instrumentation_20260729/packages/A43_delta64.tar.gz | library_archive/bundles/experiment/T0_unblocked_execution_bundle_20260729/T0_unblocked_execution_bundle_20260729/T0_official_grader_instrumentation_20260729/packages/A43_delta64.tar.gz
8432f95021ed4c0bbad5d5902302c8c0abe93c0e50628a3c87b132a05a1e7c57,2,library_archive/bundles/proof/WHestBench_Prompt1_Weighted_Floor_Continuation_20260730/WHestBench_Prompt1_Weighted_Floor_Continuation_20260730/DEGREE123_ENTRYWISE_DUAL_CERTIFICATE.json | library_archive/bundles/proof/WHestBench_Prompt1_Weighted_Floor_Continuation_20260730/WHestBench_Prompt1_Weighted_Floor_Continuation_20260730/DEGREE123_ENTRYWISE_DUAL_VERIFICATION.json
859d07ae76927ff957591fc664f2ceccd7319946bc55dd0f8b6aacc341e398d4,2,library_archive/bundles/experiment/REOPENED_PATHS_REPRO_PACKAGE_20260730/reopened_paths_repro_20260730/results/network_3023.json | library_archive/bundles/proof/WHESTBENCH_COMPLETE_PROOF_PACKAGE_20260730/whestbench_complete_proof/reopened_paths_repro_20260730/results/network_3023.json
86ce2755dc2e9e2d85f450fc9a47c5f38e646f2a63cd529e6cd9d3ea6ef2e962,2,library_archive/bundles/experiment/REOPENED_PATHS_REPRO_PACKAGE_20260730/reopened_paths_repro_20260730/results/network_3019.npz | library_archive/bundles/proof/WHESTBENCH_COMPLETE_PROOF_PACKAGE_20260730/whestbench_complete_proof/reopened_paths_repro_20260730/results/network_3019.npz
883ca2e5a9e56b822fe4e94aea591a2f425c5ea66de6c36dd85cdbbff846d33b,2,library_archive/bundles/experiment/01_legal_signed_anchor_20260729/01_legal_signed_anchor/src/signed_scale_rescue_shared.py | library_archive/bundles/experiment/legal_signed_anchor_continuation_20260729/legal_signed_anchor_continuation_20260729/continue_path1/01_legal_signed_anchor/src/signed_scale_rescue_shared.py
8872aa6f0cc2d824a6bac0d4841e575ef40dcd01f8e32c88fa14d24420c685ee,2,library_archive/bundles/experiment/whest_additional_progress_20260730/whest_additional_progress_20260730/T16_MPMATH_IV_SECOND_STACK_AUDIT.json | library_archive/bundles/experiment/whest_additional_progress_20260730/whest_additional_progress_20260730/sources/T16_MPMATH_IV_SECOND_STACK_AUDIT.json
88abafafd0de7c418c85aac5498fcbc042b94b0dd73cd1ff4be203839c905ce7,2,library_archive/bundles/experiment/Agent5_SignedWeight_Audit_20260729/agent5_signed_weight_audit_20260729/CHECKS.md | library_archive/bundles/experiment/cascade_observability_execution_20260730/cascade_observability_execution_20260730/sources/signed_weight_audit/CHECKS.md
89d106a27773b1e08f01427e42e398e58ebdcaa8a258d83828c7e1b7a64eb15a,2,library_archive/bundles/experiment/01_legal_signed_anchor_20260729/01_legal_signed_anchor/results/development16_disagreement.json | library_archive/bundles/experiment/legal_signed_anchor_continuation_20260729/legal_signed_anchor_continuation_20260729/continue_path1/01_legal_signed_anchor/results/development16_disagreement.json
89d85671706934dfecde8591e90df206309c48ca60253a318c1327d452d99eeb,2,library_archive/bundles/experiment/legal_signed_anchor_continuation_20260729/legal_signed_anchor_continuation_20260729/continue_path1/11_pilot_phased_q128_source/results/all/network_4141.json | library_archive/bundles/experiment/legal_signed_anchor_continuation_20260729/legal_signed_anchor_continuation_20260729/continue_path1/11_pilot_phased_q128_source/results/train/network_4141.json
8a7783c3d0e4b87b4eea0f4357cf8aac0c927f8522fdc1b6508253f35313540c,2,library_archive/bundles/experiment/01_legal_signed_anchor_20260729/01_legal_signed_anchor/results/records_shared/network_2999.json | library_archive/bundles/experiment/legal_signed_anchor_continuation_20260729/legal_signed_anchor_continuation_20260729/continue_path1/01_legal_signed_anchor/results/records_shared/network_2999.json
8a791743d759f7cbf671839a00cbac50d7a585b56f8e434f08aaa9e8cbbcca00,2,library_archive/bundles/experiment/REOPENED_PATHS_REPRO_PACKAGE_20260730/reopened_paths_repro_20260730/results/network_3052.json | library_archive/bundles/proof/WHESTBENCH_COMPLETE_PROOF_PACKAGE_20260730/whestbench_complete_proof/reopened_paths_repro_20260730/results/network_3052.json
8a9ee1a631cdb41613e90ec38f96e7a4a132e566bc30d2635e70ee11ce65c3ae,2,library_archive/bundles/experiment/path5_set_level_coreset_20260729/05_set_level_coreset/data/dev8_full128/setlevel_seed64004_q128_c64.npz | library_archive/bundles/experiment/path5_set_level_coreset_20260729_v2/05_set_level_coreset/data/dev8_full128/setlevel_seed64004_q128_c64.npz
8b53b2788fc9dfb6dd220aaed43200076b9cb4f453416510632e7cbcb6f7ed36,2,library_archive/bundles/experiment/legal_signed_anchor_continuation_20260729/legal_signed_anchor_continuation_20260729/continue_path1/13_direct_pilot_phased_q128/results/rescue_all/network_4220.json | library_archive/bundles/experiment/legal_signed_anchor_continuation_20260729/legal_signed_anchor_continuation_20260729/continue_path1/13_direct_pilot_phased_q128/results/rescue_holdout/network_4220.json
8c1839d42f453613e5a15fa272211d23825c473fcfcf995de08fd31a8f8abe6c,2,library_archive/bundles/experiment/T0_official_grader_instrumentation_20260729_FINAL/T0_official_grader_instrumentation_20260729/packages/A43_delta64/__pycache__/fast_matmul.cpython-313.pyc | library_archive/bundles/experiment/T0_unblocked_execution_bundle_20260729/T0_unblocked_execution_bundle_20260729/T0_official_grader_instrumentation_20260729/packages/A43_delta64/__pycache__/fast_matmul.cpython-313.pyc
8d3548debb3aa75a6f65ac41a17071843658811278f68baa57b9462198ec2b24,2,library_archive/bundles/experiment/WHestBench_Experiment_Launch_Pack_20260729_v2/WHestBench_Experiment_Launch_Pack_20260729_v2/sources/Independent_Short_Suffix_Micro_Cubature_20260729.txt | library_archive/bundles/experiment/WHestBench_Experiment_Launch_Pack_20260729_v2/WHestBench_Experiment_Launch_Pack_20260729_v2/sources/Pasted text (5)(1).txt
8d4a50841717d83ba12acae446a8dc1adc7aceca3307469ccf2b084cc58072e2,2,library_archive/bundles/experiment/path5_set_level_coreset_20260729/05_set_level_coreset/data/top8_rank_dev8/top8_rank_seed64001.npz | library_archive/bundles/experiment/path5_set_level_coreset_20260729_v2/05_set_level_coreset/data/top8_rank_dev8/top8_rank_seed64001.npz
8ddf62bd8b18fa609810df2fb2fb0fa7c65796307d29e67ed77ed21158b9c64e,2,library_archive/bundles/proof/WHestBench_Agent_Review_Closure_20260730/whestbench_closure_20260730/prove_t16_all_degree.py | library_archive/bundles/proof/agent10_whestbench_strengthening_20260730/agent10_whestbench_strengthening_20260730/t16_prior/prove_t16_all_degree.py
8e1bf0c8fc075903273d620801ee2e6a8a38411582245e05693560b7f164bba6,2,library_archive/bundles/experiment/T0_official_grader_instrumentation_20260729_FINAL/T0_official_grader_instrumentation_20260729/evidence/A43_validation_suite.json | library_archive/bundles/experiment/T0_unblocked_execution_bundle_20260729/T0_unblocked_execution_bundle_20260729/T0_official_grader_instrumentation_20260729/evidence/A43_validation_suite.json
8e307d12e6c18a2d1074194b89ebd45766e5e0a04824f393088cb9ed9cf28345,2,library_archive/bundles/experiment/REOPENED_PATHS_REPRO_PACKAGE_20260730/reopened_paths_repro_20260730/results/network_3053.json | library_archive/bundles/proof/WHESTBENCH_COMPLETE_PROOF_PACKAGE_20260730/whestbench_complete_proof/reopened_paths_repro_20260730/results/network_3053.json
8e51ab749db07e43883e4be92b63ec6a15a866caecb03e8ae3c7f7ae9bd62d00,2,library_archive/bundles/experiment/REOPENED_PATHS_REPRO_PACKAGE_20260730/reopened_paths_repro_20260730/results/network_3065.json | library_archive/bundles/proof/WHESTBENCH_COMPLETE_PROOF_PACKAGE_20260730/whestbench_complete_proof/reopened_paths_repro_20260730/results/network_3065.json
8e9e92391c9c8a307938e14083f216be0f77ff4203c36a2c3bf0f2ecb9e56064,2,library_archive/bundles/experiment/REOPENED_PATHS_REPRO_PACKAGE_20260730/reopened_paths_repro_20260730/results/network_3014.json | library_archive/bundles/proof/WHESTBENCH_COMPLETE_PROOF_PACKAGE_20260730/whestbench_complete_proof/reopened_paths_repro_20260730/results/network_3014.json
8f1a2db4b18d191851d23bc8f122772f24e29372ab493d9f871d81fd2eac680d,2,library_archive/bundles/experiment/REOPENED_PATHS_REPRO_PACKAGE_20260730/reopened_paths_repro_20260730/results/network_3011.npz | library_archive/bundles/proof/WHESTBENCH_COMPLETE_PROOF_PACKAGE_20260730/whestbench_complete_proof/reopened_paths_repro_20260730/results/network_3011.npz
8f722972622b6afd40eb12fc5538d9c259e7cfb3fb22eea23db17b3db04263ed,3,library_archive/bundles/proof/arc_cubature_proof_v5_dual_engine_20260730/arc_cubature_proof_v5_dual_engine_20260730/strengthening/results/PYDECIMAL_COMPONENT_REPLAY_LOG.txt | library_archive/bundles/proof/arc_cubature_proof_v5_strengthened_20260730/arc_cubature_proof_v5_strengthened/strengthening/results/PYDECIMAL_COMPONENT_REPLAY_LOG.txt | library_archive/bundles/proof/whestbench_t22_t23_dual_engine_release_v5_2_20260730/arc_cubature_proof_v5_dual_engine_20260730/strengthening/results/PYDECIMAL_COMPONENT_REPLAY_LOG.txt
8fbe410df4e6d962a38098cbbc01d4dbea87ce659ae906238f599913a4efc6d1,2,library_archive/bundles/experiment/REOPENED_PATHS_REPRO_PACKAGE_20260730/reopened_paths_repro_20260730/results/network_3018.json | library_archive/bundles/proof/WHESTBENCH_COMPLETE_PROOF_PACKAGE_20260730/whestbench_complete_proof/reopened_paths_repro_20260730/results/network_3018.json
8fd710c4c4b18e8101e5833c3e3e3d597e44f62d7526b781a7b0a6fa959bc24b,5,library_archive/bundles/proof/WHestBench_Agent_Review_Closure_20260730/whestbench_closure_20260730/arc_cubature_proof_v5_1/formal_sign_chunk.py | library_archive/bundles/proof/arc_cubature_proof_v5_1/arc_cubature_proof_v5_1/formal_sign_chunk.py | library_archive/bundles/proof/arc_cubature_proof_v5_dual_engine_20260730/arc_cubature_proof_v5_dual_engine_20260730/formal_sign_chunk.py | library_archive/bundles/proof/arc_cubature_proof_v5_strengthened_20260730/arc_cubature_proof_v5_strengthened/formal_sign_chunk.py | library_archive/bundles/proof/whestbench_t22_t23_dual_engine_release_v5_2_20260730/arc_cubature_proof_v5_dual_engine_20260730/formal_sign_chunk.py
8ff3b18058da44eed695acdf6b8e121d4eb10e85c6fe7dc17ecf81fe093d7c7c,2,library_archive/bundles/experiment/T0_official_grader_instrumentation_20260729_FINAL/T0_official_grader_instrumentation_20260729/scripts/shape_trace.py | library_archive/bundles/experiment/T0_unblocked_execution_bundle_20260729/T0_unblocked_execution_bundle_20260729/T0_official_grader_instrumentation_20260729/scripts/shape_trace.py
909870f822b2609548b3754240903fe1e7db16ab55120aa31bfb6b1abef1c617,2,library_archive/bundles/experiment/T0_official_grader_instrumentation_20260729_FINAL/T0_official_grader_instrumentation_20260729/packages/A43_basis129.tar.gz | library_archive/bundles/experiment/T0_unblocked_execution_bundle_20260729/T0_unblocked_execution_bundle_20260729/T0_official_grader_instrumentation_20260729/packages/A43_basis129.tar.gz
9149db9309a3274616539ded01383f7e73d0c22d929e29e5423e038faa892fc8,2,library_archive/bundles/experiment/01_legal_signed_anchor_20260729/01_legal_signed_anchor/results/records/network_3006.json | library_archive/bundles/experiment/legal_signed_anchor_continuation_20260729/legal_signed_anchor_continuation_20260729/continue_path1/01_legal_signed_anchor/results/records/network_3006.json
91752991ee3e7da362553223e44045436a44a5859eeccfada5e8591affb98e06,2,library_archive/bundles/experiment/path5_set_level_coreset_20260729/05_set_level_coreset/EXPERIMENT_LEDGER_ADDITION_PATH5.json | library_archive/bundles/experiment/path5_set_level_coreset_20260729_v2/05_set_level_coreset/EXPERIMENT_LEDGER_ADDITION_PATH5.json
917609647691d2c3622ecd9dea4009840757aa42ac87cdb376f642caad0b89b8,2,library_archive/bundles/experiment/REOPENED_PATHS_REPRO_PACKAGE_20260730/reopened_paths_repro_20260730/results/network_3054.npz | library_archive/bundles/proof/WHESTBENCH_COMPLETE_PROOF_PACKAGE_20260730/whestbench_complete_proof/reopened_paths_repro_20260730/results/network_3054.npz
91b180337a801c645469101152211bbd96bdd8f7bfb8b323cf79007bad8ea17f,2,library_archive/bundles/experiment/01_legal_signed_anchor_20260729/01_legal_signed_anchor/results/records_shared/network_3009.json | library_archive/bundles/experiment/legal_signed_anchor_continuation_20260729/legal_signed_anchor_continuation_20260729/continue_path1/01_legal_signed_anchor/results/records_shared/network_3009.json
91c78891453aa79a7e81d800a7c562174ae14d3f2017cc6a5dc53f66d312b22f,2,library_archive/bundles/experiment/T0_official_grader_instrumentation_20260729_FINAL/T0_official_grader_instrumentation_20260729/packages/CALIBRATION_DELTA.json | library_archive/bundles/experiment/T0_unblocked_execution_bundle_20260729/T0_unblocked_execution_bundle_20260729/T0_official_grader_instrumentation_20260729/packages/CALIBRATION_DELTA.json
9217ce134e69a8239ca28485b31c63bf3126acba00a49e8eee42938c9f3859b7,13,library_archive/bundles/experiment/legal_signed_anchor_continuation_20260729/legal_signed_anchor_continuation_20260729/continue_path1/02_centered_analytic_closures/src/analytic_defect_closures.py | library_archive/bundles/experiment/legal_signed_anchor_continuation_20260729/legal_signed_anchor_continuation_20260729/continue_path1/03_source_blend_transport/src/base.py | library_archive/bundles/experiment/legal_signed_anchor_continuation_20260729/legal_signed_anchor_continuation_20260729/continue_path1/04_weak_anchor_ensemble/src/base.py | library_archive/bundles/experiment/legal_signed_anchor_continuation_20260729/legal_signed_anchor_continuation_20260729/continue_path1/05_checkpoint_reanchored_transport/src/base.py | library_archive/bundles/experiment/legal_signed_anchor_continuation_20260729/legal_signed_anchor_continuation_20260729/continue_path1/06_analytic_plus_residual_pilot/src/base.py | library_archive/bundles/experiment/legal_signed_anchor_continuation_20260729/legal_signed_anchor_continuation_20260729/continue_path1/07_q128_adjoint_sources/src/base.py | library_archive/bundles/experiment/legal_signed_anchor_continuation_20260729/legal_signed_anchor_continuation_20260729/continue_path1/08_dual_analytic_ensemble/src/base.py | library_archive/bundles/experiment/legal_signed_anchor_continuation_20260729/legal_signed_anchor_continuation_20260729/continue_path1/09_q128_component_sources/src/base.py | library_archive/bundles/experiment/legal_signed_anchor_continuation_20260729/legal_signed_anchor_continuation_20260729/continue_path1/10_affine_control_variate_pilot/src/base.py | library_archive/bundles/experiment/legal_signed_anchor_continuation_20260729/legal_signed_anchor_continuation_20260729/continue_path1/11_pilot_phased_q128_source/src/base.py | library_archive/bundles/experiment/legal_signed_anchor_continuation_20260729/legal_signed_anchor_continuation_20260729/continue_path1/12_direct_output_affine_cv/src/base.py | library_archive/bundles/experiment/legal_signed_anchor_continuation_20260729/legal_signed_anchor_continuation_20260729/continue_path1/13_direct_pilot_phased_q128/src/base.py | library_archive/bundles/experiment/legal_signed_anchor_continuation_20260729/legal_signed_anchor_continuation_20260729/continue_path1/14_fold_stable_q128_source/src/base.py
9298bcbf6806d37d74071a53a377408e31ebc610091fc0dbf98408290868c803,2,library_archive/bundles/experiment/REOPENED_PATHS_REPRO_PACKAGE_20260730/reopened_paths_repro_20260730/results/network_3061.json | library_archive/bundles/proof/WHESTBENCH_COMPLETE_PROOF_PACKAGE_20260730/whestbench_complete_proof/reopened_paths_repro_20260730/results/network_3061.json
92b7eeaab28ec545f158a878b5c400784f32c769abe30ce424bb30d130acddf9,2,library_archive/bundles/experiment/REOPENED_PATHS_REPRO_PACKAGE_20260730/reopened_paths_repro_20260730/results/network_3026.npz | library_archive/bundles/proof/WHESTBENCH_COMPLETE_PROOF_PACKAGE_20260730/whestbench_complete_proof/reopened_paths_repro_20260730/results/network_3026.npz
92e68f62d05901d0f2c66bfdf1c53376272d8f4b420f3c5f67d0b68776d020eb,7,library_archive/bundles/experiment/Agent5_SignedWeight_Audit_20260729/agent5_signed_weight_audit_20260729/vendor_proof/auxiliary_coefficients_d256_L32_deg5.json | library_archive/bundles/experiment/cascade_observability_execution_20260730/cascade_observability_execution_20260730/sources/signed_weight_audit/vendor_proof/auxiliary_coefficients_d256_L32_deg5.json | library_archive/bundles/proof/WHestBench_Agent_Review_Closure_20260730/whestbench_closure_20260730/arc_cubature_proof_v5_1/auxiliary_coefficients_d256_L32_deg5.json | library_archive/bundles/proof/arc_cubature_proof_v5_1/arc_cubature_proof_v5_1/auxiliary_coefficients_d256_L32_deg5.json | library_archive/bundles/proof/arc_cubature_proof_v5_dual_engine_20260730/arc_cubature_proof_v5_dual_engine_20260730/auxiliary_coefficients_d256_L32_deg5.json | library_archive/bundles/proof/arc_cubature_proof_v5_strengthened_20260730/arc_cubature_proof_v5_strengthened/auxiliary_coefficients_d256_L32_deg5.json | library_archive/bundles/proof/whestbench_t22_t23_dual_engine_release_v5_2_20260730/arc_cubature_proof_v5_dual_engine_20260730/auxiliary_coefficients_d256_L32_deg5.json
92f8c7152f2cc5b86554dfced778fdfac63cdd40e09c66604cf5422f99bfb3dc,2,library_archive/bundles/experiment/REOPENED_PATHS_REPRO_PACKAGE_20260730/reopened_paths_repro_20260730/results/network_3057.json | library_archive/bundles/proof/WHESTBENCH_COMPLETE_PROOF_PACKAGE_20260730/whestbench_complete_proof/reopened_paths_repro_20260730/results/network_3057.json
9345b3fdf3c8f64ebe53559252f1d07757787f9fdb961f05a8c315019bff2c1a,2,library_archive/bundles/experiment/path5_set_level_coreset_20260729/05_set_level_coreset/data/top8_rank_train32/top8_rank_seed64320.npz | library_archive/bundles/experiment/path5_set_level_coreset_20260729_v2/05_set_level_coreset/data/top8_rank_train32/top8_rank_seed64320.npz
9361184eaa58a020cfd11051f39fbf6c11f36696dae9e4fff2888a3af6c555e4,2,library_archive/bundles/experiment/01_legal_signed_anchor_20260729/01_legal_signed_anchor/results/records/network_3011.json | library_archive/bundles/experiment/legal_signed_anchor_continuation_20260729/legal_signed_anchor_continuation_20260729/continue_path1/01_legal_signed_anchor/results/records/network_3011.json
9365cebf1c7fc656614602115eea6632cd03d7bea571ff99bb49ab99f8b8016a,2,library_archive/bundles/proof/arc_cubature_proof_v5_dual_engine_20260730/arc_cubature_proof_v5_dual_engine_20260730/strengthening/mpfr_full_replay/verify_mpfr_results.py | library_archive/bundles/proof/whestbench_t22_t23_dual_engine_release_v5_2_20260730/arc_cubature_proof_v5_dual_engine_20260730/strengthening/mpfr_full_replay/verify_mpfr_results.py
93b559bac21970a82300e7dc8d7e83e5b93ef9104446f184d11d948acc245499,2,library_archive/bundles/experiment/path5_set_level_coreset_20260729/05_set_level_coreset/results/oracle_sweep_63998_q128_c64.json | library_archive/bundles/experiment/path5_set_level_coreset_20260729_v2/05_set_level_coreset/results/oracle_sweep_63998_q128_c64.json
93de328540479742d3b786ebcdabadd9d55581771942f8cfdfc739dcad112105,2,library_archive/bundles/proof/WHestBench_Agent_Review_Closure_20260730/whestbench_closure_20260730/arc_cubature_proof_v5_1/__pycache__/proof_file_list.cpython-313.pyc | library_archive/bundles/proof/arc_cubature_proof_v5_1/arc_cubature_proof_v5_1/__pycache__/proof_file_list.cpython-313.pyc
943efbee12a18b0ec4a8b63221f3e30e0edf45a1ad3430c7f6d26dcf157b4898,2,library_archive/bundles/experiment/01_legal_signed_anchor_20260729/01_legal_signed_anchor/results/records_shared/network_3005.json | library_archive/bundles/experiment/legal_signed_anchor_continuation_20260729/legal_signed_anchor_continuation_20260729/continue_path1/01_legal_signed_anchor/results/records_shared/network_3005.json
9449368da87077e4ad9501022f2678b990151998844e6af04740d7eadc1dbdc1,5,library_archive/bundles/proof/WHestBench_Agent_Review_Closure_20260730/whestbench_closure_20260730/arc_cubature_proof_v5_1/results/FORMAL_CERTIFICATE_D256_L32.json | library_archive/bundles/proof/arc_cubature_proof_v5_1/arc_cubature_proof_v5_1/results/FORMAL_CERTIFICATE_D256_L32.json | library_archive/bundles/proof/arc_cubature_proof_v5_dual_engine_20260730/arc_cubature_proof_v5_dual_engine_20260730/results/FORMAL_CERTIFICATE_D256_L32.json | library_archive/bundles/proof/arc_cubature_proof_v5_strengthened_20260730/arc_cubature_proof_v5_strengthened/results/FORMAL_CERTIFICATE_D256_L32.json | library_archive/bundles/proof/whestbench_t22_t23_dual_engine_release_v5_2_20260730/arc_cubature_proof_v5_dual_engine_20260730/results/FORMAL_CERTIFICATE_D256_L32.json
94fad9e5e5b8de850342ee8e85a22a11ff2a9afa9110be584d139d573c398ce2,2,library_archive/bundles/experiment/legal_signed_anchor_continuation_20260729/legal_signed_anchor_continuation_20260729/continue_path1/13_direct_pilot_phased_q128/results/rescue_all/network_4219.json | library_archive/bundles/experiment/legal_signed_anchor_continuation_20260729/legal_signed_anchor_continuation_20260729/continue_path1/13_direct_pilot_phased_q128/results/rescue_holdout/network_4219.json
956a9108965bc7da75fd2690dc8efe9406d3e46fbbd735c79fad39a34d64ca72,2,library_archive/bundles/experiment/T0_official_grader_instrumentation_20260729_FINAL/T0_official_grader_instrumentation_20260729/packages/A43_basis096/estimator.py | library_archive/bundles/experiment/T0_unblocked_execution_bundle_20260729/T0_unblocked_execution_bundle_20260729/T0_official_grader_instrumentation_20260729/packages/A43_basis096/estimator.py
95e2e2b46b38cf389717a53c1327d443fb259c8053d8fbabb3e1b2d7e2eb4c64,2,library_archive/bundles/experiment/PATH2_LEARNED_SIGN_SCALE_ABSTENTION_20260729/02_learned_sign_scale_abstention/results/PATH2_RESULTS.json | library_archive/bundles/experiment/PATH2_LEARNED_SIGN_SCALE_ABSTENTION_CONTINUATION_20260729/results/PATH2_RESULTS.json
95e51eae53ae6e85df289a30a572ced7e9886e51a7acf8b6e13aa19c8b0d446f,2,library_archive/bundles/experiment/PATH2_LEARNED_SIGN_SCALE_ABSTENTION_20260729/02_learned_sign_scale_abstention/l08_abstention_gate.py | library_archive/bundles/experiment/PATH2_LEARNED_SIGN_SCALE_ABSTENTION_CONTINUATION_20260729/l08_abstention_gate.py
95fcb002b09c192b2f57effabcf469075ed2ce211ac0099ae1092adba36331aa,3,library_archive/bundles/proof/arc_cubature_proof_v5_dual_engine_20260730/arc_cubature_proof_v5_dual_engine_20260730/strengthening/code/verify_sign_logic_derived.py | library_archive/bundles/proof/arc_cubature_proof_v5_strengthened_20260730/arc_cubature_proof_v5_strengthened/strengthening/code/verify_sign_logic_derived.py | library_archive/bundles/proof/whestbench_t22_t23_dual_engine_release_v5_2_20260730/arc_cubature_proof_v5_dual_engine_20260730/strengthening/code/verify_sign_logic_derived.py
970698ab2aa6b61e24165291663347124b0423d748be478cc59e55d43ae554e9,2,library_archive/bundles/experiment/T0_official_grader_instrumentation_20260729_FINAL/T0_official_grader_instrumentation_20260729/packages/A43_basis096/manifest.json | library_archive/bundles/experiment/T0_unblocked_execution_bundle_20260729/T0_unblocked_execution_bundle_20260729/T0_official_grader_instrumentation_20260729/packages/A43_basis096/manifest.json
97ef3d395c7f17f1c095909ba4c67841313145b106b4793a5535dbdb96eb6c55,3,library_archive/bundles/proof/arc_cubature_proof_v5_dual_engine_20260730/arc_cubature_proof_v5_dual_engine_20260730/strengthening/pydecimal_shim/decimal.py | library_archive/bundles/proof/arc_cubature_proof_v5_strengthened_20260730/arc_cubature_proof_v5_strengthened/strengthening/pydecimal_shim/decimal.py | library_archive/bundles/proof/whestbench_t22_t23_dual_engine_release_v5_2_20260730/arc_cubature_proof_v5_dual_engine_20260730/strengthening/pydecimal_shim/decimal.py
981644865ac239a79ddd97cc8c43344d26d63189eda6c97d80fb53444112a5e0,2,library_archive/bundles/experiment/REOPENED_PATHS_REPRO_PACKAGE_20260730/reopened_paths_repro_20260730/results/network_3004.json | library_archive/bundles/proof/WHESTBENCH_COMPLETE_PROOF_PACKAGE_20260730/whestbench_complete_proof/reopened_paths_repro_20260730/results/network_3004.json
9823e76cdbf79b46f3d316e623eabef4a88090264fcd6a7c8faff9e9cd560fa8,5,library_archive/bundles/proof/WHestBench_Agent_Review_Closure_20260730/whestbench_closure_20260730/arc_cubature_proof_v5_1/results/formal_gpp_chunk_0560_0565.json | library_archive/bundles/proof/arc_cubature_proof_v5_1/arc_cubature_proof_v5_1/results/formal_gpp_chunk_0560_0565.json | library_archive/bundles/proof/arc_cubature_proof_v5_dual_engine_20260730/arc_cubature_proof_v5_dual_engine_20260730/results/formal_gpp_chunk_0560_0565.json | library_archive/bundles/proof/arc_cubature_proof_v5_strengthened_20260730/arc_cubature_proof_v5_strengthened/results/formal_gpp_chunk_0560_0565.json | library_archive/bundles/proof/whestbench_t22_t23_dual_engine_release_v5_2_20260730/arc_cubature_proof_v5_dual_engine_20260730/results/formal_gpp_chunk_0560_0565.json
988faf05734c28a847fce982fdfcf494f0499557f480fe2aad4a7bd00e998b58,2,library_archive/bundles/proof/arc_cubature_proof_v5_dual_engine_20260730/arc_cubature_proof_v5_dual_engine_20260730/strengthening/docs/STRENGTHENED_CLAIMS.md | library_archive/bundles/proof/whestbench_t22_t23_dual_engine_release_v5_2_20260730/arc_cubature_proof_v5_dual_engine_20260730/strengthening/docs/STRENGTHENED_CLAIMS.md
98c847b367e8904d176a91fb6f3a30ae4522f821248601490c48011a7b0a65cb,2,library_archive/bundles/experiment/REOPENED_PATHS_REPRO_PACKAGE_20260730/reopened_paths_repro_20260730/results/network_3022.json | library_archive/bundles/proof/WHESTBENCH_COMPLETE_PROOF_PACKAGE_20260730/whestbench_complete_proof/reopened_paths_repro_20260730/results/network_3022.json
9a0319bea1de32bcb3bbb73c8edaa7041f8c3edf80d9b627bb5e86f69af8087d,2,library_archive/bundles/experiment/REOPENED_PATHS_REPRO_PACKAGE_20260730/reopened_paths_repro_20260730/results/network_3013.json | library_archive/bundles/proof/WHESTBENCH_COMPLETE_PROOF_PACKAGE_20260730/whestbench_complete_proof/reopened_paths_repro_20260730/results/network_3013.json
9a271f2a916b0b6ee6cecb2426f0b3206ef074578be55d9bc94f6f3fe3ab86aa,3,library_archive/bundles/experiment/PATH2_LEARNED_SIGN_SCALE_ABSTENTION_20260729/02_learned_sign_scale_abstention/extract.exit | library_archive/bundles/experiment/network_specific_factorization_20260729/network_specific_factorization_20260729/crossref.exit | library_archive/bundles/experiment/network_specific_factorization_20260729/network_specific_factorization_20260729/run.exit
9a2d192ec8753fa5f13c3bc481a6543a4594a17cc1fc3398bf3c97f242b75361,2,library_archive/bundles/experiment/T0_official_grader_instrumentation_20260729_FINAL/T0_official_grader_instrumentation_20260729/scripts/official_runbook.sh | library_archive/bundles/experiment/T0_unblocked_execution_bundle_20260729/T0_unblocked_execution_bundle_20260729/T0_official_grader_instrumentation_20260729/scripts/official_runbook.sh
9a4857afbf5525f641e3ca2fe784e90b8828c118e87aee1071dfd852d3fd0cbd,5,library_archive/bundles/proof/WHestBench_Agent_Review_Closure_20260730/whestbench_closure_20260730/arc_cubature_proof_v5_1/verify_theorem_package.py | library_archive/bundles/proof/arc_cubature_proof_v5_1/arc_cubature_proof_v5_1/verify_theorem_package.py | library_archive/bundles/proof/arc_cubature_proof_v5_dual_engine_20260730/arc_cubature_proof_v5_dual_engine_20260730/verify_theorem_package.py | library_archive/bundles/proof/arc_cubature_proof_v5_strengthened_20260730/arc_cubature_proof_v5_strengthened/verify_theorem_package.py | library_archive/bundles/proof/whestbench_t22_t23_dual_engine_release_v5_2_20260730/arc_cubature_proof_v5_dual_engine_20260730/verify_theorem_package.py
9a6a3d85ab6be7120de9af3f3e4d35461e037d4992e3a5acfd253f018822a32f,2,library_archive/bundles/experiment/T0_official_grader_instrumentation_20260729_FINAL/T0_official_grader_instrumentation_20260729/packages/A43_basis032.tar.gz | library_archive/bundles/experiment/T0_unblocked_execution_bundle_20260729/T0_unblocked_execution_bundle_20260729/T0_official_grader_instrumentation_20260729/packages/A43_basis032.tar.gz
9a8c0918ba2668a65a7250cc8e33b0c3b592cbec215ced60cb30f4aaa649e136,2,library_archive/bundles/experiment/Agent4_Replayability_Continuation_V3_20260730/source_snapshots/AGENT8_WHITEBOX_OBSERVABLE_DISCOVERY_REPORT.md | library_archive/bundles/experiment/Agent4_Sole_Path_Final_Compact_20260730/sources/AGENT8_WHITEBOX_OBSERVABLE_DISCOVERY_REPORT.md
9ab1dccb8a44fc2f9d63550c591279fbfda1172935d6a61385b17c2df49a3139,2,library_archive/bundles/proof/WHestBench_Agent_Review_Closure_20260730/whestbench_closure_20260730/arc_cubature_proof_v5_1/.github/workflows/proof.yml | library_archive/bundles/proof/arc_cubature_proof_v5_1/arc_cubature_proof_v5_1/.github/workflows/proof.yml
9aeb768640e35f5c4d0fc14eb049927cb27f197d02a8740442675822782d5374,2,library_archive/bundles/experiment/01_legal_signed_anchor_20260729/01_legal_signed_anchor/results/records/network_3014.json | library_archive/bundles/experiment/legal_signed_anchor_continuation_20260729/legal_signed_anchor_continuation_20260729/continue_path1/01_legal_signed_anchor/results/records/network_3014.json
9af18a845f94568714b9469436643161cef63a5eef0649a0deb04a00aae5b775,16,library_archive/bundles/experiment/T0_official_grader_instrumentation_20260729_FINAL/T0_official_grader_instrumentation_20260729/packages/A43/fast_matmul.py | library_archive/bundles/experiment/T0_official_grader_instrumentation_20260729_FINAL/T0_official_grader_instrumentation_20260729/packages/A43_basis032/fast_matmul.py | library_archive/bundles/experiment/T0_official_grader_instrumentation_20260729_FINAL/T0_official_grader_instrumentation_20260729/packages/A43_basis064/fast_matmul.py | library_archive/bundles/experiment/T0_official_grader_instrumentation_20260729_FINAL/T0_official_grader_instrumentation_20260729/packages/A43_basis096/fast_matmul.py | library_archive/bundles/experiment/T0_official_grader_instrumentation_20260729_FINAL/T0_official_grader_instrumentation_20260729/packages/A43_basis129/fast_matmul.py | library_archive/bundles/experiment/T0_official_grader_instrumentation_20260729_FINAL/T0_official_grader_instrumentation_20260729/packages/A43_delta64/fast_matmul.py | library_archive/bundles/experiment/T0_official_grader_instrumentation_20260729_FINAL/T0_official_grader_instrumentation_20260729/packages/A43_diagnostic_basis016/fast_matmul.py | library_archive/bundles/experiment/T0_official_grader_instrumentation_20260729_FINAL/T0_official_grader_instrumentation_20260729/packages/A43_diagnostic_basis020/fast_matmul.py | library_archive/bundles/experiment/T0_unblocked_execution_bundle_20260729/T0_unblocked_execution_bundle_20260729/T0_official_grader_instrumentation_20260729/packages/A43/fast_matmul.py | library_archive/bundles/experiment/T0_unblocked_execution_bundle_20260729/T0_unblocked_execution_bundle_20260729/T0_official_grader_instrumentation_20260729/packages/A43_basis032/fast_matmul.py | library_archive/bundles/experiment/T0_unblocked_execution_bundle_20260729/T0_unblocked_execution_bundle_20260729/T0_official_grader_instrumentation_20260729/packages/A43_basis064/fast_matmul.py | library_archive/bundles/experiment/T0_unblocked_execution_bundle_20260729/T0_unblocked_execution_bundle_20260729/T0_official_grader_instrumentation_20260729/packages/A43_basis096/fast_matmul.py | library_archive/bundles/experiment/T0_unblocked_execution_bundle_20260729/T0_unblocked_execution_bundle_20260729/T0_official_grader_instrumentation_20260729/packages/A43_basis129/fast_matmul.py | library_archive/bundles/experiment/T0_unblocked_execution_bundle_20260729/T0_unblocked_execution_bundle_20260729/T0_official_grader_instrumentation_20260729/packages/A43_delta64/fast_matmul.py | library_archive/bundles/experiment/T0_unblocked_execution_bundle_20260729/T0_unblocked_execution_bundle_20260729/T0_official_grader_instrumentation_20260729/packages/A43_diagnostic_basis016/fast_matmul.py | library_archive/bundles/experiment/T0_unblocked_execution_bundle_20260729/T0_unblocked_execution_bundle_20260729/T0_official_grader_instrumentation_20260729/packages/A43_diagnostic_basis020/fast_matmul.py
9b645b0c151cb41fbdf75482dbda3411e101793738002d2a187179beee7c5396,2,library_archive/bundles/proof/arc_cubature_proof_v5_dual_engine_20260730/arc_cubature_proof_v5_dual_engine_20260730/strengthening/mpfr_full_replay/gegenbauer_coeff.tsv | library_archive/bundles/proof/whestbench_t22_t23_dual_engine_release_v5_2_20260730/arc_cubature_proof_v5_dual_engine_20260730/strengthening/mpfr_full_replay/gegenbauer_coeff.tsv
9bad3c4a8cf402da22603da4b372b5ddaaddb7918be77ce552a63e1f7a41ae3f,2,library_archive/bundles/experiment/path5_set_level_coreset_20260729/05_set_level_coreset/data/top8_rank_train32/top8_rank_seed64316.npz | library_archive/bundles/experiment/path5_set_level_coreset_20260729_v2/05_set_level_coreset/data/top8_rank_train32/top8_rank_seed64316.npz
9c0da801719f3a27e12e27ae9ebcc6c614357c40f404e2eb1021171f6ac9d762,3,library_archive/bundles/proof/arc_cubature_proof_v5_dual_engine_20260730/arc_cubature_proof_v5_dual_engine_20260730/strengthening/results/PYDECIMAL_CHUNK_0550_TIMING.txt | library_archive/bundles/proof/arc_cubature_proof_v5_strengthened_20260730/arc_cubature_proof_v5_strengthened/strengthening/results/PYDECIMAL_CHUNK_0550_TIMING.txt | library_archive/bundles/proof/whestbench_t22_t23_dual_engine_release_v5_2_20260730/arc_cubature_proof_v5_dual_engine_20260730/strengthening/results/PYDECIMAL_CHUNK_0550_TIMING.txt
9d40261da481270bff41ac2d50957ec989b2a047aa0398fd177c838f1e84ead6,2,library_archive/bundles/experiment/T0_official_grader_instrumentation_20260729_FINAL/T0_official_grader_instrumentation_20260729/T0.1_basis_curve/PROPOSED_LEDGER_ADDITION.csv | library_archive/bundles/experiment/T0_unblocked_execution_bundle_20260729/T0_unblocked_execution_bundle_20260729/T0_official_grader_instrumentation_20260729/T0.1_basis_curve/PROPOSED_LEDGER_ADDITION.csv
9d5cd2db0a6d6ec0cc33e4240e2b7df53fe56261ee01aec7830ea6913c5be18a,2,library_archive/bundles/experiment/companion_orientation_codebook_20260729/companion_orientation_codebook_20260729/validation_analysis/VALIDATION_RESULTS.json | library_archive/bundles/experiment/companion_orientation_codebook_20260729/companion_orientation_codebook_20260729/validation_analysis/stdout.json
9d5e272a40fc9a541f5c1ca60bf5ecefc93defc58209476cc1ba0e2ac8860724,2,library_archive/bundles/experiment/T0_official_grader_instrumentation_20260729_FINAL/T0_official_grader_instrumentation_20260729/T0.2_compute_calibration/MANIFEST.json | library_archive/bundles/experiment/T0_unblocked_execution_bundle_20260729/T0_unblocked_execution_bundle_20260729/T0_official_grader_instrumentation_20260729/T0.2_compute_calibration/MANIFEST.json
9da5a524065e1f94df0be2a1405eb2aedb6e68a2f4d1e6be3a51cd5ca853b468,3,library_archive/bundles/proof/arc_cubature_proof_v5_dual_engine_20260730/arc_cubature_proof_v5_dual_engine_20260730/strengthening/results/PYDECIMAL_COMPONENT_REPLAY.json | library_archive/bundles/proof/arc_cubature_proof_v5_strengthened_20260730/arc_cubature_proof_v5_strengthened/strengthening/results/PYDECIMAL_COMPONENT_REPLAY.json | library_archive/bundles/proof/whestbench_t22_t23_dual_engine_release_v5_2_20260730/arc_cubature_proof_v5_dual_engine_20260730/strengthening/results/PYDECIMAL_COMPONENT_REPLAY.json
9dbd1c0c662735dd20281ffc7aebf63f8c3a11f6e9d45da1749bfc6a9ffdf9e1,2,library_archive/bundles/experiment/path5_set_level_coreset_20260729/05_set_level_coreset/data/top8_rank_train32/top8_rank_seed64328.npz | library_archive/bundles/experiment/path5_set_level_coreset_20260729_v2/05_set_level_coreset/data/top8_rank_train32/top8_rank_seed64328.npz
9dfe61fbf67c40105c4120f1626caafe23ece9e76c6928a1cb15c063b219eb98,2,library_archive/bundles/experiment/REOPENED_PATHS_REPRO_PACKAGE_20260730/reopened_paths_repro_20260730/results/network_3059.npz | library_archive/bundles/proof/WHESTBENCH_COMPLETE_PROOF_PACKAGE_20260730/whestbench_complete_proof/reopened_paths_repro_20260730/results/network_3059.npz
9e2677c681ffcbdec18f0cc5f8bf530564c58ce5ae88307a51e6cf9f70cb1858,2,library_archive/bundles/experiment/REOPENED_PATHS_REPRO_PACKAGE_20260730/reopened_paths_repro_20260730/scripts/reopened_path_experiments.py | library_archive/bundles/proof/WHESTBENCH_COMPLETE_PROOF_PACKAGE_20260730/whestbench_complete_proof/reopened_paths_repro_20260730/scripts/reopened_path_experiments.py
9e33de057fcb42d196ead709658ca26cf2808db3a7557c48a416718a986bb6ad,5,library_archive/bundles/proof/WHestBench_Agent_Review_Closure_20260730/whestbench_closure_20260730/arc_cubature_proof_v5_1/results/formal_gpp_chunk_1027_1079.json | library_archive/bundles/proof/arc_cubature_proof_v5_1/arc_cubature_proof_v5_1/results/formal_gpp_chunk_1027_1079.json | library_archive/bundles/proof/arc_cubature_proof_v5_dual_engine_20260730/arc_cubature_proof_v5_dual_engine_20260730/results/formal_gpp_chunk_1027_1079.json | library_archive/bundles/proof/arc_cubature_proof_v5_strengthened_20260730/arc_cubature_proof_v5_strengthened/results/formal_gpp_chunk_1027_1079.json | library_archive/bundles/proof/whestbench_t22_t23_dual_engine_release_v5_2_20260730/arc_cubature_proof_v5_dual_engine_20260730/results/formal_gpp_chunk_1027_1079.json
9ee1e405b6958c3d4018b3f75ea5f5c3ff623f4cc4b712b0faeeba9277ddeeef,2,library_archive/bundles/experiment/REOPENED_PATHS_REPRO_PACKAGE_20260730/reopened_paths_repro_20260730/SHA256SUMS.txt | library_archive/bundles/proof/WHESTBENCH_COMPLETE_PROOF_PACKAGE_20260730/whestbench_complete_proof/reopened_paths_repro_20260730/SHA256SUMS.txt
9ef4d7c467a8194711c114f0fd74506d515a6989fcab786c7f30f3c44de5ebca,2,library_archive/bundles/experiment/REOPENED_PATHS_REPRO_PACKAGE_20260730/reopened_paths_repro_20260730/results/network_3002.npz | library_archive/bundles/proof/WHESTBENCH_COMPLETE_PROOF_PACKAGE_20260730/whestbench_complete_proof/reopened_paths_repro_20260730/results/network_3002.npz
9f6f0cba56b0e5413debfbbf371eedebba18647c9730ebf2e59b6cbb01591d02,3,library_archive/bundles/experiment/legal_signed_anchor_continuation_20260729/legal_signed_anchor_continuation_20260729/continue_path1/13_direct_pilot_phased_q128/results/all/network_4198.json | library_archive/bundles/experiment/legal_signed_anchor_continuation_20260729/legal_signed_anchor_continuation_20260729/continue_path1/13_direct_pilot_phased_q128/results/rescue_all/network_4198.json | library_archive/bundles/experiment/legal_signed_anchor_continuation_20260729/legal_signed_anchor_continuation_20260729/continue_path1/13_direct_pilot_phased_q128/results/validation/network_4198.json
9fd1edf0b3f48b8b622c27f186bb26736f116173ca08a023af5494dae0646c41,2,library_archive/bundles/experiment/T0_official_grader_instrumentation_20260729_FINAL/T0_official_grader_instrumentation_20260729/evidence/t0_t03_baseline_seed51002_k8.npy | library_archive/bundles/experiment/T0_unblocked_execution_bundle_20260729/T0_unblocked_execution_bundle_20260729/T0_official_grader_instrumentation_20260729/evidence/t0_t03_baseline_seed51002_k8.npy
a002147f980d9b29ca3d9d2d4b7d726c36458ca9b7e777e6b069ad30d6294d1e,2,library_archive/bundles/experiment/REOPENED_PATHS_REPRO_PACKAGE_20260730/reopened_paths_repro_20260730/results/network_3020.json | library_archive/bundles/proof/WHESTBENCH_COMPLETE_PROOF_PACKAGE_20260730/whestbench_complete_proof/reopened_paths_repro_20260730/results/network_3020.json
a127f94a8e62185da7c51217d2867e90d059db550267e50fcdcb37ace23d8e4f,2,library_archive/bundles/experiment/T0_official_grader_instrumentation_20260729_FINAL/T0_official_grader_instrumentation_20260729/evidence/t0_panel_seed51000_k96.json | library_archive/bundles/experiment/T0_unblocked_execution_bundle_20260729/T0_unblocked_execution_bundle_20260729/T0_official_grader_instrumentation_20260729/evidence/t0_panel_seed51000_k96.json
a1549ed7bf5754d3e5b3b6bb52de190451911be8eda4fa1cfbe381d3cb00c75a,2,library_archive/bundles/experiment/legal_signed_anchor_continuation_20260729/legal_signed_anchor_continuation_20260729/continue_path1/11_pilot_phased_q128_source/results/all/network_4160.json | library_archive/bundles/experiment/legal_signed_anchor_continuation_20260729/legal_signed_anchor_continuation_20260729/continue_path1/11_pilot_phased_q128_source/results/validation/network_4160.json
a162b68bb949df7a80b2a8dd65b9f959a513bb94329add1d78c8187d4b275b85,2,library_archive/bundles/experiment/T0_official_grader_instrumentation_20260729_FINAL/T0_official_grader_instrumentation_20260729/evidence/t0_panel_seed51001_k32.npy | library_archive/bundles/experiment/T0_unblocked_execution_bundle_20260729/T0_unblocked_execution_bundle_20260729/T0_official_grader_instrumentation_20260729/evidence/t0_panel_seed51001_k32.npy
a16a4d26dd313972c86eeeca3e4410b1c58d159241dfdc4388429f2c42bda84b,2,library_archive/bundles/experiment/01_legal_signed_anchor_20260729/01_legal_signed_anchor/results/records/network_3002.json | library_archive/bundles/experiment/legal_signed_anchor_continuation_20260729/legal_signed_anchor_continuation_20260729/continue_path1/01_legal_signed_anchor/results/records/network_3002.json
a21b68f6dfab3c6d750b5acd85cc7c689705dbdb6d2cc703d4ebe82925f6fd2f,2,library_archive/bundles/experiment/01_legal_signed_anchor_20260729/01_legal_signed_anchor/split_manifest.json | library_archive/bundles/experiment/legal_signed_anchor_continuation_20260729/legal_signed_anchor_continuation_20260729/continue_path1/01_legal_signed_anchor/split_manifest.json
a222caf4dca25c0809353640da84e6e7a63811454f1fa5627784cacf0252c700,2,library_archive/bundles/experiment/path5_set_level_coreset_20260729/05_set_level_coreset/data/top8_rank_dev8/top8_rank_seed64005.npz | library_archive/bundles/experiment/path5_set_level_coreset_20260729_v2/05_set_level_coreset/data/top8_rank_dev8/top8_rank_seed64005.npz
a262880d9e6231ed934476dec1f44b789f94fb819d9de0d01f2fe64c850d4fc4,2,library_archive/bundles/experiment/path5_set_level_coreset_20260729/05_set_level_coreset/data/top8_rank_dev8/top8_rank_seed64006.npz | library_archive/bundles/experiment/path5_set_level_coreset_20260729_v2/05_set_level_coreset/data/top8_rank_dev8/top8_rank_seed64006.npz
a26819885a091edbbd8f7a9e257cd5bbb8196136c18a6601caf648acca7c5cfe,2,library_archive/bundles/experiment/path5_set_level_coreset_20260729/05_set_level_coreset/results/frozen_support_validation_64111_64115.json | library_archive/bundles/experiment/path5_set_level_coreset_20260729_v2/05_set_level_coreset/results/frozen_support_validation_64111_64115.json
a30d6ee976a79f740505591ece9ac7dcd621aafe272afd2adb897d542187c642,2,library_archive/bundles/proof/WHestBench_Agent_Review_Closure_20260730/whestbench_closure_20260730/arc_cubature_proof_v5_1/ARCHIVE_PROVENANCE.md | library_archive/bundles/proof/arc_cubature_proof_v5_1/arc_cubature_proof_v5_1/ARCHIVE_PROVENANCE.md
a32b1adf256f6f490093b6786ddacba6f046366cfbd909eeecc35c3eec2b99a6,2,library_archive/bundles/experiment/legal_signed_anchor_continuation_20260729/legal_signed_anchor_continuation_20260729/continue_path1/13_direct_pilot_phased_q128/results/rescue_all/network_4213.json | library_archive/bundles/experiment/legal_signed_anchor_continuation_20260729/legal_signed_anchor_continuation_20260729/continue_path1/13_direct_pilot_phased_q128/results/rescue_holdout/network_4213.json
a47982ca218d7c57a4709e82713aefae45e362b9727e974d9fa4cc6f315334d5,2,library_archive/bundles/experiment/REOPENED_PATHS_REPRO_PACKAGE_20260730/reopened_paths_repro_20260730/results/network_3003.npz | library_archive/bundles/proof/WHESTBENCH_COMPLETE_PROOF_PACKAGE_20260730/whestbench_complete_proof/reopened_paths_repro_20260730/results/network_3003.npz
a4b816bdccb099ae283b1522e45f903d61c05031a01c3bc000a13047b11c6549,2,library_archive/bundles/experiment/REOPENED_PATHS_REPRO_PACKAGE_20260730/reopened_paths_repro_20260730/results/FULL_WIDTH_SUMMARY.json | library_archive/bundles/proof/WHESTBENCH_COMPLETE_PROOF_PACKAGE_20260730/whestbench_complete_proof/reopened_paths_repro_20260730/results/FULL_WIDTH_SUMMARY.json
a4d058635e1555003a73705f65b7535286b2fa51783237b8eb9e7c59f45d4ca3,2,library_archive/bundles/experiment/REOPENED_PATHS_REPRO_PACKAGE_20260730/reopened_paths_repro_20260730/scripts/extended_validation.py | library_archive/bundles/proof/WHESTBENCH_COMPLETE_PROOF_PACKAGE_20260730/whestbench_complete_proof/reopened_paths_repro_20260730/scripts/extended_validation.py
a51549e1e985f20e2d3f3d36a8d212bbccbc10ce4e9b9c0e5620092d20156bac,5,library_archive/bundles/proof/WHestBench_Agent_Review_Closure_20260730/whestbench_closure_20260730/arc_cubature_proof_v5_1/FULL_PROOF_REPRODUCE.sh | library_archive/bundles/proof/arc_cubature_proof_v5_1/arc_cubature_proof_v5_1/FULL_PROOF_REPRODUCE.sh | library_archive/bundles/proof/arc_cubature_proof_v5_dual_engine_20260730/arc_cubature_proof_v5_dual_engine_20260730/FULL_PROOF_REPRODUCE.sh | library_archive/bundles/proof/arc_cubature_proof_v5_strengthened_20260730/arc_cubature_proof_v5_strengthened/FULL_PROOF_REPRODUCE.sh | library_archive/bundles/proof/whestbench_t22_t23_dual_engine_release_v5_2_20260730/arc_cubature_proof_v5_dual_engine_20260730/FULL_PROOF_REPRODUCE.sh
a52b4cda4414d4b5e090357519f95cbc3c5ef486c7cdfb62455f1bb0cb852aa8,2,library_archive/bundles/experiment/REOPENED_PATHS_REPRO_PACKAGE_20260730/reopened_paths_repro_20260730/results/network_3046.npz | library_archive/bundles/proof/WHESTBENCH_COMPLETE_PROOF_PACKAGE_20260730/whestbench_complete_proof/reopened_paths_repro_20260730/results/network_3046.npz
a5aed0b92bdcfc269d4060e9611d27731d3c3d79b2815bed8c68f766235d79d5,5,library_archive/bundles/proof/WHestBench_Agent_Review_Closure_20260730/whestbench_closure_20260730/arc_cubature_proof_v5_1/results/formal_gpp_chunk_0605_0606.json | library_archive/bundles/proof/arc_cubature_proof_v5_1/arc_cubature_proof_v5_1/results/formal_gpp_chunk_0605_0606.json | library_archive/bundles/proof/arc_cubature_proof_v5_dual_engine_20260730/arc_cubature_proof_v5_dual_engine_20260730/results/formal_gpp_chunk_0605_0606.json | library_archive/bundles/proof/arc_cubature_proof_v5_strengthened_20260730/arc_cubature_proof_v5_strengthened/results/formal_gpp_chunk_0605_0606.json | library_archive/bundles/proof/whestbench_t22_t23_dual_engine_release_v5_2_20260730/arc_cubature_proof_v5_dual_engine_20260730/results/formal_gpp_chunk_0605_0606.json
a5cf3c484e96e146a14b21cf6a43cb4169d759adad4ae6f919605b1ee048dbd0,5,library_archive/bundles/proof/WHestBench_Agent_Review_Closure_20260730/whestbench_closure_20260730/arc_cubature_proof_v5_1/generate_kerdock_multiplicity.py | library_archive/bundles/proof/arc_cubature_proof_v5_1/arc_cubature_proof_v5_1/generate_kerdock_multiplicity.py | library_archive/bundles/proof/arc_cubature_proof_v5_dual_engine_20260730/arc_cubature_proof_v5_dual_engine_20260730/generate_kerdock_multiplicity.py | library_archive/bundles/proof/arc_cubature_proof_v5_strengthened_20260730/arc_cubature_proof_v5_strengthened/generate_kerdock_multiplicity.py | library_archive/bundles/proof/whestbench_t22_t23_dual_engine_release_v5_2_20260730/arc_cubature_proof_v5_dual_engine_20260730/generate_kerdock_multiplicity.py
a63b32c959ddf32ebfc457b6bf1af27550f2f637062bb835c861d674af4f6b54,2,library_archive/bundles/proof/WHestBench_Agent_Review_Closure_20260730/whestbench_closure_20260730/t16_independent_cpp_audit | library_archive/bundles/proof/whestbench_continuation_audit_20260730/whestbench_continuation_audit_20260730/verification/t16_independent_cpp_audit
a669557afc52853765c8f6003db047ffec32649e4b4ad79fb1597dd3941188fa,3,library_archive/bundles/experiment/legal_signed_anchor_continuation_20260729/legal_signed_anchor_continuation_20260729/continue_path1/13_direct_pilot_phased_q128/results/all/network_4192.json | library_archive/bundles/experiment/legal_signed_anchor_continuation_20260729/legal_signed_anchor_continuation_20260729/continue_path1/13_direct_pilot_phased_q128/results/rescue_all/network_4192.json | library_archive/bundles/experiment/legal_signed_anchor_continuation_20260729/legal_signed_anchor_continuation_20260729/continue_path1/13_direct_pilot_phased_q128/results/validation/network_4192.json
a67f987c795fa484bff67fa14068243fda5fbcb5487079129fcee3f5d3cce0b3,2,library_archive/bundles/experiment/path5_set_level_coreset_20260729/05_set_level_coreset/data/top8_rank_train32/top8_rank_seed64301.npz | library_archive/bundles/experiment/path5_set_level_coreset_20260729_v2/05_set_level_coreset/data/top8_rank_train32/top8_rank_seed64301.npz
a699f46ed76bd216f1081b6b2330e4fb45d7c8c5a5354b208694d6590a5a8645,2,library_archive/bundles/proof/WHestBench_Agent_Review_Closure_20260730/whestbench_closure_20260730/arc_cubature_proof_v5_1/requirements.txt | library_archive/bundles/proof/arc_cubature_proof_v5_1/arc_cubature_proof_v5_1/requirements.txt
a71c6dee8724bb5b411771a00e6a33768697484c25bd0e8c1532539eb833af96,2,library_archive/bundles/experiment/Agent5_SignedWeight_Audit_20260729/agent5_signed_weight_audit_20260729/LOWDIM_OPTIMIZATION_RESULTS.json | library_archive/bundles/experiment/cascade_observability_execution_20260730/cascade_observability_execution_20260730/sources/signed_weight_audit/LOWDIM_OPTIMIZATION_RESULTS.json
a72fd058fed73f91de974ea05cdeeff18b9ca6e668e886c446906eaf680e5017,3,library_archive/bundles/experiment/legal_signed_anchor_continuation_20260729/legal_signed_anchor_continuation_20260729/continue_path1/13_direct_pilot_phased_q128/results/all/network_4183.json | library_archive/bundles/experiment/legal_signed_anchor_continuation_20260729/legal_signed_anchor_continuation_20260729/continue_path1/13_direct_pilot_phased_q128/results/rescue_all/network_4183.json | library_archive/bundles/experiment/legal_signed_anchor_continuation_20260729/legal_signed_anchor_continuation_20260729/continue_path1/13_direct_pilot_phased_q128/results/train/network_4183.json
a760d61708c917cbc2d0346168bed3e034be232744f9d4bbd7bacbb8a0156190,2,library_archive/bundles/experiment/REOPENED_PATHS_REPRO_PACKAGE_20260730/reopened_paths_repro_20260730/results/DESCENDANT_PREREGISTRATION.json | library_archive/bundles/proof/WHESTBENCH_COMPLETE_PROOF_PACKAGE_20260730/whestbench_complete_proof/reopened_paths_repro_20260730/results/DESCENDANT_PREREGISTRATION.json
a789e9b9f3c358a4271b58f127371128230a6bc483b3ef0450bdf495588b344d,2,library_archive/bundles/experiment/REOPENED_PATHS_REPRO_PACKAGE_20260730/reopened_paths_repro_20260730/results/network_3050.npz | library_archive/bundles/proof/WHESTBENCH_COMPLETE_PROOF_PACKAGE_20260730/whestbench_complete_proof/reopened_paths_repro_20260730/results/network_3050.npz
a7d981a34fd6e9138789f19edb42a6aa76c7ceedafd27e510511e82e04b48415,5,library_archive/bundles/proof/WHestBench_Agent_Review_Closure_20260730/whestbench_closure_20260730/arc_cubature_proof_v5_1/results/formal_gpp_chunk_0600_0605.json | library_archive/bundles/proof/arc_cubature_proof_v5_1/arc_cubature_proof_v5_1/results/formal_gpp_chunk_0600_0605.json | library_archive/bundles/proof/arc_cubature_proof_v5_dual_engine_20260730/arc_cubature_proof_v5_dual_engine_20260730/results/formal_gpp_chunk_0600_0605.json | library_archive/bundles/proof/arc_cubature_proof_v5_strengthened_20260730/arc_cubature_proof_v5_strengthened/results/formal_gpp_chunk_0600_0605.json | library_archive/bundles/proof/whestbench_t22_t23_dual_engine_release_v5_2_20260730/arc_cubature_proof_v5_dual_engine_20260730/results/formal_gpp_chunk_0600_0605.json
a7e1cce049b54d8a75f39e4776eb867834eb6ede4744fcc95293887f5d1278d7,3,library_archive/bundles/experiment/legal_signed_anchor_continuation_20260729/legal_signed_anchor_continuation_20260729/continue_path1/13_direct_pilot_phased_q128/results/all/network_4201.json | library_archive/bundles/experiment/legal_signed_anchor_continuation_20260729/legal_signed_anchor_continuation_20260729/continue_path1/13_direct_pilot_phased_q128/results/rescue_all/network_4201.json | library_archive/bundles/experiment/legal_signed_anchor_continuation_20260729/legal_signed_anchor_continuation_20260729/continue_path1/13_direct_pilot_phased_q128/results/validation/network_4201.json
a86b18c8de69f4ee43247ce4de79fb6d7997d2c4c6f867e31fb0bb746b8a2b8b,2,library_archive/bundles/experiment/legal_signed_anchor_continuation_20260729/legal_signed_anchor_continuation_20260729/continue_path1/11_pilot_phased_q128_source/results/all/network_4142.json | library_archive/bundles/experiment/legal_signed_anchor_continuation_20260729/legal_signed_anchor_continuation_20260729/continue_path1/11_pilot_phased_q128_source/results/train/network_4142.json
a88e04358ff5d1419c64b08c082039ff57ac72e40ed64d1fe3a317223c642dcf,2,library_archive/bundles/experiment/REOPENED_PATHS_REPRO_PACKAGE_20260730/reopened_paths_repro_20260730/results/network_3031.json | library_archive/bundles/proof/WHESTBENCH_COMPLETE_PROOF_PACKAGE_20260730/whestbench_complete_proof/reopened_paths_repro_20260730/results/network_3031.json
a92b8549dd6c4c251414737f942bb10d6b65b5926a1e26fc9ec4a768e6219a42,5,library_archive/bundles/proof/WHestBench_Agent_Review_Closure_20260730/whestbench_closure_20260730/arc_cubature_proof_v5_1/results/formal_gpp_chunk_0827_0927.json | library_archive/bundles/proof/arc_cubature_proof_v5_1/arc_cubature_proof_v5_1/results/formal_gpp_chunk_0827_0927.json | library_archive/bundles/proof/arc_cubature_proof_v5_dual_engine_20260730/arc_cubature_proof_v5_dual_engine_20260730/results/formal_gpp_chunk_0827_0927.json | library_archive/bundles/proof/arc_cubature_proof_v5_strengthened_20260730/arc_cubature_proof_v5_strengthened/results/formal_gpp_chunk_0827_0927.json | library_archive/bundles/proof/whestbench_t22_t23_dual_engine_release_v5_2_20260730/arc_cubature_proof_v5_dual_engine_20260730/results/formal_gpp_chunk_0827_0927.json
a96039d1cadaab68ea136742a4743176abde3453a500f9d89176fe0df16ca1d6,7,library_archive/bundles/experiment/Agent5_SignedWeight_Audit_20260729/agent5_signed_weight_audit_20260729/vendor_proof/formal_meanvalue_certificate.py | library_archive/bundles/experiment/cascade_observability_execution_20260730/cascade_observability_execution_20260730/sources/signed_weight_audit/vendor_proof/formal_meanvalue_certificate.py | library_archive/bundles/proof/WHestBench_Agent_Review_Closure_20260730/whestbench_closure_20260730/arc_cubature_proof_v5_1/formal_meanvalue_certificate.py | library_archive/bundles/proof/arc_cubature_proof_v5_1/arc_cubature_proof_v5_1/formal_meanvalue_certificate.py | library_archive/bundles/proof/arc_cubature_proof_v5_dual_engine_20260730/arc_cubature_proof_v5_dual_engine_20260730/formal_meanvalue_certificate.py | library_archive/bundles/proof/arc_cubature_proof_v5_strengthened_20260730/arc_cubature_proof_v5_strengthened/formal_meanvalue_certificate.py | library_archive/bundles/proof/whestbench_t22_t23_dual_engine_release_v5_2_20260730/arc_cubature_proof_v5_dual_engine_20260730/formal_meanvalue_certificate.py
a9b0b57bbccf1bbb1b35ac96f1ef374c580a602bfd1a0fe7f847bb2f494e16da,2,library_archive/bundles/experiment/legal_signed_anchor_continuation_20260729/legal_signed_anchor_continuation_20260729/continue_path1/11_pilot_phased_q128_source/results/all/network_4156.json | library_archive/bundles/experiment/legal_signed_anchor_continuation_20260729/legal_signed_anchor_continuation_20260729/continue_path1/11_pilot_phased_q128_source/results/validation/network_4156.json
a9e944f2f7e6a9ae331bfc1f81830435fa32db128a3e62b98f98dfbc7d51c22f,2,library_archive/bundles/proof/arc_cubature_proof_v5_dual_engine_20260730/arc_cubature_proof_v5_dual_engine_20260730/strengthening/mpfr_full_replay/hp.tsv | library_archive/bundles/proof/whestbench_t22_t23_dual_engine_release_v5_2_20260730/arc_cubature_proof_v5_dual_engine_20260730/strengthening/mpfr_full_replay/hp.tsv
a9f095c10b35feb2eb70a44113971a624abc591268132ee7390860aefae4ff9a,2,library_archive/bundles/experiment/01_legal_signed_anchor_20260729/01_legal_signed_anchor/results/records/network_3015.json | library_archive/bundles/experiment/legal_signed_anchor_continuation_20260729/legal_signed_anchor_continuation_20260729/continue_path1/01_legal_signed_anchor/results/records/network_3015.json
aa2b73a7f0b961d817dcdd8aacc6610b9b61bdcbf8119fdaca37615148e9fac1,2,library_archive/bundles/experiment/REOPENED_PATHS_REPRO_PACKAGE_20260730/reopened_paths_repro_20260730/results/network_3066.npz | library_archive/bundles/proof/WHESTBENCH_COMPLETE_PROOF_PACKAGE_20260730/whestbench_complete_proof/reopened_paths_repro_20260730/results/network_3066.npz
aa9f26d95e82a83f6f630ab3645524cd2627efbb205cccef2475fa11bb8e8653,2,library_archive/bundles/experiment/T0_official_grader_instrumentation_20260729_FINAL/T0_official_grader_instrumentation_20260729/packages/A43/estimator.py | library_archive/bundles/experiment/T0_unblocked_execution_bundle_20260729/T0_unblocked_execution_bundle_20260729/T0_official_grader_instrumentation_20260729/packages/A43/estimator.py
aaa1c5aa3d54843a40728a1d1fdf2a4bc25243388776ffb30f68f605d7f338c4,3,library_archive/bundles/proof/arc_cubature_proof_v5_dual_engine_20260730/arc_cubature_proof_v5_dual_engine_20260730/strengthening/results/INDEPENDENT_KERDOCK_CONSTRUCTION.json | library_archive/bundles/proof/arc_cubature_proof_v5_strengthened_20260730/arc_cubature_proof_v5_strengthened/strengthening/results/INDEPENDENT_KERDOCK_CONSTRUCTION.json | library_archive/bundles/proof/whestbench_t22_t23_dual_engine_release_v5_2_20260730/arc_cubature_proof_v5_dual_engine_20260730/strengthening/results/INDEPENDENT_KERDOCK_CONSTRUCTION.json
aaab939e81b035db6657b23cc778c0c4d9824caac6c5c310dfcb99c0241426e9,2,library_archive/bundles/experiment/REOPENED_PATHS_REPRO_PACKAGE_20260730/reopened_paths_repro_20260730/results/network_3052.npz | library_archive/bundles/proof/WHESTBENCH_COMPLETE_PROOF_PACKAGE_20260730/whestbench_complete_proof/reopened_paths_repro_20260730/results/network_3052.npz
ab8fd6ba1410179af9647d7d246294c6da4a2809ca3e480b510ba2945c262363,2,library_archive/bundles/experiment/REOPENED_PATHS_REPRO_PACKAGE_20260730/reopened_paths_repro_20260730/results/network_3019.json | library_archive/bundles/proof/WHESTBENCH_COMPLETE_PROOF_PACKAGE_20260730/whestbench_complete_proof/reopened_paths_repro_20260730/results/network_3019.json
abdcc0fef7522b9ebeb1e7e70a7d1a9567a1934f765a3a9e51e6f6adc90ff40d,2,library_archive/bundles/experiment/REOPENED_PATHS_REPRO_PACKAGE_20260730/reopened_paths_repro_20260730/results/network_3032.npz | library_archive/bundles/proof/WHESTBENCH_COMPLETE_PROOF_PACKAGE_20260730/whestbench_complete_proof/reopened_paths_repro_20260730/results/network_3032.npz
ac077a7f94408b99949393b66b9a8bace7d00e3c8470b15ffcadaa341958d0a6,2,library_archive/bundles/experiment/T0_official_grader_instrumentation_20260729_FINAL/T0_official_grader_instrumentation_20260729/evidence/t0_pkg_k64.json | library_archive/bundles/experiment/T0_unblocked_execution_bundle_20260729/T0_unblocked_execution_bundle_20260729/T0_official_grader_instrumentation_20260729/evidence/t0_pkg_k64.json
ac095327b70d782a6c77e7991eaf519285777d601d041237c39743e27a7e9ede,2,library_archive/bundles/experiment/01_legal_signed_anchor_20260729/01_legal_signed_anchor/src/run_single.py | library_archive/bundles/experiment/legal_signed_anchor_continuation_20260729/legal_signed_anchor_continuation_20260729/continue_path1/01_legal_signed_anchor/src/run_single.py
ac1bb0f8789b5a5b4e30f19fdcac1283fe426278d4b0306637b8b53a096546df,5,library_archive/bundles/proof/WHestBench_Agent_Review_Closure_20260730/whestbench_closure_20260730/arc_cubature_proof_v5_1/results/FORMAL_INTERVAL_AUDIT.json | library_archive/bundles/proof/arc_cubature_proof_v5_1/arc_cubature_proof_v5_1/results/FORMAL_INTERVAL_AUDIT.json | library_archive/bundles/proof/arc_cubature_proof_v5_dual_engine_20260730/arc_cubature_proof_v5_dual_engine_20260730/results/FORMAL_INTERVAL_AUDIT.json | library_archive/bundles/proof/arc_cubature_proof_v5_strengthened_20260730/arc_cubature_proof_v5_strengthened/results/FORMAL_INTERVAL_AUDIT.json | library_archive/bundles/proof/whestbench_t22_t23_dual_engine_release_v5_2_20260730/arc_cubature_proof_v5_dual_engine_20260730/results/FORMAL_INTERVAL_AUDIT.json
ac26a13dd4084427c013651ee8251bbc6185757fcc9e097e9f6ca0b8f9097fb7,7,library_archive/bundles/experiment/Agent5_SignedWeight_Audit_20260729/agent5_signed_weight_audit_20260729/vendor_proof/stationary_point_hints_d256_L32.json | library_archive/bundles/experiment/cascade_observability_execution_20260730/cascade_observability_execution_20260730/sources/signed_weight_audit/vendor_proof/stationary_point_hints_d256_L32.json | library_archive/bundles/proof/WHestBench_Agent_Review_Closure_20260730/whestbench_closure_20260730/arc_cubature_proof_v5_1/stationary_point_hints_d256_L32.json | library_archive/bundles/proof/arc_cubature_proof_v5_1/arc_cubature_proof_v5_1/stationary_point_hints_d256_L32.json | library_archive/bundles/proof/arc_cubature_proof_v5_dual_engine_20260730/arc_cubature_proof_v5_dual_engine_20260730/stationary_point_hints_d256_L32.json | library_archive/bundles/proof/arc_cubature_proof_v5_strengthened_20260730/arc_cubature_proof_v5_strengthened/stationary_point_hints_d256_L32.json | library_archive/bundles/proof/whestbench_t22_t23_dual_engine_release_v5_2_20260730/arc_cubature_proof_v5_dual_engine_20260730/stationary_point_hints_d256_L32.json
ac4b844de3551db651758fedcca25100cf925168b87870c72e53839d0bae90d9,5,library_archive/bundles/proof/WHestBench_Agent_Review_Closure_20260730/whestbench_closure_20260730/arc_cubature_proof_v5_1/formal_delsarte_bound.py | library_archive/bundles/proof/arc_cubature_proof_v5_1/arc_cubature_proof_v5_1/formal_delsarte_bound.py | library_archive/bundles/proof/arc_cubature_proof_v5_dual_engine_20260730/arc_cubature_proof_v5_dual_engine_20260730/formal_delsarte_bound.py | library_archive/bundles/proof/arc_cubature_proof_v5_strengthened_20260730/arc_cubature_proof_v5_strengthened/formal_delsarte_bound.py | library_archive/bundles/proof/whestbench_t22_t23_dual_engine_release_v5_2_20260730/arc_cubature_proof_v5_dual_engine_20260730/formal_delsarte_bound.py
ac73a2af3acaef43c972229b76300ad79170ce6b5865108a5b9c54abb5507ca0,2,library_archive/bundles/experiment/WHestBench_Project_Closeout_v17_20260730/WHestBench_Project_Closeout_v17_20260730/artifacts/RELATED_WORK_AND_NOVELTY.md | library_archive/bundles/experiment/whest_critique_closure_20260730/whest_critique_closure_20260730/RELATED_WORK_AND_NOVELTY.md
ac99661540592602efa0b790c5edf69d31eb4ce59a6f3a0a9a060f6d97f488f1,2,library_archive/bundles/proof/arc_cubature_proof_v5_dual_engine_20260730/arc_cubature_proof_v5_dual_engine_20260730/strengthening/mpfr_full_replay/mpfr_global_minorant.c | library_archive/bundles/proof/whestbench_t22_t23_dual_engine_release_v5_2_20260730/arc_cubature_proof_v5_dual_engine_20260730/strengthening/mpfr_full_replay/mpfr_global_minorant.c
ad1ab67d4d52a873584c278886d325ad12378e56ee3f1a268c324d682c0c605a,2,library_archive/bundles/experiment/T0_official_grader_instrumentation_20260729_FINAL/T0_official_grader_instrumentation_20260729/T0.3_A42_A43_grade/NODE_SPEC.md | library_archive/bundles/experiment/T0_unblocked_execution_bundle_20260729/T0_unblocked_execution_bundle_20260729/T0_official_grader_instrumentation_20260729/T0.3_A42_A43_grade/NODE_SPEC.md
ad4e0e23c392cff16f962726b974fa255ecc21e7d6de297450d4f1c6b2b3b384,5,library_archive/bundles/proof/WHestBench_Agent_Review_Closure_20260730/whestbench_closure_20260730/arc_cubature_proof_v5_1/generate_manifest.py | library_archive/bundles/proof/arc_cubature_proof_v5_1/arc_cubature_proof_v5_1/generate_manifest.py | library_archive/bundles/proof/arc_cubature_proof_v5_dual_engine_20260730/arc_cubature_proof_v5_dual_engine_20260730/generate_manifest.py | library_archive/bundles/proof/arc_cubature_proof_v5_strengthened_20260730/arc_cubature_proof_v5_strengthened/generate_manifest.py | library_archive/bundles/proof/whestbench_t22_t23_dual_engine_release_v5_2_20260730/arc_cubature_proof_v5_dual_engine_20260730/generate_manifest.py
ad695e89d794f4452edc46851b6df4f472ae6b54995ca521fbb7d4a8f1a98d38,2,library_archive/bundles/experiment/T0_official_grader_instrumentation_20260729_FINAL/T0_official_grader_instrumentation_20260729/packages/A43_diagnostic_basis020/estimator.py | library_archive/bundles/experiment/T0_unblocked_execution_bundle_20260729/T0_unblocked_execution_bundle_20260729/T0_official_grader_instrumentation_20260729/packages/A43_diagnostic_basis020/estimator.py
aec445f3716fb440da339aacfcff3d29c04866dfdf6a6ac796eb2bfe17f0dac2,2,library_archive/bundles/experiment/REOPENED_PATHS_REPRO_PACKAGE_20260730/reopened_paths_repro_20260730/results/network_3001.json | library_archive/bundles/proof/WHESTBENCH_COMPLETE_PROOF_PACKAGE_20260730/whestbench_complete_proof/reopened_paths_repro_20260730/results/network_3001.json
af5a59c015402190cc89dccca6beda0837a5b727e437ac7cfe626ba7415572ba,2,library_archive/bundles/experiment/T0_official_grader_instrumentation_20260729_FINAL/T0_official_grader_instrumentation_20260729/T0.2_compute_calibration/REPRICING.csv | library_archive/bundles/experiment/T0_unblocked_execution_bundle_20260729/T0_unblocked_execution_bundle_20260729/T0_official_grader_instrumentation_20260729/T0.2_compute_calibration/REPRICING.csv
af5e50a19a95de60cd6fcb2b6c0c540a847f02986741f5b631325e70c7da290a,2,library_archive/bundles/experiment/path5_set_level_coreset_20260729/05_set_level_coreset/data/top8_rank_train32/top8_rank_seed64321.npz | library_archive/bundles/experiment/path5_set_level_coreset_20260729_v2/05_set_level_coreset/data/top8_rank_train32/top8_rank_seed64321.npz
af9b74cfdc595a6dcfc488463998ffa1a21a04b087b4aa77c46881bbe21e24ab,2,library_archive/bundles/experiment/01_legal_signed_anchor_20260729/01_legal_signed_anchor/results/records_shared/network_3007.json | library_archive/bundles/experiment/legal_signed_anchor_continuation_20260729/legal_signed_anchor_continuation_20260729/continue_path1/01_legal_signed_anchor/results/records_shared/network_3007.json
afcd0043adc8ec21ff9bf6e4e3636b4d704d353540016b9e016f05c91d9b545e,5,library_archive/bundles/proof/WHestBench_Agent_Review_Closure_20260730/whestbench_closure_20260730/arc_cubature_proof_v5_1/results/formal_gpp_chunk_0613_0627.json | library_archive/bundles/proof/arc_cubature_proof_v5_1/arc_cubature_proof_v5_1/results/formal_gpp_chunk_0613_0627.json | library_archive/bundles/proof/arc_cubature_proof_v5_dual_engine_20260730/arc_cubature_proof_v5_dual_engine_20260730/results/formal_gpp_chunk_0613_0627.json | library_archive/bundles/proof/arc_cubature_proof_v5_strengthened_20260730/arc_cubature_proof_v5_strengthened/results/formal_gpp_chunk_0613_0627.json | library_archive/bundles/proof/whestbench_t22_t23_dual_engine_release_v5_2_20260730/arc_cubature_proof_v5_dual_engine_20260730/results/formal_gpp_chunk_0613_0627.json
afeccdaa52c9fa24f14bcd56848e7b154e5f071878049195a8726dbc94863359,2,library_archive/bundles/proof/arc_cubature_proof_v5_dual_engine_20260730/arc_cubature_proof_v5_dual_engine_20260730/strengthening/mpfr_full_replay/h.tsv | library_archive/bundles/proof/whestbench_t22_t23_dual_engine_release_v5_2_20260730/arc_cubature_proof_v5_dual_engine_20260730/strengthening/mpfr_full_replay/h.tsv
b0eb1877cceb3f04e775709fcefe50c446296fd75e20936a010ecbc2c940582b,6,library_archive/bundles/experiment/T0_official_grader_instrumentation_20260729_FINAL/T0_official_grader_instrumentation_20260729/evidence/t0_panel_seed51000_k129.npy | library_archive/bundles/experiment/T0_official_grader_instrumentation_20260729_FINAL/T0_official_grader_instrumentation_20260729/evidence/t0_pkg_delta64.npy | library_archive/bundles/experiment/T0_official_grader_instrumentation_20260729_FINAL/T0_official_grader_instrumentation_20260729/evidence/t0_pkg_k129.npy | library_archive/bundles/experiment/T0_unblocked_execution_bundle_20260729/T0_unblocked_execution_bundle_20260729/T0_official_grader_instrumentation_20260729/evidence/t0_panel_seed51000_k129.npy | library_archive/bundles/experiment/T0_unblocked_execution_bundle_20260729/T0_unblocked_execution_bundle_20260729/T0_official_grader_instrumentation_20260729/evidence/t0_pkg_delta64.npy | library_archive/bundles/experiment/T0_unblocked_execution_bundle_20260729/T0_unblocked_execution_bundle_20260729/T0_official_grader_instrumentation_20260729/evidence/t0_pkg_k129.npy
b0fb49a92add62d0b16e713b6c8d8957eb4275cf1784d52d2810dff4514590e0,2,library_archive/bundles/experiment/T0_official_grader_instrumentation_20260729_FINAL/T0_official_grader_instrumentation_20260729/evidence/strassen_sparse_basis_frontier.json | library_archive/bundles/experiment/T0_unblocked_execution_bundle_20260729/T0_unblocked_execution_bundle_20260729/T0_official_grader_instrumentation_20260729/evidence/strassen_sparse_basis_frontier.json
b0fdd0f779b38fb7b6d7c9afe512ae9fa03d68a96da8a77ddc5cf01378d5e2d0,2,library_archive/bundles/experiment/REOPENED_PATHS_REPRO_PACKAGE_20260730/reopened_paths_repro_20260730/results/network_3043.json | library_archive/bundles/proof/WHESTBENCH_COMPLETE_PROOF_PACKAGE_20260730/whestbench_complete_proof/reopened_paths_repro_20260730/results/network_3043.json
b30fc60f27057b4d31dc4c6c83f15e804c3b18cc24b1c68a1c360064c0aac0fb,5,library_archive/bundles/proof/WHestBench_Agent_Review_Closure_20260730/whestbench_closure_20260730/arc_cubature_proof_v5_1/audit_formal_interval_arithmetic.py | library_archive/bundles/proof/arc_cubature_proof_v5_1/arc_cubature_proof_v5_1/audit_formal_interval_arithmetic.py | library_archive/bundles/proof/arc_cubature_proof_v5_dual_engine_20260730/arc_cubature_proof_v5_dual_engine_20260730/audit_formal_interval_arithmetic.py | library_archive/bundles/proof/arc_cubature_proof_v5_strengthened_20260730/arc_cubature_proof_v5_strengthened/audit_formal_interval_arithmetic.py | library_archive/bundles/proof/whestbench_t22_t23_dual_engine_release_v5_2_20260730/arc_cubature_proof_v5_dual_engine_20260730/audit_formal_interval_arithmetic.py
b31e0a49f6ef6194185ec64c22f7869d06ed16f4b5f1b89fcf3de467ed3591dd,3,library_archive/bundles/experiment/REOPENED_PATHS_REPRO_PACKAGE_20260730/reopened_paths_repro_20260730/RUN_MANIFEST.json | library_archive/bundles/experiment/oracle_continuation_experiments_20260730/oracle_continuation_20260730/source_snapshots/REOPENED_PATHS_RUN_MANIFEST.json | library_archive/bundles/proof/WHESTBENCH_COMPLETE_PROOF_PACKAGE_20260730/whestbench_complete_proof/reopened_paths_repro_20260730/RUN_MANIFEST.json
b3ac5aea1fd45da3203c3c587613dd1672ebb93cc78504bf640794c9cedac68b,2,library_archive/bundles/experiment/path5_set_level_coreset_20260729/05_set_level_coreset/code/direct_sketch_ranker_fast.py | library_archive/bundles/experiment/path5_set_level_coreset_20260729_v2/05_set_level_coreset/code/direct_sketch_ranker_fast.py
b4b1705cdf6a504e858a77277fc9c87d793d7f6bc517b943d263b32b806a6623,2,library_archive/bundles/experiment/legal_signed_anchor_continuation_20260729/legal_signed_anchor_continuation_20260729/continue_path1/11_pilot_phased_q128_source/results/all/network_4157.json | library_archive/bundles/experiment/legal_signed_anchor_continuation_20260729/legal_signed_anchor_continuation_20260729/continue_path1/11_pilot_phased_q128_source/results/validation/network_4157.json
b504fd3216904c554f8bf7249e8ff646550fff4922bc545f85f1cb3da2a483b9,2,library_archive/bundles/experiment/01_legal_signed_anchor_20260729/01_legal_signed_anchor/results/compute_compliant_signed_scale_rescue.json | library_archive/bundles/experiment/legal_signed_anchor_continuation_20260729/legal_signed_anchor_continuation_20260729/continue_path1/01_legal_signed_anchor/results/compute_compliant_signed_scale_rescue.json
b528eb2c214de5fcda2942d13a418133f2c50459948683887a43767a91274218,5,library_archive/bundles/proof/WHestBench_Agent_Review_Closure_20260730/whestbench_closure_20260730/arc_cubature_proof_v5_1/results/INDEPENDENT_KERNEL_MEAN_AUDIT.json | library_archive/bundles/proof/arc_cubature_proof_v5_1/arc_cubature_proof_v5_1/results/INDEPENDENT_KERNEL_MEAN_AUDIT.json | library_archive/bundles/proof/arc_cubature_proof_v5_dual_engine_20260730/arc_cubature_proof_v5_dual_engine_20260730/results/INDEPENDENT_KERNEL_MEAN_AUDIT.json | library_archive/bundles/proof/arc_cubature_proof_v5_strengthened_20260730/arc_cubature_proof_v5_strengthened/results/INDEPENDENT_KERNEL_MEAN_AUDIT.json | library_archive/bundles/proof/whestbench_t22_t23_dual_engine_release_v5_2_20260730/arc_cubature_proof_v5_dual_engine_20260730/results/INDEPENDENT_KERNEL_MEAN_AUDIT.json
b574d53083142a3035495b7292648d57a77edbf4294520e081eb1f0ede6ff896,2,library_archive/bundles/experiment/T0_official_grader_instrumentation_20260729_FINAL/T0_official_grader_instrumentation_20260729/evidence/t0_panel_seed51001_k129.json | library_archive/bundles/experiment/T0_unblocked_execution_bundle_20260729/T0_unblocked_execution_bundle_20260729/T0_official_grader_instrumentation_20260729/evidence/t0_panel_seed51001_k129.json
b62723a722d5e2a879d4d477531e007e89ca01a1ff7dc4a2d11dd76d9b13d692,5,library_archive/bundles/proof/WHestBench_Agent_Review_Closure_20260730/whestbench_closure_20260730/arc_cubature_proof_v5_1/verify_sign_logic.py | library_archive/bundles/proof/arc_cubature_proof_v5_1/arc_cubature_proof_v5_1/verify_sign_logic.py | library_archive/bundles/proof/arc_cubature_proof_v5_dual_engine_20260730/arc_cubature_proof_v5_dual_engine_20260730/verify_sign_logic.py | library_archive/bundles/proof/arc_cubature_proof_v5_strengthened_20260730/arc_cubature_proof_v5_strengthened/verify_sign_logic.py | library_archive/bundles/proof/whestbench_t22_t23_dual_engine_release_v5_2_20260730/arc_cubature_proof_v5_dual_engine_20260730/verify_sign_logic.py
b6558548fd6cd3b154396596adf50aae3f9f1c64f62aafc5a89d12682f270f18,2,library_archive/bundles/experiment/legal_signed_anchor_continuation_20260729/legal_signed_anchor_continuation_20260729/continue_path1/11_pilot_phased_q128_source/results/all/network_4144.json | library_archive/bundles/experiment/legal_signed_anchor_continuation_20260729/legal_signed_anchor_continuation_20260729/continue_path1/11_pilot_phased_q128_source/results/train/network_4144.json
b6b149fc2456a8496663cfa48dc42005419d83ab3b96453816aa8d0d151e9611,2,library_archive/bundles/proof/arc_cubature_proof_v5_dual_engine_20260730/arc_cubature_proof_v5_dual_engine_20260730/strengthening/mpfr_full_replay/hpp.tsv | library_archive/bundles/proof/whestbench_t22_t23_dual_engine_release_v5_2_20260730/arc_cubature_proof_v5_dual_engine_20260730/strengthening/mpfr_full_replay/hpp.tsv
b6c312230c6dd01065f15fbda5489f4e33f0ba230d573e199aca7dd43db6ac8e,2,library_archive/bundles/experiment/path5_set_level_coreset_20260729/05_set_level_coreset/PATH5_SET_LEVEL_CORESET_RESULTS.json | library_archive/bundles/experiment/path5_set_level_coreset_20260729_v2/05_set_level_coreset/PATH5_SET_LEVEL_CORESET_RESULTS.json
b6d198dec0682305bf2e8c990d97310a7bbdaa98973c6f9271466c9755a627d7,2,library_archive/bundles/experiment/path5_set_level_coreset_20260729/05_set_level_coreset/data/top8_rank_train32/top8_rank_seed64318.npz | library_archive/bundles/experiment/path5_set_level_coreset_20260729_v2/05_set_level_coreset/data/top8_rank_train32/top8_rank_seed64318.npz
b71ef52353919b70b6254545fd8e5b125a4f4d3b60bc00e5c0d417d493bfd6d9,2,library_archive/bundles/experiment/01_legal_signed_anchor_20260729/01_legal_signed_anchor/results/smoke1.json | library_archive/bundles/experiment/legal_signed_anchor_continuation_20260729/legal_signed_anchor_continuation_20260729/continue_path1/01_legal_signed_anchor/results/smoke1.json
b79bb26c20494c83da40bd429cbaeffcc8c52fea53f6e1c2bcbe48f30968be5e,3,library_archive/bundles/experiment/Agent4_Replayability_Continuation_V3_20260730/source_snapshots/T0_README.md | library_archive/bundles/experiment/T0_official_grader_instrumentation_20260729_FINAL/T0_official_grader_instrumentation_20260729/README.md | library_archive/bundles/experiment/T0_unblocked_execution_bundle_20260729/T0_unblocked_execution_bundle_20260729/T0_official_grader_instrumentation_20260729/README.md
b7bc28743beb4d528bbff932b4eec1e61961c084597c7117c0f1c2cf96c06ea2,2,library_archive/bundles/experiment/PATH2_LEARNED_SIGN_SCALE_ABSTENTION_20260729/02_learned_sign_scale_abstention/PATH2_REPORT.md | library_archive/bundles/experiment/PATH2_LEARNED_SIGN_SCALE_ABSTENTION_CONTINUATION_20260729/PATH2_INITIAL_REPORT.md
b7d7174ebd3c86c991143cfbed682f3e763b9d80f4741d84853fc262545d3429,2,library_archive/bundles/experiment/T0_official_grader_instrumentation_20260729_FINAL/T0_official_grader_instrumentation_20260729/FREEZE_HASHES.sha256 | library_archive/bundles/experiment/T0_unblocked_execution_bundle_20260729/T0_unblocked_execution_bundle_20260729/T0_official_grader_instrumentation_20260729/FREEZE_HASHES.sha256
b7f91536d8c7f1a7504a9a57a4d3857a930b54f3eb20c3a048ff4d30edd8dd49,4,library_archive/bundles/experiment/REOPENED_PATHS_REPRO_PACKAGE_20260730/reopened_paths_repro_20260730/results/PROJECTED_RELU_EXTENSION_RESULTS.json | library_archive/bundles/experiment/oracle_continuation_experiments_20260730/oracle_continuation_20260730/source_snapshots/PROJECTED_RELU_EXTENSION_RESULTS.json | library_archive/bundles/proof/WHESTBENCH_COMPLETE_PROOF_PACKAGE_20260730/whestbench_complete_proof/reopened_paths_repro_20260730/results/PROJECTED_RELU_EXTENSION_RESULTS.json | library_archive/bundles/proof/whestbench_continuation_audit_20260730/whestbench_continuation_audit_20260730/verification/reopened_rerun/orig_PROJECTED_RELU_EXTENSION_RESULTS.json
b8455c56a6aa430096fb0ca1a72fcc9baf6ccb4efb353d2807e40a68b0fb47bd,2,library_archive/bundles/experiment/Agent4_Replayability_Continuation_V3_20260730/blind_spot_stdout.txt | library_archive/bundles/experiment/Agent4_Replayability_Continuation_V3_20260730/finite_design_relu_blind_spot.json
b87542c326bb9c843b231fb494892262d70efe30bd4417e6e9a37c8dae0fc807,2,library_archive/bundles/experiment/01_legal_signed_anchor_20260729/01_legal_signed_anchor/results/signed_scale_rescue.json | library_archive/bundles/experiment/legal_signed_anchor_continuation_20260729/legal_signed_anchor_continuation_20260729/continue_path1/01_legal_signed_anchor/results/signed_scale_rescue.json
b959fe71a166522332118b17adfd6e2e804904d605d78507189426cf3ea6813e,3,library_archive/bundles/experiment/legal_signed_anchor_continuation_20260729/legal_signed_anchor_continuation_20260729/continue_path1/13_direct_pilot_phased_q128/results/all/network_4193.json | library_archive/bundles/experiment/legal_signed_anchor_continuation_20260729/legal_signed_anchor_continuation_20260729/continue_path1/13_direct_pilot_phased_q128/results/rescue_all/network_4193.json | library_archive/bundles/experiment/legal_signed_anchor_continuation_20260729/legal_signed_anchor_continuation_20260729/continue_path1/13_direct_pilot_phased_q128/results/validation/network_4193.json
b9d68d07d9f5b12f39af8dd43c89ac61f886efc4ca353854f484d0314d40aba2,2,library_archive/bundles/experiment/WHestBench_Project_Closeout_v17_20260730/WHestBench_Project_Closeout_v17_20260730/source_reports/RELEASE_GATES_AND_HUMAN_REVIEW.md | library_archive/bundles/experiment/whest_critique_closure_20260730/whest_critique_closure_20260730/RELEASE_GATES_AND_HUMAN_REVIEW.md
ba5c1df456c98e4a3e14a82026033ce8acef4533ccda8b63649c1016ecaa29a8,2,library_archive/bundles/experiment/T0_official_grader_instrumentation_20260729_FINAL/T0_official_grader_instrumentation_20260729/T0.3_A42_A43_grade/__pycache__/run_node.cpython-313.pyc | library_archive/bundles/experiment/T0_unblocked_execution_bundle_20260729/T0_unblocked_execution_bundle_20260729/T0_official_grader_instrumentation_20260729/T0.3_A42_A43_grade/__pycache__/run_node.cpython-313.pyc
ba642ee301216a63cda709aeb915f931fa02701b2333389515cab81f6e7f6469,2,library_archive/bundles/experiment/01_legal_signed_anchor_20260729/01_legal_signed_anchor/results/records_shared/network_3006.json | library_archive/bundles/experiment/legal_signed_anchor_continuation_20260729/legal_signed_anchor_continuation_20260729/continue_path1/01_legal_signed_anchor/results/records_shared/network_3006.json
ba6b2c02d2a7aeb8e6401ed46d7ab4bfe3baf1d6a9d504ef70d12f8052be15bd,2,library_archive/bundles/experiment/REOPENED_PATHS_REPRO_PACKAGE_20260730/reopened_paths_repro_20260730/results/network_3048.json | library_archive/bundles/proof/WHESTBENCH_COMPLETE_PROOF_PACKAGE_20260730/whestbench_complete_proof/reopened_paths_repro_20260730/results/network_3048.json
ba772154e7983ff2da4417b36765e82b74581a860c2006955b7be706e93ff3ca,2,library_archive/bundles/experiment/T0_official_grader_instrumentation_20260729_FINAL/T0_official_grader_instrumentation_20260729/T0.2_compute_calibration/PROPOSED_LEDGER_ADDITION.csv | library_archive/bundles/experiment/T0_unblocked_execution_bundle_20260729/T0_unblocked_execution_bundle_20260729/T0_official_grader_instrumentation_20260729/T0.2_compute_calibration/PROPOSED_LEDGER_ADDITION.csv
ba99438c964a2874b7fd7bd8b458ac606deab3586b471e55ec37a66de5c38375,4,library_archive/bundles/experiment/T0_official_grader_instrumentation_20260729_FINAL/T0_official_grader_instrumentation_20260729/packages/A43_diagnostic_basis016/__pycache__/fast_matmul.cpython-313.pyc | library_archive/bundles/experiment/T0_official_grader_instrumentation_20260729_FINAL/T0_official_grader_instrumentation_20260729/packages/A43_diagnostic_basis020/__pycache__/fast_matmul.cpython-313.pyc | library_archive/bundles/experiment/T0_unblocked_execution_bundle_20260729/T0_unblocked_execution_bundle_20260729/T0_official_grader_instrumentation_20260729/packages/A43_diagnostic_basis016/__pycache__/fast_matmul.cpython-313.pyc | library_archive/bundles/experiment/T0_unblocked_execution_bundle_20260729/T0_unblocked_execution_bundle_20260729/T0_official_grader_instrumentation_20260729/packages/A43_diagnostic_basis020/__pycache__/fast_matmul.cpython-313.pyc
baf58474c0d03b6390305809cb44e85d1bd966fc6c0b5e280d7b64e8b7c6a551,3,library_archive/bundles/experiment/legal_signed_anchor_continuation_20260729/legal_signed_anchor_continuation_20260729/continue_path1/13_direct_pilot_phased_q128/results/all/network_4181.json | library_archive/bundles/experiment/legal_signed_anchor_continuation_20260729/legal_signed_anchor_continuation_20260729/continue_path1/13_direct_pilot_phased_q128/results/rescue_all/network_4181.json | library_archive/bundles/experiment/legal_signed_anchor_continuation_20260729/legal_signed_anchor_continuation_20260729/continue_path1/13_direct_pilot_phased_q128/results/train/network_4181.json
bb63f19fd4af34df652221a69efd93f8b79cae88602b8c4972c2d10ca8a889c1,3,library_archive/bundles/experiment/Agent5_SignedWeight_Audit_20260729/agent5_signed_weight_audit_20260729/compute_exclusion_curve.py | library_archive/bundles/experiment/cascade_observability_execution_20260730/cascade_observability_execution_20260730/sources/compute_exclusion_curve.py | library_archive/bundles/experiment/cascade_observability_execution_20260730/cascade_observability_execution_20260730/sources/signed_weight_audit/compute_exclusion_curve.py
bbc7411aee11c3f25f5667f89edc8f736abd3f01752fd427b683905aa0210ce2,2,library_archive/bundles/proof/WHestBench_Agent_Review_Closure_20260730/whestbench_closure_20260730/arc_cubature_proof_v5_1/PROOF_MANIFEST.sha256 | library_archive/bundles/proof/arc_cubature_proof_v5_1/arc_cubature_proof_v5_1/PROOF_MANIFEST.sha256
bc091a657eafe0f5f96c404db9173ee00d2142dcf87bb62564886dbac702dd72,2,library_archive/bundles/experiment/legal_signed_anchor_continuation_20260729/legal_signed_anchor_continuation_20260729/continue_path1/11_pilot_phased_q128_source/results/all/network_4154.json | library_archive/bundles/experiment/legal_signed_anchor_continuation_20260729/legal_signed_anchor_continuation_20260729/continue_path1/11_pilot_phased_q128_source/results/validation/network_4154.json
bc75639ab0a7f85492a9ad791dc3c10bbda56439e7627a1e975b57b1fad2a789,2,library_archive/bundles/experiment/path5_set_level_coreset_20260729/05_set_level_coreset/data/top8_rank_train32/top8_rank_seed64323.npz | library_archive/bundles/experiment/path5_set_level_coreset_20260729_v2/05_set_level_coreset/data/top8_rank_train32/top8_rank_seed64323.npz
bcca76a2783966cc8c19813c851269c9bc46e659b1894c3d1cc32f0d0d2859f7,2,library_archive/bundles/experiment/REOPENED_PATHS_REPRO_PACKAGE_20260730/reopened_paths_repro_20260730/results/network_3061.npz | library_archive/bundles/proof/WHESTBENCH_COMPLETE_PROOF_PACKAGE_20260730/whestbench_complete_proof/reopened_paths_repro_20260730/results/network_3061.npz
be2318b575875b7a4db7d35f77d775169d721ffdd1b8be2cc9cab664e3da23de,2,library_archive/bundles/experiment/T0_official_grader_instrumentation_20260729_FINAL/T0_official_grader_instrumentation_20260729/packages/A43_basis064.tar.gz | library_archive/bundles/experiment/T0_unblocked_execution_bundle_20260729/T0_unblocked_execution_bundle_20260729/T0_official_grader_instrumentation_20260729/packages/A43_basis064.tar.gz
be2be4f71b029e7feed7236e47b86514d2ee31bb19f7093c49161766b752927d,2,library_archive/bundles/experiment/T0_official_grader_instrumentation_20260729_FINAL/T0_official_grader_instrumentation_20260729/packages/A42/__pycache__/estimator.cpython-313.pyc | library_archive/bundles/experiment/T0_unblocked_execution_bundle_20260729/T0_unblocked_execution_bundle_20260729/T0_official_grader_instrumentation_20260729/packages/A42/__pycache__/estimator.cpython-313.pyc
be35757a4d4c482da85572212eb6bb8f5469a4a2a197a6c4aeebd16cf7071f8b,3,library_archive/bundles/proof/arc_cubature_proof_v5_dual_engine_20260730/arc_cubature_proof_v5_dual_engine_20260730/strengthening/results/PROVENANCE.json | library_archive/bundles/proof/arc_cubature_proof_v5_strengthened_20260730/arc_cubature_proof_v5_strengthened/strengthening/results/PROVENANCE.json | library_archive/bundles/proof/whestbench_t22_t23_dual_engine_release_v5_2_20260730/arc_cubature_proof_v5_dual_engine_20260730/strengthening/results/PROVENANCE.json
bea68b1831a5616e509ac2ad0a8f888a68349a365cdaac275dfd1d723d5720df,2,library_archive/bundles/experiment/path5_set_level_coreset_20260729/05_set_level_coreset/data/top8_rank_train32/top8_rank_seed64313.npz | library_archive/bundles/experiment/path5_set_level_coreset_20260729_v2/05_set_level_coreset/data/top8_rank_train32/top8_rank_seed64313.npz
bf2f50e8dbc0271a22b2925cb10866a51b4b365fb3f8b79ac6457c97833b33ac,2,library_archive/bundles/experiment/REOPENED_PATHS_REPRO_PACKAGE_20260730/reopened_paths_repro_20260730/results/network_3008.npz | library_archive/bundles/proof/WHESTBENCH_COMPLETE_PROOF_PACKAGE_20260730/whestbench_complete_proof/reopened_paths_repro_20260730/results/network_3008.npz
bf65a418ff09ab7168f1985a2a8b3ce14891d94b79407af00941fd4e38cd0fe6,2,library_archive/bundles/experiment/T0_official_grader_instrumentation_20260729_FINAL/T0_official_grader_instrumentation_20260729/T0.3_A42_A43_grade/ROWS.csv | library_archive/bundles/experiment/T0_unblocked_execution_bundle_20260729/T0_unblocked_execution_bundle_20260729/T0_official_grader_instrumentation_20260729/T0.3_A42_A43_grade/ROWS.csv
c04ab01a1b8f0935fa41e358a942a47768b254f8457bddcf7dc94ce31cac003d,3,library_archive/bundles/experiment/REOPENED_PATHS_REPRO_PACKAGE_20260730/reopened_paths_repro_20260730/REOPENED_PATHS_FINAL_REPORT_20260730.md | library_archive/bundles/experiment/oracle_continuation_experiments_20260730/oracle_continuation_20260730/source_snapshots/REOPENED_PATHS_FINAL_REPORT_20260730.md | library_archive/bundles/proof/WHESTBENCH_COMPLETE_PROOF_PACKAGE_20260730/whestbench_complete_proof/reopened_paths_repro_20260730/REOPENED_PATHS_FINAL_REPORT_20260730.md
c09160ea44f2006e44f711f25d83dc854546e93592924e8dab7a4eb579eb5346,2,library_archive/bundles/experiment/T0_official_grader_instrumentation_20260729_FINAL/T0_official_grader_instrumentation_20260729/OFFICIAL_RUNBOOK.md | library_archive/bundles/experiment/T0_unblocked_execution_bundle_20260729/T0_unblocked_execution_bundle_20260729/T0_official_grader_instrumentation_20260729/OFFICIAL_RUNBOOK.md
c0d38340c95fe8ec8dee32e71df2aa40fa2e7c59ef14f66222c6554d7bb83fc3,2,library_archive/bundles/proof/WHestBench_Agent_Review_Closure_20260730/whestbench_closure_20260730/arc_cubature_proof_v5_1/proof_file_list.py | library_archive/bundles/proof/arc_cubature_proof_v5_1/arc_cubature_proof_v5_1/proof_file_list.py
c0da4f1b29bb3dfc66c9332f4abff6367e4e12979daa096474c073452daee3ee,2,library_archive/bundles/experiment/REOPENED_PATHS_REPRO_PACKAGE_20260730/reopened_paths_repro_20260730/results/network_3012.npz | library_archive/bundles/proof/WHESTBENCH_COMPLETE_PROOF_PACKAGE_20260730/whestbench_complete_proof/reopened_paths_repro_20260730/results/network_3012.npz
c0e0f1914cbcd6369cab60c5504f2a6c871beb5e8a4d4c668ecc3fcecefb9b54,2,library_archive/bundles/experiment/path5_set_level_coreset_20260729/05_set_level_coreset/data/top8_rank_train32/top8_rank_seed64330.npz | library_archive/bundles/experiment/path5_set_level_coreset_20260729_v2/05_set_level_coreset/data/top8_rank_train32/top8_rank_seed64330.npz
c114b6b3e574336222c0d985f66ab7f511b52abff9db8cb1c8b82735bbcaa4a5,2,library_archive/bundles/experiment/T0_official_grader_instrumentation_20260729_FINAL/T0_official_grader_instrumentation_20260729/evidence/t0_panel_seed51001_k64.npy | library_archive/bundles/experiment/T0_unblocked_execution_bundle_20260729/T0_unblocked_execution_bundle_20260729/T0_official_grader_instrumentation_20260729/evidence/t0_panel_seed51001_k64.npy
c165db56a0ec46f0c71b7394a967ad37c475de9ba79c510cf0c726d9215acbf4,2,library_archive/bundles/experiment/REOPENED_PATHS_REPRO_PACKAGE_20260730/reopened_paths_repro_20260730/results/network_3057.npz | library_archive/bundles/proof/WHESTBENCH_COMPLETE_PROOF_PACKAGE_20260730/whestbench_complete_proof/reopened_paths_repro_20260730/results/network_3057.npz
c1c48d60309efa5c4503d4a99277e1315a13df8e2ffdd1bcc9a2d4457b1ce0bc,2,library_archive/bundles/proof/arc_cubature_proof_v5_dual_engine_20260730/arc_cubature_proof_v5_dual_engine_20260730/strengthening/mpfr_full_replay/mpfr_full_replay.c | library_archive/bundles/proof/whestbench_t22_t23_dual_engine_release_v5_2_20260730/arc_cubature_proof_v5_dual_engine_20260730/strengthening/mpfr_full_replay/mpfr_full_replay.c
c22db4bda5402f8bbfbca4f7c41d3493fd5590423c60fd7cf194134e351cfa73,2,library_archive/bundles/experiment/01_legal_signed_anchor_20260729/01_legal_signed_anchor/results/records_shared/network_3008.json | library_archive/bundles/experiment/legal_signed_anchor_continuation_20260729/legal_signed_anchor_continuation_20260729/continue_path1/01_legal_signed_anchor/results/records_shared/network_3008.json
c4606c4c31747bc53eb327092ab924641da37cfff3c10172137feaaacfce64e6,2,library_archive/bundles/experiment/REOPENED_PATHS_REPRO_PACKAGE_20260730/reopened_paths_repro_20260730/results/network_3015.json | library_archive/bundles/proof/WHESTBENCH_COMPLETE_PROOF_PACKAGE_20260730/whestbench_complete_proof/reopened_paths_repro_20260730/results/network_3015.json
c4c8e8b4f27ebcde71721e533001dcce05dfecff70ef071d3b7e7c2ce2a2dcb4,2,library_archive/bundles/experiment/01_legal_signed_anchor_20260729/01_legal_signed_anchor/src/signed_scale_rescue.py | library_archive/bundles/experiment/legal_signed_anchor_continuation_20260729/legal_signed_anchor_continuation_20260729/continue_path1/01_legal_signed_anchor/src/signed_scale_rescue.py
c4dbbfe93a9e432ebe4e8e744a6e0f76e4cb797fd1191bf7ba48f109800bf4a2,2,library_archive/bundles/experiment/REOPENED_PATHS_REPRO_PACKAGE_20260730/reopened_paths_repro_20260730/results/network_3034.npz | library_archive/bundles/proof/WHESTBENCH_COMPLETE_PROOF_PACKAGE_20260730/whestbench_complete_proof/reopened_paths_repro_20260730/results/network_3034.npz
c53251479f9c18251ef74e301a745720adcd9a86185f4f872bc06e6a3f0eb373,3,library_archive/bundles/proof/arc_cubature_proof_v5_dual_engine_20260730/arc_cubature_proof_v5_dual_engine_20260730/strengthening/results/PYDECIMAL_CHUNK_605_REPLAY.json | library_archive/bundles/proof/arc_cubature_proof_v5_strengthened_20260730/arc_cubature_proof_v5_strengthened/strengthening/results/PYDECIMAL_CHUNK_605_REPLAY.json | library_archive/bundles/proof/whestbench_t22_t23_dual_engine_release_v5_2_20260730/arc_cubature_proof_v5_dual_engine_20260730/strengthening/results/PYDECIMAL_CHUNK_605_REPLAY.json
c5a2a6338ab07d7ca9011fd77408f82c9f0543df08f788e759d9c33712c20032,2,library_archive/bundles/experiment/REOPENED_PATHS_REPRO_PACKAGE_20260730/reopened_paths_repro_20260730/results/network_3011.json | library_archive/bundles/proof/WHESTBENCH_COMPLETE_PROOF_PACKAGE_20260730/whestbench_complete_proof/reopened_paths_repro_20260730/results/network_3011.json
c639c432853fe1cd42daec37b9887eefe2c1680f2b59490a8c5f3c1a3b8152ca,2,library_archive/bundles/experiment/REOPENED_PATHS_REPRO_PACKAGE_20260730/reopened_paths_repro_20260730/results/network_3000.json | library_archive/bundles/proof/WHESTBENCH_COMPLETE_PROOF_PACKAGE_20260730/whestbench_complete_proof/reopened_paths_repro_20260730/results/network_3000.json
c656daeb1388b9e619b0f73b72a579ebb192117cb7350defa291e39afbc1b88c,2,library_archive/bundles/experiment/REOPENED_PATHS_REPRO_PACKAGE_20260730/reopened_paths_repro_20260730/results/network_3005.json | library_archive/bundles/proof/WHESTBENCH_COMPLETE_PROOF_PACKAGE_20260730/whestbench_complete_proof/reopened_paths_repro_20260730/results/network_3005.json
c6604e1bd4927bf3582c82033677efceabff467ec2a3343fb1da2dbf020b4658,3,library_archive/bundles/experiment/legal_signed_anchor_continuation_20260729/legal_signed_anchor_continuation_20260729/continue_path1/13_direct_pilot_phased_q128/results/all/network_4195.json | library_archive/bundles/experiment/legal_signed_anchor_continuation_20260729/legal_signed_anchor_continuation_20260729/continue_path1/13_direct_pilot_phased_q128/results/rescue_all/network_4195.json | library_archive/bundles/experiment/legal_signed_anchor_continuation_20260729/legal_signed_anchor_continuation_20260729/continue_path1/13_direct_pilot_phased_q128/results/validation/network_4195.json
c6631b5fa431506b7a9afc05c429954ef826ad54dc4f2fc4abbc1c2bd08bd43d,2,library_archive/bundles/experiment/legal_signed_anchor_continuation_20260729/legal_signed_anchor_continuation_20260729/continue_path1/13_direct_pilot_phased_q128/results/rescue_all/network_4221.json | library_archive/bundles/experiment/legal_signed_anchor_continuation_20260729/legal_signed_anchor_continuation_20260729/continue_path1/13_direct_pilot_phased_q128/results/rescue_holdout/network_4221.json
c6abffb8d65171e91b958748c9d37ef32046ef362e79a06b72182e089040d686,2,library_archive/bundles/experiment/01_legal_signed_anchor_20260729/01_legal_signed_anchor/results/test_output.txt | library_archive/bundles/experiment/legal_signed_anchor_continuation_20260729/legal_signed_anchor_continuation_20260729/continue_path1/01_legal_signed_anchor/results/test_output.txt
c7349f90963904e93df9155bb30b759e56fd0c17091772117c3b2c72ba6bbf84,2,library_archive/bundles/experiment/T0_official_grader_instrumentation_20260729_FINAL/T0_official_grader_instrumentation_20260729/T0.2_compute_calibration/CHILDREN.md | library_archive/bundles/experiment/T0_unblocked_execution_bundle_20260729/T0_unblocked_execution_bundle_20260729/T0_official_grader_instrumentation_20260729/T0.2_compute_calibration/CHILDREN.md
c7725c4262200ec04f1a5fe428132d7cd2e2e8cf322e2839da0f8de5ce65d56a,2,library_archive/bundles/experiment/REOPENED_PATHS_REPRO_PACKAGE_20260730/reopened_paths_repro_20260730/results/network_3036.npz | library_archive/bundles/proof/WHESTBENCH_COMPLETE_PROOF_PACKAGE_20260730/whestbench_complete_proof/reopened_paths_repro_20260730/results/network_3036.npz
c7f0104b4d24a0cac41ae4bed8e61ac74be8162d28a268b1268dbfd364e4ded4,2,library_archive/bundles/experiment/01_legal_signed_anchor_20260729/01_legal_signed_anchor/results/records/network_3010.json | library_archive/bundles/experiment/legal_signed_anchor_continuation_20260729/legal_signed_anchor_continuation_20260729/continue_path1/01_legal_signed_anchor/results/records/network_3010.json
c82803888ec17aee0f35ed44a7800306013ec49c3c9e5fbef57e895565833f72,2,library_archive/bundles/experiment/legal_signed_anchor_continuation_20260729/legal_signed_anchor_continuation_20260729/continue_path1/11_pilot_phased_q128_source/results/all/network_4145.json | library_archive/bundles/experiment/legal_signed_anchor_continuation_20260729/legal_signed_anchor_continuation_20260729/continue_path1/11_pilot_phased_q128_source/results/train/network_4145.json
c8f748847801b235367002c58f8f688ae46692b150a9cdd888da1a36685a2044,2,library_archive/bundles/experiment/01_legal_signed_anchor_20260729/01_legal_signed_anchor/results/records/network_3004.json | library_archive/bundles/experiment/legal_signed_anchor_continuation_20260729/legal_signed_anchor_continuation_20260729/continue_path1/01_legal_signed_anchor/results/records/network_3004.json
c94703565835de0a73331b131c873680429409334534cdfff219e2f5761e214e,5,library_archive/bundles/proof/WHestBench_Agent_Review_Closure_20260730/whestbench_closure_20260730/arc_cubature_proof_v5_1/results/formal_gpp_chunk_0200_0300.json | library_archive/bundles/proof/arc_cubature_proof_v5_1/arc_cubature_proof_v5_1/results/formal_gpp_chunk_0200_0300.json | library_archive/bundles/proof/arc_cubature_proof_v5_dual_engine_20260730/arc_cubature_proof_v5_dual_engine_20260730/results/formal_gpp_chunk_0200_0300.json | library_archive/bundles/proof/arc_cubature_proof_v5_strengthened_20260730/arc_cubature_proof_v5_strengthened/results/formal_gpp_chunk_0200_0300.json | library_archive/bundles/proof/whestbench_t22_t23_dual_engine_release_v5_2_20260730/arc_cubature_proof_v5_dual_engine_20260730/results/formal_gpp_chunk_0200_0300.json
c9f374900da9c5c90879be216631bbfe9c4cdbbfd039d4f5fdcca59e2a2c1934,3,library_archive/bundles/experiment/REOPENED_PATHS_REPRO_PACKAGE_20260730/reopened_paths_repro_20260730/results/SIGNED_64_VALIDATION.json | library_archive/bundles/proof/WHESTBENCH_COMPLETE_PROOF_PACKAGE_20260730/whestbench_complete_proof/reopened_paths_repro_20260730/results/SIGNED_64_VALIDATION.json | library_archive/bundles/proof/whestbench_continuation_audit_20260730/whestbench_continuation_audit_20260730/verification/reopened_rerun/orig_SIGNED_64_VALIDATION.json
ca0d3bd3ac25845e93090c8aeda184f24b348e1002203d575303d0f315b42359,2,library_archive/bundles/experiment/T0_official_grader_instrumentation_20260729_FINAL/T0_official_grader_instrumentation_20260729/T0.3_A42_A43_grade/run_node.py | library_archive/bundles/experiment/T0_unblocked_execution_bundle_20260729/T0_unblocked_execution_bundle_20260729/T0_official_grader_instrumentation_20260729/T0.3_A42_A43_grade/run_node.py
ca47d6446d1511e0ba4f21a6de874fc2f9bf2b3cc3f7d955fae9271e6b579ab5,3,library_archive/bundles/proof/arc_cubature_proof_v5_dual_engine_20260730/arc_cubature_proof_v5_dual_engine_20260730/HARDENING_NOTES.md | library_archive/bundles/proof/arc_cubature_proof_v5_strengthened_20260730/arc_cubature_proof_v5_strengthened/HARDENING_NOTES.md | library_archive/bundles/proof/whestbench_t22_t23_dual_engine_release_v5_2_20260730/arc_cubature_proof_v5_dual_engine_20260730/HARDENING_NOTES.md
ca5228ae3d90ae901481270ab3515513a605e8a33a843dd53984cf261c9607e8,2,library_archive/bundles/experiment/REOPENED_PATHS_REPRO_PACKAGE_20260730/reopened_paths_repro_20260730/results/network_3036.json | library_archive/bundles/proof/WHESTBENCH_COMPLETE_PROOF_PACKAGE_20260730/whestbench_complete_proof/reopened_paths_repro_20260730/results/network_3036.json
ca67016ecfb249545849130d04a1731b6987d36a3612b86fa7cc6305a39d0074,2,library_archive/bundles/experiment/T0_official_grader_instrumentation_20260729_FINAL/T0_official_grader_instrumentation_20260729/packages/A43_basis129/manifest.json | library_archive/bundles/experiment/T0_unblocked_execution_bundle_20260729/T0_unblocked_execution_bundle_20260729/T0_official_grader_instrumentation_20260729/packages/A43_basis129/manifest.json
ca6ccdad2bc9a45b7fc012d13aebb81030e4d9e90345f1c61d014eb58a5b1d4a,2,library_archive/bundles/experiment/01_legal_signed_anchor_20260729/01_legal_signed_anchor/EXPERIMENT_LEDGER_ADDITION.csv | library_archive/bundles/experiment/legal_signed_anchor_continuation_20260729/legal_signed_anchor_continuation_20260729/continue_path1/01_legal_signed_anchor/EXPERIMENT_LEDGER_ADDITION.csv
cb100150515b2e893a10633016967bf70ea553ff0b4740b396a8c45cf56ae049,3,library_archive/bundles/experiment/legal_signed_anchor_continuation_20260729/legal_signed_anchor_continuation_20260729/continue_path1/13_direct_pilot_phased_q128/results/all/network_4184.json | library_archive/bundles/experiment/legal_signed_anchor_continuation_20260729/legal_signed_anchor_continuation_20260729/continue_path1/13_direct_pilot_phased_q128/results/rescue_all/network_4184.json | library_archive/bundles/experiment/legal_signed_anchor_continuation_20260729/legal_signed_anchor_continuation_20260729/continue_path1/13_direct_pilot_phased_q128/results/train/network_4184.json
cb96ade5804c9cc11f96253d1461a75d6a60c4752fc74f20373c18ace9ea783e,2,library_archive/bundles/experiment/T0_official_grader_instrumentation_20260729_FINAL/T0_official_grader_instrumentation_20260729/packages/A43/manifest.json | library_archive/bundles/experiment/T0_unblocked_execution_bundle_20260729/T0_unblocked_execution_bundle_20260729/T0_official_grader_instrumentation_20260729/packages/A43/manifest.json
cb9da3341ee3b442d3e776196a84d41d11bc3f5f555365ea380a9e9bcdc6e404,2,library_archive/bundles/proof/arc_cubature_proof_v5_dual_engine_20260730/arc_cubature_proof_v5_dual_engine_20260730/strengthening/docs/TRUST_BASE.md | library_archive/bundles/proof/whestbench_t22_t23_dual_engine_release_v5_2_20260730/arc_cubature_proof_v5_dual_engine_20260730/strengthening/docs/TRUST_BASE.md
cb9f2f75365aaa765be508e3b301dcb6ee459b507b5d6bc8ac87f2f8e0a93f28,2,library_archive/bundles/proof/WHestBench_Math_Continuation_v23_20260730/WHestBench_Math_Continuation_v23_20260730/source_v21/FINITE_WIDTH_SUBCERTIFICATE_FRONTIER.json | library_archive/bundles/proof/remaining_questions_progress_20260730/FINITE_WIDTH_SUBCERTIFICATE_FRONTIER.json
cbd459673b53dc2456168ced2e177cad706a7f9d13b7d502a02662deefca4379,5,library_archive/bundles/proof/WHestBench_Agent_Review_Closure_20260730/whestbench_closure_20260730/arc_cubature_proof_v5_1/results/formal_gpp_chunk_0575_0585.json | library_archive/bundles/proof/arc_cubature_proof_v5_1/arc_cubature_proof_v5_1/results/formal_gpp_chunk_0575_0585.json | library_archive/bundles/proof/arc_cubature_proof_v5_dual_engine_20260730/arc_cubature_proof_v5_dual_engine_20260730/results/formal_gpp_chunk_0575_0585.json | library_archive/bundles/proof/arc_cubature_proof_v5_strengthened_20260730/arc_cubature_proof_v5_strengthened/results/formal_gpp_chunk_0575_0585.json | library_archive/bundles/proof/whestbench_t22_t23_dual_engine_release_v5_2_20260730/arc_cubature_proof_v5_dual_engine_20260730/results/formal_gpp_chunk_0575_0585.json
cbe75f4347ab72563c9c401bd9b425cf0cbad9ad64491050bebb6ba76bead179,2,library_archive/bundles/experiment/path5_set_level_coreset_20260729/05_set_level_coreset/results/scorer_train6_dev2.json | library_archive/bundles/experiment/path5_set_level_coreset_20260729_v2/05_set_level_coreset/results/scorer_train6_dev2.json
cc1a3764bb52e96c2a42c378cce00bdffeeb1afc618718da5532a4848c9f696f,2,library_archive/bundles/experiment/legal_signed_anchor_continuation_20260729/legal_signed_anchor_continuation_20260729/continue_path1/11_pilot_phased_q128_source/results/all/network_4153.json | library_archive/bundles/experiment/legal_signed_anchor_continuation_20260729/legal_signed_anchor_continuation_20260729/continue_path1/11_pilot_phased_q128_source/results/validation/network_4153.json
cc3d6dee7576ce4b4735c2361a24cdd82af872892662ad6aebe45be432b487dc,2,library_archive/bundles/experiment/T0_official_grader_instrumentation_20260729_FINAL/T0_official_grader_instrumentation_20260729/packages/production_baseline/manifest.json | library_archive/bundles/experiment/T0_unblocked_execution_bundle_20260729/T0_unblocked_execution_bundle_20260729/T0_official_grader_instrumentation_20260729/packages/production_baseline/manifest.json
ccd3e8f32cc77fc4cd5f0534c04b7703453886196a39866c07629b1f1cc9a1a0,2,library_archive/bundles/experiment/legal_signed_anchor_continuation_20260729/legal_signed_anchor_continuation_20260729/continue_path1/13_direct_pilot_phased_q128/results/rescue_all/network_4214.json | library_archive/bundles/experiment/legal_signed_anchor_continuation_20260729/legal_signed_anchor_continuation_20260729/continue_path1/13_direct_pilot_phased_q128/results/rescue_holdout/network_4214.json
cd69c66d880c3ea8f1fd55886d633e6f70837645aa88a75d776faead45c9cde0,2,library_archive/bundles/experiment/REOPENED_PATHS_REPRO_PACKAGE_20260730/reopened_paths_repro_20260730/results/network_3055.npz | library_archive/bundles/proof/WHESTBENCH_COMPLETE_PROOF_PACKAGE_20260730/whestbench_complete_proof/reopened_paths_repro_20260730/results/network_3055.npz
cd71beb629161994beacd4b852d75ece9f4a76838e0e022b8f7f9f6a03506740,2,library_archive/bundles/experiment/whest_additional_progress_20260730/whest_additional_progress_20260730/FORMAL_CANONICAL_THEOREM_RECORD_V5_2.json | library_archive/bundles/proof/WHestBench_Math_Continuation_v23_20260730/WHestBench_Math_Continuation_v23_20260730/source_v21/FORMAL_CANONICAL_THEOREM_RECORD_V5_2.json
cdd3c09281713b7214dc24bb50e6dc43f0a84adf4577f3d30bba49e8fe0b6db5,2,library_archive/bundles/experiment/REOPENED_PATHS_REPRO_PACKAGE_20260730/reopened_paths_repro_20260730/results/network_3008.json | library_archive/bundles/proof/WHESTBENCH_COMPLETE_PROOF_PACKAGE_20260730/whestbench_complete_proof/reopened_paths_repro_20260730/results/network_3008.json
cf193188eac6c011c01a01946dbcba65d7c78d35cf8cbb9cc5c4cc29cb63238c,2,library_archive/bundles/experiment/Agent4_Replayability_Continuation_V3_20260730/source_snapshots/WHestBench_Agent2_Checkpoint_Gauge_Continuation_20260730.md | library_archive/bundles/experiment/Agent4_Sole_Path_Final_Compact_20260730/sources/WHestBench_Agent2_Checkpoint_Gauge_Continuation_20260730.md
cf23248a87cc58c1bc9323c0506fba84ed256789b9a4e68ef57442f1c5952538,2,library_archive/bundles/experiment/REOPENED_PATHS_REPRO_PACKAGE_20260730/reopened_paths_repro_20260730/results/network_3037.npz | library_archive/bundles/proof/WHESTBENCH_COMPLETE_PROOF_PACKAGE_20260730/whestbench_complete_proof/reopened_paths_repro_20260730/results/network_3037.npz
cf5746b9e346864a91ea6d16ad89d83a2b8fa91705be7ef8de5408ecb6a54029,2,library_archive/bundles/experiment/path5_set_level_coreset_20260729/05_set_level_coreset/code/oracle_library_sweep.py | library_archive/bundles/experiment/path5_set_level_coreset_20260729_v2/05_set_level_coreset/code/oracle_library_sweep.py
cf9f210b312a34e62b10f22d33654cc60567af90d9334fc5c06d770178d67f92,2,library_archive/bundles/experiment/T0_official_grader_instrumentation_20260729_FINAL/T0_official_grader_instrumentation_20260729/T0.3_A42_A43_grade/MANIFEST.json | library_archive/bundles/experiment/T0_unblocked_execution_bundle_20260729/T0_unblocked_execution_bundle_20260729/T0_official_grader_instrumentation_20260729/T0.3_A42_A43_grade/MANIFEST.json
cfe8d77422197884fdf33e86a99c19905e5ca50df9eddf8d5a6193f02122ad33,2,library_archive/bundles/experiment/legal_signed_anchor_continuation_20260729/legal_signed_anchor_continuation_20260729/continue_path1/11_pilot_phased_q128_source/results/all/network_4159.json | library_archive/bundles/experiment/legal_signed_anchor_continuation_20260729/legal_signed_anchor_continuation_20260729/continue_path1/11_pilot_phased_q128_source/results/validation/network_4159.json
d01fd6409c35e64bc091f6bf975a4ea3272f7f8b67e3983cc7f4b802a876de4b,4,library_archive/bundles/proof/arc_cubature_proof_v5_dual_engine_20260730/arc_cubature_proof_v5_dual_engine_20260730/strengthening/mpfr_full_replay/global_minorant.json | library_archive/bundles/proof/whestbench_continuation_audit_20260730/whestbench_continuation_audit_20260730/verification/mpfr_replay/clang/global_minorant.json | library_archive/bundles/proof/whestbench_continuation_audit_20260730/whestbench_continuation_audit_20260730/verification/mpfr_replay/gcc/global_minorant.json | library_archive/bundles/proof/whestbench_t22_t23_dual_engine_release_v5_2_20260730/arc_cubature_proof_v5_dual_engine_20260730/strengthening/mpfr_full_replay/global_minorant.json
d077d83579127bc7cc1cb23be273b4043d183f7ce6aad9e5b4542ff0c0760fb1,2,library_archive/bundles/experiment/REOPENED_PATHS_REPRO_PACKAGE_20260730/reopened_paths_repro_20260730/results/network_3060.json | library_archive/bundles/proof/WHESTBENCH_COMPLETE_PROOF_PACKAGE_20260730/whestbench_complete_proof/reopened_paths_repro_20260730/results/network_3060.json
d0ea9a1930fdf93b7d57fba555f7557c643188be5cadcfff5897d97de3a73b9f,2,library_archive/bundles/experiment/T0_official_grader_instrumentation_20260729_FINAL/T0_official_grader_instrumentation_20260729/T0.2_compute_calibration/run_node.py | library_archive/bundles/experiment/T0_unblocked_execution_bundle_20260729/T0_unblocked_execution_bundle_20260729/T0_official_grader_instrumentation_20260729/T0.2_compute_calibration/run_node.py
d16097d7bfbd217b5f5e406cde14f74bc76543b0a704109e734ea89e2dd018d0,2,library_archive/bundles/experiment/path5_set_level_coreset_20260729/05_set_level_coreset/data/top8_rank_train32/top8_rank_seed64314.npz | library_archive/bundles/experiment/path5_set_level_coreset_20260729_v2/05_set_level_coreset/data/top8_rank_train32/top8_rank_seed64314.npz
d16404157af4ff774c87bc654ce07ed1b8353d7ae3c691d254764ec75efc0f69,2,library_archive/bundles/experiment/T0_official_grader_instrumentation_20260729_FINAL/T0_official_grader_instrumentation_20260729/evidence/t0_diag_k16.npy | library_archive/bundles/experiment/T0_unblocked_execution_bundle_20260729/T0_unblocked_execution_bundle_20260729/T0_official_grader_instrumentation_20260729/evidence/t0_diag_k16.npy
d1c211e57815165fa924ae83251ab72e65cad643a716be2ea5c2dc795406317a,7,library_archive/bundles/experiment/whest_additional_progress_20260730/whest_additional_progress_20260730/sources/T22_V5_1_THEOREM.json | library_archive/bundles/proof/WHestBench_Agent_Review_Closure_20260730/whestbench_closure_20260730/arc_cubature_proof_v5_1/results/FORMAL_NEAR_OPTIMALITY_THEOREM_D256_L32.json | library_archive/bundles/proof/agent10_whestbench_strengthening_20260730/agent10_whestbench_strengthening_20260730/t22_release/V5_CORRECTED_SOURCE.json | library_archive/bundles/proof/arc_cubature_proof_v5_1/arc_cubature_proof_v5_1/results/FORMAL_NEAR_OPTIMALITY_THEOREM_D256_L32.json | library_archive/bundles/proof/arc_cubature_proof_v5_dual_engine_20260730/arc_cubature_proof_v5_dual_engine_20260730/results/FORMAL_NEAR_OPTIMALITY_THEOREM_D256_L32.json | library_archive/bundles/proof/arc_cubature_proof_v5_strengthened_20260730/arc_cubature_proof_v5_strengthened/results/FORMAL_NEAR_OPTIMALITY_THEOREM_D256_L32.json | library_archive/bundles/proof/whestbench_t22_t23_dual_engine_release_v5_2_20260730/arc_cubature_proof_v5_dual_engine_20260730/results/FORMAL_NEAR_OPTIMALITY_THEOREM_D256_L32.json
d256f7a5b63c738730dfed47b0b2b79aefc72eb25faeff6aad3f737d6df0984a,2,library_archive/bundles/experiment/REOPENED_PATHS_REPRO_PACKAGE_20260730/reopened_paths_repro_20260730/results/network_3025.npz | library_archive/bundles/proof/WHESTBENCH_COMPLETE_PROOF_PACKAGE_20260730/whestbench_complete_proof/reopened_paths_repro_20260730/results/network_3025.npz
d26af0d083f220a30c2f6a5dcb893980ab6cab08119547d5055cbab70f069414,2,library_archive/bundles/experiment/REOPENED_PATHS_REPRO_PACKAGE_20260730/reopened_paths_repro_20260730/results/network_3045.json | library_archive/bundles/proof/WHESTBENCH_COMPLETE_PROOF_PACKAGE_20260730/whestbench_complete_proof/reopened_paths_repro_20260730/results/network_3045.json
d31adad12e64bfa159eab90875b38dd72128e6caa204bd3a357e8cfbe4047701,3,library_archive/bundles/proof/arc_cubature_proof_v5_dual_engine_20260730/arc_cubature_proof_v5_dual_engine_20260730/strengthening/results/FULL_MANIFEST_TAMPER_TESTS.json | library_archive/bundles/proof/arc_cubature_proof_v5_strengthened_20260730/arc_cubature_proof_v5_strengthened/strengthening/results/FULL_MANIFEST_TAMPER_TESTS.json | library_archive/bundles/proof/whestbench_t22_t23_dual_engine_release_v5_2_20260730/arc_cubature_proof_v5_dual_engine_20260730/strengthening/results/FULL_MANIFEST_TAMPER_TESTS.json
d3219054477497286ac4c29cdb400016b37362f154c3cb6624e14416cc839ebf,2,library_archive/bundles/proof/WHestBench_Math_Continuation_v23_20260730/WHestBench_Math_Continuation_v23_20260730/source_v21/SIGNED_NEAR_OPTIMALITY_VERIFICATION_BLOCKTRACE_ORDER320.json | library_archive/bundles/proof/remaining_questions_progress_20260730/SIGNED_NEAR_OPTIMALITY_VERIFICATION_BLOCKTRACE_ORDER320.json
d46d9b7c5cac4e21c6504ea16cc794bb382d0133018dd79b2d12485eaa9f803f,2,library_archive/bundles/experiment/01_legal_signed_anchor_20260729/01_legal_signed_anchor/report.md | library_archive/bundles/experiment/legal_signed_anchor_continuation_20260729/legal_signed_anchor_continuation_20260729/continue_path1/01_legal_signed_anchor/report.md
d4ac96d00d46f2d255a1850af02d88b7f8ba5a871c7450dbfabb48354059b702,2,library_archive/bundles/experiment/path5_set_level_coreset_20260729/05_set_level_coreset/README.md | library_archive/bundles/experiment/path5_set_level_coreset_20260729_v2/05_set_level_coreset/README.md
d53e422bd18335e8cdbf15576126ec49e8299c6d5517fcac5bbfd9ea2fe9e264,2,library_archive/bundles/proof/arc_cubature_proof_v5_dual_engine_20260730/arc_cubature_proof_v5_dual_engine_20260730/strengthening/docs/CLAIM_MATRIX.json | library_archive/bundles/proof/whestbench_t22_t23_dual_engine_release_v5_2_20260730/arc_cubature_proof_v5_dual_engine_20260730/strengthening/docs/CLAIM_MATRIX.json
d580d444d2c66ecc06da145d12ae0c339f5a0debe8552180107b33cbd54f21d0,2,library_archive/bundles/experiment/REOPENED_PATHS_REPRO_PACKAGE_20260730/reopened_paths_repro_20260730/results/network_3027.json | library_archive/bundles/proof/WHESTBENCH_COMPLETE_PROOF_PACKAGE_20260730/whestbench_complete_proof/reopened_paths_repro_20260730/results/network_3027.json
d5a7c131182f9044dac5841618853429efa333c7a9e13afb98894f01cc0bc18f,2,library_archive/bundles/experiment/REOPENED_PATHS_REPRO_PACKAGE_20260730/reopened_paths_repro_20260730/SPLIT_REGISTRY_REOPENED_PATHS_20260730.csv | library_archive/bundles/proof/WHESTBENCH_COMPLETE_PROOF_PACKAGE_20260730/whestbench_complete_proof/reopened_paths_repro_20260730/SPLIT_REGISTRY_REOPENED_PATHS_20260730.csv
d5abacbf5fa8fb2e6ee46de2c998f34bc5f2b91a8d7c3e4a0ceac2ed0415ee8a,2,library_archive/bundles/experiment/agent8_harmonic_control_audit_20260729/agent8_harmonic_audit_20260729/verification_results.json | library_archive/bundles/experiment/agent8_harmonic_control_audit_20260729/agent8_harmonic_audit_20260729/verification_stdout.txt
d6c6fb21e6d9187f15ad77db512dab966ee29f46ccffd3aaf66e9529a38e177f,2,library_archive/bundles/experiment/Agent5_SignedWeight_Audit_20260729/agent5_signed_weight_audit_20260729/DISCREPANCIES.md | library_archive/bundles/experiment/cascade_observability_execution_20260730/cascade_observability_execution_20260730/sources/signed_weight_audit/DISCREPANCIES.md
d6d923b9756ea06adadb4f4e863bbb6312978cc2cf3232f14366a02ddcfb6e8e,2,library_archive/bundles/experiment/REOPENED_PATHS_REPRO_PACKAGE_20260730/reopened_paths_repro_20260730/results/network_3027.npz | library_archive/bundles/proof/WHESTBENCH_COMPLETE_PROOF_PACKAGE_20260730/whestbench_complete_proof/reopened_paths_repro_20260730/results/network_3027.npz
d74b94a2160020ab26aff7b8343c2405b60e67fcc9bab98435e2846fc1d1306f,2,library_archive/bundles/experiment/path5_set_level_coreset_20260729/05_set_level_coreset/code/validate_frozen_support.py | library_archive/bundles/experiment/path5_set_level_coreset_20260729_v2/05_set_level_coreset/code/validate_frozen_support.py
d7cbc6c1abc4702bef1df7d1712c54cb19b31a74ab8bcd747b6cb1b1ef12d77c,2,library_archive/bundles/experiment/legal_signed_anchor_continuation_20260729/legal_signed_anchor_continuation_20260729/continue_path1/13_direct_pilot_phased_q128/results/rescue_all/network_4212.json | library_archive/bundles/experiment/legal_signed_anchor_continuation_20260729/legal_signed_anchor_continuation_20260729/continue_path1/13_direct_pilot_phased_q128/results/rescue_holdout/network_4212.json
d7cc434f55852228e812f1977a87c5128a7de4b8b0d950626f37081cd163984b,2,library_archive/bundles/experiment/REOPENED_PATHS_REPRO_PACKAGE_20260730/reopened_paths_repro_20260730/results/network_3038.json | library_archive/bundles/proof/WHESTBENCH_COMPLETE_PROOF_PACKAGE_20260730/whestbench_complete_proof/reopened_paths_repro_20260730/results/network_3038.json
d7e2ab381d06c2ec985721f36853247769492395d52fb90495de50ad14a2fa91,2,library_archive/bundles/experiment/T0_official_grader_instrumentation_20260729_FINAL/T0_official_grader_instrumentation_20260729/T0.1_basis_curve/CHILDREN.md | library_archive/bundles/experiment/T0_unblocked_execution_bundle_20260729/T0_unblocked_execution_bundle_20260729/T0_official_grader_instrumentation_20260729/T0.1_basis_curve/CHILDREN.md
d83e3c6f7f65703eaad94f44551c47f5210c2dfb049c9dae76edfa4f9d01e602,2,library_archive/bundles/proof/WHestBench_Agent_Review_Closure_20260730/whestbench_closure_20260730/arc_cubature_proof_v5_1/RELEASE_NOTES_V5_1.md | library_archive/bundles/proof/arc_cubature_proof_v5_1/arc_cubature_proof_v5_1/RELEASE_NOTES_V5_1.md
d87058d0ee4792765dbe8c47f12c9fa7da249b38acd9c89fb874d26177d5ea34,2,library_archive/bundles/experiment/REOPENED_PATHS_REPRO_PACKAGE_20260730/reopened_paths_repro_20260730/results/network_3035.json | library_archive/bundles/proof/WHESTBENCH_COMPLETE_PROOF_PACKAGE_20260730/whestbench_complete_proof/reopened_paths_repro_20260730/results/network_3035.json
d89abcd6f4e63d8a7cbb47d2cc0836e076658ba2cd8011145fa87eaa8a984536,2,library_archive/bundles/experiment/REOPENED_PATHS_REPRO_PACKAGE_20260730/reopened_paths_repro_20260730/results/network_3039.npz | library_archive/bundles/proof/WHESTBENCH_COMPLETE_PROOF_PACKAGE_20260730/whestbench_complete_proof/reopened_paths_repro_20260730/results/network_3039.npz
d94d8feaa8e14b9470a640c4017bfc74036425d5e5e312b4906242671f47e02e,2,library_archive/bundles/experiment/Agent5_SignedWeight_Audit_20260729/agent5_signed_weight_audit_20260729/REPRODUCE.sh | library_archive/bundles/experiment/cascade_observability_execution_20260730/cascade_observability_execution_20260730/sources/signed_weight_audit/REPRODUCE.sh
d95111ed693f7e4cace6b50e1cd302c82704252d5cef3988202fa44e5e1ec1fa,2,library_archive/bundles/experiment/T0_official_grader_instrumentation_20260729_FINAL/T0_official_grader_instrumentation_20260729/packages/A43_delta64/estimator.py | library_archive/bundles/experiment/T0_unblocked_execution_bundle_20260729/T0_unblocked_execution_bundle_20260729/T0_official_grader_instrumentation_20260729/packages/A43_delta64/estimator.py
d99b076dca37f6c755be314762d63eb4f2e43b7797b7374fffe0a5a966a5b00e,2,library_archive/bundles/experiment/T0_official_grader_instrumentation_20260729_FINAL/T0_official_grader_instrumentation_20260729/packages/A43_basis096.tar.gz | library_archive/bundles/experiment/T0_unblocked_execution_bundle_20260729/T0_unblocked_execution_bundle_20260729/T0_official_grader_instrumentation_20260729/packages/A43_basis096.tar.gz
d9b8629590606381f7340d120c3d738290f99b2ff5c2a1fc2c8304c1057668f6,2,library_archive/bundles/experiment/PATH2_LEARNED_SIGN_SCALE_ABSTENTION_20260729/02_learned_sign_scale_abstention/evaluate_models.py | library_archive/bundles/experiment/PATH2_LEARNED_SIGN_SCALE_ABSTENTION_CONTINUATION_20260729/evaluate_models.py
d9b905b9b9b649c1642a57bacffc9d18b4dedd500f598b5435486df44ad3d705,2,library_archive/bundles/experiment/Agent4_Replayability_Continuation_V3_20260730/agent4_v3_verification.json | library_archive/bundles/experiment/Agent4_Replayability_Continuation_V3_20260730/verification_stdout.txt
d9f8f31bceaa5dc9fe7e5fd13dc5e2d9f61b252d2cfcd356d6f9c2b0f2eae903,2,library_archive/bundles/experiment/T0_official_grader_instrumentation_20260729_FINAL/T0_official_grader_instrumentation_20260729/scripts/run_t0_package.py | library_archive/bundles/experiment/T0_unblocked_execution_bundle_20260729/T0_unblocked_execution_bundle_20260729/T0_official_grader_instrumentation_20260729/scripts/run_t0_package.py
dad28d7312f97a3c9d8a528922609b0ce26dd5cadc9671fd1b02ff717eacaa46,2,library_archive/bundles/experiment/01_legal_signed_anchor_20260729/01_legal_signed_anchor/results/records/network_3007.json | library_archive/bundles/experiment/legal_signed_anchor_continuation_20260729/legal_signed_anchor_continuation_20260729/continue_path1/01_legal_signed_anchor/results/records/network_3007.json
db312b379bde8db1ce84f27f9eca517afbf7712321018877b8458d8b23d5873c,2,library_archive/bundles/experiment/T0_unblocked_execution_bundle_20260729/T0_unblocked_execution_bundle_20260729/unblocked_research/REPORT.md | library_archive/bundles/experiment/cascade_observability_execution_20260730/cascade_observability_execution_20260730/sources/REPORT.md
db6788b73bf99ef04f68d7ad15b0a30699fa325455e3c9384f5858bd17b2e10d,2,library_archive/bundles/proof/WHestBench_Agent_Review_Closure_20260730/whestbench_closure_20260730/arc_cubature_proof_v5_1/__pycache__/formal_meanvalue_certificate.cpython-313.pyc | library_archive/bundles/proof/arc_cubature_proof_v5_1/arc_cubature_proof_v5_1/__pycache__/formal_meanvalue_certificate.cpython-313.pyc
db7383c36bcb4133804d27b021e1579f451a10a2bc809c15dd7d69d941efa859,2,library_archive/bundles/experiment/01_legal_signed_anchor_20260729/01_legal_signed_anchor/results/records/network_3013.json | library_archive/bundles/experiment/legal_signed_anchor_continuation_20260729/legal_signed_anchor_continuation_20260729/continue_path1/01_legal_signed_anchor/results/records/network_3013.json
dbeadaba7304b83a6dea7d0484622ef579828e4490e3daa75ae66a5fd3b0cee6,2,library_archive/bundles/experiment/T0_official_grader_instrumentation_20260729_FINAL/T0_official_grader_instrumentation_20260729/packages/A42/estimator.py | library_archive/bundles/experiment/T0_unblocked_execution_bundle_20260729/T0_unblocked_execution_bundle_20260729/T0_official_grader_instrumentation_20260729/packages/A42/estimator.py
dbfb49a8a997555a6915dfdfc19b90dcd9bda0c1eb1b1402b91e6f93f3288f94,2,library_archive/bundles/experiment/REOPENED_PATHS_REPRO_PACKAGE_20260730/reopened_paths_repro_20260730/results/network_3006.npz | library_archive/bundles/proof/WHESTBENCH_COMPLETE_PROOF_PACKAGE_20260730/whestbench_complete_proof/reopened_paths_repro_20260730/results/network_3006.npz
dcb69f984afebf5a8d2be79cd5454256f05b033d21c5f9a70b570e55e2485480,2,library_archive/bundles/experiment/REOPENED_PATHS_REPRO_PACKAGE_20260730/reopened_paths_repro_20260730/results/network_3062.json | library_archive/bundles/proof/WHESTBENCH_COMPLETE_PROOF_PACKAGE_20260730/whestbench_complete_proof/reopened_paths_repro_20260730/results/network_3062.json
dd02abf5abf27056d4f751a3096a7a1fc807994f3442a2df0267d2d185a19a46,2,library_archive/bundles/experiment/path5_set_level_coreset_20260729/05_set_level_coreset/data/top8_rank_train32/top8_rank_seed64326.npz | library_archive/bundles/experiment/path5_set_level_coreset_20260729_v2/05_set_level_coreset/data/top8_rank_train32/top8_rank_seed64326.npz
dd3bd420b35bc2cfe30d927b01d588c4e93c7dc46b45336c90a02f3dbe4aca6e,2,library_archive/bundles/experiment/path5_set_level_coreset_20260729/05_set_level_coreset/data/top8_rank_train32/top8_rank_seed64312.npz | library_archive/bundles/experiment/path5_set_level_coreset_20260729_v2/05_set_level_coreset/data/top8_rank_train32/top8_rank_seed64312.npz
dd6ac473745f8f7db728e7993d37087bb9f6a89257667de9684fd02076c4530e,2,library_archive/bundles/experiment/T0_official_grader_instrumentation_20260729_FINAL/T0_official_grader_instrumentation_20260729/T0.2_compute_calibration/COST_MODEL.json | library_archive/bundles/experiment/T0_unblocked_execution_bundle_20260729/T0_unblocked_execution_bundle_20260729/T0_official_grader_instrumentation_20260729/T0.2_compute_calibration/COST_MODEL.json
dd81d43b01ccf67de5726ee10a85545b89b3aacb23a6cdfb997828d8f75f40bc,5,library_archive/bundles/proof/WHestBench_Agent_Review_Closure_20260730/whestbench_closure_20260730/arc_cubature_proof_v5_1/results/formal_gpp_chunk_0606_0607.json | library_archive/bundles/proof/arc_cubature_proof_v5_1/arc_cubature_proof_v5_1/results/formal_gpp_chunk_0606_0607.json | library_archive/bundles/proof/arc_cubature_proof_v5_dual_engine_20260730/arc_cubature_proof_v5_dual_engine_20260730/results/formal_gpp_chunk_0606_0607.json | library_archive/bundles/proof/arc_cubature_proof_v5_strengthened_20260730/arc_cubature_proof_v5_strengthened/results/formal_gpp_chunk_0606_0607.json | library_archive/bundles/proof/whestbench_t22_t23_dual_engine_release_v5_2_20260730/arc_cubature_proof_v5_dual_engine_20260730/results/formal_gpp_chunk_0606_0607.json
dda8bde5c4b0d33bacf51f3b03241b69990020d3e7f27031daa4d3c297c86a68,2,library_archive/bundles/experiment/REOPENED_PATHS_REPRO_PACKAGE_20260730/reopened_paths_repro_20260730/results/network_3010.json | library_archive/bundles/proof/WHESTBENCH_COMPLETE_PROOF_PACKAGE_20260730/whestbench_complete_proof/reopened_paths_repro_20260730/results/network_3010.json
ddc7614131a7d65e948b549f5a9a0d7bd215815b1c0ea52f810e6c3755f17300,2,library_archive/bundles/experiment/T0_official_grader_instrumentation_20260729_FINAL/T0_official_grader_instrumentation_20260729/scripts/verify_bundle.py | library_archive/bundles/experiment/T0_unblocked_execution_bundle_20260729/T0_unblocked_execution_bundle_20260729/T0_official_grader_instrumentation_20260729/scripts/verify_bundle.py
ddd9c383c4d4b42069a0ef438e9988c69f8542ef08b27503c88df98709bcd05a,2,library_archive/bundles/experiment/path5_set_level_coreset_20260729/05_set_level_coreset/data/dev8_full128/setlevel_seed64003_q128_c64.npz | library_archive/bundles/experiment/path5_set_level_coreset_20260729_v2/05_set_level_coreset/data/dev8_full128/setlevel_seed64003_q128_c64.npz
de374f971d9ee803c3530f9f0fa4f1448c14a472d4a945efd7d6be2030f928a8,2,library_archive/bundles/proof/WHestBench_Agent_Review_Closure_20260730/whestbench_closure_20260730/arc_cubature_proof_v5_1/PROOF_AUDIT.md | library_archive/bundles/proof/arc_cubature_proof_v5_1/arc_cubature_proof_v5_1/PROOF_AUDIT.md
deb25bbe8200d95a6434ed5baeb60ad4753acafbbf3b90e62dcdc4166bf5fe06,3,library_archive/bundles/proof/arc_cubature_proof_v5_dual_engine_20260730/arc_cubature_proof_v5_dual_engine_20260730/verify_full_artifact_manifest.py | library_archive/bundles/proof/arc_cubature_proof_v5_strengthened_20260730/arc_cubature_proof_v5_strengthened/verify_full_artifact_manifest.py | library_archive/bundles/proof/whestbench_t22_t23_dual_engine_release_v5_2_20260730/arc_cubature_proof_v5_dual_engine_20260730/verify_full_artifact_manifest.py
deb9b07dedb3ceea24c3b6297d9720b4ba50b8163ae78163047315bee83bc8ca,2,library_archive/bundles/experiment/path5_set_level_coreset_20260729/05_set_level_coreset/data/top8_rank_train32/top8_rank_seed64308.npz | library_archive/bundles/experiment/path5_set_level_coreset_20260729_v2/05_set_level_coreset/data/top8_rank_train32/top8_rank_seed64308.npz
dee38454e642a640f27d094bc05e82f37ea6e20e33047b207378e39399de061f,3,library_archive/bundles/proof/arc_cubature_proof_v5_dual_engine_20260730/arc_cubature_proof_v5_dual_engine_20260730/strengthening/code/independent_pydecimal_scalar_replay.py | library_archive/bundles/proof/arc_cubature_proof_v5_strengthened_20260730/arc_cubature_proof_v5_strengthened/strengthening/code/independent_pydecimal_scalar_replay.py | library_archive/bundles/proof/whestbench_t22_t23_dual_engine_release_v5_2_20260730/arc_cubature_proof_v5_dual_engine_20260730/strengthening/code/independent_pydecimal_scalar_replay.py
defda248e1114891cbf46ecb051759d9411d39b73ab2d69c6fe5bfbe2640b764,2,library_archive/bundles/experiment/REOPENED_PATHS_REPRO_PACKAGE_20260730/reopened_paths_repro_20260730/results/network_3047.json | library_archive/bundles/proof/WHESTBENCH_COMPLETE_PROOF_PACKAGE_20260730/whestbench_complete_proof/reopened_paths_repro_20260730/results/network_3047.json
df7298d8e0c7b844ac10be1d2458a1aa8fb02a0b94fc72b6243592ec038a0e26,2,library_archive/bundles/experiment/Agent5_SignedWeight_Audit_20260729/agent5_signed_weight_audit_20260729/ASSUMPTIONS.md | library_archive/bundles/experiment/cascade_observability_execution_20260730/cascade_observability_execution_20260730/sources/signed_weight_audit/ASSUMPTIONS.md
dfe7a291e6f5c72854b18870806e82ebcadcf041f637bdf463bf07fb1e4e2fde,2,library_archive/bundles/experiment/01_legal_signed_anchor_20260729/01_legal_signed_anchor/TASK.md | library_archive/bundles/experiment/legal_signed_anchor_continuation_20260729/legal_signed_anchor_continuation_20260729/continue_path1/01_legal_signed_anchor/TASK.md
e0063a9cbe041a016d9ae8ca22671765b02c2d090e4544179595173a3279d6e7,2,library_archive/bundles/experiment/REOPENED_PATHS_REPRO_PACKAGE_20260730/reopened_paths_repro_20260730/results/network_3054.json | library_archive/bundles/proof/WHESTBENCH_COMPLETE_PROOF_PACKAGE_20260730/whestbench_complete_proof/reopened_paths_repro_20260730/results/network_3054.json
e00d5dff024e18594a749215731b6f362de1aab785a9dccdcb10a7ba19463dbf,2,library_archive/bundles/experiment/REOPENED_PATHS_REPRO_PACKAGE_20260730/reopened_paths_repro_20260730/PROPOSED_LEDGER_ADDITIONS_20260730.md | library_archive/bundles/proof/WHESTBENCH_COMPLETE_PROOF_PACKAGE_20260730/whestbench_complete_proof/reopened_paths_repro_20260730/PROPOSED_LEDGER_ADDITIONS_20260730.md
e015e7ef4bca26a22ec6ce5db7a3fd58526ab7d9fc8789b5f30adf87e0a9ed9d,4,library_archive/bundles/proof/arc_cubature_proof_v5_dual_engine_20260730/arc_cubature_proof_v5_dual_engine_20260730/strengthening/mpfr_full_replay/verify_certified.json | library_archive/bundles/proof/whestbench_continuation_audit_20260730/whestbench_continuation_audit_20260730/verification/mpfr_replay/clang/verify_certified.json | library_archive/bundles/proof/whestbench_continuation_audit_20260730/whestbench_continuation_audit_20260730/verification/mpfr_replay/gcc/verify_certified.json | library_archive/bundles/proof/whestbench_t22_t23_dual_engine_release_v5_2_20260730/arc_cubature_proof_v5_dual_engine_20260730/strengthening/mpfr_full_replay/verify_certified.json
e0c77c5141e922693de0780086c3b8608b80640ba6d348b1446d6a9b960dc925,2,library_archive/bundles/experiment/legal_signed_anchor_continuation_20260729/legal_signed_anchor_continuation_20260729/continue_path1/11_pilot_phased_q128_source/results/all/network_4143.json | library_archive/bundles/experiment/legal_signed_anchor_continuation_20260729/legal_signed_anchor_continuation_20260729/continue_path1/11_pilot_phased_q128_source/results/train/network_4143.json
e0fccbc763c7cca51340abd04a7070cb98f77a201fde6f4cd85cac86c86d8a2d,7,library_archive/bundles/experiment/Agent5_SignedWeight_Audit_20260729/agent5_signed_weight_audit_20260729/vendor_proof/formal_proof_common.py | library_archive/bundles/experiment/cascade_observability_execution_20260730/cascade_observability_execution_20260730/sources/signed_weight_audit/vendor_proof/formal_proof_common.py | library_archive/bundles/proof/WHestBench_Agent_Review_Closure_20260730/whestbench_closure_20260730/arc_cubature_proof_v5_1/formal_proof_common.py | library_archive/bundles/proof/arc_cubature_proof_v5_1/arc_cubature_proof_v5_1/formal_proof_common.py | library_archive/bundles/proof/arc_cubature_proof_v5_dual_engine_20260730/arc_cubature_proof_v5_dual_engine_20260730/formal_proof_common.py | library_archive/bundles/proof/arc_cubature_proof_v5_strengthened_20260730/arc_cubature_proof_v5_strengthened/formal_proof_common.py | library_archive/bundles/proof/whestbench_t22_t23_dual_engine_release_v5_2_20260730/arc_cubature_proof_v5_dual_engine_20260730/formal_proof_common.py
e13e82cc1514ead379d07bbbf27526c193b14593f535cdd9584506147fa2aefa,2,library_archive/bundles/experiment/path5_set_level_coreset_20260729/05_set_level_coreset/code/top8_sketch_selector.py | library_archive/bundles/experiment/path5_set_level_coreset_20260729_v2/05_set_level_coreset/code/top8_sketch_selector.py
e147acc7dad207b1956af54ce3ec7930b1504b9f103b480bda5a942af13d050b,2,library_archive/bundles/experiment/Agent4_Sole_Path_Final_Compact_20260730/SOURCE_SPECIFIC_SOCP_SUMMARY.json | library_archive/bundles/proof/WHestBench_Priority_Continuation_v27_20260730/whestbench_priority_v27/sources/AGENT4_SOURCE_SPECIFIC_SOCP_SUMMARY.json
e2030de28708bcb50e5d98545282bc2d3e8f0239cc05b95930de19825f9d92f3,2,library_archive/bundles/experiment/oracle_continuation_experiments_20260730/oracle_continuation_20260730/COHERENCE_RESULTS.json | library_archive/bundles/proof/WHestBench_Oracle_Proof_Completion_v18_20260730/WHestBench_Oracle_Proof_Completion_v18_20260730/source_snapshots/COHERENCE_RESULTS.json
e32670bc1480c3f38c45c846ab533861a0a1c7e99874a7cfbfff79cebf6bdb2a,2,library_archive/bundles/experiment/T0_official_grader_instrumentation_20260729_FINAL/T0_official_grader_instrumentation_20260729/packages/A43_basis064/estimator.py | library_archive/bundles/experiment/T0_unblocked_execution_bundle_20260729/T0_unblocked_execution_bundle_20260729/T0_official_grader_instrumentation_20260729/packages/A43_basis064/estimator.py
e32dd5305144af53b4b1c1102784549c72e84a7e33af61878f137ecabedb7b1b,2,library_archive/bundles/experiment/01_legal_signed_anchor_20260729/01_legal_signed_anchor/src/compute_accounting.py | library_archive/bundles/experiment/legal_signed_anchor_continuation_20260729/legal_signed_anchor_continuation_20260729/continue_path1/01_legal_signed_anchor/src/compute_accounting.py
e3754be6d659f849675baf84fbc4331f138eb3802da617e4a032e7e769d07965,2,library_archive/bundles/experiment/Agent4_Replayability_Continuation_V3_20260730/agent4_v3_economics.json | library_archive/bundles/experiment/Agent4_Replayability_Continuation_V3_20260730/economics_stdout.txt
e3b0c44298fc1c149afbf4c8996fb92427ae41e4649b934ca495991b7852b855,7,library_archive/bundles/experiment/01_legal_signed_anchor_20260729/01_legal_signed_anchor/results/records/network_3000.log | library_archive/bundles/experiment/01_legal_signed_anchor_20260729/01_legal_signed_anchor/results/records/network_3001.log | library_archive/bundles/experiment/Agent5_SignedWeight_Audit_20260729/agent5_signed_weight_audit_20260729/vendor_proof/__init__.py | library_archive/bundles/experiment/WHestBench_Project_Closeout_v17_20260730/WHestBench_Project_Closeout_v17_20260730/source_reports/FINAL_COMPETITION_OPPORTUNITIES_REPORT.md | library_archive/bundles/experiment/WHestBench_noncompute_statistical_continuation_20260730/edgeworth_radial_center_more/n7303.log | library_archive/bundles/experiment/cascade_observability_execution_20260730/cascade_observability_execution_20260730/sources/signed_weight_audit/vendor_proof/__init__.py | library_archive/bundles/proof/whestbench_continuation_audit_20260730/whestbench_continuation_audit_20260730/verification/reopened_rerun/projected_relu_stdout.json
e58921db8d842492a9e4ee8bc5bddb9e4ba98698caca06bd804e9568d8de8c0f,2,library_archive/bundles/experiment/REOPENED_PATHS_REPRO_PACKAGE_20260730/reopened_paths_repro_20260730/results/network_3009.json | library_archive/bundles/proof/WHESTBENCH_COMPLETE_PROOF_PACKAGE_20260730/whestbench_complete_proof/reopened_paths_repro_20260730/results/network_3009.json
e5d5be8f2eab7b10e061d10cc9cab9d5b505ea221a401fe62905a270ce4767e2,3,library_archive/bundles/experiment/REOPENED_PATHS_REPRO_PACKAGE_20260730/reopened_paths_repro_20260730/results/EXTENDED_VALIDATION_SUMMARY.json | library_archive/bundles/proof/WHESTBENCH_COMPLETE_PROOF_PACKAGE_20260730/whestbench_complete_proof/reopened_paths_repro_20260730/results/EXTENDED_VALIDATION_SUMMARY.json | library_archive/bundles/proof/whestbench_continuation_audit_20260730/whestbench_continuation_audit_20260730/verification/reopened_rerun/orig_EXTENDED_VALIDATION_SUMMARY.json
e5e093f74069425f943233c44fed27664b34224c91e7f47101efb8d90f4c8885,2,library_archive/bundles/experiment/REOPENED_PATHS_REPRO_PACKAGE_20260730/reopened_paths_repro_20260730/results/PROJECTED_RELU_EXTENSION_PREREG.json | library_archive/bundles/proof/WHESTBENCH_COMPLETE_PROOF_PACKAGE_20260730/whestbench_complete_proof/reopened_paths_repro_20260730/results/PROJECTED_RELU_EXTENSION_PREREG.json
e80325e9d9296f7f0b470b787286e8c6dc1a4611e6b6772c830914dea11b21e4,2,library_archive/bundles/experiment/PATH2_LEARNED_SIGN_SCALE_ABSTENTION_20260729/02_learned_sign_scale_abstention/EXPERIMENT_LEDGER_ADDITION.csv | library_archive/bundles/experiment/PATH2_LEARNED_SIGN_SCALE_ABSTENTION_CONTINUATION_20260729/EXPERIMENT_LEDGER_ADDITION_INITIAL.csv
ea3058f616c2c018c4fe0ef86b2a945bc27777cdcf40f3166c4eacfdf5e4d639,2,library_archive/bundles/experiment/WHestBench_Prompt2_FiniteWidth_Reproducibility_20260730/WHestBench_Prompt2_FiniteWidth_Reproducibility_20260730/cf_complete_tensor8_degree_0.json | library_archive/bundles/experiment/WHestBench_Prompt2_FiniteWidth_Reproducibility_20260730/WHestBench_Prompt2_FiniteWidth_Reproducibility_20260730/cf_full_tensor8_degree_0.json
ebbeac9eae4279701e1ecfe5b14a3e97aa7b74dead588678c66c29819f8a19e3,2,library_archive/bundles/experiment/T0_official_grader_instrumentation_20260729_FINAL/T0_official_grader_instrumentation_20260729/evidence/A43_RESULTS_SUMMARY.json | library_archive/bundles/experiment/T0_unblocked_execution_bundle_20260729/T0_unblocked_execution_bundle_20260729/T0_official_grader_instrumentation_20260729/evidence/A43_RESULTS_SUMMARY.json
ebdaac76e2d43175bf2ba4308007e8e34f097ef1ea16f51aab7bdc38796c40f6,2,library_archive/bundles/proof/WHESTBENCH_COMPLETE_PROOF_PACKAGE_20260730/whestbench_complete_proof/sources/T16_FULL_LP_THEOREM.md | library_archive/bundles/proof/WHestBench_Agent_Review_Closure_20260730/whestbench_closure_20260730/T16_FULL_LP_THEOREM.md
ec201161b615b8fa0eb1a0f995c088578cc27ea0777a865e7418073901643e8a,2,library_archive/bundles/experiment/REOPENED_PATHS_REPRO_PACKAGE_20260730/reopened_paths_repro_20260730/results/network_3045.npz | library_archive/bundles/proof/WHESTBENCH_COMPLETE_PROOF_PACKAGE_20260730/whestbench_complete_proof/reopened_paths_repro_20260730/results/network_3045.npz
ec31e5ac5711b1412179039e69bfcc75738877649a73306b9917abf8ccc4b7f6,2,library_archive/bundles/experiment/nested_partial_mub_uncertainty_20260729_report_bundle/paths/01_legal_signed_anchor/nested_partial_mub_uncertainty_20260729/results/analysis.log | library_archive/bundles/experiment/nested_partial_mub_uncertainty_20260729_report_bundle/paths/01_legal_signed_anchor/nested_partial_mub_uncertainty_20260729/results/analysis2.log
ec6ba0429e060e138e37a47708499d2dff6da829c5c40865f2e4de0f92c679eb,2,library_archive/bundles/experiment/T0_official_grader_instrumentation_20260729_FINAL/T0_official_grader_instrumentation_20260729/evidence/kerdock_mub5_official_full100.json | library_archive/bundles/experiment/T0_unblocked_execution_bundle_20260729/T0_unblocked_execution_bundle_20260729/T0_official_grader_instrumentation_20260729/evidence/kerdock_mub5_official_full100.json
ed4f905ca78d93f2099d92bd7c1b6561774fc45a1fb1ebfc090caa2c837ff594,3,library_archive/bundles/proof/WHestBench_Prompt1_Infinite_Hermite_Factor_20260730/WHestBench_Prompt1_Infinite_Hermite_Factor_20260730/MPFR_KERNEL_JET_511.json | library_archive/bundles/proof/WHestBench_Prompt1_Weighted_Floor_20260730/WHestBench_Prompt1_Weighted_Floor_20260730/MPFR_KERNEL_JET_511.json | library_archive/bundles/proof/WHestBench_Prompt1_Weighted_Floor_Continuation_20260730/WHestBench_Prompt1_Weighted_Floor_Continuation_20260730/MPFR_KERNEL_JET_511.json
edf23dadb5e9d154d8e949dd4c7d58e1f850d6aa2979cbc8c46be9deaa9dac8a,5,library_archive/bundles/proof/WHestBench_Agent_Review_Closure_20260730/whestbench_closure_20260730/arc_cubature_proof_v5_1/results/formal_gpp_chunk_0000_0100.json | library_archive/bundles/proof/arc_cubature_proof_v5_1/arc_cubature_proof_v5_1/results/formal_gpp_chunk_0000_0100.json | library_archive/bundles/proof/arc_cubature_proof_v5_dual_engine_20260730/arc_cubature_proof_v5_dual_engine_20260730/results/formal_gpp_chunk_0000_0100.json | library_archive/bundles/proof/arc_cubature_proof_v5_strengthened_20260730/arc_cubature_proof_v5_strengthened/results/formal_gpp_chunk_0000_0100.json | library_archive/bundles/proof/whestbench_t22_t23_dual_engine_release_v5_2_20260730/arc_cubature_proof_v5_dual_engine_20260730/results/formal_gpp_chunk_0000_0100.json
edf50c88c0295794a69246227b78175742fbac927c5116a8c605e03f62909062,2,library_archive/bundles/experiment/01_legal_signed_anchor_20260729/01_legal_signed_anchor/results/records/network_3012.json | library_archive/bundles/experiment/legal_signed_anchor_continuation_20260729/legal_signed_anchor_continuation_20260729/continue_path1/01_legal_signed_anchor/results/records/network_3012.json
ee5f4d3b65daa399b92a928467b8a6995e8fc3377f5e65128ce242bd6b758659,2,library_archive/bundles/experiment/01_legal_signed_anchor_20260729/01_legal_signed_anchor/results/smoke1_optimized.json | library_archive/bundles/experiment/legal_signed_anchor_continuation_20260729/legal_signed_anchor_continuation_20260729/continue_path1/01_legal_signed_anchor/results/smoke1_optimized.json
eeddf3f5270f1436deae5b20153a588c9e9c5eb1d62fb0c8d1a6314c2804a2ec,3,library_archive/bundles/proof/arc_cubature_proof_v5_dual_engine_20260730/arc_cubature_proof_v5_dual_engine_20260730/strengthening/results/PYDECIMAL_CHUNK_606_REPLAY.json | library_archive/bundles/proof/arc_cubature_proof_v5_strengthened_20260730/arc_cubature_proof_v5_strengthened/strengthening/results/PYDECIMAL_CHUNK_606_REPLAY.json | library_archive/bundles/proof/whestbench_t22_t23_dual_engine_release_v5_2_20260730/arc_cubature_proof_v5_dual_engine_20260730/strengthening/results/PYDECIMAL_CHUNK_606_REPLAY.json
eee5fb59fd95d5192dbe82c2677e636db5d6500876e28c7f11c5796f197324b9,2,library_archive/bundles/proof/WHestBench_Agent_Review_Closure_20260730/whestbench_closure_20260730/arc_cubature_proof_v5_1/__pycache__/formal_proof_common.cpython-313.pyc | library_archive/bundles/proof/arc_cubature_proof_v5_1/arc_cubature_proof_v5_1/__pycache__/formal_proof_common.cpython-313.pyc
ef29d226636d83fa1d7388b713988fc4f35a136d78c56514258b4f8ec6936f92,2,library_archive/bundles/experiment/T0_official_grader_instrumentation_20260729_FINAL/T0_official_grader_instrumentation_20260729/packages/A43_basis032/estimator.py | library_archive/bundles/experiment/T0_unblocked_execution_bundle_20260729/T0_unblocked_execution_bundle_20260729/T0_official_grader_instrumentation_20260729/packages/A43_basis032/estimator.py
f0b4a2eb1d7898152870b1a26657b07194879f0103716cc7389093bf5ed1e3bf,3,library_archive/bundles/proof/arc_cubature_proof_v5_dual_engine_20260730/arc_cubature_proof_v5_dual_engine_20260730/proof_file_list.py | library_archive/bundles/proof/arc_cubature_proof_v5_strengthened_20260730/arc_cubature_proof_v5_strengthened/proof_file_list.py | library_archive/bundles/proof/whestbench_t22_t23_dual_engine_release_v5_2_20260730/arc_cubature_proof_v5_dual_engine_20260730/proof_file_list.py
f0f066071353cda6569cf25129b7e0b725b5b8baf95801e721c131b9f7a34e4c,4,library_archive/bundles/proof/arc_cubature_proof_v5_dual_engine_20260730/arc_cubature_proof_v5_dual_engine_20260730/strengthening/run_strengthening_checks.sh | library_archive/bundles/proof/arc_cubature_proof_v5_strengthened_20260730/arc_cubature_proof_v5_strengthened/strengthening/run_strengthening_checks.sh | library_archive/bundles/proof/whestbench_continuation_audit_20260730/whestbench_continuation_audit_20260730/verification/dual_engine_runner.txt | library_archive/bundles/proof/whestbench_t22_t23_dual_engine_release_v5_2_20260730/arc_cubature_proof_v5_dual_engine_20260730/strengthening/run_strengthening_checks.sh
f15cfbe3a3e33d56741dee9d671faa419ea5c4a3ef0d6fa3e5dc307016a67710,2,library_archive/bundles/experiment/companion_orientation_codebook_20260729/companion_orientation_codebook_20260729/validation_analysis/FINAL_DIAGNOSTICS.json | library_archive/bundles/experiment/companion_orientation_codebook_20260729/companion_orientation_codebook_20260729/validation_analysis/final_diag_stdout.json
f197fae0836881aa7c416e6b2da6e4bc92c05d713ba92bb6f417c78034161947,2,library_archive/bundles/experiment/REOPENED_PATHS_REPRO_PACKAGE_20260730/reopened_paths_repro_20260730/results/network_3013.npz | library_archive/bundles/proof/WHESTBENCH_COMPLETE_PROOF_PACKAGE_20260730/whestbench_complete_proof/reopened_paths_repro_20260730/results/network_3013.npz
f1e32ce44fe43b53eba3f70f9cf6383da588ec1bbb3d82c047edbc916a98d8df,4,library_archive/bundles/experiment/Agent4_Replayability_Continuation_V3_20260730/source_snapshots/production_estimator.py | library_archive/bundles/experiment/T0_official_grader_instrumentation_20260729_FINAL/T0_official_grader_instrumentation_20260729/packages/production_baseline/estimator.py | library_archive/bundles/experiment/T0_unblocked_execution_bundle_20260729/T0_unblocked_execution_bundle_20260729/T0_official_grader_instrumentation_20260729/packages/production_baseline/estimator.py | library_archive/bundles/experiment/path6_compute_liberation_20260729/package/submission_path6_final_chunk2048/estimator.py
f1f862a3fb6bc65ede1b930563e07e0543052324c6af273cf4336aeb3cdaea64,2,library_archive/bundles/experiment/path5_set_level_coreset_20260729/05_set_level_coreset/code/train_top8_ranker_light.py | library_archive/bundles/experiment/path5_set_level_coreset_20260729_v2/05_set_level_coreset/code/train_top8_ranker_light.py
f291f5d337ef1ab2745ed7953c6412f9867618dd8c7b37606223f641885e2a7d,5,library_archive/bundles/proof/WHestBench_Agent_Review_Closure_20260730/whestbench_closure_20260730/arc_cubature_proof_v5_1/formal_near_optimality_theorem.py | library_archive/bundles/proof/arc_cubature_proof_v5_1/arc_cubature_proof_v5_1/formal_near_optimality_theorem.py | library_archive/bundles/proof/arc_cubature_proof_v5_dual_engine_20260730/arc_cubature_proof_v5_dual_engine_20260730/formal_near_optimality_theorem.py | library_archive/bundles/proof/arc_cubature_proof_v5_strengthened_20260730/arc_cubature_proof_v5_strengthened/formal_near_optimality_theorem.py | library_archive/bundles/proof/whestbench_t22_t23_dual_engine_release_v5_2_20260730/arc_cubature_proof_v5_dual_engine_20260730/formal_near_optimality_theorem.py
f2b5bd2590e38a73987c8d3cf0d9ef1d4bbef5178c02af98936ab7935cef0262,2,library_archive/bundles/experiment/WHestBench_Experiment_Launch_Pack_20260729_v2/WHestBench_Experiment_Launch_Pack_20260729_v2/sources/arc_code_deep_audit_20260729.md | library_archive/bundles/experiment/agent6_anchor_review_20260730/agent6_anchor_review/sources/arc_code_deep_audit_20260729.md
f3378c737145114ae1da78bef513ded9ce58d4db0dc139f903e12d00049efb86,2,library_archive/bundles/experiment/T0_official_grader_instrumentation_20260729_FINAL/T0_official_grader_instrumentation_20260729/packages/A43_basis064/manifest.json | library_archive/bundles/experiment/T0_unblocked_execution_bundle_20260729/T0_unblocked_execution_bundle_20260729/T0_official_grader_instrumentation_20260729/packages/A43_basis064/manifest.json
f343ecb32e1e7ef6a052f2495768263529a739e564f58ae1ff45dbeaca824d04,2,library_archive/bundles/experiment/REOPENED_PATHS_REPRO_PACKAGE_20260730/reopened_paths_repro_20260730/results/network_3007.json | library_archive/bundles/proof/WHESTBENCH_COMPLETE_PROOF_PACKAGE_20260730/whestbench_complete_proof/reopened_paths_repro_20260730/results/network_3007.json
f3e115e50d95bd585c23d10d6d0ee28d50a341bcda21190219b39c878d88838b,2,library_archive/bundles/experiment/T0_official_grader_instrumentation_20260729_FINAL/T0_official_grader_instrumentation_20260729/packages/A42/fast_matmul.py | library_archive/bundles/experiment/T0_unblocked_execution_bundle_20260729/T0_unblocked_execution_bundle_20260729/T0_official_grader_instrumentation_20260729/packages/A42/fast_matmul.py
f412c976728757ab31b39067329c57143eb5a892e457ae4623cb4406699801d4,2,library_archive/bundles/experiment/REOPENED_PATHS_REPRO_PACKAGE_20260730/reopened_paths_repro_20260730/results/network_3012.json | library_archive/bundles/proof/WHESTBENCH_COMPLETE_PROOF_PACKAGE_20260730/whestbench_complete_proof/reopened_paths_repro_20260730/results/network_3012.json
f43a175e35c8d3636a043437097a8ca7dd81b2d6b5b70084affdb87da7e6520a,3,library_archive/bundles/experiment/WHestBench_Project_Closeout_v17_20260730/WHestBench_Project_Closeout_v17_20260730/source_reports/DUAL_ENGINE_AUDIT.md | library_archive/bundles/proof/arc_cubature_proof_v5_dual_engine_20260730/arc_cubature_proof_v5_dual_engine_20260730/DUAL_ENGINE_AUDIT.md | library_archive/bundles/proof/whestbench_t22_t23_dual_engine_release_v5_2_20260730/arc_cubature_proof_v5_dual_engine_20260730/DUAL_ENGINE_AUDIT.md
f49a168dc3274063d45a43c1b518b6d989b3179b7c9cb73e2dba4bd7cc949c85,2,library_archive/bundles/experiment/path5_set_level_coreset_20260729/05_set_level_coreset/data/top8_rank_train32/top8_rank_seed64322.npz | library_archive/bundles/experiment/path5_set_level_coreset_20260729_v2/05_set_level_coreset/data/top8_rank_train32/top8_rank_seed64322.npz
f4fc3d3f7e15d8baf1e81501bd4d95ac0f0d8bff203a2490d93051df9080e34c,2,library_archive/bundles/experiment/T0_official_grader_instrumentation_20260729_FINAL/T0_official_grader_instrumentation_20260729/evidence/t0_panel_seed51001_k64.json | library_archive/bundles/experiment/T0_unblocked_execution_bundle_20260729/T0_unblocked_execution_bundle_20260729/T0_official_grader_instrumentation_20260729/evidence/t0_panel_seed51001_k64.json
f50a1872105b6dfbd0e0562f6d2295cf7b3cfca17cf351689cf62d27e3d3c9c4,2,library_archive/bundles/experiment/T0_official_grader_instrumentation_20260729_FINAL/T0_official_grader_instrumentation_20260729/T0.1_basis_curve/run_node.py | library_archive/bundles/experiment/T0_unblocked_execution_bundle_20260729/T0_unblocked_execution_bundle_20260729/T0_official_grader_instrumentation_20260729/T0.1_basis_curve/run_node.py
f57be4d45da5fb8aad0f307449a4c7b7ae1c48e2e0f7e15f8f86a37664b3b379,2,library_archive/bundles/experiment/agent6_anchor_review_20260730/agent6_anchor_review/AGENT6_FINAL_REPORT.md | library_archive/bundles/proof/WHestBench_Agent_Review_Closure_20260730/whestbench_closure_20260730/reviewed_markdown/AGENT6_FINAL_REPORT.md
f5aae9a0dd0bcf29c053bcc4b0a0ca174f1e9f1bb682c08eb2fe3e96c5d54a6b,2,library_archive/bundles/experiment/path5_set_level_coreset_20260729/05_set_level_coreset/data/top8_rank_train32/top8_rank_seed64310.npz | library_archive/bundles/experiment/path5_set_level_coreset_20260729_v2/05_set_level_coreset/data/top8_rank_train32/top8_rank_seed64310.npz
f5b4a6cfe17316ac7a809f8fd9817f3bcad6414b8fa9c99eec978bff2b3d4463,2,library_archive/bundles/experiment/path5_set_level_coreset_20260729/05_set_level_coreset/data/dev8_full128/setlevel_seed64007_q128_c64.npz | library_archive/bundles/experiment/path5_set_level_coreset_20260729_v2/05_set_level_coreset/data/dev8_full128/setlevel_seed64007_q128_c64.npz
f5f5d4ca248c6c748cdeb8f985c8f6a25f80b0471922cc36f70321df5c747c9b,2,library_archive/bundles/experiment/path5_set_level_coreset_20260729/05_set_level_coreset/results/frozen_support_validation_64100_64115.json | library_archive/bundles/experiment/path5_set_level_coreset_20260729_v2/05_set_level_coreset/results/frozen_support_validation_64100_64115.json
f5fbd1927e4708f38a01168ae3a10e51052027b0b850326d09bae0abc4642ed4,2,library_archive/bundles/experiment/REOPENED_PATHS_REPRO_PACKAGE_20260730/reopened_paths_repro_20260730/results/network_3030.npz | library_archive/bundles/proof/WHESTBENCH_COMPLETE_PROOF_PACKAGE_20260730/whestbench_complete_proof/reopened_paths_repro_20260730/results/network_3030.npz
f64834155d747df316f178101a46922c8bda05a4324196dfd111ef70e56fe25d,4,library_archive/bundles/experiment/T0_official_grader_instrumentation_20260729_FINAL/T0_official_grader_instrumentation_20260729/evidence/t0_panel_seed51000_k32.npy | library_archive/bundles/experiment/T0_official_grader_instrumentation_20260729_FINAL/T0_official_grader_instrumentation_20260729/evidence/t0_pkg_k32.npy | library_archive/bundles/experiment/T0_unblocked_execution_bundle_20260729/T0_unblocked_execution_bundle_20260729/T0_official_grader_instrumentation_20260729/evidence/t0_panel_seed51000_k32.npy | library_archive/bundles/experiment/T0_unblocked_execution_bundle_20260729/T0_unblocked_execution_bundle_20260729/T0_official_grader_instrumentation_20260729/evidence/t0_pkg_k32.npy
f6762277f3e6fc3ac129451daef4b9609de7532a984a831f993e8d07e0140a27,3,library_archive/bundles/experiment/legal_signed_anchor_continuation_20260729/legal_signed_anchor_continuation_20260729/continue_path1/13_direct_pilot_phased_q128/results/all/network_4200.json | library_archive/bundles/experiment/legal_signed_anchor_continuation_20260729/legal_signed_anchor_continuation_20260729/continue_path1/13_direct_pilot_phased_q128/results/rescue_all/network_4200.json | library_archive/bundles/experiment/legal_signed_anchor_continuation_20260729/legal_signed_anchor_continuation_20260729/continue_path1/13_direct_pilot_phased_q128/results/validation/network_4200.json
f6802df5d61bd0fdbe58d48073314e51277b9ff99134f4463b1ac5189c45d4ae,2,library_archive/bundles/experiment/REOPENED_PATHS_REPRO_PACKAGE_20260730/reopened_paths_repro_20260730/results/network_3021.npz | library_archive/bundles/proof/WHESTBENCH_COMPLETE_PROOF_PACKAGE_20260730/whestbench_complete_proof/reopened_paths_repro_20260730/results/network_3021.npz
f6bbe7b51ff0ab7b1d2fa6d9d0fbac3ac5f162c1ea74852459799722bda75a3a,2,library_archive/bundles/experiment/01_legal_signed_anchor_20260729/01_legal_signed_anchor/results/compute_accounting.txt | library_archive/bundles/experiment/legal_signed_anchor_continuation_20260729/legal_signed_anchor_continuation_20260729/continue_path1/01_legal_signed_anchor/results/compute_accounting.txt
f7082794342bcb69c895386fe7244dce60b787bd1abe77072c0ff881dbc54c83,2,library_archive/bundles/experiment/T0_official_grader_instrumentation_20260729_FINAL/T0_official_grader_instrumentation_20260729/evidence/t0_pkg_k129.json | library_archive/bundles/experiment/T0_unblocked_execution_bundle_20260729/T0_unblocked_execution_bundle_20260729/T0_official_grader_instrumentation_20260729/evidence/t0_pkg_k129.json
f742723a0ff1f2273c810e60df240652b8708d56a03bd6c62a42a95fc193abd2,2,library_archive/bundles/proof/WHestBench_Agent_Review_Closure_20260730/whestbench_closure_20260730/arc_cubature_proof_v5_1/__pycache__/formal_interval_certificate.cpython-313.pyc | library_archive/bundles/proof/arc_cubature_proof_v5_1/arc_cubature_proof_v5_1/__pycache__/formal_interval_certificate.cpython-313.pyc
f748eeb337cf29ccf4af6a224a2d86f685e3b1620d80f4d5fe3fc94598bae46b,6,library_archive/bundles/experiment/T0_official_grader_instrumentation_20260729_FINAL/T0_official_grader_instrumentation_20260729/evidence/t0_pair_clean_seed51001.npy | library_archive/bundles/experiment/T0_official_grader_instrumentation_20260729_FINAL/T0_official_grader_instrumentation_20260729/evidence/t0_pair_delta_seed51001.npy | library_archive/bundles/experiment/T0_official_grader_instrumentation_20260729_FINAL/T0_official_grader_instrumentation_20260729/evidence/t0_panel_seed51001_k129.npy | library_archive/bundles/experiment/T0_unblocked_execution_bundle_20260729/T0_unblocked_execution_bundle_20260729/T0_official_grader_instrumentation_20260729/evidence/t0_pair_clean_seed51001.npy | library_archive/bundles/experiment/T0_unblocked_execution_bundle_20260729/T0_unblocked_execution_bundle_20260729/T0_official_grader_instrumentation_20260729/evidence/t0_pair_delta_seed51001.npy | library_archive/bundles/experiment/T0_unblocked_execution_bundle_20260729/T0_unblocked_execution_bundle_20260729/T0_official_grader_instrumentation_20260729/evidence/t0_panel_seed51001_k129.npy
f759d536746719629160a6515dad544b3515ffb321371c67ab0cbc758f368510,2,library_archive/bundles/experiment/REOPENED_PATHS_REPRO_PACKAGE_20260730/reopened_paths_repro_20260730/results/network_3042.json | library_archive/bundles/proof/WHESTBENCH_COMPLETE_PROOF_PACKAGE_20260730/whestbench_complete_proof/reopened_paths_repro_20260730/results/network_3042.json
f7992f36aa39db1ae7920e2439d95f63e0e002dc13c389a48e9669b8e0d07f27,2,library_archive/bundles/experiment/REOPENED_PATHS_REPRO_PACKAGE_20260730/reopened_paths_repro_20260730/results/network_3017.npz | library_archive/bundles/proof/WHESTBENCH_COMPLETE_PROOF_PACKAGE_20260730/whestbench_complete_proof/reopened_paths_repro_20260730/results/network_3017.npz
f7a3b99c5c98633d66eca78331653fdc10788878243fd16ffbcd3b5764c37282,16,library_archive/bundles/experiment/01_legal_signed_anchor_20260729/01_legal_signed_anchor/src/frozen_reference_impl.py | library_archive/bundles/experiment/legal_signed_anchor_continuation_20260729/legal_signed_anchor_continuation_20260729/continue_path1/01_legal_signed_anchor/src/frozen_reference_impl.py | library_archive/bundles/experiment/legal_signed_anchor_continuation_20260729/legal_signed_anchor_continuation_20260729/continue_path1/02_centered_analytic_closures/src/frozen_reference_impl.py | library_archive/bundles/experiment/legal_signed_anchor_continuation_20260729/legal_signed_anchor_continuation_20260729/continue_path1/03_source_blend_transport/src/frozen_reference_impl.py | library_archive/bundles/experiment/legal_signed_anchor_continuation_20260729/legal_signed_anchor_continuation_20260729/continue_path1/04_weak_anchor_ensemble/src/frozen_reference_impl.py | library_archive/bundles/experiment/legal_signed_anchor_continuation_20260729/legal_signed_anchor_continuation_20260729/continue_path1/05_checkpoint_reanchored_transport/src/frozen_reference_impl.py | library_archive/bundles/experiment/legal_signed_anchor_continuation_20260729/legal_signed_anchor_continuation_20260729/continue_path1/06_analytic_plus_residual_pilot/src/frozen_reference_impl.py | library_archive/bundles/experiment/legal_signed_anchor_continuation_20260729/legal_signed_anchor_continuation_20260729/continue_path1/07_q128_adjoint_sources/src/frozen_reference_impl.py | library_archive/bundles/experiment/legal_signed_anchor_continuation_20260729/legal_signed_anchor_continuation_20260729/continue_path1/08_dual_analytic_ensemble/src/frozen_reference_impl.py | library_archive/bundles/experiment/legal_signed_anchor_continuation_20260729/legal_signed_anchor_continuation_20260729/continue_path1/09_q128_component_sources/src/frozen_reference_impl.py | library_archive/bundles/experiment/legal_signed_anchor_continuation_20260729/legal_signed_anchor_continuation_20260729/continue_path1/10_affine_control_variate_pilot/src/frozen_reference_impl.py | library_archive/bundles/experiment/legal_signed_anchor_continuation_20260729/legal_signed_anchor_continuation_20260729/continue_path1/11_pilot_phased_q128_source/src/frozen_reference_impl.py | library_archive/bundles/experiment/legal_signed_anchor_continuation_20260729/legal_signed_anchor_continuation_20260729/continue_path1/12_direct_output_affine_cv/src/frozen_reference_impl.py | library_archive/bundles/experiment/legal_signed_anchor_continuation_20260729/legal_signed_anchor_continuation_20260729/continue_path1/13_direct_pilot_phased_q128/src/frozen_reference_impl.py | library_archive/bundles/experiment/legal_signed_anchor_continuation_20260729/legal_signed_anchor_continuation_20260729/continue_path1/14_fold_stable_q128_source/src/frozen_reference_impl.py | library_archive/bundles/experiment/nested_partial_mub_uncertainty_20260729_report_bundle/paths/01_legal_signed_anchor/nested_partial_mub_uncertainty_20260729/code/frozen_reference_impl.py
f7a4cea0f6dfe881ee9604c69a79b8b42c9a968ab33bc6cc6ccfc935053f080f,2,library_archive/bundles/experiment/path5_set_level_coreset_20260729/05_set_level_coreset/data/dev8_full128/setlevel_seed64000_q128_c64.npz | library_archive/bundles/experiment/path5_set_level_coreset_20260729_v2/05_set_level_coreset/data/dev8_full128/setlevel_seed64000_q128_c64.npz
f87c4eddc0e75f8d36220db2b26bc8d6b6858b42d1d31e91de2fa9f96a527764,3,library_archive/bundles/experiment/legal_signed_anchor_continuation_20260729/legal_signed_anchor_continuation_20260729/continue_path1/03_source_blend_transport/src/source_blend.py | library_archive/bundles/experiment/legal_signed_anchor_continuation_20260729/legal_signed_anchor_continuation_20260729/continue_path1/04_weak_anchor_ensemble/src/source_blend.py | library_archive/bundles/experiment/legal_signed_anchor_continuation_20260729/legal_signed_anchor_continuation_20260729/continue_path1/06_analytic_plus_residual_pilot/src/source_blend.py
fa6275027cc3f86cf99bbff89263cc592f56150dcbbabfe27b24b81a1fb8c5d2,3,library_archive/bundles/experiment/Agent5_SignedWeight_Audit_20260729/agent5_signed_weight_audit_20260729/NEGATIVE_MASS_EXCLUSION_CURVE.csv | library_archive/bundles/experiment/cascade_observability_execution_20260730/cascade_observability_execution_20260730/sources/NEGATIVE_MASS_EXCLUSION_CURVE.csv | library_archive/bundles/experiment/cascade_observability_execution_20260730/cascade_observability_execution_20260730/sources/signed_weight_audit/NEGATIVE_MASS_EXCLUSION_CURVE.csv
fa6a70ba69a635cd08d5a9856f0b6416b0246b797f5b816cfcfc6550d3e0f6f3,2,library_archive/bundles/experiment/T0_official_grader_instrumentation_20260729_FINAL/T0_official_grader_instrumentation_20260729/T0.3_A42_A43_grade/COST_MODEL.json | library_archive/bundles/experiment/T0_unblocked_execution_bundle_20260729/T0_unblocked_execution_bundle_20260729/T0_official_grader_instrumentation_20260729/T0.3_A42_A43_grade/COST_MODEL.json
fb197aa34a9418bec4017f31f9fec3de822cd0992d9a6e1b63f21fcc818e3f46,2,library_archive/bundles/experiment/REOPENED_PATHS_REPRO_PACKAGE_20260730/reopened_paths_repro_20260730/scripts/projected_relu_extension_eval.py | library_archive/bundles/proof/WHESTBENCH_COMPLETE_PROOF_PACKAGE_20260730/whestbench_complete_proof/reopened_paths_repro_20260730/scripts/projected_relu_extension_eval.py
fb1b93cb625b66ce5f26220ea3b6b685dbb9887d50f8756cafa9426577d45085,4,library_archive/bundles/experiment/Agent4_Replayability_Continuation_V3_20260730/source_snapshots/production_fast_matmul.py | library_archive/bundles/experiment/T0_official_grader_instrumentation_20260729_FINAL/T0_official_grader_instrumentation_20260729/packages/production_baseline/fast_matmul.py | library_archive/bundles/experiment/T0_unblocked_execution_bundle_20260729/T0_unblocked_execution_bundle_20260729/T0_official_grader_instrumentation_20260729/packages/production_baseline/fast_matmul.py | library_archive/bundles/experiment/path6_compute_liberation_20260729/package/submission_path6_final_chunk2048/fast_matmul.py
fb5651db3924a470b05bee8acccbb20eab666b28c459f4dc8a7aa296c1684a3f,2,library_archive/bundles/experiment/REOPENED_PATHS_REPRO_PACKAGE_20260730/reopened_paths_repro_20260730/results/network_3065.npz | library_archive/bundles/proof/WHESTBENCH_COMPLETE_PROOF_PACKAGE_20260730/whestbench_complete_proof/reopened_paths_repro_20260730/results/network_3065.npz
fb8a4953023332effd39e090fbd7679a0ac60bd9b8820463239d186609559852,2,library_archive/bundles/experiment/REOPENED_PATHS_REPRO_PACKAGE_20260730/reopened_paths_repro_20260730/results/network_3024.json | library_archive/bundles/proof/WHESTBENCH_COMPLETE_PROOF_PACKAGE_20260730/whestbench_complete_proof/reopened_paths_repro_20260730/results/network_3024.json
fb947453581b6f1abf12a84f21a25343170ab7c74492453de1c9cc2e5b3d26db,2,library_archive/bundles/experiment/legal_signed_anchor_continuation_20260729/legal_signed_anchor_continuation_20260729/continue_path1/13_direct_pilot_phased_q128/results/rescue_all/network_4218.json | library_archive/bundles/experiment/legal_signed_anchor_continuation_20260729/legal_signed_anchor_continuation_20260729/continue_path1/13_direct_pilot_phased_q128/results/rescue_holdout/network_4218.json
fbbe451def4934a489f38395f9bbba75e91d37857a70f3716368d6a7626af7a6,2,library_archive/bundles/proof/arc_cubature_proof_v5_dual_engine_20260730/arc_cubature_proof_v5_dual_engine_20260730/strengthening/mpfr_full_replay/certified.tsv | library_archive/bundles/proof/whestbench_t22_t23_dual_engine_release_v5_2_20260730/arc_cubature_proof_v5_dual_engine_20260730/strengthening/mpfr_full_replay/certified.tsv
fcabe970e20078a8c98bdc2b655a9fd93a1ab9656a2a53a39d0835a136d7ded7,2,library_archive/bundles/experiment/REOPENED_PATHS_REPRO_PACKAGE_20260730/reopened_paths_repro_20260730/scripts/downstream_rescore.py | library_archive/bundles/proof/WHESTBENCH_COMPLETE_PROOF_PACKAGE_20260730/whestbench_complete_proof/reopened_paths_repro_20260730/scripts/downstream_rescore.py
fd31336a679286723d03472393d6b1f06cb5bebf4b768e046305606a37a20e88,5,library_archive/bundles/proof/WHestBench_Agent_Review_Closure_20260730/whestbench_closure_20260730/arc_cubature_proof_v5_1/results/FORMAL_DELSARTE_BOUND_D256_L32.json | library_archive/bundles/proof/arc_cubature_proof_v5_1/arc_cubature_proof_v5_1/results/FORMAL_DELSARTE_BOUND_D256_L32.json | library_archive/bundles/proof/arc_cubature_proof_v5_dual_engine_20260730/arc_cubature_proof_v5_dual_engine_20260730/results/FORMAL_DELSARTE_BOUND_D256_L32.json | library_archive/bundles/proof/arc_cubature_proof_v5_strengthened_20260730/arc_cubature_proof_v5_strengthened/results/FORMAL_DELSARTE_BOUND_D256_L32.json | library_archive/bundles/proof/whestbench_t22_t23_dual_engine_release_v5_2_20260730/arc_cubature_proof_v5_dual_engine_20260730/results/FORMAL_DELSARTE_BOUND_D256_L32.json
fd3ce023145ec99f7edfeddda19f8d90219ab8c3e7110875425007daa6b4011e,5,library_archive/bundles/proof/WHestBench_Agent_Review_Closure_20260730/whestbench_closure_20260730/arc_cubature_proof_v5_1/results/formal_gpp_chunk_0927_1027.json | library_archive/bundles/proof/arc_cubature_proof_v5_1/arc_cubature_proof_v5_1/results/formal_gpp_chunk_0927_1027.json | library_archive/bundles/proof/arc_cubature_proof_v5_dual_engine_20260730/arc_cubature_proof_v5_dual_engine_20260730/results/formal_gpp_chunk_0927_1027.json | library_archive/bundles/proof/arc_cubature_proof_v5_strengthened_20260730/arc_cubature_proof_v5_strengthened/results/formal_gpp_chunk_0927_1027.json | library_archive/bundles/proof/whestbench_t22_t23_dual_engine_release_v5_2_20260730/arc_cubature_proof_v5_dual_engine_20260730/results/formal_gpp_chunk_0927_1027.json
fd6b72c8d568dbae8509c5fd1fdb40469e28b67f041e40821fb23c913a42604f,2,library_archive/bundles/experiment/REOPENED_PATHS_REPRO_PACKAGE_20260730/reopened_paths_repro_20260730/results/network_3060.npz | library_archive/bundles/proof/WHESTBENCH_COMPLETE_PROOF_PACKAGE_20260730/whestbench_complete_proof/reopened_paths_repro_20260730/results/network_3060.npz
fd99b600c6cb8fc42b1a1a73f1050bb647fc9a556daab3dd6e2024e609ac1151,3,library_archive/bundles/proof/arc_cubature_proof_v5_dual_engine_20260730/arc_cubature_proof_v5_dual_engine_20260730/README.md | library_archive/bundles/proof/arc_cubature_proof_v5_strengthened_20260730/arc_cubature_proof_v5_strengthened/README.md | library_archive/bundles/proof/whestbench_t22_t23_dual_engine_release_v5_2_20260730/arc_cubature_proof_v5_dual_engine_20260730/README.md
fe784770e9e02c7dae60043f4b94a83776c20b149046c94485c20946c0c55b74,2,library_archive/bundles/experiment/legal_signed_anchor_continuation_20260729/legal_signed_anchor_continuation_20260729/continue_path1/11_pilot_phased_q128_source/results/all/network_4161.json | library_archive/bundles/experiment/legal_signed_anchor_continuation_20260729/legal_signed_anchor_continuation_20260729/continue_path1/11_pilot_phased_q128_source/results/validation/network_4161.json
fe9531c9656bdb62c53b5dfd9f3389ecfca253db3a9befd90d0a5f1393567fb8,2,library_archive/bundles/experiment/Agent5_SignedWeight_Audit_20260729/agent5_signed_weight_audit_20260729/kerdock_signed_stress.py | library_archive/bundles/experiment/cascade_observability_execution_20260730/cascade_observability_execution_20260730/sources/signed_weight_audit/kerdock_signed_stress.py
febee2bfe95930c3683a17e4f32a5c9b388b3e3f186efde1b2405900044ed2a7,2,library_archive/bundles/experiment/WHestBench_Prompt2_FiniteWidth_Reproducibility_20260730/WHestBench_Prompt2_FiniteWidth_Reproducibility_20260730/cf_complete_tensor10_degree_0.json | library_archive/bundles/experiment/WHestBench_Prompt2_FiniteWidth_Reproducibility_20260730/WHestBench_Prompt2_FiniteWidth_Reproducibility_20260730/cf_full_tensor10_degree_0.json
fef2eba93cbe6ee6a48d73164dbe2d35f4895551ce2f2d46fbe052045379823d,2,library_archive/bundles/experiment/REOPENED_PATHS_REPRO_PACKAGE_20260730/reopened_paths_repro_20260730/results/network_3005.npz | library_archive/bundles/proof/WHESTBENCH_COMPLETE_PROOF_PACKAGE_20260730/whestbench_complete_proof/reopened_paths_repro_20260730/results/network_3005.npz
ff882ca400d53dd792b169c68722655746c70277abcd609a2344e464278b96a0,2,library_archive/bundles/experiment/REOPENED_PATHS_REPRO_PACKAGE_20260730/reopened_paths_repro_20260730/results/network_3022.npz | library_archive/bundles/proof/WHESTBENCH_COMPLETE_PROOF_PACKAGE_20260730/whestbench_complete_proof/reopened_paths_repro_20260730/results/network_3022.npz
ffd3f73314d3bed434ee520d0834fbc63c09ea4bcf77154442e2564e3860bd3a,2,library_archive/bundles/experiment/REOPENED_PATHS_REPRO_PACKAGE_20260730/reopened_paths_repro_20260730/results/network_3000.npz | library_archive/bundles/proof/WHESTBENCH_COMPLETE_PROOF_PACKAGE_20260730/whestbench_complete_proof/reopened_paths_repro_20260730/results/network_3000.npz
fff8a673e27380ae6a836a130fd5543286646c7bb22fe65b820795bfa355cc0b,2,library_archive/bundles/experiment/REOPENED_PATHS_REPRO_PACKAGE_20260730/reopened_paths_repro_20260730/results/network_3051.npz | library_archive/bundles/proof/WHESTBENCH_COMPLETE_PROOF_PACKAGE_20260730/whestbench_complete_proof/reopened_paths_repro_20260730/results/network_3051.npz
